{"wallet":"0x6f884ad38619a0b0f0084e4ae12932afd6f0df44","rank":196948,"lifetime":{"months_active":20,"first":"2023-07","last":"2025-10","tx_sum":286,"uniq_sum":132,"trade_sum":8,"nft_sum":26,"gas_sum":0.001372,"avg_balance_eth_mean":0.006728,"streak_best_days":4,"gas_sum_filled":0.001372},"months":{"2023-07":{"txs":0,"uniq":0,"trade":0,"nft":0,"gas":0,"bal":0,"days":0,"spread":0,"streak":0,"rank_m":553098,"pct_m":0.588063},"2023-08":{"txs":0,"uniq":0,"trade":0,"nft":0,"gas":0,"bal":0,"days":0,"spread":0,"streak":0,"rank_m":603284,"pct_m":0.641421},"2023-09":{"txs":0,"uniq":0,"trade":0,"nft":0,"gas":0,"bal":0,"days":0,"spread":0,"streak":0,"rank_m":616681,"pct_m":0.655665},"2023-10":{"txs":2,"uniq":1,"trade":0,"nft":0,"gas":0.000012,"bal":0.000074,"days":1,"spread":0.032258,"streak":1,"rank_m":153416,"pct_m":0.163114,"gas_method":"estimated"},"2023-11":{"txs":1,"uniq":1,"trade":0,"nft":1,"gas":0.000043,"bal":0.000325,"days":1,"spread":0.033333,"streak":1,"rank_m":122507,"pct_m":0.130251,"gas_method":"exact"},"2023-12":{"txs":2,"uniq":2,"trade":0,"nft":1,"gas":0.000039,"bal":0.000374,"days":2,"spread":0.064516,"streak":1,"rank_m":159971,"pct_m":0.170083,"gas_method":"estimated"},"2024-01":{"txs":0,"uniq":0,"trade":0,"nft":0,"gas":0,"bal":0.000374,"days":0,"spread":0,"streak":0,"rank_m":339868,"pct_m":0.361353},"2024-02":{"txs":0,"uniq":0,"trade":0,"nft":0,"gas":0,"bal":0.000374,"days":0,"spread":0,"streak":0,"rank_m":388693,"pct_m":0.413264},"2024-03":{"txs":1,"uniq":1,"trade":0,"nft":1,"gas":0.000015,"bal":0.000426,"days":1,"spread":0.032258,"streak":1,"rank_m":351117,"pct_m":0.373313,"gas_method":"estimated"},"2024-04":{"txs":41,"uniq":20,"trade":8,"nft":1,"gas":0.000078,"bal":0.00785,"days":6,"spread":0.2,"streak":3,"rank_m":106099,"pct_m":0.112805,"gas_method":"estimated"},"2024-05":{"txs":0,"uniq":0,"trade":0,"nft":0,"gas":0,"bal":0.00785,"days":0,"spread":0,"streak":0,"rank_m":493452,"pct_m":0.524646},"2024-06":{"txs":3,"uniq":3,"trade":0,"nft":1,"gas":0,"bal":0.001179,"days":2,"spread":0.066667,"streak":1,"rank_m":414840,"pct_m":0.441064,"gas_method":"estimated"},"2024-07":{"txs":19,"uniq":13,"trade":0,"nft":11,"gas":0.000002,"bal":0.000573,"days":2,"spread":0.064516,"streak":1,"rank_m":295306,"pct_m":0.313974,"gas_method":"estimated"},"2024-08":{"txs":30,"uniq":21,"trade":0,"nft":8,"gas":0.000002,"bal":0.01359,"days":5,"spread":0.16129,"streak":3,"rank_m":84481,"pct_m":0.089821,"gas_method":"estimated"},"2024-09":{"txs":9,"uniq":8,"trade":0,"nft":1,"gas":0,"bal":0.020671,"days":3,"spread":0.1,"streak":2,"rank_m":130224,"pct_m":0.138455,"gas_method":"estimated"},"2024-10":{"txs":3,"uniq":3,"trade":0,"nft":0,"gas":0,"bal":0.018948,"days":2,"spread":0.064516,"streak":2,"rank_m":287857,"pct_m":0.306054,"gas_method":"estimated"},"2024-11":{"txs":37,"uniq":17,"trade":0,"nft":0,"gas":0.000085,"bal":0.018534,"days":2,"spread":0.066667,"streak":2,"rank_m":134423,"pct_m":0.14292,"gas_method":"exact"},"2024-12":{"txs":9,"uniq":7,"trade":0,"nft":0,"gas":0.000198,"bal":0.011274,"days":5,"spread":0.16129,"streak":2,"rank_m":278354,"pct_m":0.29595,"gas_method":"exact"},"2025-01":{"txs":8,"uniq":5,"trade":0,"nft":0,"gas":0.000182,"bal":0.003158,"days":2,"spread":0.064516,"streak":2,"rank_m":341566,"pct_m":0.363158,"gas_method":"exact"},"2025-02":{"txs":25,"uniq":7,"trade":0,"nft":1,"gas":0.00012,"bal":0.010966,"days":10,"spread":0.357143,"streak":4,"rank_m":70586,"pct_m":0.075047,"gas_method":"exact"},"2025-03":{"txs":61,"uniq":5,"trade":0,"nft":0,"gas":0.000363,"bal":0.009623,"days":5,"spread":0.16129,"streak":2,"rank_m":102838,"pct_m":0.109338,"gas_method":"exact"},"2025-04":{"txs":7,"uniq":4,"trade":0,"nft":0,"gas":0.000036,"bal":0.014803,"days":2,"spread":0.066667,"streak":2,"rank_m":237653,"pct_m":0.252676,"gas_method":"exact"},"2025-05":{"txs":3,"uniq":2,"trade":0,"nft":0,"gas":0.000021,"bal":0.014951,"days":2,"spread":0.064516,"streak":1,"rank_m":245584,"pct_m":0.261108,"gas_method":"estimated"},"2025-06":{"txs":20,"uniq":8,"trade":0,"nft":0,"gas":0.000141,"bal":0.008177,"days":6,"spread":0.2,"streak":2,"rank_m":186203,"pct_m":0.197973,"gas_method":"estimated"},"2025-07":{"txs":4,"uniq":3,"trade":0,"nft":0,"gas":0.000028,"bal":0.008061,"days":4,"spread":0.129032,"streak":1,"rank_m":320261,"pct_m":0.340506,"gas_method":"estimated"},"2025-08":{"txs":0,"uniq":0,"trade":0,"nft":0,"gas":0,"bal":0.008061,"days":0,"spread":0,"streak":0,"rank_m":548261,"pct_m":0.58292},"2025-09":{"txs":0,"uniq":0,"trade":0,"nft":0,"gas":0,"bal":0.008061,"days":0,"spread":0,"streak":0,"rank_m":539302,"pct_m":0.573394},"2025-10":{"txs":1,"uniq":1,"trade":0,"nft":0,"gas":0.000007,"bal":0.000092,"days":1,"spread":0.032258,"streak":1,"rank_m":529826,"pct_m":0.563319,"gas_method":"estimated"}}}