{"wallet":"0x6fb5bb4aedd3f7e9c6be2fc93f1b27b74993f194","rank":424645,"lifetime":{"months_active":18,"first":"2023-07","last":"2025-10","tx_sum":115,"uniq_sum":60,"trade_sum":0,"nft_sum":25,"gas_sum":0.002474,"avg_balance_eth_mean":0.009729,"streak_best_days":14,"gas_sum_filled":0.002474},"months":{"2023-07":{"txs":0,"uniq":0,"trade":0,"nft":0,"gas":0,"bal":0,"days":0,"spread":0,"streak":0,"rank_m":552541,"pct_m":0.58747},"2023-08":{"txs":5,"uniq":3,"trade":0,"nft":2,"gas":0.000228,"bal":0.008367,"days":2,"spread":0.064516,"streak":1,"rank_m":108637,"pct_m":0.115504,"gas_method":"exact"},"2023-09":{"txs":14,"uniq":5,"trade":0,"nft":4,"gas":0.000927,"bal":0.005884,"days":5,"spread":0.166667,"streak":2,"rank_m":34978,"pct_m":0.037188,"gas_method":"exact"},"2023-10":{"txs":0,"uniq":0,"trade":0,"nft":0,"gas":0,"bal":0.005884,"days":0,"spread":0,"streak":0,"rank_m":238282,"pct_m":0.253345},"2023-11":{"txs":8,"uniq":5,"trade":0,"nft":5,"gas":0.000063,"bal":0.004805,"days":3,"spread":0.1,"streak":1,"rank_m":46704,"pct_m":0.049655,"gas_method":"exact"},"2023-12":{"txs":14,"uniq":3,"trade":0,"nft":2,"gas":0.000362,"bal":0.004047,"days":13,"spread":0.419355,"streak":8,"rank_m":41936,"pct_m":0.044586,"gas_method":"estimated"},"2024-01":{"txs":17,"uniq":6,"trade":0,"nft":1,"gas":0.000356,"bal":0.004107,"days":13,"spread":0.419355,"streak":6,"rank_m":29316,"pct_m":0.031168,"gas_method":"exact"},"2024-02":{"txs":9,"uniq":5,"trade":0,"nft":5,"gas":0.000122,"bal":0.009504,"days":4,"spread":0.137931,"streak":1,"rank_m":98082,"pct_m":0.104281,"gas_method":"estimated"},"2024-03":{"txs":6,"uniq":2,"trade":0,"nft":1,"gas":0.000122,"bal":0.034484,"days":2,"spread":0.064516,"streak":2,"rank_m":194047,"pct_m":0.206313,"gas_method":"estimated"},"2024-04":{"txs":14,"uniq":9,"trade":0,"nft":2,"gas":0.000109,"bal":0.012434,"days":3,"spread":0.1,"streak":2,"rank_m":202134,"pct_m":0.214911,"gas_method":"exact"},"2024-05":{"txs":1,"uniq":1,"trade":0,"nft":1,"gas":0.000001,"bal":0.006647,"days":1,"spread":0.032258,"streak":1,"rank_m":400128,"pct_m":0.425422,"gas_method":"estimated"},"2024-06":{"txs":0,"uniq":0,"trade":0,"nft":0,"gas":0,"bal":0.006647,"days":0,"spread":0,"streak":0,"rank_m":511981,"pct_m":0.544346},"2024-07":{"txs":0,"uniq":0,"trade":0,"nft":0,"gas":0,"bal":0.006647,"days":0,"spread":0,"streak":0,"rank_m":519842,"pct_m":0.552704},"2024-08":{"txs":0,"uniq":0,"trade":0,"nft":0,"gas":0,"bal":0.006647,"days":0,"spread":0,"streak":0,"rank_m":530195,"pct_m":0.563712},"2024-09":{"txs":3,"uniq":2,"trade":0,"nft":2,"gas":0,"bal":0.006177,"days":2,"spread":0.066667,"streak":1,"rank_m":288111,"pct_m":0.306324,"gas_method":"estimated"},"2024-10":{"txs":8,"uniq":6,"trade":0,"nft":0,"gas":0.000001,"bal":0.013256,"days":1,"spread":0.032258,"streak":1,"rank_m":306195,"pct_m":0.325551,"gas_method":"estimated"},"2024-11":{"txs":1,"uniq":1,"trade":0,"nft":0,"gas":0.000002,"bal":0.028563,"days":1,"spread":0.033333,"streak":1,"rank_m":417445,"pct_m":0.443834,"gas_method":"exact"},"2024-12":{"txs":0,"uniq":0,"trade":0,"nft":0,"gas":0,"bal":0.028563,"days":0,"spread":0,"streak":0,"rank_m":588391,"pct_m":0.625587},"2025-01":{"txs":4,"uniq":2,"trade":0,"nft":0,"gas":0.000104,"bal":0.019882,"days":2,"spread":0.064516,"streak":1,"rank_m":383751,"pct_m":0.40801,"gas_method":"exact"},"2025-02":{"txs":4,"uniq":3,"trade":0,"nft":0,"gas":0.000028,"bal":0.026444,"days":2,"spread":0.071429,"streak":1,"rank_m":318139,"pct_m":0.33825,"gas_method":"exact"},"2025-03":{"txs":1,"uniq":1,"trade":0,"nft":0,"gas":0.000008,"bal":0.005345,"days":1,"spread":0.032258,"streak":1,"rank_m":432376,"pct_m":0.459709,"gas_method":"exact"},"2025-04":{"txs":1,"uniq":1,"trade":0,"nft":0,"gas":0.000006,"bal":0.005185,"days":1,"spread":0.033333,"streak":1,"rank_m":472159,"pct_m":0.502007,"gas_method":"exact"},"2025-05":{"txs":0,"uniq":0,"trade":0,"nft":0,"gas":0,"bal":0.005185,"days":0,"spread":0,"streak":0,"rank_m":587922,"pct_m":0.625088},"2025-06":{"txs":0,"uniq":0,"trade":0,"nft":0,"gas":0,"bal":0.005185,"days":0,"spread":0,"streak":0,"rank_m":588205,"pct_m":0.625389},"2025-07":{"txs":0,"uniq":0,"trade":0,"nft":0,"gas":0,"bal":0.005185,"days":0,"spread":0,"streak":0,"rank_m":607377,"pct_m":0.645773},"2025-08":{"txs":3,"uniq":3,"trade":0,"nft":0,"gas":0.000021,"bal":0.003717,"days":1,"spread":0.032258,"streak":1,"rank_m":403303,"pct_m":0.428798,"gas_method":"estimated"},"2025-09":{"txs":2,"uniq":2,"trade":0,"nft":0,"gas":0.000014,"bal":0.001811,"days":2,"spread":0.066667,"streak":1,"rank_m":437830,"pct_m":0.465508,"gas_method":"estimated"},"2025-10":{"txs":0,"uniq":0,"trade":0,"nft":0,"gas":0,"bal":0.001811,"days":0,"spread":0,"streak":0,"rank_m":579460,"pct_m":0.616091}}}