{"wallet":"0x6f93078416bae97f3b799c60fc2897db35d17183","rank":699809,"lifetime":{"months_active":9,"first":"2023-07","last":"2025-10","tx_sum":150,"uniq_sum":29,"trade_sum":0,"nft_sum":16,"gas_sum":0.00564,"avg_balance_eth_mean":0.006762,"streak_best_days":4,"gas_sum_filled":0.00564},"months":{"2023-07":{"txs":0,"uniq":0,"trade":0,"nft":0,"gas":0,"bal":0,"days":0,"spread":0,"streak":0,"rank_m":552958,"pct_m":0.587914},"2023-08":{"txs":0,"uniq":0,"trade":0,"nft":0,"gas":0,"bal":0,"days":0,"spread":0,"streak":0,"rank_m":603158,"pct_m":0.641287},"2023-09":{"txs":4,"uniq":3,"trade":0,"nft":0,"gas":0.000226,"bal":0.000928,"days":2,"spread":0.066667,"streak":1,"rank_m":121977,"pct_m":0.129687,"gas_method":"estimated"},"2023-10":{"txs":1,"uniq":1,"trade":0,"nft":0,"gas":0.000015,"bal":0.010402,"days":1,"spread":0.032258,"streak":1,"rank_m":112976,"pct_m":0.120117,"gas_method":"estimated"},"2023-11":{"txs":2,"uniq":1,"trade":0,"nft":1,"gas":0.00003,"bal":0.033833,"days":2,"spread":0.066667,"streak":1,"rank_m":71219,"pct_m":0.07572,"gas_method":"exact"},"2023-12":{"txs":72,"uniq":2,"trade":0,"nft":0,"gas":0.003494,"bal":0.022052,"days":10,"spread":0.322581,"streak":3,"rank_m":33085,"pct_m":0.035176,"gas_method":"estimated"},"2024-01":{"txs":38,"uniq":3,"trade":0,"nft":0,"gas":0.001512,"bal":0.040029,"days":12,"spread":0.387097,"streak":4,"rank_m":18519,"pct_m":0.019689,"gas_method":"exact"},"2024-02":{"txs":15,"uniq":6,"trade":0,"nft":4,"gas":0.000107,"bal":0.020122,"days":9,"spread":0.310345,"streak":3,"rank_m":34422,"pct_m":0.036597,"gas_method":"exact"},"2024-03":{"txs":11,"uniq":9,"trade":0,"nft":9,"gas":0.000226,"bal":0.009501,"days":9,"spread":0.290323,"streak":2,"rank_m":90521,"pct_m":0.096242,"gas_method":"exact"},"2024-04":{"txs":6,"uniq":3,"trade":0,"nft":2,"gas":0.000023,"bal":0.002404,"days":4,"spread":0.133333,"streak":2,"rank_m":296486,"pct_m":0.315228,"gas_method":"exact"},"2024-05":{"txs":0,"uniq":0,"trade":0,"nft":0,"gas":0,"bal":0.002404,"days":0,"spread":0,"streak":0,"rank_m":511689,"pct_m":0.544036},"2024-06":{"txs":0,"uniq":0,"trade":0,"nft":0,"gas":0,"bal":0.002404,"days":0,"spread":0,"streak":0,"rank_m":533547,"pct_m":0.567276},"2024-07":{"txs":0,"uniq":0,"trade":0,"nft":0,"gas":0,"bal":0.002404,"days":0,"spread":0,"streak":0,"rank_m":548230,"pct_m":0.582887},"2024-08":{"txs":0,"uniq":0,"trade":0,"nft":0,"gas":0,"bal":0.002404,"days":0,"spread":0,"streak":0,"rank_m":562066,"pct_m":0.597598},"2024-09":{"txs":0,"uniq":0,"trade":0,"nft":0,"gas":0,"bal":0.002404,"days":0,"spread":0,"streak":0,"rank_m":544839,"pct_m":0.579281},"2024-10":{"txs":0,"uniq":0,"trade":0,"nft":0,"gas":0,"bal":0.002404,"days":0,"spread":0,"streak":0,"rank_m":589680,"pct_m":0.626957},"2024-11":{"txs":0,"uniq":0,"trade":0,"nft":0,"gas":0,"bal":0.002404,"days":0,"spread":0,"streak":0,"rank_m":598848,"pct_m":0.636705},"2024-12":{"txs":0,"uniq":0,"trade":0,"nft":0,"gas":0,"bal":0.002404,"days":0,"spread":0,"streak":0,"rank_m":648642,"pct_m":0.689647},"2025-01":{"txs":0,"uniq":0,"trade":0,"nft":0,"gas":0,"bal":0.002404,"days":0,"spread":0,"streak":0,"rank_m":637502,"pct_m":0.677802},"2025-02":{"txs":0,"uniq":0,"trade":0,"nft":0,"gas":0,"bal":0.002404,"days":0,"spread":0,"streak":0,"rank_m":650749,"pct_m":0.691887},"2025-03":{"txs":0,"uniq":0,"trade":0,"nft":0,"gas":0,"bal":0.002404,"days":0,"spread":0,"streak":0,"rank_m":642262,"pct_m":0.682863},"2025-04":{"txs":0,"uniq":0,"trade":0,"nft":0,"gas":0,"bal":0.002404,"days":0,"spread":0,"streak":0,"rank_m":669902,"pct_m":0.712251},"2025-05":{"txs":1,"uniq":1,"trade":0,"nft":0,"gas":0.000007,"bal":0.003537,"days":1,"spread":0.032258,"streak":1,"rank_m":424622,"pct_m":0.451465,"gas_method":"estimated"},"2025-06":{"txs":0,"uniq":0,"trade":0,"nft":0,"gas":0,"bal":0.003537,"days":0,"spread":0,"streak":0,"rank_m":619496,"pct_m":0.658658},"2025-07":{"txs":0,"uniq":0,"trade":0,"nft":0,"gas":0,"bal":0.003537,"days":0,"spread":0,"streak":0,"rank_m":638582,"pct_m":0.678951},"2025-08":{"txs":0,"uniq":0,"trade":0,"nft":0,"gas":0,"bal":0.003537,"days":0,"spread":0,"streak":0,"rank_m":620033,"pct_m":0.659229},"2025-09":{"txs":0,"uniq":0,"trade":0,"nft":0,"gas":0,"bal":0.003537,"days":0,"spread":0,"streak":0,"rank_m":605989,"pct_m":0.644297},"2025-10":{"txs":0,"uniq":0,"trade":0,"nft":0,"gas":0,"bal":0.003537,"days":0,"spread":0,"streak":0,"rank_m":527633,"pct_m":0.560988}}}