{"wallet":"0x6fe03d777652d29169b6ce720f5d225f63b93802","rank":2806,"lifetime":{"months_active":24,"first":"2023-07","last":"2025-10","tx_sum":4438,"uniq_sum":1087,"trade_sum":55,"nft_sum":335,"gas_sum":0.018595,"avg_balance_eth_mean":0.022944,"streak_best_days":89,"gas_sum_filled":0.018595},"months":{"2023-07":{"txs":0,"uniq":0,"trade":0,"nft":0,"gas":0,"bal":0,"days":0,"spread":0,"streak":0,"rank_m":551972,"pct_m":0.586865},"2023-08":{"txs":0,"uniq":0,"trade":0,"nft":0,"gas":0,"bal":0,"days":0,"spread":0,"streak":0,"rank_m":602302,"pct_m":0.640377},"2023-09":{"txs":0,"uniq":0,"trade":0,"nft":0,"gas":0,"bal":0,"days":0,"spread":0,"streak":0,"rank_m":615727,"pct_m":0.654651},"2023-10":{"txs":0,"uniq":0,"trade":0,"nft":0,"gas":0,"bal":0,"days":0,"spread":0,"streak":0,"rank_m":626599,"pct_m":0.66621},"2023-11":{"txs":3,"uniq":2,"trade":0,"nft":1,"gas":0.000011,"bal":0.00095,"days":1,"spread":0.033333,"streak":1,"rank_m":126915,"pct_m":0.134937,"gas_method":"estimated"},"2023-12":{"txs":21,"uniq":14,"trade":1,"nft":6,"gas":0.000088,"bal":0.003705,"days":6,"spread":0.193548,"streak":3,"rank_m":17067,"pct_m":0.018145,"gas_method":"exact"},"2024-01":{"txs":27,"uniq":20,"trade":0,"nft":5,"gas":0.000078,"bal":0.016729,"days":7,"spread":0.225806,"streak":2,"rank_m":15840,"pct_m":0.01684,"gas_method":"exact"},"2024-02":{"txs":15,"uniq":10,"trade":0,"nft":7,"gas":0.000054,"bal":0.050588,"days":6,"spread":0.206897,"streak":3,"rank_m":31254,"pct_m":0.033229,"gas_method":"estimated"},"2024-03":{"txs":99,"uniq":47,"trade":3,"nft":32,"gas":0.000325,"bal":0.027166,"days":15,"spread":0.483871,"streak":5,"rank_m":7359,"pct_m":0.007823,"gas_method":"exact"},"2024-04":{"txs":56,"uniq":27,"trade":7,"nft":11,"gas":0.000104,"bal":0.026294,"days":19,"spread":0.633333,"streak":7,"rank_m":17683,"pct_m":0.0188,"gas_method":"exact"},"2024-05":{"txs":90,"uniq":30,"trade":1,"nft":13,"gas":0.00002,"bal":0.012303,"days":24,"spread":0.774194,"streak":13,"rank_m":24640,"pct_m":0.026197,"gas_method":"estimated"},"2024-06":{"txs":177,"uniq":50,"trade":1,"nft":18,"gas":0.000004,"bal":0.040728,"days":26,"spread":0.866667,"streak":19,"rank_m":2306,"pct_m":0.002451,"gas_method":"exact"},"2024-07":{"txs":159,"uniq":50,"trade":0,"nft":19,"gas":0.000004,"bal":0.031269,"days":21,"spread":0.677419,"streak":5,"rank_m":4568,"pct_m":0.004856,"gas_method":"exact"},"2024-08":{"txs":78,"uniq":34,"trade":1,"nft":26,"gas":0.000008,"bal":0.025255,"days":11,"spread":0.354839,"streak":3,"rank_m":9639,"pct_m":0.010247,"gas_method":"exact"},"2024-09":{"txs":59,"uniq":32,"trade":1,"nft":27,"gas":0.000001,"bal":0.03311,"days":11,"spread":0.366667,"streak":4,"rank_m":11863,"pct_m":0.012612,"gas_method":"estimated"},"2024-10":{"txs":314,"uniq":105,"trade":6,"nft":74,"gas":0.000001,"bal":0.094403,"days":25,"spread":0.806452,"streak":11,"rank_m":1482,"pct_m":0.001575,"gas_method":"exact"},"2024-11":{"txs":134,"uniq":52,"trade":5,"nft":11,"gas":0.000306,"bal":0.079301,"days":21,"spread":0.7,"streak":8,"rank_m":4569,"pct_m":0.004857,"gas_method":"exact"},"2024-12":{"txs":379,"uniq":76,"trade":4,"nft":14,"gas":0.008268,"bal":0.039908,"days":31,"spread":1,"streak":31,"rank_m":1666,"pct_m":0.00177,"gas_method":"exact"},"2025-01":{"txs":549,"uniq":95,"trade":10,"nft":13,"gas":0.000029,"bal":0.04202,"days":31,"spread":1,"streak":31,"rank_m":17549,"pct_m":0.018657,"gas_method":"exact"},"2025-02":{"txs":987,"uniq":157,"trade":8,"nft":6,"gas":0.000003,"bal":0.015373,"days":27,"spread":0.964286,"streak":21,"rank_m":29448,"pct_m":0.031309,"gas_method":"exact"},"2025-03":{"txs":433,"uniq":104,"trade":1,"nft":20,"gas":0.003421,"bal":0.021939,"days":30,"spread":0.967742,"streak":29,"rank_m":3234,"pct_m":0.003437,"gas_method":"exact"},"2025-04":{"txs":164,"uniq":59,"trade":5,"nft":17,"gas":0.000984,"bal":0.022168,"days":30,"spread":1,"streak":30,"rank_m":1300,"pct_m":0.001381,"gas_method":"exact"},"2025-05":{"txs":435,"uniq":65,"trade":1,"nft":11,"gas":0.003062,"bal":0.015008,"days":30,"spread":0.967742,"streak":16,"rank_m":8300,"pct_m":0.008824,"gas_method":"estimated"},"2025-06":{"txs":77,"uniq":20,"trade":0,"nft":0,"gas":0.000542,"bal":0.00104,"days":30,"spread":1,"streak":30,"rank_m":172484,"pct_m":0.183387,"gas_method":"estimated"},"2025-07":{"txs":60,"uniq":11,"trade":0,"nft":1,"gas":0.000422,"bal":0.004381,"days":27,"spread":0.870968,"streak":14,"rank_m":67316,"pct_m":0.071571,"gas_method":"estimated"},"2025-08":{"txs":41,"uniq":7,"trade":0,"nft":0,"gas":0.000289,"bal":0.001562,"days":27,"spread":0.870968,"streak":21,"rank_m":203901,"pct_m":0.21679,"gas_method":"estimated"},"2025-09":{"txs":67,"uniq":18,"trade":0,"nft":2,"gas":0.000472,"bal":0.013131,"days":30,"spread":1,"streak":30,"rank_m":14515,"pct_m":0.015432,"gas_method":"estimated"},"2025-10":{"txs":14,"uniq":2,"trade":0,"nft":1,"gas":0.000099,"bal":0.024098,"days":13,"spread":0.419355,"streak":5,"rank_m":34369,"pct_m":0.036541,"gas_method":"estimated"}}}