{"wallet":"0x6fc27a66251811194dfd6c841592ae40cd50d9ae","rank":103758,"lifetime":{"months_active":16,"first":"2023-07","last":"2025-10","tx_sum":252,"uniq_sum":172,"trade_sum":17,"nft_sum":124,"gas_sum":0.012276,"avg_balance_eth_mean":0.010891,"streak_best_days":10,"gas_sum_filled":0.012276},"months":{"2023-07":{"txs":3,"uniq":2,"trade":0,"nft":1,"gas":0.000552,"bal":0.000331,"days":1,"spread":0.032258,"streak":1,"rank_m":37019,"pct_m":0.039358,"gas_method":"estimated"},"2023-08":{"txs":66,"uniq":57,"trade":0,"nft":53,"gas":0.007885,"bal":0.025647,"days":21,"spread":0.677419,"streak":10,"rank_m":4350,"pct_m":0.004624,"gas_method":"exact"},"2023-09":{"txs":16,"uniq":11,"trade":1,"nft":11,"gas":0.001139,"bal":0.023042,"days":11,"spread":0.366667,"streak":3,"rank_m":11013,"pct_m":0.011708,"gas_method":"exact"},"2023-10":{"txs":7,"uniq":7,"trade":0,"nft":3,"gas":0.000042,"bal":0.016051,"days":5,"spread":0.16129,"streak":2,"rank_m":30420,"pct_m":0.032342,"gas_method":"exact"},"2023-11":{"txs":1,"uniq":1,"trade":0,"nft":1,"gas":0.000025,"bal":0.018805,"days":1,"spread":0.033333,"streak":1,"rank_m":90272,"pct_m":0.095978,"gas_method":"estimated"},"2023-12":{"txs":42,"uniq":23,"trade":5,"nft":30,"gas":0.000065,"bal":0.011972,"days":12,"spread":0.387097,"streak":3,"rank_m":4465,"pct_m":0.004746,"gas_method":"exact"},"2024-01":{"txs":3,"uniq":3,"trade":0,"nft":2,"gas":0.000062,"bal":0.00233,"days":2,"spread":0.064516,"streak":1,"rank_m":103944,"pct_m":0.110514,"gas_method":"exact"},"2024-02":{"txs":27,"uniq":11,"trade":1,"nft":5,"gas":0.001336,"bal":0.001964,"days":6,"spread":0.206897,"streak":2,"rank_m":41929,"pct_m":0.044579,"gas_method":"exact"},"2024-03":{"txs":23,"uniq":15,"trade":4,"nft":2,"gas":0.000848,"bal":0.00296,"days":5,"spread":0.16129,"streak":3,"rank_m":107544,"pct_m":0.114342,"gas_method":"estimated"},"2024-04":{"txs":26,"uniq":15,"trade":6,"nft":7,"gas":0.000005,"bal":0.006462,"days":9,"spread":0.3,"streak":2,"rank_m":109711,"pct_m":0.116646,"gas_method":"exact"},"2024-05":{"txs":11,"uniq":10,"trade":0,"nft":7,"gas":0.000017,"bal":0.007491,"days":6,"spread":0.193548,"streak":2,"rank_m":182099,"pct_m":0.19361,"gas_method":"estimated"},"2024-06":{"txs":0,"uniq":0,"trade":0,"nft":0,"gas":0,"bal":0.007491,"days":0,"spread":0,"streak":0,"rank_m":508690,"pct_m":0.540847},"2024-07":{"txs":5,"uniq":3,"trade":0,"nft":1,"gas":0.000001,"bal":0.008318,"days":2,"spread":0.064516,"streak":1,"rank_m":312903,"pct_m":0.332683,"gas_method":"estimated"},"2024-08":{"txs":0,"uniq":0,"trade":0,"nft":0,"gas":0,"bal":0.008318,"days":0,"spread":0,"streak":0,"rank_m":522205,"pct_m":0.555217},"2024-09":{"txs":0,"uniq":0,"trade":0,"nft":0,"gas":0,"bal":0.008318,"days":0,"spread":0,"streak":0,"rank_m":494489,"pct_m":0.525748},"2024-10":{"txs":7,"uniq":4,"trade":0,"nft":1,"gas":0.000001,"bal":0.010607,"days":1,"spread":0.032258,"streak":1,"rank_m":311523,"pct_m":0.331216,"gas_method":"estimated"},"2024-11":{"txs":0,"uniq":0,"trade":0,"nft":0,"gas":0,"bal":0.010607,"days":0,"spread":0,"streak":0,"rank_m":552984,"pct_m":0.587941},"2024-12":{"txs":0,"uniq":0,"trade":0,"nft":0,"gas":0,"bal":0.010607,"days":0,"spread":0,"streak":0,"rank_m":610526,"pct_m":0.649121},"2025-01":{"txs":10,"uniq":6,"trade":0,"nft":0,"gas":0.00026,"bal":0.012356,"days":4,"spread":0.129032,"streak":2,"rank_m":243808,"pct_m":0.25922,"gas_method":"exact"},"2025-02":{"txs":0,"uniq":0,"trade":0,"nft":0,"gas":0,"bal":0.012356,"days":0,"spread":0,"streak":0,"rank_m":589463,"pct_m":0.626727},"2025-03":{"txs":4,"uniq":3,"trade":0,"nft":0,"gas":0.000032,"bal":0.012379,"days":1,"spread":0.032258,"streak":1,"rank_m":333924,"pct_m":0.355033,"gas_method":"exact"},"2025-04":{"txs":1,"uniq":1,"trade":0,"nft":0,"gas":0.000006,"bal":0.012362,"days":1,"spread":0.033333,"streak":1,"rank_m":446134,"pct_m":0.474337,"gas_method":"exact"},"2025-05":{"txs":0,"uniq":0,"trade":0,"nft":0,"gas":0,"bal":0.012362,"days":0,"spread":0,"streak":0,"rank_m":513667,"pct_m":0.546139},"2025-06":{"txs":0,"uniq":0,"trade":0,"nft":0,"gas":0,"bal":0.012362,"days":0,"spread":0,"streak":0,"rank_m":513903,"pct_m":0.54639},"2025-07":{"txs":0,"uniq":0,"trade":0,"nft":0,"gas":0,"bal":0.012362,"days":0,"spread":0,"streak":0,"rank_m":531605,"pct_m":0.565211},"2025-08":{"txs":0,"uniq":0,"trade":0,"nft":0,"gas":0,"bal":0.012362,"days":0,"spread":0,"streak":0,"rank_m":508282,"pct_m":0.540413},"2025-09":{"txs":0,"uniq":0,"trade":0,"nft":0,"gas":0,"bal":0.012362,"days":0,"spread":0,"streak":0,"rank_m":502406,"pct_m":0.534166},"2025-10":{"txs":0,"uniq":0,"trade":0,"nft":0,"gas":0,"bal":0.012362,"days":0,"spread":0,"streak":0,"rank_m":409830,"pct_m":0.435738}}}