{"wallet":"0x6f8a3b71b755aa962a9de4c4d0a6df51f5e9e6b3","rank":654516,"lifetime":{"months_active":16,"first":"2023-07","last":"2025-10","tx_sum":138,"uniq_sum":63,"trade_sum":2,"nft_sum":36,"gas_sum":0.001937,"avg_balance_eth_mean":0.001394,"streak_best_days":0,"gas_sum_filled":0.001937},"months":{"2023-07":{"txs":0,"uniq":0,"trade":0,"nft":0,"gas":0,"bal":0,"days":0,"spread":0,"streak":0,"rank_m":553073,"pct_m":0.588036},"2023-08":{"txs":0,"uniq":0,"trade":0,"nft":0,"gas":0,"bal":0,"days":0,"spread":0,"streak":0,"rank_m":603260,"pct_m":0.641396},"2023-09":{"txs":2,"uniq":1,"trade":0,"nft":2,"gas":0.000139,"bal":0.000144,"days":1,"spread":0.033333,"streak":0,"rank_m":152930,"pct_m":0.162597,"gas_method":"exact"},"2023-10":{"txs":0,"uniq":0,"trade":0,"nft":0,"gas":0,"bal":0.000144,"days":0,"spread":0,"streak":0,"rank_m":305933,"pct_m":0.325272},"2023-11":{"txs":0,"uniq":0,"trade":0,"nft":0,"gas":0,"bal":0.000144,"days":0,"spread":0,"streak":0,"rank_m":319284,"pct_m":0.339467},"2023-12":{"txs":4,"uniq":4,"trade":0,"nft":3,"gas":0.00023,"bal":0.001414,"days":3,"spread":0.096774,"streak":0,"rank_m":165190,"pct_m":0.175632,"gas_method":"estimated"},"2024-01":{"txs":6,"uniq":4,"trade":0,"nft":2,"gas":0.000078,"bal":0.003164,"days":4,"spread":0.129032,"streak":0,"rank_m":141348,"pct_m":0.150283,"gas_method":"exact"},"2024-02":{"txs":12,"uniq":7,"trade":0,"nft":7,"gas":0.000084,"bal":0.003663,"days":8,"spread":0.275862,"streak":0,"rank_m":132614,"pct_m":0.140997,"gas_method":"exact"},"2024-03":{"txs":40,"uniq":11,"trade":2,"nft":5,"gas":0.001084,"bal":0.008012,"days":9,"spread":0.290323,"streak":0,"rank_m":119277,"pct_m":0.126816,"gas_method":"exact"},"2024-04":{"txs":12,"uniq":8,"trade":0,"nft":4,"gas":0.000067,"bal":0.01346,"days":7,"spread":0.233333,"streak":0,"rank_m":273867,"pct_m":0.291179,"gas_method":"estimated"},"2024-05":{"txs":22,"uniq":11,"trade":0,"nft":10,"gas":0.000041,"bal":0.007459,"days":4,"spread":0.129032,"streak":0,"rank_m":259669,"pct_m":0.276084,"gas_method":"estimated"},"2024-06":{"txs":12,"uniq":3,"trade":0,"nft":1,"gas":0.000001,"bal":0.000235,"days":1,"spread":0.033333,"streak":0,"rank_m":477236,"pct_m":0.507405,"gas_method":"estimated"},"2024-07":{"txs":0,"uniq":0,"trade":0,"nft":0,"gas":0,"bal":0.000235,"days":0,"spread":0,"streak":0,"rank_m":618926,"pct_m":0.658052},"2024-08":{"txs":0,"uniq":0,"trade":0,"nft":0,"gas":0,"bal":0.000235,"days":0,"spread":0,"streak":0,"rank_m":634018,"pct_m":0.674098},"2024-09":{"txs":10,"uniq":6,"trade":0,"nft":2,"gas":0.000001,"bal":0.000014,"days":2,"spread":0.066667,"streak":0,"rank_m":439000,"pct_m":0.466752,"gas_method":"estimated"},"2024-10":{"txs":0,"uniq":0,"trade":0,"nft":0,"gas":0,"bal":0.000014,"days":0,"spread":0,"streak":0,"rank_m":722915,"pct_m":0.768615},"2024-11":{"txs":0,"uniq":0,"trade":0,"nft":0,"gas":0,"bal":0.000014,"days":0,"spread":0,"streak":0,"rank_m":739463,"pct_m":0.786209},"2024-12":{"txs":2,"uniq":2,"trade":0,"nft":0,"gas":0.000044,"bal":0.000066,"days":1,"spread":0.032258,"streak":0,"rank_m":610824,"pct_m":0.649438,"gas_method":"exact"},"2025-01":{"txs":3,"uniq":3,"trade":0,"nft":0,"gas":0.000078,"bal":0.000251,"days":1,"spread":0.032258,"streak":0,"rank_m":554123,"pct_m":0.589152,"gas_method":"exact"},"2025-02":{"txs":2,"uniq":2,"trade":0,"nft":0,"gas":0.000014,"bal":0.000179,"days":2,"spread":0.071429,"streak":0,"rank_m":541503,"pct_m":0.575735,"gas_method":"exact"},"2025-03":{"txs":0,"uniq":0,"trade":0,"nft":0,"gas":0,"bal":0.000179,"days":0,"spread":0,"streak":0,"rank_m":762379,"pct_m":0.810574},"2025-04":{"txs":1,"uniq":1,"trade":0,"nft":0,"gas":0.000006,"bal":0,"days":1,"spread":0.033333,"streak":0,"rank_m":644519,"pct_m":0.685263,"gas_method":"exact"},"2025-05":{"txs":0,"uniq":0,"trade":0,"nft":0,"gas":0,"bal":0,"days":0,"spread":0,"streak":0,"rank_m":904565,"pct_m":0.961749},"2025-06":{"txs":1,"uniq":0,"trade":0,"nft":0,"gas":0.000007,"bal":0,"days":1,"spread":0.033333,"streak":0,"rank_m":808474,"pct_m":0.859583,"gas_method":"estimated"},"2025-07":{"txs":0,"uniq":0,"trade":0,"nft":0,"gas":0,"bal":0,"days":0,"spread":0,"streak":0,"rank_m":925773,"pct_m":0.984297},"2025-08":{"txs":7,"uniq":0,"trade":0,"nft":0,"gas":0.000049,"bal":0,"days":3,"spread":0.096774,"streak":0,"rank_m":775827,"pct_m":0.824872,"gas_method":"estimated"},"2025-09":{"txs":2,"uniq":0,"trade":0,"nft":0,"gas":0.000014,"bal":0,"days":1,"spread":0.033333,"streak":0,"rank_m":833209,"pct_m":0.885882,"gas_method":"estimated"},"2025-10":{"txs":0,"uniq":0,"trade":0,"nft":0,"gas":0,"bal":0,"days":0,"spread":0,"streak":0,"rank_m":922158,"pct_m":0.980454}}}