{"wallet":"0x6ff3f4c9c8aa64f494e64c10f87f03269b2feb72","rank":102126,"lifetime":{"months_active":20,"first":"2023-07","last":"2025-10","tx_sum":1406,"uniq_sum":389,"trade_sum":24,"nft_sum":152,"gas_sum":0.003061,"avg_balance_eth_mean":0.00043,"streak_best_days":24,"gas_sum_filled":0.003061},"months":{"2023-07":{"txs":0,"uniq":0,"trade":0,"nft":0,"gas":0,"bal":0,"days":0,"spread":0,"streak":0,"rank_m":551717,"pct_m":0.586594},"2023-08":{"txs":0,"uniq":0,"trade":0,"nft":0,"gas":0,"bal":0,"days":0,"spread":0,"streak":0,"rank_m":602071,"pct_m":0.640132},"2023-09":{"txs":0,"uniq":0,"trade":0,"nft":0,"gas":0,"bal":0,"days":0,"spread":0,"streak":0,"rank_m":615503,"pct_m":0.654413},"2023-10":{"txs":0,"uniq":0,"trade":0,"nft":0,"gas":0,"bal":0,"days":0,"spread":0,"streak":0,"rank_m":626383,"pct_m":0.665981},"2023-11":{"txs":0,"uniq":0,"trade":0,"nft":0,"gas":0,"bal":0,"days":0,"spread":0,"streak":0,"rank_m":636027,"pct_m":0.676234},"2023-12":{"txs":0,"uniq":0,"trade":0,"nft":0,"gas":0,"bal":0,"days":0,"spread":0,"streak":0,"rank_m":647621,"pct_m":0.688561},"2024-01":{"txs":4,"uniq":1,"trade":0,"nft":0,"gas":0.000032,"bal":0.000158,"days":4,"spread":0.129032,"streak":1,"rank_m":151201,"pct_m":0.160759,"gas_method":"exact"},"2024-02":{"txs":16,"uniq":7,"trade":1,"nft":23,"gas":0.000096,"bal":0.000067,"days":5,"spread":0.172414,"streak":2,"rank_m":143682,"pct_m":0.152764,"gas_method":"estimated"},"2024-03":{"txs":132,"uniq":38,"trade":0,"nft":8,"gas":0.001192,"bal":0.000184,"days":10,"spread":0.322581,"streak":3,"rank_m":130418,"pct_m":0.138662,"gas_method":"estimated"},"2024-04":{"txs":491,"uniq":97,"trade":0,"nft":45,"gas":0.000635,"bal":0.007678,"days":25,"spread":0.833333,"streak":17,"rank_m":12889,"pct_m":0.013703,"gas_method":"exact"},"2024-05":{"txs":18,"uniq":7,"trade":0,"nft":4,"gas":0.000007,"bal":0.000018,"days":5,"spread":0.16129,"streak":2,"rank_m":336635,"pct_m":0.357915,"gas_method":"estimated"},"2024-06":{"txs":31,"uniq":18,"trade":0,"nft":3,"gas":0,"bal":0.000039,"days":6,"spread":0.2,"streak":2,"rank_m":268443,"pct_m":0.285412,"gas_method":"estimated"},"2024-07":{"txs":31,"uniq":15,"trade":0,"nft":3,"gas":0.000002,"bal":0.000006,"days":4,"spread":0.129032,"streak":2,"rank_m":296512,"pct_m":0.315256,"gas_method":"estimated"},"2024-08":{"txs":135,"uniq":48,"trade":2,"nft":34,"gas":0.000006,"bal":0.000001,"days":11,"spread":0.354839,"streak":7,"rank_m":182068,"pct_m":0.193577,"gas_method":"estimated"},"2024-09":{"txs":278,"uniq":53,"trade":0,"nft":19,"gas":0.000006,"bal":0.002272,"days":26,"spread":0.866667,"streak":17,"rank_m":14176,"pct_m":0.015071,"gas_method":"exact"},"2024-10":{"txs":107,"uniq":28,"trade":19,"nft":8,"gas":0.00003,"bal":0.001284,"days":17,"spread":0.548387,"streak":7,"rank_m":31123,"pct_m":0.033089,"gas_method":"exact"},"2024-11":{"txs":1,"uniq":1,"trade":0,"nft":0,"gas":0.000002,"bal":0.000009,"days":1,"spread":0.033333,"streak":1,"rank_m":536429,"pct_m":0.57034,"gas_method":"exact"},"2024-12":{"txs":3,"uniq":2,"trade":0,"nft":0,"gas":0.000044,"bal":0.00001,"days":2,"spread":0.064516,"streak":1,"rank_m":566263,"pct_m":0.60206,"gas_method":"exact"},"2025-01":{"txs":0,"uniq":0,"trade":0,"nft":0,"gas":0,"bal":0.00001,"days":0,"spread":0,"streak":0,"rank_m":783385,"pct_m":0.832908},"2025-02":{"txs":18,"uniq":10,"trade":0,"nft":0,"gas":0.000091,"bal":0.000007,"days":6,"spread":0.214286,"streak":4,"rank_m":249831,"pct_m":0.265624,"gas_method":"exact"},"2025-03":{"txs":0,"uniq":0,"trade":0,"nft":0,"gas":0,"bal":0.000007,"days":0,"spread":0,"streak":0,"rank_m":832677,"pct_m":0.885316},"2025-04":{"txs":31,"uniq":16,"trade":0,"nft":1,"gas":0.000145,"bal":0.000105,"days":9,"spread":0.3,"streak":3,"rank_m":159386,"pct_m":0.169461,"gas_method":"exact"},"2025-05":{"txs":9,"uniq":5,"trade":2,"nft":0,"gas":0.000063,"bal":0.000026,"days":4,"spread":0.129032,"streak":2,"rank_m":389147,"pct_m":0.413747,"gas_method":"estimated"},"2025-06":{"txs":24,"uniq":11,"trade":0,"nft":1,"gas":0.000169,"bal":0.000044,"days":6,"spread":0.2,"streak":1,"rank_m":423122,"pct_m":0.44987,"gas_method":"estimated"},"2025-07":{"txs":31,"uniq":14,"trade":0,"nft":2,"gas":0.000218,"bal":0.000044,"days":11,"spread":0.354839,"streak":5,"rank_m":319480,"pct_m":0.339676,"gas_method":"estimated"},"2025-08":{"txs":24,"uniq":9,"trade":0,"nft":0,"gas":0.000169,"bal":0.000011,"days":3,"spread":0.096774,"streak":2,"rank_m":539037,"pct_m":0.573113,"gas_method":"estimated"},"2025-09":{"txs":12,"uniq":5,"trade":0,"nft":1,"gas":0.000084,"bal":0.000025,"days":7,"spread":0.233333,"streak":2,"rank_m":417673,"pct_m":0.444076,"gas_method":"estimated"},"2025-10":{"txs":10,"uniq":4,"trade":0,"nft":0,"gas":0.00007,"bal":0.000029,"days":2,"spread":0.064516,"streak":2,"rank_m":457019,"pct_m":0.48591,"gas_method":"estimated"}}}