{"wallet":"0x6fe766d9ce379d452f54182b803f6cbb945ff43a","rank":91405,"lifetime":{"months_active":23,"first":"2023-07","last":"2025-10","tx_sum":339,"uniq_sum":185,"trade_sum":27,"nft_sum":70,"gas_sum":0.005547,"avg_balance_eth_mean":0.004617,"streak_best_days":7,"gas_sum_filled":0.005547},"months":{"2023-07":{"txs":12,"uniq":2,"trade":0,"nft":1,"gas":0.001014,"bal":0.002029,"days":2,"spread":0.064516,"streak":1,"rank_m":15605,"pct_m":0.01659,"gas_method":"estimated"},"2023-08":{"txs":21,"uniq":14,"trade":0,"nft":11,"gas":0.001697,"bal":0.002505,"days":9,"spread":0.290323,"streak":4,"rank_m":44342,"pct_m":0.047144,"gas_method":"exact"},"2023-09":{"txs":0,"uniq":0,"trade":0,"nft":0,"gas":0,"bal":0.002505,"days":0,"spread":0,"streak":0,"rank_m":254999,"pct_m":0.271118},"2023-10":{"txs":0,"uniq":0,"trade":0,"nft":0,"gas":0,"bal":0.002505,"days":0,"spread":0,"streak":0,"rank_m":255944,"pct_m":0.272123},"2023-11":{"txs":2,"uniq":2,"trade":0,"nft":3,"gas":0.000089,"bal":0.000063,"days":2,"spread":0.066667,"streak":1,"rank_m":104460,"pct_m":0.111063,"gas_method":"exact"},"2023-12":{"txs":0,"uniq":0,"trade":0,"nft":0,"gas":0,"bal":0.000063,"days":0,"spread":0,"streak":0,"rank_m":349868,"pct_m":0.371985},"2024-01":{"txs":0,"uniq":0,"trade":0,"nft":0,"gas":0,"bal":0.000063,"days":0,"spread":0,"streak":0,"rank_m":367283,"pct_m":0.390501},"2024-02":{"txs":31,"uniq":15,"trade":1,"nft":14,"gas":0.00035,"bal":0.00051,"days":4,"spread":0.137931,"streak":2,"rank_m":102362,"pct_m":0.108832,"gas_method":"estimated"},"2024-03":{"txs":5,"uniq":4,"trade":0,"nft":7,"gas":0.000085,"bal":0.000077,"days":3,"spread":0.096774,"streak":2,"rank_m":283168,"pct_m":0.301068,"gas_method":"estimated"},"2024-04":{"txs":57,"uniq":21,"trade":0,"nft":5,"gas":0.000238,"bal":0.024473,"days":12,"spread":0.4,"streak":6,"rank_m":44756,"pct_m":0.047584,"gas_method":"exact"},"2024-05":{"txs":7,"uniq":4,"trade":0,"nft":3,"gas":0.000005,"bal":0.050982,"days":3,"spread":0.096774,"streak":1,"rank_m":242495,"pct_m":0.257824,"gas_method":"estimated"},"2024-06":{"txs":3,"uniq":3,"trade":0,"nft":6,"gas":0.000009,"bal":0.023401,"days":3,"spread":0.1,"streak":1,"rank_m":205541,"pct_m":0.218534,"gas_method":"exact"},"2024-07":{"txs":1,"uniq":1,"trade":0,"nft":1,"gas":0,"bal":0.004261,"days":1,"spread":0.032258,"streak":1,"rank_m":403785,"pct_m":0.42931,"gas_method":"estimated"},"2024-08":{"txs":1,"uniq":1,"trade":0,"nft":1,"gas":0,"bal":0.00026,"days":1,"spread":0.032258,"streak":1,"rank_m":492678,"pct_m":0.523823,"gas_method":"estimated"},"2024-09":{"txs":2,"uniq":2,"trade":0,"nft":1,"gas":0,"bal":0.000255,"days":1,"spread":0.033333,"streak":1,"rank_m":437987,"pct_m":0.465675,"gas_method":"estimated"},"2024-10":{"txs":2,"uniq":2,"trade":0,"nft":1,"gas":0,"bal":0.00023,"days":2,"spread":0.064516,"streak":1,"rank_m":484842,"pct_m":0.515492,"gas_method":"estimated"},"2024-11":{"txs":16,"uniq":9,"trade":6,"nft":1,"gas":0.000034,"bal":0.001014,"days":7,"spread":0.233333,"streak":3,"rank_m":178459,"pct_m":0.18974,"gas_method":"exact"},"2024-12":{"txs":36,"uniq":23,"trade":6,"nft":3,"gas":0.000794,"bal":0.001855,"days":15,"spread":0.483871,"streak":7,"rank_m":83658,"pct_m":0.088946,"gas_method":"exact"},"2025-01":{"txs":15,"uniq":10,"trade":2,"nft":4,"gas":0.000364,"bal":0.000383,"days":11,"spread":0.354839,"streak":4,"rank_m":197663,"pct_m":0.210158,"gas_method":"exact"},"2025-02":{"txs":23,"uniq":10,"trade":3,"nft":0,"gas":0.000162,"bal":0.000877,"days":11,"spread":0.392857,"streak":3,"rank_m":112448,"pct_m":0.119556,"gas_method":"exact"},"2025-03":{"txs":24,"uniq":11,"trade":1,"nft":0,"gas":0.000142,"bal":0.00255,"days":6,"spread":0.193548,"streak":2,"rank_m":126768,"pct_m":0.134781,"gas_method":"exact"},"2025-04":{"txs":5,"uniq":5,"trade":1,"nft":0,"gas":0.00003,"bal":0.001497,"days":3,"spread":0.1,"streak":1,"rank_m":304803,"pct_m":0.324071,"gas_method":"exact"},"2025-05":{"txs":0,"uniq":0,"trade":0,"nft":0,"gas":0,"bal":0.001497,"days":0,"spread":0,"streak":0,"rank_m":674927,"pct_m":0.717593},"2025-06":{"txs":8,"uniq":4,"trade":0,"nft":1,"gas":0.000056,"bal":0.001643,"days":4,"spread":0.133333,"streak":1,"rank_m":335405,"pct_m":0.356608,"gas_method":"estimated"},"2025-07":{"txs":11,"uniq":10,"trade":1,"nft":1,"gas":0.000077,"bal":0.001221,"days":2,"spread":0.064516,"streak":1,"rank_m":321495,"pct_m":0.341818,"gas_method":"estimated"},"2025-08":{"txs":13,"uniq":10,"trade":3,"nft":0,"gas":0.000091,"bal":0.000769,"days":4,"spread":0.129032,"streak":1,"rank_m":293906,"pct_m":0.312485,"gas_method":"estimated"},"2025-09":{"txs":21,"uniq":11,"trade":0,"nft":0,"gas":0.000148,"bal":0.001327,"days":7,"spread":0.233333,"streak":2,"rank_m":289333,"pct_m":0.307623,"gas_method":"estimated"},"2025-10":{"txs":23,"uniq":11,"trade":3,"nft":6,"gas":0.000162,"bal":0.000474,"days":11,"spread":0.354839,"streak":4,"rank_m":141932,"pct_m":0.150904,"gas_method":"estimated"}}}