{"wallet":"0x6f9a4c218151be69852040fd5529aca7f24c9879","rank":498230,"lifetime":{"months_active":14,"first":"2023-07","last":"2025-10","tx_sum":171,"uniq_sum":65,"trade_sum":0,"nft_sum":11,"gas_sum":0.002344,"avg_balance_eth_mean":0.016592,"streak_best_days":5,"gas_sum_filled":0.002344},"months":{"2023-07":{"txs":0,"uniq":0,"trade":0,"nft":0,"gas":0,"bal":0,"days":0,"spread":0,"streak":0,"rank_m":552879,"pct_m":0.58783},"2023-08":{"txs":44,"uniq":12,"trade":0,"nft":4,"gas":0.00052,"bal":0.006132,"days":9,"spread":0.290323,"streak":4,"rank_m":46111,"pct_m":0.049025,"gas_method":"exact"},"2023-09":{"txs":6,"uniq":4,"trade":0,"nft":0,"gas":0.000107,"bal":0.016356,"days":5,"spread":0.166667,"streak":2,"rank_m":56188,"pct_m":0.059739,"gas_method":"exact"},"2023-10":{"txs":5,"uniq":5,"trade":0,"nft":2,"gas":0.000011,"bal":0.015962,"days":4,"spread":0.129032,"streak":1,"rank_m":49964,"pct_m":0.053122,"gas_method":"exact"},"2023-11":{"txs":1,"uniq":1,"trade":0,"nft":0,"gas":0.000025,"bal":0.015928,"days":1,"spread":0.033333,"streak":1,"rank_m":106377,"pct_m":0.113101,"gas_method":"estimated"},"2023-12":{"txs":3,"uniq":2,"trade":0,"nft":1,"gas":0.000142,"bal":0.015842,"days":2,"spread":0.064516,"streak":1,"rank_m":86685,"pct_m":0.092164,"gas_method":"estimated"},"2024-01":{"txs":6,"uniq":3,"trade":0,"nft":0,"gas":0.000102,"bal":0.015454,"days":2,"spread":0.064516,"streak":1,"rank_m":87616,"pct_m":0.093154,"gas_method":"exact"},"2024-02":{"txs":5,"uniq":5,"trade":0,"nft":0,"gas":0.000125,"bal":0.016124,"days":4,"spread":0.137931,"streak":1,"rank_m":127420,"pct_m":0.135474,"gas_method":"estimated"},"2024-03":{"txs":21,"uniq":3,"trade":0,"nft":2,"gas":0.000784,"bal":0.016423,"days":6,"spread":0.193548,"streak":3,"rank_m":123425,"pct_m":0.131227,"gas_method":"estimated"},"2024-04":{"txs":5,"uniq":2,"trade":0,"nft":0,"gas":0.000023,"bal":0.016017,"days":2,"spread":0.066667,"streak":1,"rank_m":344128,"pct_m":0.365882,"gas_method":"estimated"},"2024-05":{"txs":3,"uniq":3,"trade":0,"nft":1,"gas":0.000005,"bal":0.016557,"days":2,"spread":0.064516,"streak":1,"rank_m":319448,"pct_m":0.339642,"gas_method":"estimated"},"2024-06":{"txs":0,"uniq":0,"trade":0,"nft":0,"gas":0,"bal":0.016557,"days":0,"spread":0,"streak":0,"rank_m":484984,"pct_m":0.515643},"2024-07":{"txs":1,"uniq":1,"trade":0,"nft":0,"gas":0,"bal":0.019016,"days":1,"spread":0.032258,"streak":1,"rank_m":367353,"pct_m":0.390575,"gas_method":"estimated"},"2024-08":{"txs":0,"uniq":0,"trade":0,"nft":0,"gas":0,"bal":0.019016,"days":0,"spread":0,"streak":0,"rank_m":489294,"pct_m":0.520225},"2024-09":{"txs":0,"uniq":0,"trade":0,"nft":0,"gas":0,"bal":0.019016,"days":0,"spread":0,"streak":0,"rank_m":458043,"pct_m":0.486998},"2024-10":{"txs":0,"uniq":0,"trade":0,"nft":0,"gas":0,"bal":0.019016,"days":0,"spread":0,"streak":0,"rank_m":500930,"pct_m":0.532597},"2024-11":{"txs":0,"uniq":0,"trade":0,"nft":0,"gas":0,"bal":0.019016,"days":0,"spread":0,"streak":0,"rank_m":537446,"pct_m":0.571421},"2024-12":{"txs":0,"uniq":0,"trade":0,"nft":0,"gas":0,"bal":0.019016,"days":0,"spread":0,"streak":0,"rank_m":595241,"pct_m":0.63287},"2025-01":{"txs":0,"uniq":0,"trade":0,"nft":0,"gas":0,"bal":0.019016,"days":0,"spread":0,"streak":0,"rank_m":580708,"pct_m":0.617418},"2025-02":{"txs":0,"uniq":0,"trade":0,"nft":0,"gas":0,"bal":0.019016,"days":0,"spread":0,"streak":0,"rank_m":574353,"pct_m":0.610661},"2025-03":{"txs":0,"uniq":0,"trade":0,"nft":0,"gas":0,"bal":0.019016,"days":0,"spread":0,"streak":0,"rank_m":556090,"pct_m":0.591244},"2025-04":{"txs":0,"uniq":0,"trade":0,"nft":0,"gas":0,"bal":0.019016,"days":0,"spread":0,"streak":0,"rank_m":589711,"pct_m":0.62699},"2025-05":{"txs":0,"uniq":0,"trade":0,"nft":0,"gas":0,"bal":0.019016,"days":0,"spread":0,"streak":0,"rank_m":481204,"pct_m":0.511624},"2025-06":{"txs":2,"uniq":2,"trade":0,"nft":0,"gas":0.000014,"bal":0.019231,"days":2,"spread":0.066667,"streak":2,"rank_m":240677,"pct_m":0.255891,"gas_method":"estimated"},"2025-07":{"txs":0,"uniq":0,"trade":0,"nft":0,"gas":0,"bal":0.019231,"days":0,"spread":0,"streak":0,"rank_m":498589,"pct_m":0.530108},"2025-08":{"txs":0,"uniq":0,"trade":0,"nft":0,"gas":0,"bal":0.019231,"days":0,"spread":0,"streak":0,"rank_m":473916,"pct_m":0.503875},"2025-09":{"txs":16,"uniq":9,"trade":0,"nft":0,"gas":0.000113,"bal":0.016638,"days":7,"spread":0.233333,"streak":3,"rank_m":95919,"pct_m":0.101982,"gas_method":"estimated"},"2025-10":{"txs":53,"uniq":13,"trade":0,"nft":1,"gas":0.000373,"bal":0.013704,"days":10,"spread":0.322581,"streak":5,"rank_m":18950,"pct_m":0.020147,"gas_method":"estimated"}}}