{"wallet":"0x6fd56fc606a3eb5bdb64e818399b2b49bcfdba83","rank":163907,"lifetime":{"months_active":21,"first":"2023-07","last":"2025-10","tx_sum":344,"uniq_sum":142,"trade_sum":17,"nft_sum":31,"gas_sum":0.003097,"avg_balance_eth_mean":0.005055,"streak_best_days":4,"gas_sum_filled":0.003097},"months":{"2023-07":{"txs":0,"uniq":0,"trade":0,"nft":0,"gas":0,"bal":0,"days":0,"spread":0,"streak":0,"rank_m":552108,"pct_m":0.58701},"2023-08":{"txs":0,"uniq":0,"trade":0,"nft":0,"gas":0,"bal":0,"days":0,"spread":0,"streak":0,"rank_m":602422,"pct_m":0.640505},"2023-09":{"txs":2,"uniq":1,"trade":0,"nft":0,"gas":0.000014,"bal":0.000042,"days":1,"spread":0.033333,"streak":1,"rank_m":137898,"pct_m":0.146615,"gas_method":"exact"},"2023-10":{"txs":0,"uniq":0,"trade":0,"nft":0,"gas":0,"bal":0.000042,"days":0,"spread":0,"streak":0,"rank_m":313682,"pct_m":0.333511},"2023-11":{"txs":31,"uniq":8,"trade":1,"nft":0,"gas":0.000387,"bal":0.001176,"days":2,"spread":0.066667,"streak":1,"rank_m":69531,"pct_m":0.073926,"gas_method":"estimated"},"2023-12":{"txs":25,"uniq":6,"trade":5,"nft":1,"gas":0.000585,"bal":0.001422,"days":1,"spread":0.032258,"streak":1,"rank_m":85346,"pct_m":0.09074,"gas_method":"estimated"},"2024-01":{"txs":24,"uniq":8,"trade":8,"nft":0,"gas":0.000141,"bal":0.00212,"days":2,"spread":0.064516,"streak":1,"rank_m":57886,"pct_m":0.061544,"gas_method":"exact"},"2024-02":{"txs":24,"uniq":13,"trade":0,"nft":6,"gas":0.000363,"bal":0.004566,"days":4,"spread":0.137931,"streak":1,"rank_m":59665,"pct_m":0.063436,"gas_method":"exact"},"2024-03":{"txs":11,"uniq":6,"trade":0,"nft":0,"gas":0.000203,"bal":0.011452,"days":2,"spread":0.064516,"streak":1,"rank_m":215822,"pct_m":0.229465,"gas_method":"estimated"},"2024-04":{"txs":8,"uniq":6,"trade":0,"nft":1,"gas":0.000018,"bal":0.015604,"days":4,"spread":0.133333,"streak":1,"rank_m":275814,"pct_m":0.293249,"gas_method":"estimated"},"2024-05":{"txs":5,"uniq":4,"trade":0,"nft":0,"gas":0.000004,"bal":0.012681,"days":1,"spread":0.032258,"streak":1,"rank_m":348899,"pct_m":0.370955,"gas_method":"estimated"},"2024-06":{"txs":15,"uniq":5,"trade":0,"nft":1,"gas":0,"bal":0.012305,"days":2,"spread":0.066667,"streak":1,"rank_m":250064,"pct_m":0.265871,"gas_method":"estimated"},"2024-07":{"txs":6,"uniq":2,"trade":0,"nft":0,"gas":0.000001,"bal":0.01154,"days":1,"spread":0.032258,"streak":1,"rank_m":346044,"pct_m":0.367919,"gas_method":"estimated"},"2024-08":{"txs":21,"uniq":17,"trade":0,"nft":17,"gas":0.000002,"bal":0.010022,"days":3,"spread":0.096774,"streak":1,"rank_m":165295,"pct_m":0.175744,"gas_method":"estimated"},"2024-09":{"txs":6,"uniq":5,"trade":0,"nft":3,"gas":0,"bal":0.009134,"days":1,"spread":0.033333,"streak":1,"rank_m":240738,"pct_m":0.255956,"gas_method":"estimated"},"2024-10":{"txs":5,"uniq":4,"trade":0,"nft":1,"gas":0,"bal":0.005382,"days":3,"spread":0.096774,"streak":1,"rank_m":323220,"pct_m":0.343652,"gas_method":"estimated"},"2024-11":{"txs":0,"uniq":0,"trade":0,"nft":0,"gas":0,"bal":0.005382,"days":0,"spread":0,"streak":0,"rank_m":573693,"pct_m":0.60996},"2024-12":{"txs":12,"uniq":7,"trade":0,"nft":1,"gas":0.00022,"bal":0.000685,"days":2,"spread":0.064516,"streak":1,"rank_m":370408,"pct_m":0.393823,"gas_method":"exact"},"2025-01":{"txs":7,"uniq":7,"trade":0,"nft":0,"gas":0.000182,"bal":0.002301,"days":3,"spread":0.096774,"streak":1,"rank_m":355452,"pct_m":0.377922,"gas_method":"exact"},"2025-02":{"txs":4,"uniq":3,"trade":0,"nft":0,"gas":0.000028,"bal":0.001421,"days":2,"spread":0.071429,"streak":1,"rank_m":400591,"pct_m":0.425914,"gas_method":"exact"},"2025-03":{"txs":0,"uniq":0,"trade":0,"nft":0,"gas":0,"bal":0.001421,"days":0,"spread":0,"streak":0,"rank_m":666539,"pct_m":0.708675},"2025-04":{"txs":22,"uniq":4,"trade":0,"nft":0,"gas":0.000133,"bal":0.001865,"days":4,"spread":0.133333,"streak":2,"rank_m":193953,"pct_m":0.206213,"gas_method":"exact"},"2025-05":{"txs":37,"uniq":7,"trade":0,"nft":0,"gas":0.00026,"bal":0.006604,"days":1,"spread":0.032258,"streak":1,"rank_m":213719,"pct_m":0.227229,"gas_method":"estimated"},"2025-06":{"txs":49,"uniq":18,"trade":1,"nft":0,"gas":0.000345,"bal":0.008612,"days":11,"spread":0.366667,"streak":4,"rank_m":54461,"pct_m":0.057903,"gas_method":"estimated"},"2025-07":{"txs":29,"uniq":10,"trade":2,"nft":0,"gas":0.000204,"bal":0.006872,"days":9,"spread":0.290323,"streak":3,"rank_m":99763,"pct_m":0.106069,"gas_method":"estimated"},"2025-08":{"txs":0,"uniq":0,"trade":0,"nft":0,"gas":0,"bal":0.006872,"days":0,"spread":0,"streak":0,"rank_m":562139,"pct_m":0.597675},"2025-09":{"txs":1,"uniq":1,"trade":0,"nft":0,"gas":0.000007,"bal":0.001013,"days":1,"spread":0.033333,"streak":1,"rank_m":516469,"pct_m":0.549118,"gas_method":"estimated"},"2025-10":{"txs":0,"uniq":0,"trade":0,"nft":0,"gas":0,"bal":0.001013,"days":0,"spread":0,"streak":0,"rank_m":620544,"pct_m":0.659772}}}