{"wallet":"0x6f5563181bac2a019223b6908877ff4a9a71ebac","rank":184923,"lifetime":{"months_active":5,"first":"2023-07","last":"2025-10","tx_sum":500,"uniq_sum":94,"trade_sum":15,"nft_sum":18,"gas_sum":0.020407,"avg_balance_eth_mean":0.006275,"streak_best_days":18,"gas_sum_filled":0.020407},"months":{"2023-07":{"txs":0,"uniq":0,"trade":0,"nft":0,"gas":0,"bal":0,"days":0,"spread":0,"streak":0,"rank_m":553769,"pct_m":0.588776},"2023-08":{"txs":21,"uniq":5,"trade":0,"nft":3,"gas":0.002487,"bal":0.008095,"days":4,"spread":0.129032,"streak":2,"rank_m":62052,"pct_m":0.065974,"gas_method":"exact"},"2023-09":{"txs":214,"uniq":43,"trade":10,"nft":8,"gas":0.004362,"bal":0.06766,"days":12,"spread":0.4,"streak":5,"rank_m":951,"pct_m":0.00101,"gas_method":"exact"},"2023-10":{"txs":241,"uniq":32,"trade":5,"nft":7,"gas":0.012095,"bal":0.066399,"days":28,"spread":0.903226,"streak":15,"rank_m":123,"pct_m":0.00013,"gas_method":"exact"},"2023-11":{"txs":15,"uniq":9,"trade":0,"nft":0,"gas":0.001319,"bal":0.006703,"days":2,"spread":0.066667,"streak":1,"rank_m":64330,"pct_m":0.068396,"gas_method":"estimated"},"2023-12":{"txs":0,"uniq":0,"trade":0,"nft":0,"gas":0,"bal":0.006703,"days":0,"spread":0,"streak":0,"rank_m":250092,"pct_m":0.265901},"2024-01":{"txs":0,"uniq":0,"trade":0,"nft":0,"gas":0,"bal":0.006703,"days":0,"spread":0,"streak":0,"rank_m":259042,"pct_m":0.275417},"2024-02":{"txs":0,"uniq":0,"trade":0,"nft":0,"gas":0,"bal":0.006703,"days":0,"spread":0,"streak":0,"rank_m":303119,"pct_m":0.32228},"2024-03":{"txs":0,"uniq":0,"trade":0,"nft":0,"gas":0,"bal":0.006703,"days":0,"spread":0,"streak":0,"rank_m":387437,"pct_m":0.411929},"2024-04":{"txs":9,"uniq":5,"trade":0,"nft":0,"gas":0.000144,"bal":0.000001,"days":1,"spread":0.033333,"streak":1,"rank_m":447683,"pct_m":0.475984,"gas_method":"estimated"},"2024-05":{"txs":0,"uniq":0,"trade":0,"nft":0,"gas":0,"bal":0.000001,"days":0,"spread":0,"streak":0,"rank_m":609418,"pct_m":0.647943},"2024-06":{"txs":0,"uniq":0,"trade":0,"nft":0,"gas":0,"bal":0.000001,"days":0,"spread":0,"streak":0,"rank_m":641840,"pct_m":0.682415},"2024-07":{"txs":0,"uniq":0,"trade":0,"nft":0,"gas":0,"bal":0.000001,"days":0,"spread":0,"streak":0,"rank_m":668987,"pct_m":0.711278},"2024-08":{"txs":0,"uniq":0,"trade":0,"nft":0,"gas":0,"bal":0.000001,"days":0,"spread":0,"streak":0,"rank_m":691189,"pct_m":0.734883},"2024-09":{"txs":0,"uniq":0,"trade":0,"nft":0,"gas":0,"bal":0.000001,"days":0,"spread":0,"streak":0,"rank_m":710567,"pct_m":0.755486},"2024-10":{"txs":0,"uniq":0,"trade":0,"nft":0,"gas":0,"bal":0.000001,"days":0,"spread":0,"streak":0,"rank_m":735044,"pct_m":0.781511},"2024-11":{"txs":0,"uniq":0,"trade":0,"nft":0,"gas":0,"bal":0.000001,"days":0,"spread":0,"streak":0,"rank_m":753159,"pct_m":0.800771},"2024-12":{"txs":0,"uniq":0,"trade":0,"nft":0,"gas":0,"bal":0.000001,"days":0,"spread":0,"streak":0,"rank_m":777394,"pct_m":0.826538},"2025-01":{"txs":0,"uniq":0,"trade":0,"nft":0,"gas":0,"bal":0.000001,"days":0,"spread":0,"streak":0,"rank_m":796166,"pct_m":0.846497},"2025-02":{"txs":0,"uniq":0,"trade":0,"nft":0,"gas":0,"bal":0.000001,"days":0,"spread":0,"streak":0,"rank_m":822698,"pct_m":0.874706},"2025-03":{"txs":0,"uniq":0,"trade":0,"nft":0,"gas":0,"bal":0.000001,"days":0,"spread":0,"streak":0,"rank_m":844450,"pct_m":0.897833},"2025-04":{"txs":0,"uniq":0,"trade":0,"nft":0,"gas":0,"bal":0.000001,"days":0,"spread":0,"streak":0,"rank_m":870953,"pct_m":0.926012},"2025-05":{"txs":0,"uniq":0,"trade":0,"nft":0,"gas":0,"bal":0.000001,"days":0,"spread":0,"streak":0,"rank_m":888250,"pct_m":0.944402},"2025-06":{"txs":0,"uniq":0,"trade":0,"nft":0,"gas":0,"bal":0.000001,"days":0,"spread":0,"streak":0,"rank_m":900700,"pct_m":0.957639},"2025-07":{"txs":0,"uniq":0,"trade":0,"nft":0,"gas":0,"bal":0.000001,"days":0,"spread":0,"streak":0,"rank_m":913274,"pct_m":0.971008},"2025-08":{"txs":0,"uniq":0,"trade":0,"nft":0,"gas":0,"bal":0.000001,"days":0,"spread":0,"streak":0,"rank_m":914687,"pct_m":0.972511},"2025-09":{"txs":0,"uniq":0,"trade":0,"nft":0,"gas":0,"bal":0.000001,"days":0,"spread":0,"streak":0,"rank_m":913190,"pct_m":0.970919},"2025-10":{"txs":0,"uniq":0,"trade":0,"nft":0,"gas":0,"bal":0.000001,"days":0,"spread":0,"streak":0,"rank_m":899553,"pct_m":0.95642}}}