{"wallet":"0x6fe70bc25f8cedfaaf6bb3def59b55825118ccaa","rank":332111,"lifetime":{"months_active":8,"first":"2023-07","last":"2025-10","tx_sum":556,"uniq_sum":36,"trade_sum":107,"nft_sum":0,"gas_sum":0.000254,"avg_balance_eth_mean":0.003699,"streak_best_days":47,"gas_sum_filled":0.000254},"months":{"2023-07":{"txs":0,"uniq":0,"trade":0,"nft":0,"gas":0,"bal":0,"days":0,"spread":0,"streak":0,"rank_m":551874,"pct_m":0.586761},"2023-08":{"txs":0,"uniq":0,"trade":0,"nft":0,"gas":0,"bal":0,"days":0,"spread":0,"streak":0,"rank_m":602210,"pct_m":0.640279},"2023-09":{"txs":0,"uniq":0,"trade":0,"nft":0,"gas":0,"bal":0,"days":0,"spread":0,"streak":0,"rank_m":615635,"pct_m":0.654553},"2023-10":{"txs":0,"uniq":0,"trade":0,"nft":0,"gas":0,"bal":0,"days":0,"spread":0,"streak":0,"rank_m":626509,"pct_m":0.666115},"2023-11":{"txs":8,"uniq":2,"trade":0,"nft":0,"gas":0.000005,"bal":0.000002,"days":3,"spread":0.1,"streak":2,"rank_m":143816,"pct_m":0.152907,"gas_method":"estimated"},"2023-12":{"txs":6,"uniq":1,"trade":0,"nft":0,"gas":0.000007,"bal":0.000965,"days":2,"spread":0.064516,"streak":1,"rank_m":154974,"pct_m":0.16477,"gas_method":"estimated"},"2024-01":{"txs":1,"uniq":1,"trade":0,"nft":0,"gas":0.00002,"bal":0.00096,"days":1,"spread":0.032258,"streak":1,"rank_m":170007,"pct_m":0.180753,"gas_method":"exact"},"2024-02":{"txs":0,"uniq":0,"trade":0,"nft":0,"gas":0,"bal":0.00096,"days":0,"spread":0,"streak":0,"rank_m":362217,"pct_m":0.385115},"2024-03":{"txs":16,"uniq":2,"trade":0,"nft":0,"gas":0.000015,"bal":0.00238,"days":5,"spread":0.16129,"streak":3,"rank_m":221412,"pct_m":0.235408,"gas_method":"estimated"},"2024-04":{"txs":217,"uniq":9,"trade":29,"nft":0,"gas":0.00008,"bal":0.012561,"days":30,"spread":1,"streak":30,"rank_m":19806,"pct_m":0.021057,"gas_method":"exact"},"2024-05":{"txs":172,"uniq":10,"trade":71,"nft":0,"gas":0.000125,"bal":0.016356,"days":27,"spread":0.870968,"streak":17,"rank_m":7515,"pct_m":0.007989,"gas_method":"exact"},"2024-06":{"txs":91,"uniq":5,"trade":7,"nft":0,"gas":0,"bal":0.005971,"days":17,"spread":0.566667,"streak":10,"rank_m":47396,"pct_m":0.050391,"gas_method":"exact"},"2024-07":{"txs":45,"uniq":6,"trade":0,"nft":0,"gas":0.000002,"bal":0.003964,"days":12,"spread":0.387097,"streak":5,"rank_m":110380,"pct_m":0.117357,"gas_method":"exact"},"2024-08":{"txs":0,"uniq":0,"trade":0,"nft":0,"gas":0,"bal":0.003964,"days":0,"spread":0,"streak":0,"rank_m":548124,"pct_m":0.582774},"2024-09":{"txs":0,"uniq":0,"trade":0,"nft":0,"gas":0,"bal":0.003964,"days":0,"spread":0,"streak":0,"rank_m":526617,"pct_m":0.559908},"2024-10":{"txs":0,"uniq":0,"trade":0,"nft":0,"gas":0,"bal":0.003964,"days":0,"spread":0,"streak":0,"rank_m":572854,"pct_m":0.609068},"2024-11":{"txs":0,"uniq":0,"trade":0,"nft":0,"gas":0,"bal":0.003964,"days":0,"spread":0,"streak":0,"rank_m":584224,"pct_m":0.621156},"2024-12":{"txs":0,"uniq":0,"trade":0,"nft":0,"gas":0,"bal":0.003964,"days":0,"spread":0,"streak":0,"rank_m":637047,"pct_m":0.677319},"2025-01":{"txs":0,"uniq":0,"trade":0,"nft":0,"gas":0,"bal":0.003964,"days":0,"spread":0,"streak":0,"rank_m":624614,"pct_m":0.6641},"2025-02":{"txs":0,"uniq":0,"trade":0,"nft":0,"gas":0,"bal":0.003964,"days":0,"spread":0,"streak":0,"rank_m":634109,"pct_m":0.674195},"2025-03":{"txs":0,"uniq":0,"trade":0,"nft":0,"gas":0,"bal":0.003964,"days":0,"spread":0,"streak":0,"rank_m":622231,"pct_m":0.661566},"2025-04":{"txs":0,"uniq":0,"trade":0,"nft":0,"gas":0,"bal":0.003964,"days":0,"spread":0,"streak":0,"rank_m":651814,"pct_m":0.693019},"2025-05":{"txs":0,"uniq":0,"trade":0,"nft":0,"gas":0,"bal":0.003964,"days":0,"spread":0,"streak":0,"rank_m":608877,"pct_m":0.647368},"2025-06":{"txs":0,"uniq":0,"trade":0,"nft":0,"gas":0,"bal":0.003964,"days":0,"spread":0,"streak":0,"rank_m":610944,"pct_m":0.649566},"2025-07":{"txs":0,"uniq":0,"trade":0,"nft":0,"gas":0,"bal":0.003964,"days":0,"spread":0,"streak":0,"rank_m":629991,"pct_m":0.669817},"2025-08":{"txs":0,"uniq":0,"trade":0,"nft":0,"gas":0,"bal":0.003964,"days":0,"spread":0,"streak":0,"rank_m":611688,"pct_m":0.650357},"2025-09":{"txs":0,"uniq":0,"trade":0,"nft":0,"gas":0,"bal":0.003964,"days":0,"spread":0,"streak":0,"rank_m":597594,"pct_m":0.635372},"2025-10":{"txs":0,"uniq":0,"trade":0,"nft":0,"gas":0,"bal":0.003964,"days":0,"spread":0,"streak":0,"rank_m":517301,"pct_m":0.550003}}}