{"wallet":"0x6f625ca653fcb4cfa2424cbe958aef8c6690c717","rank":15722,"lifetime":{"months_active":26,"first":"2023-07","last":"2025-10","tx_sum":849,"uniq_sum":431,"trade_sum":19,"nft_sum":198,"gas_sum":0.013262,"avg_balance_eth_mean":0.767283,"streak_best_days":7,"gas_sum_filled":0.013262},"months":{"2023-07":{"txs":14,"uniq":5,"trade":0,"nft":4,"gas":0.000239,"bal":0.002392,"days":3,"spread":0.096774,"streak":1,"rank_m":4799,"pct_m":0.005101,"gas_method":"exact"},"2023-08":{"txs":65,"uniq":41,"trade":2,"nft":25,"gas":0.00531,"bal":0.024197,"days":20,"spread":0.645161,"streak":7,"rank_m":4969,"pct_m":0.005282,"gas_method":"exact"},"2023-09":{"txs":62,"uniq":22,"trade":5,"nft":6,"gas":0.002558,"bal":0.02665,"days":14,"spread":0.466667,"streak":3,"rank_m":3210,"pct_m":0.003412,"gas_method":"exact"},"2023-10":{"txs":27,"uniq":16,"trade":0,"nft":10,"gas":0.00011,"bal":0.015047,"days":16,"spread":0.516129,"streak":4,"rank_m":7369,"pct_m":0.007834,"gas_method":"exact"},"2023-11":{"txs":14,"uniq":9,"trade":0,"nft":5,"gas":0.000098,"bal":0.024803,"days":10,"spread":0.333333,"streak":5,"rank_m":9181,"pct_m":0.00976,"gas_method":"exact"},"2023-12":{"txs":8,"uniq":7,"trade":0,"nft":11,"gas":0.000264,"bal":0.033483,"days":7,"spread":0.225806,"streak":2,"rank_m":14461,"pct_m":0.015374,"gas_method":"exact"},"2024-01":{"txs":27,"uniq":17,"trade":0,"nft":7,"gas":0.000057,"bal":0.041751,"days":13,"spread":0.419355,"streak":5,"rank_m":9113,"pct_m":0.009688,"gas_method":"exact"},"2024-02":{"txs":38,"uniq":22,"trade":2,"nft":17,"gas":0.000491,"bal":0.025212,"days":14,"spread":0.482759,"streak":5,"rank_m":9206,"pct_m":0.009787,"gas_method":"estimated"},"2024-03":{"txs":47,"uniq":20,"trade":2,"nft":9,"gas":0.001048,"bal":0.029025,"days":13,"spread":0.419355,"streak":4,"rank_m":14087,"pct_m":0.014976,"gas_method":"exact"},"2024-04":{"txs":66,"uniq":25,"trade":3,"nft":15,"gas":0.000158,"bal":0.017584,"days":11,"spread":0.366667,"streak":3,"rank_m":53691,"pct_m":0.057084,"gas_method":"estimated"},"2024-05":{"txs":67,"uniq":28,"trade":1,"nft":16,"gas":0.000053,"bal":0.036359,"days":18,"spread":0.580645,"streak":4,"rank_m":21965,"pct_m":0.023353,"gas_method":"estimated"},"2024-06":{"txs":48,"uniq":30,"trade":0,"nft":18,"gas":0.000001,"bal":0.03016,"days":12,"spread":0.4,"streak":7,"rank_m":16323,"pct_m":0.017354,"gas_method":"exact"},"2024-07":{"txs":67,"uniq":31,"trade":0,"nft":12,"gas":0.000008,"bal":0.070944,"days":11,"spread":0.354839,"streak":3,"rank_m":17282,"pct_m":0.018373,"gas_method":"estimated"},"2024-08":{"txs":21,"uniq":21,"trade":0,"nft":20,"gas":0.000002,"bal":0.052654,"days":6,"spread":0.193548,"streak":2,"rank_m":65879,"pct_m":0.070043,"gas_method":"estimated"},"2024-09":{"txs":7,"uniq":6,"trade":0,"nft":6,"gas":0,"bal":0.103464,"days":3,"spread":0.1,"streak":1,"rank_m":124611,"pct_m":0.132488,"gas_method":"estimated"},"2024-10":{"txs":23,"uniq":16,"trade":0,"nft":9,"gas":0.000002,"bal":0.061415,"days":8,"spread":0.258065,"streak":1,"rank_m":72115,"pct_m":0.076673,"gas_method":"estimated"},"2024-11":{"txs":25,"uniq":15,"trade":0,"nft":3,"gas":0.000055,"bal":0.04199,"days":13,"spread":0.433333,"streak":3,"rank_m":56271,"pct_m":0.059827,"gas_method":"exact"},"2024-12":{"txs":62,"uniq":26,"trade":0,"nft":3,"gas":0.001323,"bal":0.129507,"days":15,"spread":0.483871,"streak":3,"rank_m":29199,"pct_m":0.031044,"gas_method":"exact"},"2025-01":{"txs":24,"uniq":13,"trade":0,"nft":0,"gas":0.000597,"bal":0.033644,"days":12,"spread":0.387097,"streak":2,"rank_m":90610,"pct_m":0.096337,"gas_method":"exact"},"2025-02":{"txs":25,"uniq":11,"trade":1,"nft":0,"gas":0.000162,"bal":1.404829,"days":8,"spread":0.285714,"streak":2,"rank_m":36676,"pct_m":0.038994,"gas_method":"exact"},"2025-03":{"txs":19,"uniq":11,"trade":0,"nft":0,"gas":0.000142,"bal":2.370114,"days":8,"spread":0.258065,"streak":2,"rank_m":62572,"pct_m":0.066527,"gas_method":"exact"},"2025-04":{"txs":47,"uniq":12,"trade":3,"nft":0,"gas":0.00026,"bal":4.216985,"days":12,"spread":0.4,"streak":4,"rank_m":6144,"pct_m":0.006531,"gas_method":"exact"},"2025-05":{"txs":40,"uniq":23,"trade":0,"nft":0,"gas":0.000282,"bal":4.197226,"days":7,"spread":0.225806,"streak":2,"rank_m":17747,"pct_m":0.018868,"gas_method":"estimated"},"2025-06":{"txs":0,"uniq":0,"trade":0,"nft":0,"gas":0,"bal":4.197226,"days":0,"spread":0,"streak":0,"rank_m":374090,"pct_m":0.397738},"2025-07":{"txs":0,"uniq":0,"trade":0,"nft":1,"gas":0,"bal":4.197226,"days":0,"spread":0,"streak":0,"rank_m":384984,"pct_m":0.409321},"2025-08":{"txs":3,"uniq":2,"trade":0,"nft":0,"gas":0.000021,"bal":0.031657,"days":2,"spread":0.064516,"streak":1,"rank_m":245760,"pct_m":0.261295,"gas_method":"estimated"},"2025-09":{"txs":2,"uniq":1,"trade":0,"nft":1,"gas":0.000014,"bal":0.034641,"days":1,"spread":0.033333,"streak":1,"rank_m":262148,"pct_m":0.278719,"gas_method":"estimated"},"2025-10":{"txs":1,"uniq":1,"trade":0,"nft":0,"gas":0.000007,"bal":0.033748,"days":1,"spread":0.032258,"streak":1,"rank_m":170517,"pct_m":0.181296,"gas_method":"estimated"}}}