{"wallet":"0x6f57114e9a30052bbc6782c41593b3533cf0e61c","rank":555151,"lifetime":{"months_active":12,"first":"2023-07","last":"2025-10","tx_sum":146,"uniq_sum":71,"trade_sum":19,"nft_sum":32,"gas_sum":0.001597,"avg_balance_eth_mean":0.001796,"streak_best_days":5,"gas_sum_filled":0.001597},"months":{"2023-07":{"txs":0,"uniq":0,"trade":0,"nft":0,"gas":0,"bal":0,"days":0,"spread":0,"streak":0,"rank_m":553744,"pct_m":0.588749},"2023-08":{"txs":3,"uniq":3,"trade":0,"nft":1,"gas":0.000201,"bal":0.000324,"days":2,"spread":0.064516,"streak":1,"rank_m":135559,"pct_m":0.144128,"gas_method":"exact"},"2023-09":{"txs":0,"uniq":0,"trade":0,"nft":0,"gas":0,"bal":0.000324,"days":0,"spread":0,"streak":0,"rank_m":283369,"pct_m":0.301282},"2023-10":{"txs":1,"uniq":1,"trade":0,"nft":0,"gas":0.000024,"bal":0.00014,"days":1,"spread":0.032258,"streak":1,"rank_m":153824,"pct_m":0.163547,"gas_method":"estimated"},"2023-11":{"txs":0,"uniq":0,"trade":0,"nft":0,"gas":0,"bal":0.00014,"days":0,"spread":0,"streak":0,"rank_m":319834,"pct_m":0.340052},"2023-12":{"txs":0,"uniq":0,"trade":0,"nft":0,"gas":0,"bal":0.00014,"days":0,"spread":0,"streak":0,"rank_m":342121,"pct_m":0.363748},"2024-01":{"txs":0,"uniq":0,"trade":0,"nft":0,"gas":0,"bal":0.00014,"days":0,"spread":0,"streak":0,"rank_m":357973,"pct_m":0.380602},"2024-02":{"txs":0,"uniq":0,"trade":0,"nft":0,"gas":0,"bal":0.00014,"days":0,"spread":0,"streak":0,"rank_m":405749,"pct_m":0.431399},"2024-03":{"txs":5,"uniq":2,"trade":0,"nft":1,"gas":0.000311,"bal":0.001533,"days":4,"spread":0.129032,"streak":1,"rank_m":280515,"pct_m":0.298247,"gas_method":"estimated"},"2024-04":{"txs":81,"uniq":21,"trade":14,"nft":6,"gas":0.000621,"bal":0.00215,"days":8,"spread":0.266667,"streak":3,"rank_m":120437,"pct_m":0.12805,"gas_method":"estimated"},"2024-05":{"txs":6,"uniq":4,"trade":0,"nft":0,"gas":0.000015,"bal":0.002247,"days":2,"spread":0.064516,"streak":1,"rank_m":401125,"pct_m":0.426482,"gas_method":"estimated"},"2024-06":{"txs":1,"uniq":1,"trade":0,"nft":0,"gas":0,"bal":0.001722,"days":1,"spread":0.033333,"streak":1,"rank_m":466872,"pct_m":0.496386,"gas_method":"estimated"},"2024-07":{"txs":0,"uniq":0,"trade":0,"nft":0,"gas":0,"bal":0.001722,"days":0,"spread":0,"streak":0,"rank_m":556257,"pct_m":0.591421},"2024-08":{"txs":23,"uniq":21,"trade":0,"nft":22,"gas":0.000006,"bal":0.001357,"days":5,"spread":0.16129,"streak":5,"rank_m":173860,"pct_m":0.18485,"gas_method":"estimated"},"2024-09":{"txs":3,"uniq":2,"trade":0,"nft":1,"gas":0,"bal":0.006317,"days":3,"spread":0.1,"streak":2,"rank_m":256006,"pct_m":0.272189,"gas_method":"estimated"},"2024-10":{"txs":2,"uniq":2,"trade":1,"nft":1,"gas":0,"bal":0.005789,"days":2,"spread":0.064516,"streak":1,"rank_m":323737,"pct_m":0.344202,"gas_method":"estimated"},"2024-11":{"txs":0,"uniq":0,"trade":0,"nft":0,"gas":0,"bal":0.005789,"days":0,"spread":0,"streak":0,"rank_m":571534,"pct_m":0.607664},"2024-12":{"txs":12,"uniq":7,"trade":4,"nft":0,"gas":0.000265,"bal":0.004794,"days":5,"spread":0.16129,"streak":2,"rank_m":228282,"pct_m":0.242712,"gas_method":"exact"},"2025-01":{"txs":5,"uniq":4,"trade":0,"nft":0,"gas":0.00013,"bal":0.00462,"days":1,"spread":0.032258,"streak":1,"rank_m":413097,"pct_m":0.439211,"gas_method":"exact"},"2025-02":{"txs":0,"uniq":0,"trade":0,"nft":0,"gas":0,"bal":0.00462,"days":0,"spread":0,"streak":0,"rank_m":627692,"pct_m":0.667372},"2025-03":{"txs":0,"uniq":0,"trade":0,"nft":0,"gas":0,"bal":0.00462,"days":0,"spread":0,"streak":0,"rank_m":614711,"pct_m":0.653571},"2025-04":{"txs":4,"uniq":3,"trade":0,"nft":0,"gas":0.000024,"bal":0.000235,"days":1,"spread":0.033333,"streak":1,"rank_m":471518,"pct_m":0.501325,"gas_method":"exact"},"2025-05":{"txs":0,"uniq":0,"trade":0,"nft":0,"gas":0,"bal":0.000235,"days":0,"spread":0,"streak":0,"rank_m":783971,"pct_m":0.833531},"2025-06":{"txs":0,"uniq":0,"trade":0,"nft":0,"gas":0,"bal":0.000235,"days":0,"spread":0,"streak":0,"rank_m":787848,"pct_m":0.837653},"2025-07":{"txs":0,"uniq":0,"trade":0,"nft":0,"gas":0,"bal":0.000235,"days":0,"spread":0,"streak":0,"rank_m":808021,"pct_m":0.859101},"2025-08":{"txs":0,"uniq":0,"trade":0,"nft":0,"gas":0,"bal":0.000235,"days":0,"spread":0,"streak":0,"rank_m":792081,"pct_m":0.842154},"2025-09":{"txs":0,"uniq":0,"trade":0,"nft":0,"gas":0,"bal":0.000235,"days":0,"spread":0,"streak":0,"rank_m":779766,"pct_m":0.82906},"2025-10":{"txs":0,"uniq":0,"trade":0,"nft":0,"gas":0,"bal":0.000235,"days":0,"spread":0,"streak":0,"rank_m":733053,"pct_m":0.779394}}}