{"wallet":"0x6fe4aced57ae0b50d14229f3d40617c8b7d2f2e1","rank":471111,"lifetime":{"months_active":10,"first":"2023-07","last":"2025-10","tx_sum":124,"uniq_sum":58,"trade_sum":4,"nft_sum":26,"gas_sum":0.00577,"avg_balance_eth_mean":0.181947,"streak_best_days":3,"gas_sum_filled":0.00577},"months":{"2023-07":{"txs":0,"uniq":0,"trade":0,"nft":0,"gas":0,"bal":0,"days":0,"spread":0,"streak":0,"rank_m":551910,"pct_m":0.5868},"2023-08":{"txs":44,"uniq":14,"trade":0,"nft":5,"gas":0.004837,"bal":0.21332,"days":10,"spread":0.322581,"streak":3,"rank_m":23614,"pct_m":0.025106,"gas_method":"exact"},"2023-09":{"txs":0,"uniq":0,"trade":0,"nft":0,"gas":0,"bal":0.21332,"days":0,"spread":0,"streak":0,"rank_m":222420,"pct_m":0.23648},"2023-10":{"txs":0,"uniq":0,"trade":0,"nft":0,"gas":0,"bal":0.21332,"days":0,"spread":0,"streak":0,"rank_m":207412,"pct_m":0.220523},"2023-11":{"txs":0,"uniq":0,"trade":0,"nft":0,"gas":0,"bal":0.21332,"days":0,"spread":0,"streak":0,"rank_m":200787,"pct_m":0.213479},"2023-12":{"txs":0,"uniq":0,"trade":0,"nft":0,"gas":0,"bal":0.21332,"days":0,"spread":0,"streak":0,"rank_m":215371,"pct_m":0.228985},"2024-01":{"txs":1,"uniq":1,"trade":0,"nft":1,"gas":0.000035,"bal":0.017511,"days":1,"spread":0.032258,"streak":1,"rank_m":126400,"pct_m":0.13439,"gas_method":"estimated"},"2024-02":{"txs":8,"uniq":7,"trade":0,"nft":9,"gas":0.000055,"bal":0.015495,"days":5,"spread":0.172414,"streak":2,"rank_m":53850,"pct_m":0.057253,"gas_method":"exact"},"2024-03":{"txs":12,"uniq":12,"trade":0,"nft":7,"gas":0.000617,"bal":0.009671,"days":8,"spread":0.258065,"streak":3,"rank_m":73602,"pct_m":0.078254,"gas_method":"exact"},"2024-04":{"txs":4,"uniq":4,"trade":4,"nft":2,"gas":0.000015,"bal":0.016713,"days":3,"spread":0.1,"streak":1,"rank_m":257569,"pct_m":0.273851,"gas_method":"estimated"},"2024-05":{"txs":3,"uniq":3,"trade":0,"nft":2,"gas":0.000035,"bal":0.000831,"days":2,"spread":0.064516,"streak":1,"rank_m":353851,"pct_m":0.37622,"gas_method":"exact"},"2024-06":{"txs":0,"uniq":0,"trade":0,"nft":0,"gas":0,"bal":0.000831,"days":0,"spread":0,"streak":0,"rank_m":558942,"pct_m":0.594276},"2024-07":{"txs":1,"uniq":0,"trade":0,"nft":0,"gas":0,"bal":0.000686,"days":1,"spread":0.032258,"streak":1,"rank_m":506776,"pct_m":0.538812,"gas_method":"estimated"},"2024-08":{"txs":0,"uniq":0,"trade":0,"nft":0,"gas":0,"bal":0.000686,"days":0,"spread":0,"streak":0,"rank_m":596365,"pct_m":0.634065},"2024-09":{"txs":0,"uniq":0,"trade":0,"nft":0,"gas":0,"bal":0.000686,"days":0,"spread":0,"streak":0,"rank_m":596481,"pct_m":0.634188},"2024-10":{"txs":0,"uniq":0,"trade":0,"nft":0,"gas":0,"bal":0.000686,"days":0,"spread":0,"streak":0,"rank_m":634158,"pct_m":0.674247},"2024-11":{"txs":44,"uniq":11,"trade":0,"nft":0,"gas":0.000097,"bal":0.825344,"days":11,"spread":0.366667,"streak":2,"rank_m":61157,"pct_m":0.065022,"gas_method":"exact"},"2024-12":{"txs":2,"uniq":2,"trade":0,"nft":0,"gas":0.000044,"bal":0.423991,"days":2,"spread":0.064516,"streak":1,"rank_m":417192,"pct_m":0.443565,"gas_method":"exact"},"2025-01":{"txs":0,"uniq":0,"trade":0,"nft":0,"gas":0,"bal":0.423991,"days":0,"spread":0,"streak":0,"rank_m":550377,"pct_m":0.58517},"2025-02":{"txs":5,"uniq":4,"trade":0,"nft":0,"gas":0.000035,"bal":0.254533,"days":1,"spread":0.035714,"streak":1,"rank_m":293610,"pct_m":0.31217,"gas_method":"exact"},"2025-03":{"txs":0,"uniq":0,"trade":0,"nft":0,"gas":0,"bal":0.254533,"days":0,"spread":0,"streak":0,"rank_m":506157,"pct_m":0.538154},"2025-04":{"txs":0,"uniq":0,"trade":0,"nft":0,"gas":0,"bal":0.254533,"days":0,"spread":0,"streak":0,"rank_m":546031,"pct_m":0.580549},"2025-05":{"txs":0,"uniq":0,"trade":0,"nft":0,"gas":0,"bal":0.254533,"days":0,"spread":0,"streak":0,"rank_m":386300,"pct_m":0.41072},"2025-06":{"txs":0,"uniq":0,"trade":0,"nft":0,"gas":0,"bal":0.254533,"days":0,"spread":0,"streak":0,"rank_m":390435,"pct_m":0.415116},"2025-07":{"txs":0,"uniq":0,"trade":0,"nft":0,"gas":0,"bal":0.254533,"days":0,"spread":0,"streak":0,"rank_m":411316,"pct_m":0.437317},"2025-08":{"txs":0,"uniq":0,"trade":0,"nft":0,"gas":0,"bal":0.254533,"days":0,"spread":0,"streak":0,"rank_m":390996,"pct_m":0.415713},"2025-09":{"txs":0,"uniq":0,"trade":0,"nft":0,"gas":0,"bal":0.254533,"days":0,"spread":0,"streak":0,"rank_m":390244,"pct_m":0.414913},"2025-10":{"txs":0,"uniq":0,"trade":0,"nft":0,"gas":0,"bal":0.254533,"days":0,"spread":0,"streak":0,"rank_m":292748,"pct_m":0.311254}}}