{"wallet":"0x6f8e87a185a7e29e862e33c677798f599a777f79","rank":225780,"lifetime":{"months_active":24,"first":"2023-07","last":"2025-10","tx_sum":244,"uniq_sum":84,"trade_sum":3,"nft_sum":21,"gas_sum":0.001684,"avg_balance_eth_mean":0.009001,"streak_best_days":16,"gas_sum_filled":0.001684},"months":{"2023-07":{"txs":0,"uniq":0,"trade":0,"nft":0,"gas":0,"bal":0,"days":0,"spread":0,"streak":0,"rank_m":553014,"pct_m":0.587973},"2023-08":{"txs":0,"uniq":0,"trade":0,"nft":0,"gas":0,"bal":0,"days":0,"spread":0,"streak":0,"rank_m":603204,"pct_m":0.641336},"2023-09":{"txs":2,"uniq":1,"trade":0,"nft":2,"gas":0.000046,"bal":0.000229,"days":2,"spread":0.066667,"streak":1,"rank_m":129972,"pct_m":0.138187,"gas_method":"estimated"},"2023-10":{"txs":0,"uniq":0,"trade":0,"nft":0,"gas":0,"bal":0.000229,"days":0,"spread":0,"streak":0,"rank_m":300999,"pct_m":0.320026},"2023-11":{"txs":2,"uniq":1,"trade":0,"nft":0,"gas":0.000021,"bal":0.000482,"days":1,"spread":0.033333,"streak":1,"rank_m":157859,"pct_m":0.167837,"gas_method":"estimated"},"2023-12":{"txs":2,"uniq":1,"trade":0,"nft":0,"gas":0.00004,"bal":0.000826,"days":2,"spread":0.064516,"streak":1,"rank_m":170542,"pct_m":0.181322,"gas_method":"estimated"},"2024-01":{"txs":13,"uniq":1,"trade":0,"nft":1,"gas":0.000207,"bal":0.000467,"days":13,"spread":0.419355,"streak":8,"rank_m":74815,"pct_m":0.079544,"gas_method":"exact"},"2024-02":{"txs":1,"uniq":1,"trade":0,"nft":1,"gas":0.00001,"bal":0.000801,"days":1,"spread":0.034483,"streak":1,"rank_m":250878,"pct_m":0.266737,"gas_method":"estimated"},"2024-03":{"txs":1,"uniq":1,"trade":0,"nft":1,"gas":0.000016,"bal":0.001539,"days":1,"spread":0.032258,"streak":1,"rank_m":328384,"pct_m":0.349143,"gas_method":"estimated"},"2024-04":{"txs":3,"uniq":3,"trade":0,"nft":3,"gas":0.000006,"bal":0.001112,"days":3,"spread":0.1,"streak":1,"rank_m":387962,"pct_m":0.412487,"gas_method":"estimated"},"2024-05":{"txs":11,"uniq":7,"trade":0,"nft":5,"gas":0.000008,"bal":0.005606,"days":4,"spread":0.129032,"streak":2,"rank_m":195231,"pct_m":0.207572,"gas_method":"exact"},"2024-06":{"txs":6,"uniq":4,"trade":0,"nft":2,"gas":0,"bal":0.033936,"days":4,"spread":0.133333,"streak":1,"rank_m":216196,"pct_m":0.229862,"gas_method":"estimated"},"2024-07":{"txs":2,"uniq":2,"trade":0,"nft":1,"gas":0,"bal":0.008814,"days":2,"spread":0.064516,"streak":1,"rank_m":303365,"pct_m":0.322542,"gas_method":"exact"},"2024-08":{"txs":5,"uniq":4,"trade":0,"nft":3,"gas":0,"bal":0.005225,"days":4,"spread":0.129032,"streak":2,"rank_m":266749,"pct_m":0.283611,"gas_method":"estimated"},"2024-09":{"txs":2,"uniq":1,"trade":0,"nft":0,"gas":0,"bal":0.00285,"days":1,"spread":0.033333,"streak":1,"rank_m":342238,"pct_m":0.363872,"gas_method":"exact"},"2024-10":{"txs":5,"uniq":4,"trade":0,"nft":1,"gas":0.000001,"bal":0.011057,"days":3,"spread":0.096774,"streak":1,"rank_m":246833,"pct_m":0.262436,"gas_method":"exact"},"2024-11":{"txs":6,"uniq":5,"trade":0,"nft":0,"gas":0.000011,"bal":0.03256,"days":4,"spread":0.133333,"streak":1,"rank_m":288285,"pct_m":0.306509,"gas_method":"exact"},"2024-12":{"txs":1,"uniq":1,"trade":0,"nft":0,"gas":0.000022,"bal":0.005792,"days":1,"spread":0.032258,"streak":1,"rank_m":519537,"pct_m":0.55238,"gas_method":"exact"},"2025-01":{"txs":2,"uniq":1,"trade":0,"nft":0,"gas":0.000026,"bal":0.008604,"days":1,"spread":0.032258,"streak":1,"rank_m":481943,"pct_m":0.512409,"gas_method":"exact"},"2025-02":{"txs":5,"uniq":4,"trade":0,"nft":0,"gas":0.000035,"bal":0.010278,"days":3,"spread":0.107143,"streak":1,"rank_m":298723,"pct_m":0.317607,"gas_method":"exact"},"2025-03":{"txs":4,"uniq":3,"trade":0,"nft":0,"gas":0.000032,"bal":0.005415,"days":3,"spread":0.096774,"streak":1,"rank_m":325220,"pct_m":0.345779,"gas_method":"exact"},"2025-04":{"txs":1,"uniq":1,"trade":0,"nft":0,"gas":0.000006,"bal":0.005818,"days":1,"spread":0.033333,"streak":1,"rank_m":468827,"pct_m":0.498464,"gas_method":"exact"},"2025-05":{"txs":0,"uniq":0,"trade":0,"nft":1,"gas":0,"bal":0.005818,"days":0,"spread":0,"streak":0,"rank_m":498437,"pct_m":0.529946},"2025-06":{"txs":40,"uniq":11,"trade":3,"nft":0,"gas":0.000282,"bal":0.012764,"days":13,"spread":0.433333,"streak":3,"rank_m":49905,"pct_m":0.053059,"gas_method":"estimated"},"2025-07":{"txs":20,"uniq":8,"trade":0,"nft":0,"gas":0.000141,"bal":0.006518,"days":10,"spread":0.322581,"streak":3,"rank_m":186336,"pct_m":0.198115,"gas_method":"estimated"},"2025-08":{"txs":10,"uniq":5,"trade":0,"nft":0,"gas":0.00007,"bal":0.006238,"days":5,"spread":0.16129,"streak":4,"rank_m":226839,"pct_m":0.241178,"gas_method":"estimated"},"2025-09":{"txs":20,"uniq":6,"trade":0,"nft":0,"gas":0.000141,"bal":0.00911,"days":12,"spread":0.4,"streak":4,"rank_m":122110,"pct_m":0.129828,"gas_method":"estimated"},"2025-10":{"txs":80,"uniq":8,"trade":0,"nft":0,"gas":0.000563,"bal":0.069948,"days":16,"spread":0.516129,"streak":16,"rank_m":6395,"pct_m":0.006798,"gas_method":"estimated"}}}