{"wallet":"0x6fcaf06d69e19a111bcad2cfaa6ef696797cd650","rank":200213,"lifetime":{"months_active":22,"first":"2023-07","last":"2025-10","tx_sum":284,"uniq_sum":129,"trade_sum":3,"nft_sum":51,"gas_sum":0.001742,"avg_balance_eth_mean":0.012598,"streak_best_days":6,"gas_sum_filled":0.001742},"months":{"2023-07":{"txs":0,"uniq":0,"trade":0,"nft":0,"gas":0,"bal":0,"days":0,"spread":0,"streak":0,"rank_m":552243,"pct_m":0.587154},"2023-08":{"txs":0,"uniq":0,"trade":0,"nft":0,"gas":0,"bal":0,"days":0,"spread":0,"streak":0,"rank_m":602536,"pct_m":0.640626},"2023-09":{"txs":0,"uniq":0,"trade":0,"nft":0,"gas":0,"bal":0,"days":0,"spread":0,"streak":0,"rank_m":615954,"pct_m":0.654892},"2023-10":{"txs":30,"uniq":12,"trade":0,"nft":4,"gas":0.00024,"bal":0.01327,"days":7,"spread":0.225806,"streak":2,"rank_m":22966,"pct_m":0.024417,"gas_method":"estimated"},"2023-11":{"txs":37,"uniq":20,"trade":0,"nft":6,"gas":0.000261,"bal":0.029035,"days":12,"spread":0.4,"streak":4,"rank_m":3006,"pct_m":0.003195,"gas_method":"exact"},"2023-12":{"txs":1,"uniq":1,"trade":0,"nft":0,"gas":0.000026,"bal":0.027184,"days":1,"spread":0.032258,"streak":1,"rank_m":123235,"pct_m":0.131025,"gas_method":"estimated"},"2024-01":{"txs":6,"uniq":2,"trade":0,"nft":0,"gas":0.000052,"bal":0.024173,"days":6,"spread":0.193548,"streak":1,"rank_m":78212,"pct_m":0.083155,"gas_method":"exact"},"2024-02":{"txs":6,"uniq":6,"trade":0,"nft":3,"gas":0.000082,"bal":0.014007,"days":5,"spread":0.172414,"streak":2,"rank_m":77743,"pct_m":0.082657,"gas_method":"estimated"},"2024-03":{"txs":4,"uniq":4,"trade":0,"nft":3,"gas":0.000082,"bal":0.013658,"days":4,"spread":0.129032,"streak":1,"rank_m":193258,"pct_m":0.205474,"gas_method":"estimated"},"2024-04":{"txs":5,"uniq":5,"trade":0,"nft":3,"gas":0.000013,"bal":0.016785,"days":4,"spread":0.133333,"streak":1,"rank_m":272265,"pct_m":0.289476,"gas_method":"estimated"},"2024-05":{"txs":12,"uniq":7,"trade":0,"nft":3,"gas":0.000007,"bal":0.01656,"days":7,"spread":0.225806,"streak":1,"rank_m":169351,"pct_m":0.180056,"gas_method":"exact"},"2024-06":{"txs":14,"uniq":6,"trade":0,"nft":3,"gas":0,"bal":0.015936,"days":4,"spread":0.133333,"streak":1,"rank_m":183372,"pct_m":0.194963,"gas_method":"estimated"},"2024-07":{"txs":5,"uniq":5,"trade":0,"nft":2,"gas":0.000001,"bal":0.015456,"days":1,"spread":0.032258,"streak":1,"rank_m":270030,"pct_m":0.2871,"gas_method":"estimated"},"2024-08":{"txs":26,"uniq":19,"trade":0,"nft":23,"gas":0.000002,"bal":0.01361,"days":6,"spread":0.193548,"streak":2,"rank_m":85665,"pct_m":0.091079,"gas_method":"estimated"},"2024-09":{"txs":7,"uniq":1,"trade":0,"nft":0,"gas":0.000005,"bal":0.011755,"days":1,"spread":0.033333,"streak":1,"rank_m":248941,"pct_m":0.264677,"gas_method":"exact"},"2024-10":{"txs":3,"uniq":2,"trade":0,"nft":1,"gas":0,"bal":0.011693,"days":2,"spread":0.064516,"streak":1,"rank_m":328515,"pct_m":0.349282,"gas_method":"estimated"},"2024-11":{"txs":0,"uniq":0,"trade":0,"nft":0,"gas":0,"bal":0.011693,"days":0,"spread":0,"streak":0,"rank_m":549712,"pct_m":0.584463},"2024-12":{"txs":2,"uniq":1,"trade":0,"nft":0,"gas":0.000044,"bal":0.011286,"days":2,"spread":0.064516,"streak":1,"rank_m":469023,"pct_m":0.498673,"gas_method":"exact"},"2025-01":{"txs":2,"uniq":2,"trade":0,"nft":0,"gas":0.000052,"bal":0.010487,"days":2,"spread":0.064516,"streak":1,"rank_m":432064,"pct_m":0.459377,"gas_method":"exact"},"2025-02":{"txs":0,"uniq":0,"trade":0,"nft":0,"gas":0,"bal":0.010487,"days":0,"spread":0,"streak":0,"rank_m":596552,"pct_m":0.634264},"2025-03":{"txs":2,"uniq":2,"trade":0,"nft":0,"gas":0.000016,"bal":0.006768,"days":2,"spread":0.064516,"streak":1,"rank_m":375410,"pct_m":0.399142,"gas_method":"exact"},"2025-04":{"txs":0,"uniq":0,"trade":0,"nft":0,"gas":0,"bal":0.006768,"days":0,"spread":0,"streak":0,"rank_m":629611,"pct_m":0.669413},"2025-05":{"txs":4,"uniq":3,"trade":2,"nft":0,"gas":0.000028,"bal":0.004144,"days":2,"spread":0.064516,"streak":1,"rank_m":258502,"pct_m":0.274843,"gas_method":"estimated"},"2025-06":{"txs":39,"uniq":11,"trade":1,"nft":0,"gas":0.000274,"bal":0.006157,"days":13,"spread":0.433333,"streak":6,"rank_m":78434,"pct_m":0.083391,"gas_method":"estimated"},"2025-07":{"txs":26,"uniq":7,"trade":0,"nft":0,"gas":0.000183,"bal":0.006039,"days":7,"spread":0.225806,"streak":2,"rank_m":220906,"pct_m":0.23487,"gas_method":"estimated"},"2025-08":{"txs":14,"uniq":5,"trade":0,"nft":0,"gas":0.000099,"bal":0.007762,"days":5,"spread":0.16129,"streak":1,"rank_m":245114,"pct_m":0.260609,"gas_method":"estimated"},"2025-09":{"txs":18,"uniq":3,"trade":0,"nft":0,"gas":0.000127,"bal":0.008378,"days":5,"spread":0.166667,"streak":1,"rank_m":248381,"pct_m":0.264082,"gas_method":"estimated"},"2025-10":{"txs":21,"uniq":5,"trade":0,"nft":0,"gas":0.000148,"bal":0.039653,"days":5,"spread":0.16129,"streak":1,"rank_m":53167,"pct_m":0.056527,"gas_method":"estimated"}}}