{"wallet":"0x6f26fc2dc0e1f6281bb8f5dc198cfad1e1e4a108","rank":385506,"lifetime":{"months_active":22,"first":"2023-07","last":"2025-10","tx_sum":118,"uniq_sum":87,"trade_sum":2,"nft_sum":31,"gas_sum":0.003558,"avg_balance_eth_mean":0.015351,"streak_best_days":2,"gas_sum_filled":0.003558},"months":{"2023-07":{"txs":0,"uniq":0,"trade":0,"nft":0,"gas":0,"bal":0,"days":0,"spread":0,"streak":0,"rank_m":554367,"pct_m":0.589412},"2023-08":{"txs":11,"uniq":8,"trade":0,"nft":5,"gas":0.000848,"bal":0.015459,"days":6,"spread":0.193548,"streak":2,"rank_m":61526,"pct_m":0.065414,"gas_method":"exact"},"2023-09":{"txs":4,"uniq":3,"trade":0,"nft":1,"gas":0.000218,"bal":0.017549,"days":2,"spread":0.066667,"streak":1,"rank_m":70490,"pct_m":0.074945,"gas_method":"exact"},"2023-10":{"txs":3,"uniq":2,"trade":0,"nft":1,"gas":0.000142,"bal":0.017343,"days":1,"spread":0.032258,"streak":1,"rank_m":86583,"pct_m":0.092056,"gas_method":"estimated"},"2023-11":{"txs":8,"uniq":3,"trade":0,"nft":0,"gas":0.000656,"bal":0.017031,"days":1,"spread":0.033333,"streak":1,"rank_m":76903,"pct_m":0.081764,"gas_method":"estimated"},"2023-12":{"txs":3,"uniq":2,"trade":0,"nft":0,"gas":0.000461,"bal":0.016513,"days":1,"spread":0.032258,"streak":1,"rank_m":109442,"pct_m":0.11636,"gas_method":"estimated"},"2024-01":{"txs":3,"uniq":2,"trade":0,"nft":0,"gas":0.00014,"bal":0.016177,"days":1,"spread":0.032258,"streak":1,"rank_m":109157,"pct_m":0.116057,"gas_method":"exact"},"2024-02":{"txs":5,"uniq":4,"trade":0,"nft":1,"gas":0.000242,"bal":0.015071,"days":3,"spread":0.103448,"streak":1,"rank_m":114654,"pct_m":0.121901,"gas_method":"exact"},"2024-03":{"txs":8,"uniq":4,"trade":0,"nft":0,"gas":0.000402,"bal":0.010801,"days":2,"spread":0.064516,"streak":1,"rank_m":209879,"pct_m":0.223146,"gas_method":"exact"},"2024-04":{"txs":9,"uniq":7,"trade":0,"nft":1,"gas":0.000134,"bal":0.013684,"days":4,"spread":0.133333,"streak":2,"rank_m":247308,"pct_m":0.262941,"gas_method":"estimated"},"2024-05":{"txs":4,"uniq":2,"trade":0,"nft":0,"gas":0.00002,"bal":0.013113,"days":1,"spread":0.032258,"streak":1,"rank_m":368379,"pct_m":0.391666,"gas_method":"estimated"},"2024-06":{"txs":0,"uniq":0,"trade":0,"nft":0,"gas":0,"bal":0.013113,"days":0,"spread":0,"streak":0,"rank_m":490960,"pct_m":0.521996},"2024-07":{"txs":1,"uniq":1,"trade":1,"nft":0,"gas":0.000001,"bal":0.012877,"days":1,"spread":0.032258,"streak":1,"rank_m":307783,"pct_m":0.327239,"gas_method":"estimated"},"2024-08":{"txs":14,"uniq":13,"trade":0,"nft":14,"gas":0.000008,"bal":0.01163,"days":4,"spread":0.129032,"streak":1,"rank_m":169824,"pct_m":0.180559,"gas_method":"estimated"},"2024-09":{"txs":9,"uniq":7,"trade":0,"nft":3,"gas":0.000002,"bal":0.010352,"days":3,"spread":0.1,"streak":1,"rank_m":174238,"pct_m":0.185252,"gas_method":"estimated"},"2024-10":{"txs":3,"uniq":3,"trade":0,"nft":2,"gas":0.000001,"bal":0.013448,"days":2,"spread":0.064516,"streak":1,"rank_m":292630,"pct_m":0.311128,"gas_method":"estimated"},"2024-11":{"txs":5,"uniq":5,"trade":0,"nft":0,"gas":0.000011,"bal":0.018946,"days":3,"spread":0.1,"streak":2,"rank_m":283807,"pct_m":0.301748,"gas_method":"exact"},"2024-12":{"txs":5,"uniq":4,"trade":0,"nft":1,"gas":0.00011,"bal":0.016856,"days":2,"spread":0.064516,"streak":1,"rank_m":348378,"pct_m":0.370401,"gas_method":"exact"},"2025-01":{"txs":0,"uniq":0,"trade":0,"nft":0,"gas":0,"bal":0.016856,"days":0,"spread":0,"streak":0,"rank_m":583478,"pct_m":0.620363},"2025-02":{"txs":0,"uniq":0,"trade":0,"nft":0,"gas":0,"bal":0.016856,"days":0,"spread":0,"streak":0,"rank_m":578629,"pct_m":0.615208},"2025-03":{"txs":2,"uniq":2,"trade":1,"nft":0,"gas":0.000016,"bal":0.016792,"days":2,"spread":0.064516,"streak":1,"rank_m":292840,"pct_m":0.311352,"gas_method":"exact"},"2025-04":{"txs":2,"uniq":2,"trade":0,"nft":1,"gas":0.000012,"bal":0.015991,"days":2,"spread":0.066667,"streak":1,"rank_m":329934,"pct_m":0.350791,"gas_method":"exact"},"2025-05":{"txs":0,"uniq":0,"trade":0,"nft":0,"gas":0,"bal":0.015991,"days":0,"spread":0,"streak":0,"rank_m":493816,"pct_m":0.525033},"2025-06":{"txs":1,"uniq":1,"trade":0,"nft":0,"gas":0.000007,"bal":0.012109,"days":1,"spread":0.033333,"streak":1,"rank_m":339366,"pct_m":0.360819,"gas_method":"estimated"},"2025-07":{"txs":2,"uniq":1,"trade":0,"nft":0,"gas":0.000014,"bal":0.017427,"days":2,"spread":0.064516,"streak":1,"rank_m":317246,"pct_m":0.337301,"gas_method":"estimated"},"2025-08":{"txs":15,"uniq":11,"trade":0,"nft":1,"gas":0.000106,"bal":0.033917,"days":4,"spread":0.129032,"streak":2,"rank_m":76499,"pct_m":0.081334,"gas_method":"estimated"},"2025-09":{"txs":0,"uniq":0,"trade":0,"nft":0,"gas":0,"bal":0.033917,"days":0,"spread":0,"streak":0,"rank_m":438266,"pct_m":0.465971},"2025-10":{"txs":1,"uniq":0,"trade":0,"nft":0,"gas":0.000007,"bal":0,"days":1,"spread":0.032258,"streak":1,"rank_m":723582,"pct_m":0.769324,"gas_method":"estimated"}}}