{"wallet":"0x6fb3bdf572f99309101063a0fbd7529687c7d38f","rank":716414,"lifetime":{"months_active":14,"first":"2023-07","last":"2025-10","tx_sum":200,"uniq_sum":50,"trade_sum":0,"nft_sum":6,"gas_sum":0.001626,"avg_balance_eth_mean":0.001398,"streak_best_days":5,"gas_sum_filled":0.001626},"months":{"2023-07":{"txs":0,"uniq":0,"trade":0,"nft":0,"gas":0,"bal":0,"days":0,"spread":0,"streak":0,"rank_m":552567,"pct_m":0.587498},"2023-08":{"txs":0,"uniq":0,"trade":0,"nft":0,"gas":0,"bal":0,"days":0,"spread":0,"streak":0,"rank_m":602822,"pct_m":0.64093},"2023-09":{"txs":0,"uniq":0,"trade":0,"nft":0,"gas":0,"bal":0,"days":0,"spread":0,"streak":0,"rank_m":616235,"pct_m":0.655191},"2023-10":{"txs":0,"uniq":0,"trade":0,"nft":0,"gas":0,"bal":0,"days":0,"spread":0,"streak":0,"rank_m":627092,"pct_m":0.666734},"2023-11":{"txs":3,"uniq":2,"trade":0,"nft":0,"gas":0.000115,"bal":0.000011,"days":1,"spread":0.033333,"streak":1,"rank_m":164238,"pct_m":0.17462,"gas_method":"estimated"},"2023-12":{"txs":2,"uniq":1,"trade":0,"nft":0,"gas":0.000043,"bal":0.000099,"days":1,"spread":0.032258,"streak":1,"rank_m":161935,"pct_m":0.172171,"gas_method":"exact"},"2024-01":{"txs":0,"uniq":0,"trade":0,"nft":0,"gas":0,"bal":0.000099,"days":0,"spread":0,"streak":0,"rank_m":362447,"pct_m":0.385359},"2024-02":{"txs":0,"uniq":0,"trade":0,"nft":0,"gas":0,"bal":0.000099,"days":0,"spread":0,"streak":0,"rank_m":410018,"pct_m":0.435937},"2024-03":{"txs":3,"uniq":1,"trade":0,"nft":1,"gas":0.00017,"bal":0.00015,"days":1,"spread":0.032258,"streak":1,"rank_m":355446,"pct_m":0.377915,"gas_method":"estimated"},"2024-04":{"txs":0,"uniq":0,"trade":0,"nft":0,"gas":0,"bal":0.00015,"days":0,"spread":0,"streak":0,"rank_m":549263,"pct_m":0.583985},"2024-05":{"txs":2,"uniq":2,"trade":0,"nft":1,"gas":0.000005,"bal":0.000292,"days":1,"spread":0.032258,"streak":1,"rank_m":459721,"pct_m":0.488783,"gas_method":"estimated"},"2024-06":{"txs":0,"uniq":0,"trade":0,"nft":0,"gas":0,"bal":0.000292,"days":0,"spread":0,"streak":0,"rank_m":594665,"pct_m":0.632257},"2024-07":{"txs":3,"uniq":1,"trade":0,"nft":1,"gas":0.000001,"bal":0.000267,"days":1,"spread":0.032258,"streak":1,"rank_m":468633,"pct_m":0.498258,"gas_method":"estimated"},"2024-08":{"txs":2,"uniq":2,"trade":0,"nft":0,"gas":0.000001,"bal":0.000267,"days":1,"spread":0.032258,"streak":1,"rank_m":510698,"pct_m":0.542982,"gas_method":"estimated"},"2024-09":{"txs":0,"uniq":0,"trade":0,"nft":0,"gas":0,"bal":0.000267,"days":0,"spread":0,"streak":0,"rank_m":635112,"pct_m":0.675261},"2024-10":{"txs":6,"uniq":3,"trade":0,"nft":1,"gas":0.000001,"bal":0.000265,"days":3,"spread":0.096774,"streak":2,"rank_m":420995,"pct_m":0.447608,"gas_method":"estimated"},"2024-11":{"txs":0,"uniq":0,"trade":0,"nft":0,"gas":0,"bal":0.000265,"days":0,"spread":0,"streak":0,"rank_m":677125,"pct_m":0.71993},"2024-12":{"txs":2,"uniq":2,"trade":0,"nft":0,"gas":0.000044,"bal":0.000262,"days":1,"spread":0.032258,"streak":1,"rank_m":560025,"pct_m":0.595428,"gas_method":"exact"},"2025-01":{"txs":0,"uniq":0,"trade":0,"nft":0,"gas":0,"bal":0.000262,"days":0,"spread":0,"streak":0,"rank_m":712666,"pct_m":0.757718},"2025-02":{"txs":0,"uniq":0,"trade":0,"nft":0,"gas":0,"bal":0.000262,"days":0,"spread":0,"streak":0,"rank_m":735448,"pct_m":0.78194},"2025-03":{"txs":0,"uniq":0,"trade":0,"nft":0,"gas":0,"bal":0.000262,"days":0,"spread":0,"streak":0,"rank_m":747875,"pct_m":0.795153},"2025-04":{"txs":0,"uniq":0,"trade":0,"nft":0,"gas":0,"bal":0.000262,"days":0,"spread":0,"streak":0,"rank_m":770039,"pct_m":0.818718},"2025-05":{"txs":11,"uniq":2,"trade":0,"nft":0,"gas":0.000077,"bal":0.000244,"days":1,"spread":0.032258,"streak":1,"rank_m":553123,"pct_m":0.588089,"gas_method":"estimated"},"2025-06":{"txs":40,"uniq":12,"trade":0,"nft":0,"gas":0.000282,"bal":0.000095,"days":9,"spread":0.3,"streak":2,"rank_m":460438,"pct_m":0.489545,"gas_method":"estimated"},"2025-07":{"txs":47,"uniq":8,"trade":0,"nft":0,"gas":0.000331,"bal":0.004667,"days":18,"spread":0.580645,"streak":4,"rank_m":154070,"pct_m":0.163809,"gas_method":"estimated"},"2025-08":{"txs":49,"uniq":7,"trade":0,"nft":1,"gas":0.000345,"bal":0.004368,"days":14,"spread":0.451613,"streak":5,"rank_m":96669,"pct_m":0.102779,"gas_method":"estimated"},"2025-09":{"txs":26,"uniq":7,"trade":0,"nft":1,"gas":0.000183,"bal":0.00304,"days":10,"spread":0.333333,"streak":2,"rank_m":172255,"pct_m":0.183144,"gas_method":"estimated"},"2025-10":{"txs":4,"uniq":0,"trade":0,"nft":0,"gas":0.000028,"bal":0.022889,"days":2,"spread":0.064516,"streak":1,"rank_m":177556,"pct_m":0.18878,"gas_method":"estimated"}}}