{"wallet":"0x6f8ce26fd34e21e428fc2cf6cd8ca5ca1520a2ba","rank":58999,"lifetime":{"months_active":27,"first":"2023-07","last":"2025-10","tx_sum":506,"uniq_sum":379,"trade_sum":16,"nft_sum":156,"gas_sum":0.006056,"avg_balance_eth_mean":0.001485,"streak_best_days":25,"gas_sum_filled":0.006056},"months":{"2023-07":{"txs":6,"uniq":2,"trade":0,"nft":1,"gas":0.00075,"bal":0.001517,"days":2,"spread":0.064516,"streak":2,"rank_m":9574,"pct_m":0.010178,"gas_method":"exact"},"2023-08":{"txs":22,"uniq":17,"trade":0,"nft":13,"gas":0.001529,"bal":0.001941,"days":12,"spread":0.387097,"streak":3,"rank_m":43280,"pct_m":0.046015,"gas_method":"exact"},"2023-09":{"txs":37,"uniq":18,"trade":0,"nft":6,"gas":0.000856,"bal":0.002212,"days":11,"spread":0.366667,"streak":4,"rank_m":21728,"pct_m":0.023101,"gas_method":"exact"},"2023-10":{"txs":12,"uniq":12,"trade":0,"nft":10,"gas":0.000128,"bal":0.002034,"days":8,"spread":0.258065,"streak":5,"rank_m":42809,"pct_m":0.045514,"gas_method":"estimated"},"2023-11":{"txs":8,"uniq":6,"trade":0,"nft":6,"gas":0.000061,"bal":0.001236,"days":6,"spread":0.2,"streak":1,"rank_m":50476,"pct_m":0.053666,"gas_method":"exact"},"2023-12":{"txs":5,"uniq":3,"trade":0,"nft":4,"gas":0.000101,"bal":0.000513,"days":3,"spread":0.096774,"streak":1,"rank_m":89579,"pct_m":0.095241,"gas_method":"exact"},"2024-01":{"txs":10,"uniq":5,"trade":0,"nft":2,"gas":0.000109,"bal":0.002845,"days":4,"spread":0.129032,"streak":1,"rank_m":68950,"pct_m":0.073308,"gas_method":"exact"},"2024-02":{"txs":16,"uniq":8,"trade":0,"nft":3,"gas":0.000162,"bal":0.003689,"days":5,"spread":0.172414,"streak":2,"rank_m":63644,"pct_m":0.067666,"gas_method":"exact"},"2024-03":{"txs":17,"uniq":10,"trade":0,"nft":10,"gas":0.000464,"bal":0.003751,"days":8,"spread":0.258065,"streak":4,"rank_m":112540,"pct_m":0.119653,"gas_method":"estimated"},"2024-04":{"txs":15,"uniq":6,"trade":0,"nft":11,"gas":0.00005,"bal":0.006252,"days":9,"spread":0.3,"streak":2,"rank_m":209529,"pct_m":0.222774,"gas_method":"estimated"},"2024-05":{"txs":20,"uniq":6,"trade":0,"nft":15,"gas":0.000046,"bal":0.002786,"days":7,"spread":0.225806,"streak":2,"rank_m":153471,"pct_m":0.163172,"gas_method":"exact"},"2024-06":{"txs":5,"uniq":3,"trade":0,"nft":3,"gas":0,"bal":0.002442,"days":3,"spread":0.1,"streak":1,"rank_m":347241,"pct_m":0.369192,"gas_method":"estimated"},"2024-07":{"txs":9,"uniq":6,"trade":0,"nft":9,"gas":0.000002,"bal":0.000984,"days":6,"spread":0.193548,"streak":2,"rank_m":252803,"pct_m":0.268784,"gas_method":"estimated"},"2024-08":{"txs":50,"uniq":44,"trade":0,"nft":45,"gas":0.000006,"bal":0.001301,"days":19,"spread":0.612903,"streak":9,"rank_m":91748,"pct_m":0.097547,"gas_method":"estimated"},"2024-09":{"txs":14,"uniq":10,"trade":0,"nft":8,"gas":0.000001,"bal":0.000818,"days":6,"spread":0.2,"streak":2,"rank_m":206766,"pct_m":0.219836,"gas_method":"estimated"},"2024-10":{"txs":15,"uniq":11,"trade":0,"nft":4,"gas":0.000001,"bal":0.000451,"days":7,"spread":0.225806,"streak":2,"rank_m":269863,"pct_m":0.286922,"gas_method":"estimated"},"2024-11":{"txs":7,"uniq":5,"trade":0,"nft":4,"gas":0.000016,"bal":0.000236,"days":5,"spread":0.166667,"streak":1,"rank_m":340603,"pct_m":0.362134,"gas_method":"exact"},"2024-12":{"txs":8,"uniq":7,"trade":0,"nft":0,"gas":0.000154,"bal":0.000592,"days":4,"spread":0.129032,"streak":1,"rank_m":404789,"pct_m":0.430378,"gas_method":"exact"},"2025-01":{"txs":6,"uniq":4,"trade":0,"nft":0,"gas":0.000104,"bal":0.001204,"days":4,"spread":0.129032,"streak":3,"rank_m":370256,"pct_m":0.393662,"gas_method":"exact"},"2025-02":{"txs":4,"uniq":4,"trade":1,"nft":0,"gas":0.000028,"bal":0.000612,"days":2,"spread":0.071429,"streak":1,"rank_m":363633,"pct_m":0.38662,"gas_method":"exact"},"2025-03":{"txs":29,"uniq":19,"trade":13,"nft":0,"gas":0.000158,"bal":0.000421,"days":14,"spread":0.451613,"streak":5,"rank_m":108443,"pct_m":0.115297,"gas_method":"exact"},"2025-04":{"txs":9,"uniq":8,"trade":2,"nft":0,"gas":0.000048,"bal":0.000461,"days":6,"spread":0.2,"streak":3,"rank_m":204382,"pct_m":0.217302,"gas_method":"exact"},"2025-05":{"txs":4,"uniq":4,"trade":0,"nft":2,"gas":0.000028,"bal":0.000422,"days":4,"spread":0.129032,"streak":1,"rank_m":361444,"pct_m":0.384293,"gas_method":"estimated"},"2025-06":{"txs":20,"uniq":17,"trade":0,"nft":0,"gas":0.000141,"bal":0.000726,"days":9,"spread":0.3,"streak":2,"rank_m":342819,"pct_m":0.36449,"gas_method":"estimated"},"2025-07":{"txs":70,"uniq":66,"trade":0,"nft":0,"gas":0.000493,"bal":0.000621,"days":28,"spread":0.903226,"streak":24,"rank_m":211544,"pct_m":0.224916,"gas_method":"estimated"},"2025-08":{"txs":67,"uniq":63,"trade":0,"nft":0,"gas":0.000472,"bal":0.000532,"days":28,"spread":0.903226,"streak":14,"rank_m":220252,"pct_m":0.234175,"gas_method":"estimated"},"2025-09":{"txs":21,"uniq":15,"trade":0,"nft":0,"gas":0.000148,"bal":0.000489,"days":11,"spread":0.366667,"streak":4,"rank_m":304617,"pct_m":0.323873,"gas_method":"estimated"},"2025-10":{"txs":0,"uniq":0,"trade":0,"nft":0,"gas":0,"bal":0.000489,"days":0,"spread":0,"streak":0,"rank_m":677761,"pct_m":0.720607}}}