{"wallet":"0x6f1b5ffa8e896adca7f11f0a978a99dca73b1435","rank":93486,"lifetime":{"months_active":24,"first":"2023-07","last":"2025-10","tx_sum":427,"uniq_sum":140,"trade_sum":6,"nft_sum":28,"gas_sum":0.009182,"avg_balance_eth_mean":0.007409,"streak_best_days":6,"gas_sum_filled":0.009182},"months":{"2023-07":{"txs":17,"uniq":8,"trade":0,"nft":0,"gas":0.00282,"bal":0.000174,"days":2,"spread":0.064516,"streak":2,"rank_m":11855,"pct_m":0.012603,"gas_method":"exact"},"2023-08":{"txs":21,"uniq":17,"trade":0,"nft":4,"gas":0.002174,"bal":0.001975,"days":8,"spread":0.258065,"streak":3,"rank_m":50856,"pct_m":0.05407,"gas_method":"exact"},"2023-09":{"txs":0,"uniq":0,"trade":0,"nft":0,"gas":0,"bal":0.001975,"days":0,"spread":0,"streak":0,"rank_m":259471,"pct_m":0.275873},"2023-10":{"txs":1,"uniq":1,"trade":0,"nft":1,"gas":0.000013,"bal":0.002157,"days":1,"spread":0.032258,"streak":1,"rank_m":124179,"pct_m":0.132028,"gas_method":"estimated"},"2023-11":{"txs":3,"uniq":1,"trade":0,"nft":0,"gas":0.00007,"bal":0.013029,"days":1,"spread":0.033333,"streak":1,"rank_m":100860,"pct_m":0.107235,"gas_method":"estimated"},"2023-12":{"txs":3,"uniq":2,"trade":0,"nft":0,"gas":0.00013,"bal":0.003296,"days":2,"spread":0.064516,"streak":1,"rank_m":128456,"pct_m":0.136576,"gas_method":"estimated"},"2024-01":{"txs":3,"uniq":1,"trade":0,"nft":3,"gas":0.000133,"bal":0.00001,"days":1,"spread":0.032258,"streak":1,"rank_m":155074,"pct_m":0.164876,"gas_method":"exact"},"2024-02":{"txs":6,"uniq":4,"trade":0,"nft":6,"gas":0.000137,"bal":0.001685,"days":2,"spread":0.068966,"streak":1,"rank_m":166415,"pct_m":0.176934,"gas_method":"estimated"},"2024-03":{"txs":12,"uniq":8,"trade":1,"nft":0,"gas":0.000072,"bal":0.001824,"days":3,"spread":0.096774,"streak":1,"rank_m":178654,"pct_m":0.189947,"gas_method":"exact"},"2024-04":{"txs":61,"uniq":28,"trade":0,"nft":7,"gas":0.000258,"bal":0.113524,"days":15,"spread":0.5,"streak":5,"rank_m":38478,"pct_m":0.040909,"gas_method":"estimated"},"2024-05":{"txs":2,"uniq":2,"trade":0,"nft":2,"gas":0.000003,"bal":0.003427,"days":2,"spread":0.064516,"streak":1,"rank_m":386164,"pct_m":0.410575,"gas_method":"estimated"},"2024-06":{"txs":7,"uniq":3,"trade":0,"nft":0,"gas":0,"bal":0.000444,"days":1,"spread":0.033333,"streak":1,"rank_m":463129,"pct_m":0.492406,"gas_method":"estimated"},"2024-07":{"txs":4,"uniq":3,"trade":0,"nft":1,"gas":0.000001,"bal":0.001886,"days":2,"spread":0.064516,"streak":1,"rank_m":382476,"pct_m":0.406654,"gas_method":"estimated"},"2024-08":{"txs":2,"uniq":2,"trade":0,"nft":2,"gas":0,"bal":0.000699,"days":2,"spread":0.064516,"streak":1,"rank_m":433781,"pct_m":0.461203,"gas_method":"estimated"},"2024-09":{"txs":7,"uniq":5,"trade":0,"nft":1,"gas":0.000001,"bal":0.007367,"days":3,"spread":0.1,"streak":1,"rank_m":231088,"pct_m":0.245696,"gas_method":"estimated"},"2024-10":{"txs":1,"uniq":1,"trade":0,"nft":0,"gas":0.000013,"bal":0.000102,"days":1,"spread":0.032258,"streak":1,"rank_m":449671,"pct_m":0.478097,"gas_method":"exact"},"2024-11":{"txs":1,"uniq":1,"trade":0,"nft":1,"gas":0.000002,"bal":0.000142,"days":1,"spread":0.033333,"streak":1,"rank_m":478705,"pct_m":0.508967,"gas_method":"exact"},"2024-12":{"txs":40,"uniq":7,"trade":0,"nft":0,"gas":0.000617,"bal":0.009024,"days":5,"spread":0.16129,"streak":2,"rank_m":191583,"pct_m":0.203693,"gas_method":"exact"},"2025-01":{"txs":59,"uniq":12,"trade":1,"nft":0,"gas":0.001507,"bal":0.015242,"days":12,"spread":0.387097,"streak":3,"rank_m":45932,"pct_m":0.048835,"gas_method":"exact"},"2025-02":{"txs":125,"uniq":10,"trade":3,"nft":0,"gas":0.000866,"bal":0.023412,"days":17,"spread":0.607143,"streak":6,"rank_m":11096,"pct_m":0.011796,"gas_method":"exact"},"2025-03":{"txs":27,"uniq":9,"trade":1,"nft":0,"gas":0.000213,"bal":0.002529,"days":2,"spread":0.064516,"streak":1,"rank_m":192340,"pct_m":0.204498,"gas_method":"exact"},"2025-04":{"txs":11,"uniq":5,"trade":0,"nft":0,"gas":0.000054,"bal":0.000613,"days":3,"spread":0.1,"streak":2,"rank_m":290411,"pct_m":0.308769,"gas_method":"exact"},"2025-05":{"txs":0,"uniq":0,"trade":0,"nft":0,"gas":0,"bal":0.000613,"days":0,"spread":0,"streak":0,"rank_m":734091,"pct_m":0.780498},"2025-06":{"txs":1,"uniq":0,"trade":0,"nft":0,"gas":0.000007,"bal":0,"days":1,"spread":0.033333,"streak":1,"rank_m":770193,"pct_m":0.818882,"gas_method":"estimated"},"2025-07":{"txs":5,"uniq":3,"trade":0,"nft":0,"gas":0.000035,"bal":0.002059,"days":3,"spread":0.096774,"streak":1,"rank_m":429561,"pct_m":0.456716,"gas_method":"estimated"},"2025-08":{"txs":8,"uniq":7,"trade":0,"nft":0,"gas":0.000056,"bal":0.000082,"days":1,"spread":0.032258,"streak":1,"rank_m":583199,"pct_m":0.620067,"gas_method":"estimated"},"2025-09":{"txs":0,"uniq":0,"trade":0,"nft":0,"gas":0,"bal":0.000082,"days":0,"spread":0,"streak":0,"rank_m":851336,"pct_m":0.905155},"2025-10":{"txs":0,"uniq":0,"trade":0,"nft":0,"gas":0,"bal":0.000082,"days":0,"spread":0,"streak":0,"rank_m":821597,"pct_m":0.873536}}}