{"wallet":"0x6f713fd42f173b163a9fbbcdbe6b26c7dbd6b2a2","rank":151812,"lifetime":{"months_active":23,"first":"2023-07","last":"2025-10","tx_sum":210,"uniq_sum":101,"trade_sum":5,"nft_sum":10,"gas_sum":0.003171,"avg_balance_eth_mean":3.04061,"streak_best_days":5,"gas_sum_filled":0.003171},"months":{"2023-07":{"txs":4,"uniq":2,"trade":0,"nft":0,"gas":0.000795,"bal":0.001875,"days":1,"spread":0.032258,"streak":1,"rank_m":27571,"pct_m":0.029313,"gas_method":"exact"},"2023-08":{"txs":7,"uniq":3,"trade":0,"nft":0,"gas":0.000165,"bal":0.039277,"days":1,"spread":0.032258,"streak":1,"rank_m":113429,"pct_m":0.120599,"gas_method":"exact"},"2023-09":{"txs":0,"uniq":0,"trade":0,"nft":0,"gas":0,"bal":0.039277,"days":0,"spread":0,"streak":0,"rank_m":227590,"pct_m":0.241977},"2023-10":{"txs":3,"uniq":3,"trade":0,"nft":1,"gas":0.000024,"bal":0.051175,"days":1,"spread":0.032258,"streak":1,"rank_m":76212,"pct_m":0.081029,"gas_method":"estimated"},"2023-11":{"txs":0,"uniq":0,"trade":0,"nft":0,"gas":0,"bal":0.051175,"days":0,"spread":0,"streak":0,"rank_m":207025,"pct_m":0.220112},"2023-12":{"txs":0,"uniq":0,"trade":0,"nft":0,"gas":0,"bal":0.051175,"days":0,"spread":0,"streak":0,"rank_m":221924,"pct_m":0.235952},"2024-01":{"txs":0,"uniq":0,"trade":0,"nft":0,"gas":0,"bal":0.051175,"days":0,"spread":0,"streak":0,"rank_m":230516,"pct_m":0.245088},"2024-02":{"txs":11,"uniq":3,"trade":0,"nft":0,"gas":0.000095,"bal":1.209306,"days":5,"spread":0.172414,"streak":2,"rank_m":78027,"pct_m":0.082959,"gas_method":"exact"},"2024-03":{"txs":23,"uniq":2,"trade":0,"nft":0,"gas":0.000467,"bal":4.435947,"days":9,"spread":0.290323,"streak":4,"rank_m":101165,"pct_m":0.107559,"gas_method":"estimated"},"2024-04":{"txs":0,"uniq":0,"trade":0,"nft":0,"gas":0,"bal":4.435947,"days":0,"spread":0,"streak":0,"rank_m":432977,"pct_m":0.460348},"2024-05":{"txs":9,"uniq":5,"trade":0,"nft":5,"gas":0.000007,"bal":9.254625,"days":4,"spread":0.129032,"streak":1,"rank_m":182302,"pct_m":0.193826,"gas_method":"estimated"},"2024-06":{"txs":10,"uniq":5,"trade":0,"nft":2,"gas":0,"bal":8.991695,"days":4,"spread":0.133333,"streak":2,"rank_m":134774,"pct_m":0.143293,"gas_method":"estimated"},"2024-07":{"txs":4,"uniq":3,"trade":0,"nft":0,"gas":0.000001,"bal":9.284796,"days":2,"spread":0.064516,"streak":1,"rank_m":250252,"pct_m":0.266071,"gas_method":"estimated"},"2024-08":{"txs":8,"uniq":6,"trade":0,"nft":0,"gas":0.000001,"bal":8.483845,"days":5,"spread":0.16129,"streak":2,"rank_m":161531,"pct_m":0.171742,"gas_method":"estimated"},"2024-09":{"txs":2,"uniq":2,"trade":0,"nft":0,"gas":0,"bal":6.883457,"days":2,"spread":0.066667,"streak":1,"rank_m":230103,"pct_m":0.244649,"gas_method":"estimated"},"2024-10":{"txs":17,"uniq":5,"trade":0,"nft":1,"gas":0.000002,"bal":6.280737,"days":7,"spread":0.225806,"streak":2,"rank_m":94262,"pct_m":0.10022,"gas_method":"exact"},"2024-11":{"txs":17,"uniq":7,"trade":1,"nft":0,"gas":0.000037,"bal":8.594694,"days":9,"spread":0.3,"streak":5,"rank_m":72269,"pct_m":0.076837,"gas_method":"exact"},"2024-12":{"txs":15,"uniq":7,"trade":0,"nft":0,"gas":0.000331,"bal":11.3724,"days":10,"spread":0.322581,"streak":2,"rank_m":159108,"pct_m":0.169165,"gas_method":"exact"},"2025-01":{"txs":38,"uniq":16,"trade":0,"nft":1,"gas":0.000961,"bal":4.420785,"days":11,"spread":0.354839,"streak":2,"rank_m":41727,"pct_m":0.044364,"gas_method":"exact"},"2025-02":{"txs":7,"uniq":4,"trade":0,"nft":0,"gas":0.000049,"bal":0.492711,"days":3,"spread":0.107143,"streak":2,"rank_m":192284,"pct_m":0.204439,"gas_method":"exact"},"2025-03":{"txs":5,"uniq":4,"trade":0,"nft":0,"gas":0.000032,"bal":0.101577,"days":3,"spread":0.096774,"streak":1,"rank_m":249333,"pct_m":0.265094,"gas_method":"exact"},"2025-04":{"txs":6,"uniq":6,"trade":1,"nft":0,"gas":0.000036,"bal":0.086203,"days":3,"spread":0.1,"streak":1,"rank_m":173199,"pct_m":0.184147,"gas_method":"exact"},"2025-05":{"txs":2,"uniq":1,"trade":0,"nft":0,"gas":0.000014,"bal":0.083321,"days":2,"spread":0.064516,"streak":1,"rank_m":194413,"pct_m":0.206702,"gas_method":"estimated"},"2025-06":{"txs":12,"uniq":7,"trade":0,"nft":0,"gas":0.000084,"bal":0.084899,"days":2,"spread":0.066667,"streak":1,"rank_m":147584,"pct_m":0.156913,"gas_method":"estimated"},"2025-07":{"txs":3,"uniq":3,"trade":2,"nft":0,"gas":0.000021,"bal":0.09097,"days":1,"spread":0.032258,"streak":1,"rank_m":208666,"pct_m":0.221856,"gas_method":"estimated"},"2025-08":{"txs":1,"uniq":1,"trade":0,"nft":0,"gas":0.000007,"bal":0.090016,"days":1,"spread":0.032258,"streak":1,"rank_m":258485,"pct_m":0.274825,"gas_method":"estimated"},"2025-09":{"txs":2,"uniq":2,"trade":0,"nft":0,"gas":0.000014,"bal":0.089016,"days":2,"spread":0.066667,"streak":1,"rank_m":225638,"pct_m":0.239901,"gas_method":"estimated"},"2025-10":{"txs":4,"uniq":4,"trade":1,"nft":0,"gas":0.000028,"bal":0.085015,"days":1,"spread":0.032258,"streak":1,"rank_m":85524,"pct_m":0.09093,"gas_method":"estimated"}}}