{"wallet":"0x6798ab9a94536daa7315d6925e52c5ccd775641d","rank":438779,"lifetime":{"months_active":22,"first":"2023-07","last":"2025-10","tx_sum":172,"uniq_sum":126,"trade_sum":0,"nft_sum":95,"gas_sum":0.000711,"avg_balance_eth_mean":0.003894,"streak_best_days":3,"gas_sum_filled":0.000711},"months":{"2023-07":{"txs":0,"uniq":0,"trade":0,"nft":0,"gas":0,"bal":0,"days":0,"spread":0,"streak":0,"rank_m":580802,"pct_m":0.617518},"2023-08":{"txs":0,"uniq":0,"trade":0,"nft":0,"gas":0,"bal":0,"days":0,"spread":0,"streak":0,"rank_m":627351,"pct_m":0.66701},"2023-09":{"txs":4,"uniq":4,"trade":0,"nft":3,"gas":0.000096,"bal":0.00039,"days":2,"spread":0.066667,"streak":1,"rank_m":95452,"pct_m":0.101485,"gas_method":"exact"},"2023-10":{"txs":0,"uniq":0,"trade":0,"nft":0,"gas":0,"bal":0.00039,"days":0,"spread":0,"streak":0,"rank_m":302889,"pct_m":0.322036},"2023-11":{"txs":8,"uniq":4,"trade":0,"nft":0,"gas":0.000095,"bal":0.001441,"days":4,"spread":0.133333,"streak":2,"rank_m":90317,"pct_m":0.096026,"gas_method":"estimated"},"2023-12":{"txs":4,"uniq":1,"trade":0,"nft":1,"gas":0.000089,"bal":0.001397,"days":1,"spread":0.032258,"streak":1,"rank_m":147816,"pct_m":0.15716,"gas_method":"estimated"},"2024-01":{"txs":4,"uniq":2,"trade":0,"nft":2,"gas":0.000083,"bal":0.001123,"days":2,"spread":0.064516,"streak":1,"rank_m":135453,"pct_m":0.144015,"gas_method":"estimated"},"2024-02":{"txs":2,"uniq":1,"trade":0,"nft":1,"gas":0.000023,"bal":0.002176,"days":1,"spread":0.034483,"streak":1,"rank_m":225227,"pct_m":0.239464,"gas_method":"estimated"},"2024-03":{"txs":1,"uniq":1,"trade":0,"nft":1,"gas":0.000018,"bal":0.005304,"days":1,"spread":0.032258,"streak":1,"rank_m":298324,"pct_m":0.317182,"gas_method":"estimated"},"2024-04":{"txs":7,"uniq":2,"trade":0,"nft":1,"gas":0.000015,"bal":0.005898,"days":3,"spread":0.1,"streak":2,"rank_m":327382,"pct_m":0.348077,"gas_method":"estimated"},"2024-05":{"txs":11,"uniq":7,"trade":0,"nft":6,"gas":0.000008,"bal":0.005392,"days":3,"spread":0.096774,"streak":1,"rank_m":272690,"pct_m":0.289928,"gas_method":"estimated"},"2024-06":{"txs":7,"uniq":5,"trade":0,"nft":1,"gas":0,"bal":0.005543,"days":2,"spread":0.066667,"streak":1,"rank_m":324362,"pct_m":0.344866,"gas_method":"estimated"},"2024-07":{"txs":4,"uniq":3,"trade":0,"nft":5,"gas":0,"bal":0.007372,"days":3,"spread":0.096774,"streak":1,"rank_m":276342,"pct_m":0.293811,"gas_method":"estimated"},"2024-08":{"txs":56,"uniq":48,"trade":0,"nft":50,"gas":0.000004,"bal":0.005273,"days":10,"spread":0.322581,"streak":3,"rank_m":65179,"pct_m":0.069298,"gas_method":"estimated"},"2024-09":{"txs":18,"uniq":17,"trade":0,"nft":15,"gas":0.000001,"bal":0.005609,"days":6,"spread":0.2,"streak":1,"rank_m":121942,"pct_m":0.12965,"gas_method":"estimated"},"2024-10":{"txs":7,"uniq":5,"trade":0,"nft":5,"gas":0,"bal":0.00434,"days":6,"spread":0.193548,"streak":2,"rank_m":223655,"pct_m":0.237793,"gas_method":"estimated"},"2024-11":{"txs":4,"uniq":3,"trade":0,"nft":3,"gas":0.000007,"bal":0.005519,"days":2,"spread":0.066667,"streak":2,"rank_m":312184,"pct_m":0.331919,"gas_method":"exact"},"2024-12":{"txs":3,"uniq":3,"trade":0,"nft":0,"gas":0.000066,"bal":0.005322,"days":2,"spread":0.064516,"streak":1,"rank_m":458799,"pct_m":0.487802,"gas_method":"exact"},"2025-01":{"txs":4,"uniq":1,"trade":0,"nft":0,"gas":0.000026,"bal":0.005314,"days":3,"spread":0.096774,"streak":1,"rank_m":455276,"pct_m":0.484057,"gas_method":"exact"},"2025-02":{"txs":1,"uniq":1,"trade":0,"nft":0,"gas":0.000007,"bal":0.006001,"days":1,"spread":0.035714,"streak":1,"rank_m":463177,"pct_m":0.492457,"gas_method":"exact"},"2025-03":{"txs":0,"uniq":0,"trade":0,"nft":0,"gas":0,"bal":0.006001,"days":0,"spread":0,"streak":0,"rank_m":606361,"pct_m":0.644693},"2025-04":{"txs":10,"uniq":7,"trade":0,"nft":0,"gas":0.000054,"bal":0.005936,"days":3,"spread":0.1,"streak":2,"rank_m":197588,"pct_m":0.210078,"gas_method":"exact"},"2025-05":{"txs":6,"uniq":2,"trade":0,"nft":0,"gas":0.000042,"bal":0.005614,"days":2,"spread":0.064516,"streak":1,"rank_m":302294,"pct_m":0.321403,"gas_method":"estimated"},"2025-06":{"txs":0,"uniq":0,"trade":0,"nft":0,"gas":0,"bal":0.005614,"days":0,"spread":0,"streak":0,"rank_m":585461,"pct_m":0.622472},"2025-07":{"txs":6,"uniq":5,"trade":0,"nft":1,"gas":0.000042,"bal":0.005489,"days":3,"spread":0.096774,"streak":1,"rank_m":290123,"pct_m":0.308463,"gas_method":"estimated"},"2025-08":{"txs":2,"uniq":2,"trade":0,"nft":0,"gas":0.000014,"bal":0.004403,"days":2,"spread":0.064516,"streak":1,"rank_m":387005,"pct_m":0.41147,"gas_method":"estimated"},"2025-09":{"txs":3,"uniq":2,"trade":0,"nft":0,"gas":0.000021,"bal":0.001082,"days":3,"spread":0.1,"streak":2,"rank_m":425556,"pct_m":0.452458,"gas_method":"estimated"},"2025-10":{"txs":0,"uniq":0,"trade":0,"nft":0,"gas":0,"bal":0.001082,"days":0,"spread":0,"streak":0,"rank_m":621872,"pct_m":0.661184}}}