{"wallet":"0x67ef9bf39851144c50662639337a7c553b3a9f8c","rank":191340,"lifetime":{"months_active":22,"first":"2023-07","last":"2025-10","tx_sum":242,"uniq_sum":147,"trade_sum":5,"nft_sum":50,"gas_sum":0.001391,"avg_balance_eth_mean":0.01319,"streak_best_days":4,"gas_sum_filled":0.001391},"months":{"2023-07":{"txs":3,"uniq":2,"trade":0,"nft":1,"gas":0.000162,"bal":0.000369,"days":1,"spread":0.032258,"streak":1,"rank_m":32131,"pct_m":0.034161,"gas_method":"estimated"},"2023-08":{"txs":3,"uniq":4,"trade":0,"nft":2,"gas":0.000317,"bal":0.002018,"days":3,"spread":0.096774,"streak":1,"rank_m":113836,"pct_m":0.121031,"gas_method":"exact"},"2023-09":{"txs":1,"uniq":1,"trade":0,"nft":0,"gas":0.000016,"bal":0.002917,"days":1,"spread":0.033333,"streak":1,"rank_m":132075,"pct_m":0.140423,"gas_method":"estimated"},"2023-10":{"txs":0,"uniq":0,"trade":0,"nft":0,"gas":0,"bal":0.002917,"days":0,"spread":0,"streak":0,"rank_m":261272,"pct_m":0.277788},"2023-11":{"txs":0,"uniq":0,"trade":0,"nft":0,"gas":0,"bal":0.002917,"days":0,"spread":0,"streak":0,"rank_m":263349,"pct_m":0.279996},"2023-12":{"txs":0,"uniq":0,"trade":0,"nft":0,"gas":0,"bal":0.002917,"days":0,"spread":0,"streak":0,"rank_m":279753,"pct_m":0.297437},"2024-01":{"txs":0,"uniq":0,"trade":0,"nft":0,"gas":0,"bal":0.002917,"days":0,"spread":0,"streak":0,"rank_m":288553,"pct_m":0.306794},"2024-02":{"txs":0,"uniq":0,"trade":0,"nft":0,"gas":0,"bal":0.002917,"days":0,"spread":0,"streak":0,"rank_m":334519,"pct_m":0.355666},"2024-03":{"txs":1,"uniq":1,"trade":0,"nft":0,"gas":0.000011,"bal":0.006476,"days":1,"spread":0.032258,"streak":1,"rank_m":308964,"pct_m":0.328495,"gas_method":"estimated"},"2024-04":{"txs":3,"uniq":2,"trade":0,"nft":0,"gas":0.000004,"bal":0.00579,"days":2,"spread":0.066667,"streak":1,"rank_m":385344,"pct_m":0.409704,"gas_method":"estimated"},"2024-05":{"txs":7,"uniq":5,"trade":0,"nft":2,"gas":0.000004,"bal":0.006732,"days":3,"spread":0.096774,"streak":1,"rank_m":274726,"pct_m":0.292093,"gas_method":"exact"},"2024-06":{"txs":4,"uniq":4,"trade":0,"nft":0,"gas":0,"bal":0.013858,"days":2,"spread":0.066667,"streak":1,"rank_m":320169,"pct_m":0.340408,"gas_method":"estimated"},"2024-07":{"txs":44,"uniq":17,"trade":0,"nft":14,"gas":0.000001,"bal":0.019516,"days":13,"spread":0.419355,"streak":4,"rank_m":21200,"pct_m":0.022539,"gas_method":"exact"},"2024-08":{"txs":38,"uniq":17,"trade":1,"nft":9,"gas":0.000002,"bal":0.018466,"days":2,"spread":0.064516,"streak":1,"rank_m":98942,"pct_m":0.105196,"gas_method":"exact"},"2024-09":{"txs":21,"uniq":15,"trade":0,"nft":12,"gas":0.000003,"bal":0.014401,"days":4,"spread":0.133333,"streak":2,"rank_m":40745,"pct_m":0.04332,"gas_method":"exact"},"2024-10":{"txs":24,"uniq":14,"trade":0,"nft":5,"gas":0.000001,"bal":0.014386,"days":6,"spread":0.193548,"streak":1,"rank_m":117428,"pct_m":0.12485,"gas_method":"estimated"},"2024-11":{"txs":17,"uniq":11,"trade":0,"nft":2,"gas":0.000039,"bal":0.015791,"days":9,"spread":0.3,"streak":3,"rank_m":104296,"pct_m":0.110888,"gas_method":"exact"},"2024-12":{"txs":13,"uniq":9,"trade":0,"nft":0,"gas":0.000265,"bal":0.014303,"days":5,"spread":0.16129,"streak":2,"rank_m":236944,"pct_m":0.251922,"gas_method":"exact"},"2025-01":{"txs":7,"uniq":5,"trade":2,"nft":0,"gas":0.000182,"bal":0.015474,"days":4,"spread":0.129032,"streak":2,"rank_m":214486,"pct_m":0.228044,"gas_method":"exact"},"2025-02":{"txs":6,"uniq":5,"trade":0,"nft":0,"gas":0.000042,"bal":0.017413,"days":3,"spread":0.107143,"streak":1,"rank_m":262908,"pct_m":0.279527,"gas_method":"exact"},"2025-03":{"txs":0,"uniq":0,"trade":0,"nft":0,"gas":0,"bal":0.017413,"days":0,"spread":0,"streak":0,"rank_m":563139,"pct_m":0.598738},"2025-04":{"txs":9,"uniq":8,"trade":2,"nft":0,"gas":0.000054,"bal":0.035386,"days":2,"spread":0.066667,"streak":1,"rank_m":162976,"pct_m":0.173278,"gas_method":"exact"},"2025-05":{"txs":4,"uniq":4,"trade":0,"nft":0,"gas":0.000028,"bal":0.033705,"days":2,"spread":0.064516,"streak":1,"rank_m":167076,"pct_m":0.177637,"gas_method":"estimated"},"2025-06":{"txs":9,"uniq":4,"trade":0,"nft":0,"gas":0.000063,"bal":0.024957,"days":3,"spread":0.1,"streak":1,"rank_m":195869,"pct_m":0.20825,"gas_method":"estimated"},"2025-07":{"txs":3,"uniq":3,"trade":0,"nft":1,"gas":0.000021,"bal":0.013356,"days":1,"spread":0.032258,"streak":1,"rank_m":292581,"pct_m":0.311076,"gas_method":"estimated"},"2025-08":{"txs":7,"uniq":4,"trade":0,"nft":0,"gas":0.000049,"bal":0.018164,"days":2,"spread":0.064516,"streak":1,"rank_m":237753,"pct_m":0.252782,"gas_method":"estimated"},"2025-09":{"txs":14,"uniq":9,"trade":0,"nft":1,"gas":0.000099,"bal":0.019845,"days":5,"spread":0.166667,"streak":3,"rank_m":78048,"pct_m":0.082981,"gas_method":"estimated"},"2025-10":{"txs":4,"uniq":3,"trade":0,"nft":1,"gas":0.000028,"bal":0.024001,"days":2,"spread":0.064516,"streak":1,"rank_m":107062,"pct_m":0.113829,"gas_method":"estimated"}}}