{"wallet":"0x678157fa45f2cf0754047ce638ba63ca55de33ed","rank":237422,"lifetime":{"months_active":22,"first":"2023-07","last":"2025-10","tx_sum":209,"uniq_sum":135,"trade_sum":3,"nft_sum":34,"gas_sum":0.004512,"avg_balance_eth_mean":0.008099,"streak_best_days":2,"gas_sum_filled":0.004512},"months":{"2023-07":{"txs":0,"uniq":0,"trade":0,"nft":0,"gas":0,"bal":0,"days":0,"spread":0,"streak":0,"rank_m":581119,"pct_m":0.617855},"2023-08":{"txs":17,"uniq":7,"trade":0,"nft":1,"gas":0.00051,"bal":0.000413,"days":3,"spread":0.096774,"streak":2,"rank_m":98520,"pct_m":0.104747,"gas_method":"exact"},"2023-09":{"txs":19,"uniq":13,"trade":0,"nft":4,"gas":0.000089,"bal":0.01246,"days":6,"spread":0.2,"streak":1,"rank_m":36411,"pct_m":0.038712,"gas_method":"exact"},"2023-10":{"txs":23,"uniq":11,"trade":0,"nft":4,"gas":0.000224,"bal":0.007001,"days":4,"spread":0.129032,"streak":1,"rank_m":30062,"pct_m":0.031961,"gas_method":"exact"},"2023-11":{"txs":17,"uniq":12,"trade":0,"nft":3,"gas":0.000585,"bal":0.008386,"days":3,"spread":0.1,"streak":1,"rank_m":39289,"pct_m":0.041772,"gas_method":"estimated"},"2023-12":{"txs":10,"uniq":4,"trade":0,"nft":3,"gas":0.000644,"bal":0.004567,"days":4,"spread":0.129032,"streak":1,"rank_m":63544,"pct_m":0.06756,"gas_method":"estimated"},"2024-01":{"txs":10,"uniq":7,"trade":0,"nft":1,"gas":0.00063,"bal":0.003048,"days":3,"spread":0.096774,"streak":2,"rank_m":51381,"pct_m":0.054628,"gas_method":"exact"},"2024-02":{"txs":21,"uniq":11,"trade":1,"nft":4,"gas":0.000361,"bal":0.010929,"days":5,"spread":0.172414,"streak":2,"rank_m":29767,"pct_m":0.031648,"gas_method":"exact"},"2024-03":{"txs":18,"uniq":8,"trade":0,"nft":5,"gas":0.000915,"bal":0.014061,"days":2,"spread":0.064516,"streak":1,"rank_m":162096,"pct_m":0.172342,"gas_method":"estimated"},"2024-04":{"txs":16,"uniq":12,"trade":2,"nft":2,"gas":0.0001,"bal":0.018723,"days":4,"spread":0.133333,"streak":1,"rank_m":184800,"pct_m":0.196482,"gas_method":"estimated"},"2024-05":{"txs":2,"uniq":2,"trade":0,"nft":0,"gas":0.000004,"bal":0.010703,"days":1,"spread":0.032258,"streak":1,"rank_m":387526,"pct_m":0.412024,"gas_method":"estimated"},"2024-06":{"txs":14,"uniq":11,"trade":0,"nft":2,"gas":0.000001,"bal":0.008439,"days":3,"spread":0.1,"streak":1,"rank_m":214459,"pct_m":0.228016,"gas_method":"estimated"},"2024-07":{"txs":9,"uniq":9,"trade":0,"nft":1,"gas":0.000003,"bal":0.005143,"days":1,"spread":0.032258,"streak":1,"rank_m":303906,"pct_m":0.323117,"gas_method":"estimated"},"2024-08":{"txs":2,"uniq":2,"trade":0,"nft":0,"gas":0,"bal":0.005164,"days":1,"spread":0.032258,"streak":1,"rank_m":413866,"pct_m":0.440029,"gas_method":"estimated"},"2024-09":{"txs":2,"uniq":2,"trade":0,"nft":1,"gas":0,"bal":0.005522,"days":2,"spread":0.066667,"streak":1,"rank_m":313886,"pct_m":0.333728,"gas_method":"estimated"},"2024-10":{"txs":2,"uniq":2,"trade":0,"nft":1,"gas":0,"bal":0.004735,"days":2,"spread":0.064516,"streak":2,"rank_m":350743,"pct_m":0.372915,"gas_method":"estimated"},"2024-11":{"txs":0,"uniq":0,"trade":0,"nft":0,"gas":0,"bal":0.004735,"days":0,"spread":0,"streak":0,"rank_m":581123,"pct_m":0.617859},"2024-12":{"txs":7,"uniq":6,"trade":0,"nft":1,"gas":0.000154,"bal":0.004396,"days":5,"spread":0.16129,"streak":1,"rank_m":318787,"pct_m":0.338939,"gas_method":"exact"},"2025-01":{"txs":8,"uniq":7,"trade":0,"nft":0,"gas":0.000208,"bal":0.003576,"days":2,"spread":0.064516,"streak":1,"rank_m":351779,"pct_m":0.374017,"gas_method":"exact"},"2025-02":{"txs":1,"uniq":1,"trade":0,"nft":0,"gas":0.000007,"bal":0.003352,"days":1,"spread":0.035714,"streak":1,"rank_m":479183,"pct_m":0.509475,"gas_method":"exact"},"2025-03":{"txs":0,"uniq":0,"trade":0,"nft":0,"gas":0,"bal":0.003352,"days":0,"spread":0,"streak":0,"rank_m":632698,"pct_m":0.672695},"2025-04":{"txs":0,"uniq":0,"trade":0,"nft":0,"gas":0,"bal":0.003352,"days":0,"spread":0,"streak":0,"rank_m":661144,"pct_m":0.702939},"2025-05":{"txs":4,"uniq":4,"trade":0,"nft":0,"gas":0.000028,"bal":0.003332,"days":1,"spread":0.032258,"streak":1,"rank_m":359213,"pct_m":0.381921,"gas_method":"estimated"},"2025-06":{"txs":0,"uniq":0,"trade":0,"nft":0,"gas":0,"bal":0.003332,"days":0,"spread":0,"streak":0,"rank_m":627790,"pct_m":0.667476},"2025-07":{"txs":0,"uniq":0,"trade":0,"nft":0,"gas":0,"bal":0.003332,"days":0,"spread":0,"streak":0,"rank_m":647170,"pct_m":0.688082},"2025-08":{"txs":1,"uniq":1,"trade":0,"nft":0,"gas":0.000007,"bal":0.003332,"days":1,"spread":0.032258,"streak":1,"rank_m":449449,"pct_m":0.477861,"gas_method":"estimated"},"2025-09":{"txs":5,"uniq":2,"trade":0,"nft":0,"gas":0.000035,"bal":0.014117,"days":1,"spread":0.033333,"streak":1,"rank_m":300019,"pct_m":0.318984,"gas_method":"estimated"},"2025-10":{"txs":1,"uniq":1,"trade":0,"nft":1,"gas":0.000007,"bal":0.057258,"days":1,"spread":0.032258,"streak":1,"rank_m":138471,"pct_m":0.147224,"gas_method":"estimated"}}}