{"wallet":"0x670016279141dc0327a2c3228d2677d3f59a105f","rank":337240,"lifetime":{"months_active":14,"first":"2023-07","last":"2025-10","tx_sum":291,"uniq_sum":70,"trade_sum":1,"nft_sum":29,"gas_sum":0.005022,"avg_balance_eth_mean":0.001454,"streak_best_days":26,"gas_sum_filled":0.005022},"months":{"2023-07":{"txs":0,"uniq":0,"trade":0,"nft":0,"gas":0,"bal":0,"days":0,"spread":0,"streak":0,"rank_m":582885,"pct_m":0.619733},"2023-08":{"txs":1,"uniq":1,"trade":0,"nft":1,"gas":0.000232,"bal":0.002716,"days":1,"spread":0.032258,"streak":1,"rank_m":135897,"pct_m":0.144487,"gas_method":"exact"},"2023-09":{"txs":23,"uniq":7,"trade":0,"nft":3,"gas":0.001496,"bal":0.002658,"days":3,"spread":0.1,"streak":3,"rank_m":37312,"pct_m":0.03967,"gas_method":"exact"},"2023-10":{"txs":0,"uniq":0,"trade":0,"nft":0,"gas":0,"bal":0.002658,"days":0,"spread":0,"streak":0,"rank_m":264241,"pct_m":0.280945},"2023-11":{"txs":9,"uniq":9,"trade":0,"nft":6,"gas":0.000662,"bal":0.001315,"days":2,"spread":0.066667,"streak":2,"rank_m":65831,"pct_m":0.069992,"gas_method":"estimated"},"2023-12":{"txs":6,"uniq":4,"trade":0,"nft":3,"gas":0.000827,"bal":0.001083,"days":5,"spread":0.16129,"streak":1,"rank_m":93790,"pct_m":0.099718,"gas_method":"estimated"},"2024-01":{"txs":1,"uniq":1,"trade":0,"nft":0,"gas":0.000128,"bal":0.000988,"days":1,"spread":0.032258,"streak":1,"rank_m":189599,"pct_m":0.201584,"gas_method":"estimated"},"2024-02":{"txs":0,"uniq":0,"trade":0,"nft":0,"gas":0,"bal":0.000988,"days":0,"spread":0,"streak":0,"rank_m":369244,"pct_m":0.392586},"2024-03":{"txs":0,"uniq":0,"trade":0,"nft":0,"gas":0,"bal":0.000988,"days":0,"spread":0,"streak":0,"rank_m":441689,"pct_m":0.469611},"2024-04":{"txs":1,"uniq":1,"trade":0,"nft":2,"gas":0.000013,"bal":0.00009,"days":1,"spread":0.033333,"streak":1,"rank_m":448020,"pct_m":0.476342,"gas_method":"estimated"},"2024-05":{"txs":42,"uniq":17,"trade":1,"nft":9,"gas":0.000187,"bal":0.000567,"days":2,"spread":0.064516,"streak":1,"rank_m":276886,"pct_m":0.294389,"gas_method":"estimated"},"2024-06":{"txs":1,"uniq":1,"trade":0,"nft":0,"gas":0,"bal":0.000747,"days":1,"spread":0.033333,"streak":1,"rank_m":489145,"pct_m":0.520067,"gas_method":"estimated"},"2024-07":{"txs":0,"uniq":0,"trade":0,"nft":0,"gas":0,"bal":0.000747,"days":0,"spread":0,"streak":0,"rank_m":581905,"pct_m":0.618691},"2024-08":{"txs":0,"uniq":0,"trade":0,"nft":0,"gas":0,"bal":0.000747,"days":0,"spread":0,"streak":0,"rank_m":597332,"pct_m":0.635093},"2024-09":{"txs":0,"uniq":0,"trade":0,"nft":0,"gas":0,"bal":0.000747,"days":0,"spread":0,"streak":0,"rank_m":597374,"pct_m":0.635138},"2024-10":{"txs":8,"uniq":3,"trade":0,"nft":2,"gas":0.000003,"bal":0.000466,"days":2,"spread":0.064516,"streak":1,"rank_m":422140,"pct_m":0.448826,"gas_method":"estimated"},"2024-11":{"txs":2,"uniq":2,"trade":0,"nft":1,"gas":0.000005,"bal":0.000272,"days":2,"spread":0.066667,"streak":1,"rank_m":442309,"pct_m":0.47027,"gas_method":"exact"},"2024-12":{"txs":7,"uniq":4,"trade":0,"nft":1,"gas":0.000132,"bal":0.000629,"days":3,"spread":0.096774,"streak":1,"rank_m":406452,"pct_m":0.432146,"gas_method":"exact"},"2025-01":{"txs":0,"uniq":0,"trade":0,"nft":0,"gas":0,"bal":0.000629,"days":0,"spread":0,"streak":0,"rank_m":684560,"pct_m":0.727835},"2025-02":{"txs":0,"uniq":0,"trade":0,"nft":0,"gas":0,"bal":0.000629,"days":0,"spread":0,"streak":0,"rank_m":706187,"pct_m":0.75083},"2025-03":{"txs":0,"uniq":0,"trade":0,"nft":0,"gas":0,"bal":0.000629,"days":0,"spread":0,"streak":0,"rank_m":712282,"pct_m":0.75731},"2025-04":{"txs":0,"uniq":0,"trade":0,"nft":0,"gas":0,"bal":0.000629,"days":0,"spread":0,"streak":0,"rank_m":734794,"pct_m":0.781245},"2025-05":{"txs":0,"uniq":0,"trade":0,"nft":0,"gas":0,"bal":0.000629,"days":0,"spread":0,"streak":0,"rank_m":735988,"pct_m":0.782515},"2025-06":{"txs":0,"uniq":0,"trade":0,"nft":0,"gas":0,"bal":0.000629,"days":0,"spread":0,"streak":0,"rank_m":737203,"pct_m":0.783806},"2025-07":{"txs":4,"uniq":4,"trade":0,"nft":0,"gas":0.000028,"bal":0.000001,"days":2,"spread":0.064516,"streak":1,"rank_m":663426,"pct_m":0.705365,"gas_method":"estimated"},"2025-08":{"txs":0,"uniq":0,"trade":0,"nft":0,"gas":0,"bal":0.000001,"days":0,"spread":0,"streak":0,"rank_m":917356,"pct_m":0.975348},"2025-09":{"txs":86,"uniq":10,"trade":0,"nft":1,"gas":0.000605,"bal":0.003595,"days":11,"spread":0.366667,"streak":11,"rank_m":80027,"pct_m":0.085085,"gas_method":"estimated"},"2025-10":{"txs":100,"uniq":6,"trade":0,"nft":0,"gas":0.000704,"bal":0.014934,"days":15,"spread":0.483871,"streak":15,"rank_m":25128,"pct_m":0.026715,"gas_method":"estimated"}}}