{"wallet":"0x67d6da763659b9798fa26561f06d9f2ef7834011","rank":149370,"lifetime":{"months_active":18,"first":"2023-07","last":"2025-10","tx_sum":352,"uniq_sum":185,"trade_sum":14,"nft_sum":78,"gas_sum":0.003241,"avg_balance_eth_mean":0.00281,"streak_best_days":7,"gas_sum_filled":0.003241},"months":{"2023-07":{"txs":0,"uniq":0,"trade":0,"nft":0,"gas":0,"bal":0,"days":0,"spread":0,"streak":0,"rank_m":579932,"pct_m":0.616593},"2023-08":{"txs":0,"uniq":0,"trade":0,"nft":0,"gas":0,"bal":0,"days":0,"spread":0,"streak":0,"rank_m":626601,"pct_m":0.666212},"2023-09":{"txs":0,"uniq":0,"trade":0,"nft":0,"gas":0,"bal":0,"days":0,"spread":0,"streak":0,"rank_m":639088,"pct_m":0.679489},"2023-10":{"txs":0,"uniq":0,"trade":0,"nft":0,"gas":0,"bal":0,"days":0,"spread":0,"streak":0,"rank_m":649160,"pct_m":0.690197},"2023-11":{"txs":0,"uniq":0,"trade":0,"nft":0,"gas":0,"bal":0,"days":0,"spread":0,"streak":0,"rank_m":658086,"pct_m":0.699688},"2023-12":{"txs":0,"uniq":0,"trade":0,"nft":0,"gas":0,"bal":0,"days":0,"spread":0,"streak":0,"rank_m":668886,"pct_m":0.71117},"2024-01":{"txs":0,"uniq":0,"trade":0,"nft":0,"gas":0,"bal":0,"days":0,"spread":0,"streak":0,"rank_m":678476,"pct_m":0.721367},"2024-02":{"txs":0,"uniq":0,"trade":0,"nft":0,"gas":0,"bal":0,"days":0,"spread":0,"streak":0,"rank_m":699125,"pct_m":0.743321},"2024-03":{"txs":60,"uniq":23,"trade":2,"nft":9,"gas":0.001161,"bal":0.002517,"days":6,"spread":0.193548,"streak":4,"rank_m":78633,"pct_m":0.083603,"gas_method":"estimated"},"2024-04":{"txs":35,"uniq":9,"trade":2,"nft":1,"gas":0.000084,"bal":0.005768,"days":11,"spread":0.366667,"streak":6,"rank_m":127001,"pct_m":0.135029,"gas_method":"estimated"},"2024-05":{"txs":3,"uniq":3,"trade":0,"nft":0,"gas":0.000002,"bal":0.006997,"days":2,"spread":0.064516,"streak":1,"rank_m":379231,"pct_m":0.403204,"gas_method":"estimated"},"2024-06":{"txs":14,"uniq":8,"trade":0,"nft":3,"gas":0,"bal":0.007407,"days":4,"spread":0.133333,"streak":2,"rank_m":181218,"pct_m":0.192673,"gas_method":"estimated"},"2024-07":{"txs":8,"uniq":7,"trade":0,"nft":2,"gas":0.000001,"bal":0.006366,"days":4,"spread":0.129032,"streak":1,"rank_m":240144,"pct_m":0.255324,"gas_method":"estimated"},"2024-08":{"txs":75,"uniq":55,"trade":0,"nft":51,"gas":0.000007,"bal":0.005914,"days":7,"spread":0.225806,"streak":2,"rank_m":75607,"pct_m":0.080386,"gas_method":"estimated"},"2024-09":{"txs":18,"uniq":12,"trade":0,"nft":7,"gas":0.000001,"bal":0.003559,"days":10,"spread":0.333333,"streak":7,"rank_m":97173,"pct_m":0.103315,"gas_method":"estimated"},"2024-10":{"txs":21,"uniq":9,"trade":0,"nft":4,"gas":0.000001,"bal":0.000749,"days":6,"spread":0.193548,"streak":2,"rank_m":253589,"pct_m":0.269619,"gas_method":"estimated"},"2024-11":{"txs":16,"uniq":11,"trade":3,"nft":0,"gas":0.000037,"bal":0.002901,"days":6,"spread":0.2,"streak":2,"rank_m":164043,"pct_m":0.174412,"gas_method":"exact"},"2024-12":{"txs":25,"uniq":12,"trade":0,"nft":1,"gas":0.000551,"bal":0.008753,"days":9,"spread":0.290323,"streak":2,"rank_m":138701,"pct_m":0.147468,"gas_method":"exact"},"2025-01":{"txs":45,"uniq":16,"trade":0,"nft":0,"gas":0.001169,"bal":0.006769,"days":5,"spread":0.16129,"streak":2,"rank_m":120424,"pct_m":0.128036,"gas_method":"exact"},"2025-02":{"txs":3,"uniq":3,"trade":0,"nft":0,"gas":0.000021,"bal":0.003121,"days":3,"spread":0.107143,"streak":1,"rank_m":381363,"pct_m":0.405471,"gas_method":"exact"},"2025-03":{"txs":9,"uniq":5,"trade":7,"nft":0,"gas":0.000071,"bal":0.002046,"days":4,"spread":0.129032,"streak":1,"rank_m":227318,"pct_m":0.241687,"gas_method":"exact"},"2025-04":{"txs":5,"uniq":4,"trade":0,"nft":0,"gas":0.00003,"bal":0.003394,"days":2,"spread":0.066667,"streak":1,"rank_m":353394,"pct_m":0.375734,"gas_method":"exact"},"2025-05":{"txs":8,"uniq":3,"trade":0,"nft":0,"gas":0.000056,"bal":0.004873,"days":4,"spread":0.129032,"streak":2,"rank_m":230402,"pct_m":0.244966,"gas_method":"estimated"},"2025-06":{"txs":5,"uniq":3,"trade":0,"nft":0,"gas":0.000035,"bal":0.001204,"days":4,"spread":0.133333,"streak":2,"rank_m":428063,"pct_m":0.455123,"gas_method":"estimated"},"2025-07":{"txs":1,"uniq":1,"trade":0,"nft":0,"gas":0.000007,"bal":0.001594,"days":1,"spread":0.032258,"streak":1,"rank_m":529550,"pct_m":0.563026,"gas_method":"estimated"},"2025-08":{"txs":1,"uniq":1,"trade":0,"nft":0,"gas":0.000007,"bal":0.00158,"days":1,"spread":0.032258,"streak":1,"rank_m":500303,"pct_m":0.53193,"gas_method":"estimated"},"2025-09":{"txs":0,"uniq":0,"trade":0,"nft":0,"gas":0,"bal":0.00158,"days":0,"spread":0,"streak":0,"rank_m":661290,"pct_m":0.703094},"2025-10":{"txs":0,"uniq":0,"trade":0,"nft":0,"gas":0,"bal":0.00158,"days":0,"spread":0,"streak":0,"rank_m":594750,"pct_m":0.632348}}}