{"wallet":"0x671df6333ccd69ec92b74cabccd07cf85b59f516","rank":699467,"lifetime":{"months_active":19,"first":"2023-07","last":"2025-10","tx_sum":169,"uniq_sum":88,"trade_sum":1,"nft_sum":17,"gas_sum":0.001552,"avg_balance_eth_mean":0.000036,"streak_best_days":2,"gas_sum_filled":0.001552},"months":{"2023-07":{"txs":0,"uniq":0,"trade":0,"nft":0,"gas":0,"bal":0,"days":0,"spread":0,"streak":0,"rank_m":582456,"pct_m":0.619277},"2023-08":{"txs":3,"uniq":2,"trade":0,"nft":0,"gas":0.000096,"bal":0.000018,"days":1,"spread":0.032258,"streak":1,"rank_m":153871,"pct_m":0.163597,"gas_method":"exact"},"2023-09":{"txs":0,"uniq":0,"trade":0,"nft":0,"gas":0,"bal":0.000018,"days":0,"spread":0,"streak":0,"rank_m":306852,"pct_m":0.326249},"2023-10":{"txs":0,"uniq":0,"trade":0,"nft":0,"gas":0,"bal":0.000018,"days":0,"spread":0,"streak":0,"rank_m":326731,"pct_m":0.347385},"2023-11":{"txs":2,"uniq":1,"trade":0,"nft":0,"gas":0.000038,"bal":0.00007,"days":1,"spread":0.033333,"streak":1,"rank_m":166572,"pct_m":0.177101,"gas_method":"estimated"},"2023-12":{"txs":1,"uniq":1,"trade":0,"nft":0,"gas":0.000035,"bal":0.000064,"days":1,"spread":0.032258,"streak":1,"rank_m":196913,"pct_m":0.20936,"gas_method":"estimated"},"2024-01":{"txs":0,"uniq":0,"trade":0,"nft":0,"gas":0,"bal":0.000064,"days":0,"spread":0,"streak":0,"rank_m":376624,"pct_m":0.400432},"2024-02":{"txs":16,"uniq":8,"trade":0,"nft":4,"gas":0.000298,"bal":0.000025,"days":5,"spread":0.172414,"streak":2,"rank_m":160334,"pct_m":0.170469,"gas_method":"estimated"},"2024-03":{"txs":10,"uniq":7,"trade":0,"nft":1,"gas":0.000279,"bal":0.00005,"days":3,"spread":0.096774,"streak":2,"rank_m":288853,"pct_m":0.307113,"gas_method":"estimated"},"2024-04":{"txs":22,"uniq":7,"trade":0,"nft":6,"gas":0.000076,"bal":0.000077,"days":8,"spread":0.266667,"streak":2,"rank_m":318278,"pct_m":0.338398,"gas_method":"estimated"},"2024-05":{"txs":0,"uniq":0,"trade":0,"nft":0,"gas":0,"bal":0.000077,"days":0,"spread":0,"streak":0,"rank_m":597080,"pct_m":0.634825},"2024-06":{"txs":1,"uniq":1,"trade":0,"nft":1,"gas":0,"bal":0.000043,"days":1,"spread":0.033333,"streak":1,"rank_m":493095,"pct_m":0.524266,"gas_method":"estimated"},"2024-07":{"txs":2,"uniq":1,"trade":0,"nft":0,"gas":0,"bal":0.000042,"days":1,"spread":0.032258,"streak":1,"rank_m":522168,"pct_m":0.555177,"gas_method":"estimated"},"2024-08":{"txs":18,"uniq":11,"trade":0,"nft":5,"gas":0.000002,"bal":0.000046,"days":3,"spread":0.096774,"streak":2,"rank_m":351642,"pct_m":0.373871,"gas_method":"estimated"},"2024-09":{"txs":0,"uniq":0,"trade":0,"nft":0,"gas":0,"bal":0.000046,"days":0,"spread":0,"streak":0,"rank_m":690929,"pct_m":0.734607},"2024-10":{"txs":4,"uniq":3,"trade":0,"nft":0,"gas":0,"bal":0,"days":1,"spread":0.032258,"streak":1,"rank_m":567759,"pct_m":0.60365,"gas_method":"estimated"},"2024-11":{"txs":0,"uniq":0,"trade":0,"nft":0,"gas":0,"bal":0,"days":0,"spread":0,"streak":0,"rank_m":763119,"pct_m":0.811361},"2024-12":{"txs":17,"uniq":10,"trade":0,"nft":0,"gas":0.000287,"bal":0.000016,"days":3,"spread":0.096774,"streak":2,"rank_m":373332,"pct_m":0.396932,"gas_method":"exact"},"2025-01":{"txs":1,"uniq":1,"trade":0,"nft":0,"gas":0.000026,"bal":0.000003,"days":1,"spread":0.032258,"streak":1,"rank_m":591116,"pct_m":0.628484,"gas_method":"exact"},"2025-02":{"txs":12,"uniq":7,"trade":0,"nft":0,"gas":0.000056,"bal":0.000048,"days":5,"spread":0.178571,"streak":2,"rank_m":309704,"pct_m":0.329282,"gas_method":"exact"},"2025-03":{"txs":15,"uniq":6,"trade":0,"nft":0,"gas":0.000063,"bal":0.000156,"days":5,"spread":0.16129,"streak":1,"rank_m":326789,"pct_m":0.347447,"gas_method":"exact"},"2025-04":{"txs":8,"uniq":5,"trade":0,"nft":0,"gas":0.000036,"bal":0.000056,"days":6,"spread":0.2,"streak":1,"rank_m":382028,"pct_m":0.406178,"gas_method":"exact"},"2025-05":{"txs":2,"uniq":1,"trade":0,"nft":0,"gas":0.000014,"bal":0.000021,"days":2,"spread":0.064516,"streak":2,"rank_m":636442,"pct_m":0.676675,"gas_method":"estimated"},"2025-06":{"txs":24,"uniq":10,"trade":1,"nft":0,"gas":0.000169,"bal":0.000012,"days":4,"spread":0.133333,"streak":2,"rank_m":428933,"pct_m":0.456048,"gas_method":"estimated"},"2025-07":{"txs":7,"uniq":4,"trade":0,"nft":0,"gas":0.000049,"bal":0,"days":2,"spread":0.064516,"streak":1,"rank_m":658565,"pct_m":0.700197,"gas_method":"estimated"},"2025-08":{"txs":0,"uniq":0,"trade":0,"nft":0,"gas":0,"bal":0,"days":0,"spread":0,"streak":0,"rank_m":920768,"pct_m":0.978976},"2025-09":{"txs":4,"uniq":2,"trade":0,"nft":0,"gas":0.000028,"bal":0.000017,"days":4,"spread":0.133333,"streak":1,"rank_m":613936,"pct_m":0.652747,"gas_method":"estimated"},"2025-10":{"txs":0,"uniq":0,"trade":0,"nft":0,"gas":0,"bal":0.000017,"days":0,"spread":0,"streak":0,"rank_m":876743,"pct_m":0.932168}}}