{"wallet":"0x676e1ae5660422dd447664a2778cf86b39466f0f","rank":114046,"lifetime":{"months_active":19,"first":"2023-07","last":"2025-10","tx_sum":413,"uniq_sum":177,"trade_sum":13,"nft_sum":7,"gas_sum":0.003436,"avg_balance_eth_mean":0.002905,"streak_best_days":10,"gas_sum_filled":0.003436},"months":{"2023-07":{"txs":0,"uniq":0,"trade":0,"nft":0,"gas":0,"bal":0,"days":0,"spread":0,"streak":0,"rank_m":581383,"pct_m":0.618136},"2023-08":{"txs":0,"uniq":0,"trade":0,"nft":0,"gas":0,"bal":0,"days":0,"spread":0,"streak":0,"rank_m":627852,"pct_m":0.667542},"2023-09":{"txs":0,"uniq":0,"trade":0,"nft":0,"gas":0,"bal":0,"days":0,"spread":0,"streak":0,"rank_m":640288,"pct_m":0.680765},"2023-10":{"txs":0,"uniq":0,"trade":0,"nft":0,"gas":0,"bal":0,"days":0,"spread":0,"streak":0,"rank_m":650317,"pct_m":0.691428},"2023-11":{"txs":0,"uniq":0,"trade":0,"nft":0,"gas":0,"bal":0,"days":0,"spread":0,"streak":0,"rank_m":659209,"pct_m":0.700882},"2023-12":{"txs":0,"uniq":0,"trade":0,"nft":0,"gas":0,"bal":0,"days":0,"spread":0,"streak":0,"rank_m":669954,"pct_m":0.712306},"2024-01":{"txs":0,"uniq":0,"trade":0,"nft":0,"gas":0,"bal":0,"days":0,"spread":0,"streak":0,"rank_m":679506,"pct_m":0.722462},"2024-02":{"txs":0,"uniq":0,"trade":0,"nft":0,"gas":0,"bal":0,"days":0,"spread":0,"streak":0,"rank_m":700084,"pct_m":0.744341},"2024-03":{"txs":25,"uniq":15,"trade":0,"nft":1,"gas":0.000456,"bal":0.000158,"days":1,"spread":0.032258,"streak":1,"rank_m":285321,"pct_m":0.303357,"gas_method":"estimated"},"2024-04":{"txs":2,"uniq":1,"trade":0,"nft":0,"gas":0.000004,"bal":0.000858,"days":1,"spread":0.033333,"streak":1,"rank_m":444864,"pct_m":0.472986,"gas_method":"estimated"},"2024-05":{"txs":1,"uniq":1,"trade":0,"nft":0,"gas":0.000001,"bal":0.00096,"days":1,"spread":0.032258,"streak":1,"rank_m":468961,"pct_m":0.498607,"gas_method":"estimated"},"2024-06":{"txs":13,"uniq":9,"trade":0,"nft":2,"gas":0,"bal":0.001971,"days":2,"spread":0.066667,"streak":1,"rank_m":311880,"pct_m":0.331595,"gas_method":"estimated"},"2024-07":{"txs":46,"uniq":14,"trade":0,"nft":1,"gas":0.000005,"bal":0.005747,"days":4,"spread":0.129032,"streak":1,"rank_m":181241,"pct_m":0.192698,"gas_method":"estimated"},"2024-08":{"txs":18,"uniq":7,"trade":3,"nft":0,"gas":0.000001,"bal":0.005624,"days":2,"spread":0.064516,"streak":1,"rank_m":223876,"pct_m":0.238028,"gas_method":"estimated"},"2024-09":{"txs":30,"uniq":12,"trade":0,"nft":1,"gas":0.000001,"bal":0.005564,"days":2,"spread":0.066667,"streak":1,"rank_m":191893,"pct_m":0.204023,"gas_method":"estimated"},"2024-10":{"txs":45,"uniq":17,"trade":4,"nft":0,"gas":0.000001,"bal":0.005491,"days":10,"spread":0.322581,"streak":10,"rank_m":36556,"pct_m":0.038866,"gas_method":"exact"},"2024-11":{"txs":51,"uniq":19,"trade":0,"nft":0,"gas":0.000113,"bal":0.005344,"days":1,"spread":0.033333,"streak":1,"rank_m":209624,"pct_m":0.222875,"gas_method":"exact"},"2024-12":{"txs":53,"uniq":16,"trade":0,"nft":1,"gas":0.001147,"bal":0.002912,"days":2,"spread":0.064516,"streak":1,"rank_m":225673,"pct_m":0.239939,"gas_method":"exact"},"2025-01":{"txs":47,"uniq":19,"trade":1,"nft":0,"gas":0.001169,"bal":0.002011,"days":2,"spread":0.064516,"streak":1,"rank_m":197326,"pct_m":0.209799,"gas_method":"exact"},"2025-02":{"txs":5,"uniq":3,"trade":0,"nft":0,"gas":0.000035,"bal":0.001756,"days":2,"spread":0.071429,"streak":1,"rank_m":379002,"pct_m":0.402961,"gas_method":"exact"},"2025-03":{"txs":10,"uniq":6,"trade":3,"nft":0,"gas":0.000079,"bal":0.001146,"days":3,"spread":0.096774,"streak":1,"rank_m":251749,"pct_m":0.267663,"gas_method":"exact"},"2025-04":{"txs":28,"uniq":13,"trade":0,"nft":0,"gas":0.000151,"bal":0.002373,"days":6,"spread":0.2,"streak":2,"rank_m":120379,"pct_m":0.127988,"gas_method":"exact"},"2025-05":{"txs":12,"uniq":6,"trade":1,"nft":0,"gas":0.000084,"bal":0.007574,"days":4,"spread":0.129032,"streak":1,"rank_m":137015,"pct_m":0.145676,"gas_method":"estimated"},"2025-06":{"txs":5,"uniq":3,"trade":0,"nft":0,"gas":0.000035,"bal":0.00732,"days":2,"spread":0.066667,"streak":1,"rank_m":321453,"pct_m":0.341774,"gas_method":"estimated"},"2025-07":{"txs":9,"uniq":7,"trade":0,"nft":1,"gas":0.000063,"bal":0.006413,"days":4,"spread":0.129032,"streak":1,"rank_m":244539,"pct_m":0.259997,"gas_method":"estimated"},"2025-08":{"txs":9,"uniq":6,"trade":0,"nft":0,"gas":0.000063,"bal":0.006041,"days":2,"spread":0.064516,"streak":1,"rank_m":298126,"pct_m":0.316972,"gas_method":"estimated"},"2025-09":{"txs":4,"uniq":3,"trade":1,"nft":0,"gas":0.000028,"bal":0.006038,"days":2,"spread":0.066667,"streak":1,"rank_m":281553,"pct_m":0.299351,"gas_method":"estimated"},"2025-10":{"txs":0,"uniq":0,"trade":0,"nft":0,"gas":0,"bal":0.006038,"days":0,"spread":0,"streak":0,"rank_m":481551,"pct_m":0.511993}}}