{"wallet":"0x670f2851649be86279617a698e52d28475c2fb54","rank":71438,"lifetime":{"months_active":17,"first":"2023-07","last":"2025-10","tx_sum":1524,"uniq_sum":320,"trade_sum":14,"nft_sum":13,"gas_sum":0.004272,"avg_balance_eth_mean":0.005758,"streak_best_days":18,"gas_sum_filled":0.004272},"months":{"2023-07":{"txs":0,"uniq":0,"trade":0,"nft":0,"gas":0,"bal":0,"days":0,"spread":0,"streak":0,"rank_m":582665,"pct_m":0.619499},"2023-08":{"txs":0,"uniq":0,"trade":0,"nft":0,"gas":0,"bal":0,"days":0,"spread":0,"streak":0,"rank_m":628968,"pct_m":0.668729},"2023-09":{"txs":0,"uniq":0,"trade":0,"nft":0,"gas":0,"bal":0,"days":0,"spread":0,"streak":0,"rank_m":641360,"pct_m":0.681904},"2023-10":{"txs":0,"uniq":0,"trade":0,"nft":0,"gas":0,"bal":0,"days":0,"spread":0,"streak":0,"rank_m":651357,"pct_m":0.692533},"2023-11":{"txs":0,"uniq":0,"trade":0,"nft":0,"gas":0,"bal":0,"days":0,"spread":0,"streak":0,"rank_m":660215,"pct_m":0.701951},"2023-12":{"txs":0,"uniq":0,"trade":0,"nft":0,"gas":0,"bal":0,"days":0,"spread":0,"streak":0,"rank_m":670915,"pct_m":0.713328},"2024-01":{"txs":0,"uniq":0,"trade":0,"nft":0,"gas":0,"bal":0,"days":0,"spread":0,"streak":0,"rank_m":680431,"pct_m":0.723445},"2024-02":{"txs":0,"uniq":0,"trade":0,"nft":0,"gas":0,"bal":0,"days":0,"spread":0,"streak":0,"rank_m":700950,"pct_m":0.745262},"2024-03":{"txs":160,"uniq":27,"trade":1,"nft":3,"gas":0.00175,"bal":0.004696,"days":12,"spread":0.387097,"streak":12,"rank_m":37773,"pct_m":0.04016,"gas_method":"estimated"},"2024-04":{"txs":785,"uniq":154,"trade":1,"nft":4,"gas":0.001059,"bal":0.082261,"days":28,"spread":0.933333,"streak":18,"rank_m":6441,"pct_m":0.006847,"gas_method":"estimated"},"2024-05":{"txs":198,"uniq":44,"trade":0,"nft":1,"gas":0.000089,"bal":0.009471,"days":22,"spread":0.709677,"streak":11,"rank_m":53152,"pct_m":0.056511,"gas_method":"estimated"},"2024-06":{"txs":88,"uniq":17,"trade":0,"nft":1,"gas":0.000001,"bal":0.027313,"days":15,"spread":0.5,"streak":5,"rank_m":45702,"pct_m":0.04859,"gas_method":"estimated"},"2024-07":{"txs":111,"uniq":22,"trade":0,"nft":0,"gas":0.000029,"bal":0.008182,"days":15,"spread":0.483871,"streak":8,"rank_m":32107,"pct_m":0.034136,"gas_method":"exact"},"2024-08":{"txs":45,"uniq":7,"trade":0,"nft":2,"gas":0.000033,"bal":0.005629,"days":4,"spread":0.129032,"streak":2,"rank_m":126914,"pct_m":0.134936,"gas_method":"exact"},"2024-09":{"txs":5,"uniq":3,"trade":0,"nft":0,"gas":0,"bal":0.00581,"days":2,"spread":0.066667,"streak":1,"rank_m":317030,"pct_m":0.337071,"gas_method":"estimated"},"2024-10":{"txs":11,"uniq":4,"trade":0,"nft":1,"gas":0,"bal":0.010929,"days":5,"spread":0.16129,"streak":3,"rank_m":193955,"pct_m":0.206215,"gas_method":"estimated"},"2024-11":{"txs":9,"uniq":5,"trade":0,"nft":1,"gas":0.000018,"bal":0.001854,"days":3,"spread":0.1,"streak":1,"rank_m":316000,"pct_m":0.335976,"gas_method":"exact"},"2024-12":{"txs":24,"uniq":11,"trade":0,"nft":0,"gas":0.000441,"bal":0.000035,"days":3,"spread":0.096774,"streak":2,"rank_m":340280,"pct_m":0.361791,"gas_method":"exact"},"2025-01":{"txs":20,"uniq":7,"trade":0,"nft":0,"gas":0.00039,"bal":0.002995,"days":4,"spread":0.129032,"streak":2,"rank_m":243969,"pct_m":0.259391,"gas_method":"exact"},"2025-02":{"txs":5,"uniq":3,"trade":0,"nft":0,"gas":0.000021,"bal":0.000003,"days":2,"spread":0.071429,"streak":1,"rank_m":486451,"pct_m":0.517202,"gas_method":"exact"},"2025-03":{"txs":7,"uniq":5,"trade":0,"nft":0,"gas":0.000047,"bal":0.000001,"days":1,"spread":0.032258,"streak":1,"rank_m":440222,"pct_m":0.468051,"gas_method":"exact"},"2025-04":{"txs":0,"uniq":0,"trade":0,"nft":0,"gas":0,"bal":0.000001,"days":0,"spread":0,"streak":0,"rank_m":875024,"pct_m":0.93034},"2025-05":{"txs":5,"uniq":3,"trade":0,"nft":0,"gas":0.000035,"bal":0.000729,"days":2,"spread":0.064516,"streak":1,"rank_m":466261,"pct_m":0.495736,"gas_method":"estimated"},"2025-06":{"txs":0,"uniq":0,"trade":0,"nft":0,"gas":0,"bal":0.000729,"days":0,"spread":0,"streak":0,"rank_m":730547,"pct_m":0.77673},"2025-07":{"txs":2,"uniq":1,"trade":0,"nft":0,"gas":0.000014,"bal":0.000018,"days":1,"spread":0.032258,"streak":1,"rank_m":700475,"pct_m":0.744756,"gas_method":"estimated"},"2025-08":{"txs":15,"uniq":5,"trade":11,"nft":0,"gas":0.000106,"bal":0.000258,"days":3,"spread":0.096774,"streak":3,"rank_m":333505,"pct_m":0.354587,"gas_method":"estimated"},"2025-09":{"txs":0,"uniq":0,"trade":0,"nft":0,"gas":0,"bal":0.000258,"days":0,"spread":0,"streak":0,"rank_m":778713,"pct_m":0.827941},"2025-10":{"txs":34,"uniq":2,"trade":1,"nft":0,"gas":0.000239,"bal":0.000054,"days":2,"spread":0.064516,"streak":1,"rank_m":330056,"pct_m":0.35092,"gas_method":"estimated"}}}