{"wallet":"0x67cbd1aee9576c14049e720bb35bc18b3386322d","rank":118149,"lifetime":{"months_active":23,"first":"2023-07","last":"2025-10","tx_sum":383,"uniq_sum":137,"trade_sum":1,"nft_sum":12,"gas_sum":0.00304,"avg_balance_eth_mean":0.12054,"streak_best_days":6,"gas_sum_filled":0.00304},"months":{"2023-07":{"txs":0,"uniq":0,"trade":0,"nft":0,"gas":0,"bal":0,"days":0,"spread":0,"streak":0,"rank_m":580081,"pct_m":0.616751},"2023-08":{"txs":0,"uniq":0,"trade":0,"nft":0,"gas":0,"bal":0,"days":0,"spread":0,"streak":0,"rank_m":626727,"pct_m":0.666346},"2023-09":{"txs":2,"uniq":1,"trade":0,"nft":1,"gas":0.000061,"bal":0.14,"days":1,"spread":0.033333,"streak":1,"rank_m":97098,"pct_m":0.103235,"gas_method":"estimated"},"2023-10":{"txs":1,"uniq":1,"trade":0,"nft":0,"gas":0.000083,"bal":0.070013,"days":1,"spread":0.032258,"streak":1,"rank_m":90177,"pct_m":0.095877,"gas_method":"exact"},"2023-11":{"txs":0,"uniq":0,"trade":0,"nft":0,"gas":0,"bal":0.070013,"days":0,"spread":0,"streak":0,"rank_m":213792,"pct_m":0.227306},"2023-12":{"txs":0,"uniq":0,"trade":0,"nft":0,"gas":0,"bal":0.070013,"days":0,"spread":0,"streak":0,"rank_m":228446,"pct_m":0.242887},"2024-01":{"txs":8,"uniq":4,"trade":0,"nft":0,"gas":0.000193,"bal":0.002635,"days":3,"spread":0.096774,"streak":2,"rank_m":107176,"pct_m":0.11395,"gas_method":"estimated"},"2024-02":{"txs":3,"uniq":3,"trade":0,"nft":1,"gas":0.000302,"bal":0.000073,"days":2,"spread":0.068966,"streak":1,"rank_m":200798,"pct_m":0.213491,"gas_method":"exact"},"2024-03":{"txs":0,"uniq":0,"trade":0,"nft":0,"gas":0,"bal":0.000073,"days":0,"spread":0,"streak":0,"rank_m":493142,"pct_m":0.524316},"2024-04":{"txs":4,"uniq":4,"trade":0,"nft":0,"gas":0.00001,"bal":0.001194,"days":1,"spread":0.033333,"streak":1,"rank_m":421112,"pct_m":0.447733,"gas_method":"estimated"},"2024-05":{"txs":74,"uniq":12,"trade":0,"nft":3,"gas":0.000062,"bal":0.101129,"days":11,"spread":0.354839,"streak":6,"rank_m":43897,"pct_m":0.046671,"gas_method":"estimated"},"2024-06":{"txs":3,"uniq":3,"trade":0,"nft":1,"gas":0,"bal":0.101435,"days":2,"spread":0.066667,"streak":1,"rank_m":268743,"pct_m":0.285731,"gas_method":"estimated"},"2024-07":{"txs":7,"uniq":1,"trade":0,"nft":0,"gas":0.000001,"bal":0.885946,"days":5,"spread":0.16129,"streak":3,"rank_m":179483,"pct_m":0.190828,"gas_method":"estimated"},"2024-08":{"txs":6,"uniq":3,"trade":0,"nft":1,"gas":0,"bal":1.131995,"days":3,"spread":0.096774,"streak":1,"rank_m":224572,"pct_m":0.238768,"gas_method":"exact"},"2024-09":{"txs":1,"uniq":1,"trade":0,"nft":0,"gas":0,"bal":0.011994,"days":1,"spread":0.033333,"streak":1,"rank_m":343412,"pct_m":0.365121,"gas_method":"estimated"},"2024-10":{"txs":14,"uniq":9,"trade":0,"nft":2,"gas":0.000001,"bal":0.354435,"days":6,"spread":0.193548,"streak":1,"rank_m":113449,"pct_m":0.12062,"gas_method":"estimated"},"2024-11":{"txs":55,"uniq":18,"trade":0,"nft":0,"gas":0.000126,"bal":0.313243,"days":12,"spread":0.4,"streak":3,"rank_m":39884,"pct_m":0.042404,"gas_method":"exact"},"2024-12":{"txs":39,"uniq":16,"trade":1,"nft":0,"gas":0.000838,"bal":0.016892,"days":12,"spread":0.387097,"streak":6,"rank_m":53889,"pct_m":0.057295,"gas_method":"exact"},"2025-01":{"txs":11,"uniq":7,"trade":0,"nft":0,"gas":0.000286,"bal":0.007161,"days":8,"spread":0.258065,"streak":1,"rank_m":250395,"pct_m":0.266223,"gas_method":"exact"},"2025-02":{"txs":9,"uniq":5,"trade":0,"nft":0,"gas":0.000056,"bal":0.005803,"days":4,"spread":0.142857,"streak":2,"rank_m":223611,"pct_m":0.237746,"gas_method":"exact"},"2025-03":{"txs":4,"uniq":4,"trade":0,"nft":0,"gas":0.000032,"bal":0.014461,"days":2,"spread":0.064516,"streak":1,"rank_m":300320,"pct_m":0.319305,"gas_method":"exact"},"2025-04":{"txs":10,"uniq":6,"trade":0,"nft":1,"gas":0.00006,"bal":0.017118,"days":6,"spread":0.2,"streak":2,"rank_m":117391,"pct_m":0.124811,"gas_method":"exact"},"2025-05":{"txs":50,"uniq":11,"trade":0,"nft":0,"gas":0.000352,"bal":0.016798,"days":10,"spread":0.322581,"streak":3,"rank_m":45969,"pct_m":0.048874,"gas_method":"estimated"},"2025-06":{"txs":17,"uniq":5,"trade":0,"nft":0,"gas":0.00012,"bal":0.016741,"days":8,"spread":0.266667,"streak":2,"rank_m":143625,"pct_m":0.152704,"gas_method":"estimated"},"2025-07":{"txs":17,"uniq":7,"trade":0,"nft":1,"gas":0.00012,"bal":0.016668,"days":7,"spread":0.225806,"streak":2,"rank_m":116945,"pct_m":0.124337,"gas_method":"estimated"},"2025-08":{"txs":29,"uniq":8,"trade":0,"nft":0,"gas":0.000204,"bal":0.00534,"days":10,"spread":0.322581,"streak":2,"rank_m":187088,"pct_m":0.198914,"gas_method":"estimated"},"2025-09":{"txs":12,"uniq":5,"trade":0,"nft":1,"gas":0.000084,"bal":0.001986,"days":7,"spread":0.233333,"streak":2,"rank_m":253121,"pct_m":0.269122,"gas_method":"estimated"},"2025-10":{"txs":7,"uniq":3,"trade":0,"nft":0,"gas":0.000049,"bal":0.001969,"days":2,"spread":0.064516,"streak":1,"rank_m":282347,"pct_m":0.300195,"gas_method":"estimated"}}}