{"wallet":"0x6792b37e65cc560fd32588818f36e92a9bbcd4c6","rank":208764,"lifetime":{"months_active":13,"first":"2023-07","last":"2025-10","tx_sum":236,"uniq_sum":138,"trade_sum":52,"nft_sum":38,"gas_sum":0.001275,"avg_balance_eth_mean":0.134518,"streak_best_days":2,"gas_sum_filled":0.001275},"months":{"2023-07":{"txs":0,"uniq":0,"trade":0,"nft":0,"gas":0,"bal":0,"days":0,"spread":0,"streak":0,"rank_m":580893,"pct_m":0.617615},"2023-08":{"txs":0,"uniq":0,"trade":0,"nft":0,"gas":0,"bal":0,"days":0,"spread":0,"streak":0,"rank_m":627432,"pct_m":0.667096},"2023-09":{"txs":0,"uniq":0,"trade":0,"nft":0,"gas":0,"bal":0,"days":0,"spread":0,"streak":0,"rank_m":639887,"pct_m":0.680338},"2023-10":{"txs":0,"uniq":0,"trade":0,"nft":0,"gas":0,"bal":0,"days":0,"spread":0,"streak":0,"rank_m":649931,"pct_m":0.691017},"2023-11":{"txs":0,"uniq":0,"trade":0,"nft":0,"gas":0,"bal":0,"days":0,"spread":0,"streak":0,"rank_m":658835,"pct_m":0.700484},"2023-12":{"txs":14,"uniq":7,"trade":2,"nft":1,"gas":0.00016,"bal":0.136476,"days":2,"spread":0.064516,"streak":1,"rank_m":31915,"pct_m":0.033932,"gas_method":"estimated"},"2024-01":{"txs":21,"uniq":11,"trade":0,"nft":1,"gas":0.000405,"bal":0.198814,"days":6,"spread":0.193548,"streak":1,"rank_m":21894,"pct_m":0.023277,"gas_method":"exact"},"2024-02":{"txs":20,"uniq":10,"trade":7,"nft":1,"gas":0.000251,"bal":0.270952,"days":7,"spread":0.241379,"streak":1,"rank_m":24066,"pct_m":0.025586,"gas_method":"exact"},"2024-03":{"txs":22,"uniq":10,"trade":6,"nft":3,"gas":0.000198,"bal":0.309307,"days":8,"spread":0.258065,"streak":1,"rank_m":63014,"pct_m":0.066997,"gas_method":"estimated"},"2024-04":{"txs":16,"uniq":11,"trade":2,"nft":2,"gas":0.000056,"bal":0.102555,"days":7,"spread":0.233333,"streak":1,"rank_m":126335,"pct_m":0.134321,"gas_method":"exact"},"2024-05":{"txs":12,"uniq":6,"trade":0,"nft":0,"gas":0.000004,"bal":0.147462,"days":6,"spread":0.193548,"streak":1,"rank_m":206462,"pct_m":0.219513,"gas_method":"estimated"},"2024-06":{"txs":13,"uniq":8,"trade":2,"nft":3,"gas":0,"bal":0.200362,"days":7,"spread":0.233333,"streak":1,"rank_m":95910,"pct_m":0.101972,"gas_method":"estimated"},"2024-07":{"txs":30,"uniq":18,"trade":7,"nft":5,"gas":0.000003,"bal":0.196917,"days":10,"spread":0.322581,"streak":1,"rank_m":25259,"pct_m":0.026855,"gas_method":"exact"},"2024-08":{"txs":30,"uniq":22,"trade":5,"nft":17,"gas":0.000003,"bal":0.193625,"days":9,"spread":0.290323,"streak":2,"rank_m":19343,"pct_m":0.020565,"gas_method":"exact"},"2024-09":{"txs":25,"uniq":13,"trade":10,"nft":3,"gas":0,"bal":0.300685,"days":9,"spread":0.3,"streak":1,"rank_m":25959,"pct_m":0.027599,"gas_method":"estimated"},"2024-10":{"txs":8,"uniq":6,"trade":0,"nft":2,"gas":0,"bal":0.146093,"days":7,"spread":0.225806,"streak":1,"rank_m":142774,"pct_m":0.151799,"gas_method":"estimated"},"2024-11":{"txs":18,"uniq":10,"trade":11,"nft":0,"gas":0.000041,"bal":0.248895,"days":5,"spread":0.166667,"streak":1,"rank_m":106524,"pct_m":0.113257,"gas_method":"exact"},"2024-12":{"txs":7,"uniq":6,"trade":0,"nft":0,"gas":0.000154,"bal":0.119486,"days":4,"spread":0.129032,"streak":1,"rank_m":303896,"pct_m":0.323107,"gas_method":"exact"},"2025-01":{"txs":0,"uniq":0,"trade":0,"nft":0,"gas":0,"bal":0.119486,"days":0,"spread":0,"streak":0,"rank_m":559635,"pct_m":0.595013},"2025-02":{"txs":0,"uniq":0,"trade":0,"nft":0,"gas":0,"bal":0.119486,"days":0,"spread":0,"streak":0,"rank_m":542980,"pct_m":0.577305},"2025-03":{"txs":0,"uniq":0,"trade":0,"nft":0,"gas":0,"bal":0.119486,"days":0,"spread":0,"streak":0,"rank_m":518235,"pct_m":0.550996},"2025-04":{"txs":0,"uniq":0,"trade":0,"nft":0,"gas":0,"bal":0.119486,"days":0,"spread":0,"streak":0,"rank_m":556235,"pct_m":0.591398},"2025-05":{"txs":0,"uniq":0,"trade":0,"nft":0,"gas":0,"bal":0.119486,"days":0,"spread":0,"streak":0,"rank_m":407325,"pct_m":0.433074},"2025-06":{"txs":0,"uniq":0,"trade":0,"nft":0,"gas":0,"bal":0.119486,"days":0,"spread":0,"streak":0,"rank_m":410574,"pct_m":0.436529},"2025-07":{"txs":0,"uniq":0,"trade":0,"nft":0,"gas":0,"bal":0.119486,"days":0,"spread":0,"streak":0,"rank_m":429485,"pct_m":0.456635},"2025-08":{"txs":0,"uniq":0,"trade":0,"nft":0,"gas":0,"bal":0.119486,"days":0,"spread":0,"streak":0,"rank_m":408444,"pct_m":0.434264},"2025-09":{"txs":0,"uniq":0,"trade":0,"nft":0,"gas":0,"bal":0.119486,"days":0,"spread":0,"streak":0,"rank_m":406048,"pct_m":0.431716},"2025-10":{"txs":0,"uniq":0,"trade":0,"nft":0,"gas":0,"bal":0.119486,"days":0,"spread":0,"streak":0,"rank_m":309685,"pct_m":0.329262}}}