{"wallet":"0x67d43a86eda37f203beb9c9dae1a293bb111c5e9","rank":159136,"lifetime":{"months_active":19,"first":"2023-07","last":"2025-10","tx_sum":228,"uniq_sum":127,"trade_sum":10,"nft_sum":80,"gas_sum":0.007157,"avg_balance_eth_mean":0.007793,"streak_best_days":5,"gas_sum_filled":0.007157},"months":{"2023-07":{"txs":0,"uniq":0,"trade":0,"nft":0,"gas":0,"bal":0,"days":0,"spread":0,"streak":0,"rank_m":579973,"pct_m":0.616637},"2023-08":{"txs":39,"uniq":28,"trade":0,"nft":15,"gas":0.003815,"bal":0.011909,"days":15,"spread":0.483871,"streak":5,"rank_m":15877,"pct_m":0.01688,"gas_method":"exact"},"2023-09":{"txs":2,"uniq":2,"trade":0,"nft":4,"gas":0.00004,"bal":0.011595,"days":2,"spread":0.066667,"streak":1,"rank_m":78034,"pct_m":0.082966,"gas_method":"exact"},"2023-10":{"txs":2,"uniq":2,"trade":0,"nft":3,"gas":0.000045,"bal":0.003471,"days":2,"spread":0.064516,"streak":1,"rank_m":93145,"pct_m":0.099032,"gas_method":"estimated"},"2023-11":{"txs":7,"uniq":6,"trade":0,"nft":3,"gas":0.000274,"bal":0.0051,"days":2,"spread":0.066667,"streak":2,"rank_m":51629,"pct_m":0.054892,"gas_method":"estimated"},"2023-12":{"txs":0,"uniq":0,"trade":0,"nft":0,"gas":0,"bal":0.0051,"days":0,"spread":0,"streak":0,"rank_m":265244,"pct_m":0.282011},"2024-01":{"txs":6,"uniq":2,"trade":0,"nft":2,"gas":0.000134,"bal":0.004835,"days":2,"spread":0.064516,"streak":1,"rank_m":88094,"pct_m":0.093662,"gas_method":"exact"},"2024-02":{"txs":37,"uniq":15,"trade":7,"nft":6,"gas":0.001806,"bal":0.005255,"days":4,"spread":0.137931,"streak":1,"rank_m":38271,"pct_m":0.040689,"gas_method":"exact"},"2024-03":{"txs":6,"uniq":4,"trade":0,"nft":6,"gas":0.000166,"bal":0.014858,"days":4,"spread":0.129032,"streak":1,"rank_m":164253,"pct_m":0.174636,"gas_method":"exact"},"2024-04":{"txs":38,"uniq":16,"trade":0,"nft":14,"gas":0.000271,"bal":0.011627,"days":5,"spread":0.166667,"streak":1,"rank_m":166085,"pct_m":0.176583,"gas_method":"estimated"},"2024-05":{"txs":28,"uniq":12,"trade":0,"nft":7,"gas":0.000066,"bal":0.029093,"days":5,"spread":0.16129,"streak":2,"rank_m":105408,"pct_m":0.112071,"gas_method":"estimated"},"2024-06":{"txs":19,"uniq":11,"trade":0,"nft":7,"gas":0.000002,"bal":0.011085,"days":6,"spread":0.2,"streak":1,"rank_m":140129,"pct_m":0.148987,"gas_method":"estimated"},"2024-07":{"txs":2,"uniq":2,"trade":0,"nft":4,"gas":0.000001,"bal":0.006599,"days":1,"spread":0.032258,"streak":1,"rank_m":344720,"pct_m":0.366511,"gas_method":"estimated"},"2024-08":{"txs":4,"uniq":4,"trade":0,"nft":4,"gas":0.000001,"bal":0.005024,"days":4,"spread":0.129032,"streak":1,"rank_m":298691,"pct_m":0.317573,"gas_method":"estimated"},"2024-09":{"txs":0,"uniq":0,"trade":0,"nft":0,"gas":0,"bal":0.005024,"days":0,"spread":0,"streak":0,"rank_m":520158,"pct_m":0.55304},"2024-10":{"txs":1,"uniq":1,"trade":0,"nft":3,"gas":0,"bal":0.00342,"days":1,"spread":0.032258,"streak":1,"rank_m":405826,"pct_m":0.43148,"gas_method":"estimated"},"2024-11":{"txs":0,"uniq":0,"trade":0,"nft":0,"gas":0,"bal":0.00342,"days":0,"spread":0,"streak":0,"rank_m":591998,"pct_m":0.629422},"2024-12":{"txs":16,"uniq":11,"trade":0,"nft":2,"gas":0.000353,"bal":0.005368,"days":5,"spread":0.16129,"streak":2,"rank_m":204176,"pct_m":0.217083,"gas_method":"exact"},"2025-01":{"txs":1,"uniq":1,"trade":0,"nft":0,"gas":0.000026,"bal":0.013237,"days":1,"spread":0.032258,"streak":1,"rank_m":472572,"pct_m":0.502446,"gas_method":"exact"},"2025-02":{"txs":10,"uniq":6,"trade":2,"nft":0,"gas":0.00007,"bal":0.011123,"days":4,"spread":0.142857,"streak":1,"rank_m":174551,"pct_m":0.185585,"gas_method":"exact"},"2025-03":{"txs":5,"uniq":3,"trade":1,"nft":0,"gas":0.00004,"bal":0.005399,"days":3,"spread":0.096774,"streak":1,"rank_m":270260,"pct_m":0.287344,"gas_method":"exact"},"2025-04":{"txs":1,"uniq":0,"trade":0,"nft":0,"gas":0.000019,"bal":0.004676,"days":1,"spread":0.033333,"streak":1,"rank_m":545065,"pct_m":0.579522,"gas_method":"estimated"},"2025-05":{"txs":0,"uniq":0,"trade":0,"nft":0,"gas":0,"bal":0.004676,"days":0,"spread":0,"streak":0,"rank_m":600169,"pct_m":0.638109},"2025-06":{"txs":0,"uniq":0,"trade":0,"nft":0,"gas":0,"bal":0.004676,"days":0,"spread":0,"streak":0,"rank_m":600947,"pct_m":0.638937},"2025-07":{"txs":0,"uniq":0,"trade":0,"nft":0,"gas":0,"bal":0.004676,"days":0,"spread":0,"streak":0,"rank_m":619473,"pct_m":0.658634},"2025-08":{"txs":0,"uniq":0,"trade":0,"nft":0,"gas":0,"bal":0.004676,"days":0,"spread":0,"streak":0,"rank_m":601552,"pct_m":0.63958},"2025-09":{"txs":4,"uniq":1,"trade":0,"nft":0,"gas":0.000028,"bal":0.011138,"days":1,"spread":0.033333,"streak":1,"rank_m":330441,"pct_m":0.35133,"gas_method":"estimated"},"2025-10":{"txs":0,"uniq":0,"trade":0,"nft":0,"gas":0,"bal":0.011138,"days":0,"spread":0,"streak":0,"rank_m":425384,"pct_m":0.452275}}}