{"wallet":"0x678d15a1065b40a232d08174f3c8772da83dfe0c","rank":70592,"lifetime":{"months_active":24,"first":"2023-07","last":"2025-10","tx_sum":397,"uniq_sum":220,"trade_sum":11,"nft_sum":70,"gas_sum":0.002175,"avg_balance_eth_mean":0.026801,"streak_best_days":7,"gas_sum_filled":0.002175},"months":{"2023-07":{"txs":3,"uniq":2,"trade":0,"nft":1,"gas":0.000161,"bal":0.000168,"days":1,"spread":0.032258,"streak":1,"rank_m":28409,"pct_m":0.030204,"gas_method":"exact"},"2023-08":{"txs":1,"uniq":3,"trade":0,"nft":1,"gas":0.000077,"bal":0.001119,"days":1,"spread":0.032258,"streak":1,"rank_m":141025,"pct_m":0.149939,"gas_method":"exact"},"2023-09":{"txs":3,"uniq":2,"trade":0,"nft":4,"gas":0.000092,"bal":0.002023,"days":2,"spread":0.066667,"streak":1,"rank_m":99918,"pct_m":0.106234,"gas_method":"estimated"},"2023-10":{"txs":17,"uniq":5,"trade":0,"nft":2,"gas":0.000015,"bal":0.008559,"days":6,"spread":0.193548,"streak":1,"rank_m":41623,"pct_m":0.044253,"gas_method":"exact"},"2023-11":{"txs":7,"uniq":5,"trade":0,"nft":0,"gas":0.000099,"bal":0.0113,"days":2,"spread":0.066667,"streak":2,"rank_m":56864,"pct_m":0.060458,"gas_method":"estimated"},"2023-12":{"txs":6,"uniq":3,"trade":0,"nft":2,"gas":0.00021,"bal":0.011375,"days":4,"spread":0.129032,"streak":1,"rank_m":48930,"pct_m":0.052022,"gas_method":"exact"},"2024-01":{"txs":1,"uniq":1,"trade":0,"nft":1,"gas":0.000025,"bal":0.01081,"days":1,"spread":0.032258,"streak":1,"rank_m":132424,"pct_m":0.140795,"gas_method":"estimated"},"2024-02":{"txs":1,"uniq":1,"trade":0,"nft":1,"gas":0.000014,"bal":0.010898,"days":1,"spread":0.034483,"streak":1,"rank_m":191280,"pct_m":0.203371,"gas_method":"estimated"},"2024-03":{"txs":17,"uniq":9,"trade":0,"nft":6,"gas":0.000137,"bal":0.009746,"days":3,"spread":0.096774,"streak":1,"rank_m":141006,"pct_m":0.149919,"gas_method":"exact"},"2024-04":{"txs":9,"uniq":4,"trade":0,"nft":2,"gas":0.000023,"bal":0.010353,"days":3,"spread":0.1,"streak":1,"rank_m":303044,"pct_m":0.322201,"gas_method":"estimated"},"2024-05":{"txs":17,"uniq":11,"trade":1,"nft":1,"gas":0.000014,"bal":0.01137,"days":1,"spread":0.032258,"streak":1,"rank_m":224629,"pct_m":0.238829,"gas_method":"estimated"},"2024-06":{"txs":26,"uniq":19,"trade":1,"nft":5,"gas":0.000001,"bal":0.011636,"days":6,"spread":0.2,"streak":4,"rank_m":72755,"pct_m":0.077353,"gas_method":"estimated"},"2024-07":{"txs":42,"uniq":22,"trade":1,"nft":3,"gas":0.000005,"bal":0.011402,"days":3,"spread":0.096774,"streak":1,"rank_m":106529,"pct_m":0.113262,"gas_method":"estimated"},"2024-08":{"txs":31,"uniq":18,"trade":1,"nft":5,"gas":0.000003,"bal":0.109765,"days":8,"spread":0.258065,"streak":2,"rank_m":38012,"pct_m":0.040414,"gas_method":"estimated"},"2024-09":{"txs":35,"uniq":28,"trade":2,"nft":18,"gas":0.000002,"bal":0.009409,"days":5,"spread":0.166667,"streak":2,"rank_m":51414,"pct_m":0.054663,"gas_method":"estimated"},"2024-10":{"txs":45,"uniq":29,"trade":1,"nft":17,"gas":0.000003,"bal":0.065062,"days":7,"spread":0.225806,"streak":2,"rank_m":36528,"pct_m":0.038836,"gas_method":"estimated"},"2024-11":{"txs":31,"uniq":16,"trade":4,"nft":0,"gas":0.000071,"bal":0.28039,"days":3,"spread":0.1,"streak":1,"rank_m":93178,"pct_m":0.099067,"gas_method":"exact"},"2024-12":{"txs":22,"uniq":9,"trade":0,"nft":0,"gas":0.000485,"bal":0.057869,"days":3,"spread":0.096774,"streak":1,"rank_m":227152,"pct_m":0.241511,"gas_method":"exact"},"2025-01":{"txs":16,"uniq":12,"trade":0,"nft":0,"gas":0.000364,"bal":0.030422,"days":6,"spread":0.193548,"streak":2,"rank_m":151000,"pct_m":0.160545,"gas_method":"exact"},"2025-02":{"txs":10,"uniq":8,"trade":0,"nft":0,"gas":0.00007,"bal":0.0493,"days":2,"spread":0.071429,"streak":1,"rank_m":206688,"pct_m":0.219753,"gas_method":"exact"},"2025-03":{"txs":25,"uniq":7,"trade":0,"nft":0,"gas":0.000103,"bal":0.009858,"days":2,"spread":0.064516,"streak":1,"rank_m":205165,"pct_m":0.218134,"gas_method":"exact"},"2025-04":{"txs":6,"uniq":3,"trade":0,"nft":0,"gas":0.000018,"bal":0.001373,"days":1,"spread":0.033333,"streak":1,"rank_m":433267,"pct_m":0.460656,"gas_method":"exact"},"2025-05":{"txs":0,"uniq":0,"trade":0,"nft":0,"gas":0,"bal":0.001373,"days":0,"spread":0,"streak":0,"rank_m":685731,"pct_m":0.72908},"2025-06":{"txs":0,"uniq":0,"trade":0,"nft":0,"gas":0,"bal":0.001373,"days":0,"spread":0,"streak":0,"rank_m":687882,"pct_m":0.731367},"2025-07":{"txs":1,"uniq":1,"trade":0,"nft":1,"gas":0.000007,"bal":0.006051,"days":1,"spread":0.032258,"streak":1,"rank_m":377197,"pct_m":0.401042,"gas_method":"estimated"},"2025-08":{"txs":0,"uniq":0,"trade":0,"nft":0,"gas":0,"bal":0.006051,"days":0,"spread":0,"streak":0,"rank_m":578447,"pct_m":0.615014},"2025-09":{"txs":25,"uniq":2,"trade":0,"nft":0,"gas":0.000176,"bal":0.005683,"days":7,"spread":0.233333,"streak":7,"rank_m":211595,"pct_m":0.224971,"gas_method":"estimated"},"2025-10":{"txs":0,"uniq":0,"trade":0,"nft":0,"gas":0,"bal":0.005683,"days":0,"spread":0,"streak":0,"rank_m":487553,"pct_m":0.518374}}}