{"wallet":"0x6796e4bf4056c9dfd6b6366c60a9dd5c35d9d636","rank":180524,"lifetime":{"months_active":19,"first":"2023-07","last":"2025-10","tx_sum":447,"uniq_sum":139,"trade_sum":13,"nft_sum":64,"gas_sum":0.002594,"avg_balance_eth_mean":0.001695,"streak_best_days":9,"gas_sum_filled":0.002594},"months":{"2023-07":{"txs":0,"uniq":0,"trade":0,"nft":0,"gas":0,"bal":0,"days":0,"spread":0,"streak":0,"rank_m":580832,"pct_m":0.61755},"2023-08":{"txs":0,"uniq":0,"trade":0,"nft":0,"gas":0,"bal":0,"days":0,"spread":0,"streak":0,"rank_m":627379,"pct_m":0.66704},"2023-09":{"txs":0,"uniq":0,"trade":0,"nft":0,"gas":0,"bal":0,"days":0,"spread":0,"streak":0,"rank_m":639837,"pct_m":0.680285},"2023-10":{"txs":0,"uniq":0,"trade":0,"nft":0,"gas":0,"bal":0,"days":0,"spread":0,"streak":0,"rank_m":649883,"pct_m":0.690966},"2023-11":{"txs":0,"uniq":0,"trade":0,"nft":0,"gas":0,"bal":0,"days":0,"spread":0,"streak":0,"rank_m":658787,"pct_m":0.700433},"2023-12":{"txs":0,"uniq":0,"trade":0,"nft":0,"gas":0,"bal":0,"days":0,"spread":0,"streak":0,"rank_m":669555,"pct_m":0.711882},"2024-01":{"txs":1,"uniq":0,"trade":0,"nft":0,"gas":0.000019,"bal":0.000428,"days":1,"spread":0.032258,"streak":1,"rank_m":202314,"pct_m":0.215103,"gas_method":"estimated"},"2024-02":{"txs":1,"uniq":1,"trade":0,"nft":0,"gas":0.000011,"bal":0.000891,"days":1,"spread":0.034483,"streak":1,"rank_m":263068,"pct_m":0.279698,"gas_method":"estimated"},"2024-03":{"txs":12,"uniq":8,"trade":0,"nft":5,"gas":0.000192,"bal":0.001441,"days":5,"spread":0.16129,"streak":3,"rank_m":180712,"pct_m":0.192135,"gas_method":"estimated"},"2024-04":{"txs":49,"uniq":16,"trade":0,"nft":6,"gas":0.000097,"bal":0.003017,"days":8,"spread":0.266667,"streak":4,"rank_m":161022,"pct_m":0.1712,"gas_method":"estimated"},"2024-05":{"txs":2,"uniq":2,"trade":0,"nft":1,"gas":0.000001,"bal":0.001925,"days":1,"spread":0.032258,"streak":1,"rank_m":425957,"pct_m":0.452884,"gas_method":"estimated"},"2024-06":{"txs":0,"uniq":0,"trade":0,"nft":0,"gas":0,"bal":0.001925,"days":0,"spread":0,"streak":0,"rank_m":539343,"pct_m":0.573438},"2024-07":{"txs":26,"uniq":19,"trade":0,"nft":17,"gas":0.000003,"bal":0.002914,"days":8,"spread":0.258065,"streak":2,"rank_m":124159,"pct_m":0.132007,"gas_method":"estimated"},"2024-08":{"txs":32,"uniq":19,"trade":0,"nft":21,"gas":0.000005,"bal":0.000169,"days":14,"spread":0.451613,"streak":4,"rank_m":110535,"pct_m":0.117522,"gas_method":"exact"},"2024-09":{"txs":43,"uniq":12,"trade":0,"nft":7,"gas":0.000001,"bal":0.000184,"days":16,"spread":0.533333,"streak":9,"rank_m":175880,"pct_m":0.186998,"gas_method":"estimated"},"2024-10":{"txs":9,"uniq":6,"trade":0,"nft":3,"gas":0,"bal":0.000097,"days":5,"spread":0.16129,"streak":2,"rank_m":369672,"pct_m":0.393041,"gas_method":"estimated"},"2024-11":{"txs":0,"uniq":0,"trade":0,"nft":0,"gas":0,"bal":0.000097,"days":0,"spread":0,"streak":0,"rank_m":714840,"pct_m":0.76003},"2024-12":{"txs":8,"uniq":5,"trade":0,"nft":1,"gas":0.000154,"bal":0.000226,"days":7,"spread":0.225806,"streak":2,"rank_m":355030,"pct_m":0.377473,"gas_method":"exact"},"2025-01":{"txs":15,"uniq":1,"trade":0,"nft":0,"gas":0.00039,"bal":0.000936,"days":15,"spread":0.483871,"streak":9,"rank_m":258880,"pct_m":0.275245,"gas_method":"exact"},"2025-02":{"txs":9,"uniq":4,"trade":0,"nft":0,"gas":0.000042,"bal":0.009668,"days":4,"spread":0.142857,"streak":2,"rank_m":229550,"pct_m":0.244061,"gas_method":"exact"},"2025-03":{"txs":10,"uniq":7,"trade":6,"nft":0,"gas":0.000063,"bal":0.000463,"days":6,"spread":0.193548,"streak":2,"rank_m":222736,"pct_m":0.236816,"gas_method":"exact"},"2025-04":{"txs":3,"uniq":3,"trade":1,"nft":0,"gas":0.000018,"bal":0.000736,"days":2,"spread":0.066667,"streak":1,"rank_m":396300,"pct_m":0.421352,"gas_method":"exact"},"2025-05":{"txs":1,"uniq":1,"trade":0,"nft":0,"gas":0.000007,"bal":0.0004,"days":1,"spread":0.032258,"streak":1,"rank_m":590972,"pct_m":0.628331,"gas_method":"estimated"},"2025-06":{"txs":0,"uniq":0,"trade":0,"nft":0,"gas":0,"bal":0.0004,"days":0,"spread":0,"streak":0,"rank_m":764945,"pct_m":0.813302},"2025-07":{"txs":3,"uniq":3,"trade":0,"nft":0,"gas":0.000021,"bal":0.003029,"days":1,"spread":0.032258,"streak":1,"rank_m":450310,"pct_m":0.478777,"gas_method":"estimated"},"2025-08":{"txs":68,"uniq":10,"trade":3,"nft":0,"gas":0.000479,"bal":0.011333,"days":8,"spread":0.258065,"streak":2,"rank_m":50677,"pct_m":0.05388,"gas_method":"estimated"},"2025-09":{"txs":103,"uniq":16,"trade":3,"nft":0,"gas":0.000725,"bal":0.005827,"days":11,"spread":0.366667,"streak":3,"rank_m":47236,"pct_m":0.050221,"gas_method":"estimated"},"2025-10":{"txs":52,"uniq":6,"trade":0,"nft":3,"gas":0.000366,"bal":0.00135,"days":7,"spread":0.225806,"streak":3,"rank_m":113200,"pct_m":0.120355,"gas_method":"estimated"}}}