{"wallet":"0x675587d3732be232a1238386e1482d45468cab02","rank":66689,"lifetime":{"months_active":25,"first":"2023-07","last":"2025-10","tx_sum":462,"uniq_sum":182,"trade_sum":7,"nft_sum":57,"gas_sum":0.003398,"avg_balance_eth_mean":0.006824,"streak_best_days":36,"gas_sum_filled":0.003398},"months":{"2023-07":{"txs":0,"uniq":0,"trade":0,"nft":0,"gas":0,"bal":0,"days":0,"spread":0,"streak":0,"rank_m":581714,"pct_m":0.618488},"2023-08":{"txs":0,"uniq":0,"trade":0,"nft":0,"gas":0,"bal":0,"days":0,"spread":0,"streak":0,"rank_m":628144,"pct_m":0.667853},"2023-09":{"txs":0,"uniq":0,"trade":0,"nft":0,"gas":0,"bal":0,"days":0,"spread":0,"streak":0,"rank_m":640565,"pct_m":0.681059},"2023-10":{"txs":2,"uniq":2,"trade":0,"nft":1,"gas":0.000016,"bal":0.00053,"days":1,"spread":0.032258,"streak":1,"rank_m":135092,"pct_m":0.143631,"gas_method":"estimated"},"2023-11":{"txs":1,"uniq":1,"trade":0,"nft":0,"gas":0.000014,"bal":0.001179,"days":1,"spread":0.033333,"streak":1,"rank_m":151062,"pct_m":0.160611,"gas_method":"estimated"},"2023-12":{"txs":1,"uniq":1,"trade":0,"nft":1,"gas":0.000026,"bal":0.001068,"days":1,"spread":0.032258,"streak":1,"rank_m":164306,"pct_m":0.174692,"gas_method":"estimated"},"2024-01":{"txs":2,"uniq":2,"trade":0,"nft":1,"gas":0.000058,"bal":0.000929,"days":2,"spread":0.064516,"streak":1,"rank_m":131121,"pct_m":0.139409,"gas_method":"exact"},"2024-02":{"txs":1,"uniq":1,"trade":0,"nft":0,"gas":0.000014,"bal":0.000683,"days":1,"spread":0.034483,"streak":1,"rank_m":267187,"pct_m":0.284077,"gas_method":"estimated"},"2024-03":{"txs":25,"uniq":12,"trade":2,"nft":0,"gas":0.000512,"bal":0.002857,"days":3,"spread":0.096774,"streak":1,"rank_m":164583,"pct_m":0.174987,"gas_method":"estimated"},"2024-04":{"txs":5,"uniq":4,"trade":0,"nft":2,"gas":0.000013,"bal":0.010342,"days":3,"spread":0.1,"streak":1,"rank_m":314679,"pct_m":0.334571,"gas_method":"estimated"},"2024-05":{"txs":2,"uniq":2,"trade":0,"nft":1,"gas":0.000002,"bal":0.009046,"days":2,"spread":0.064516,"streak":2,"rank_m":332323,"pct_m":0.353331,"gas_method":"estimated"},"2024-06":{"txs":4,"uniq":4,"trade":0,"nft":3,"gas":0,"bal":0.005519,"days":2,"spread":0.066667,"streak":1,"rank_m":323572,"pct_m":0.344026,"gas_method":"estimated"},"2024-07":{"txs":19,"uniq":14,"trade":0,"nft":12,"gas":0.000002,"bal":0.003495,"days":4,"spread":0.129032,"streak":1,"rank_m":189979,"pct_m":0.201988,"gas_method":"estimated"},"2024-08":{"txs":12,"uniq":11,"trade":0,"nft":9,"gas":0.000001,"bal":0.000173,"days":5,"spread":0.16129,"streak":2,"rank_m":321584,"pct_m":0.341913,"gas_method":"estimated"},"2024-09":{"txs":11,"uniq":8,"trade":1,"nft":2,"gas":0,"bal":0.008671,"days":3,"spread":0.1,"streak":1,"rank_m":153094,"pct_m":0.162771,"gas_method":"estimated"},"2024-10":{"txs":59,"uniq":20,"trade":0,"nft":17,"gas":0.000004,"bal":0.011343,"days":11,"spread":0.354839,"streak":3,"rank_m":51165,"pct_m":0.054398,"gas_method":"estimated"},"2024-11":{"txs":59,"uniq":22,"trade":0,"nft":2,"gas":0.000136,"bal":0.009415,"days":12,"spread":0.4,"streak":4,"rank_m":48037,"pct_m":0.051073,"gas_method":"exact"},"2024-12":{"txs":14,"uniq":11,"trade":0,"nft":0,"gas":0.000287,"bal":0.007099,"days":6,"spread":0.193548,"streak":3,"rank_m":221893,"pct_m":0.23592,"gas_method":"exact"},"2025-01":{"txs":31,"uniq":12,"trade":0,"nft":1,"gas":0.000805,"bal":0.005409,"days":5,"spread":0.16129,"streak":1,"rank_m":167674,"pct_m":0.178273,"gas_method":"exact"},"2025-02":{"txs":10,"uniq":8,"trade":0,"nft":0,"gas":0.000063,"bal":0.013505,"days":5,"spread":0.178571,"streak":1,"rank_m":191046,"pct_m":0.203122,"gas_method":"exact"},"2025-03":{"txs":16,"uniq":11,"trade":4,"nft":0,"gas":0.000126,"bal":0.013734,"days":3,"spread":0.096774,"streak":2,"rank_m":96920,"pct_m":0.103046,"gas_method":"exact"},"2025-04":{"txs":4,"uniq":4,"trade":0,"nft":0,"gas":0.000024,"bal":0.006373,"days":2,"spread":0.066667,"streak":2,"rank_m":307728,"pct_m":0.327181,"gas_method":"exact"},"2025-05":{"txs":1,"uniq":1,"trade":0,"nft":1,"gas":0.000007,"bal":0.006102,"days":1,"spread":0.032258,"streak":1,"rank_m":322921,"pct_m":0.343334,"gas_method":"estimated"},"2025-06":{"txs":5,"uniq":1,"trade":0,"nft":0,"gas":0.000035,"bal":0.009825,"days":3,"spread":0.1,"streak":1,"rank_m":308295,"pct_m":0.327784,"gas_method":"estimated"},"2025-07":{"txs":8,"uniq":6,"trade":0,"nft":0,"gas":0.000056,"bal":0.013141,"days":3,"spread":0.096774,"streak":1,"rank_m":248737,"pct_m":0.264461,"gas_method":"estimated"},"2025-08":{"txs":68,"uniq":9,"trade":0,"nft":2,"gas":0.000479,"bal":0.016922,"days":29,"spread":0.935484,"streak":17,"rank_m":18498,"pct_m":0.019666,"gas_method":"estimated"},"2025-09":{"txs":71,"uniq":10,"trade":0,"nft":2,"gas":0.0005,"bal":0.016749,"days":29,"spread":0.966667,"streak":24,"rank_m":15113,"pct_m":0.016067,"gas_method":"estimated"},"2025-10":{"txs":31,"uniq":5,"trade":0,"nft":0,"gas":0.000218,"bal":0.016951,"days":14,"spread":0.451613,"streak":8,"rank_m":33273,"pct_m":0.035375,"gas_method":"estimated"}}}