{"wallet":"0x675aa1027c104c605ff7ad4aa9197c29df85d660","rank":67382,"lifetime":{"months_active":28,"first":"2023-07","last":"2025-10","tx_sum":1071,"uniq_sum":491,"trade_sum":36,"nft_sum":200,"gas_sum":0.009356,"avg_balance_eth_mean":0.003905,"streak_best_days":0,"gas_sum_filled":0.009356},"months":{"2023-07":{"txs":1,"uniq":0,"trade":0,"nft":0,"gas":0.000089,"bal":0.002,"days":1,"spread":0.032258,"streak":0,"rank_m":93436,"pct_m":0.099342,"gas_method":"estimated"},"2023-08":{"txs":38,"uniq":21,"trade":0,"nft":12,"gas":0.002485,"bal":0.003894,"days":15,"spread":0.483871,"streak":0,"rank_m":96804,"pct_m":0.102923,"gas_method":"exact"},"2023-09":{"txs":8,"uniq":7,"trade":0,"nft":6,"gas":0.000258,"bal":0.001841,"days":4,"spread":0.133333,"streak":0,"rank_m":123868,"pct_m":0.131698,"gas_method":"exact"},"2023-10":{"txs":9,"uniq":9,"trade":0,"nft":4,"gas":0.000084,"bal":0.002283,"days":6,"spread":0.193548,"streak":0,"rank_m":112653,"pct_m":0.119774,"gas_method":"exact"},"2023-11":{"txs":11,"uniq":7,"trade":0,"nft":2,"gas":0.000425,"bal":0.002135,"days":6,"spread":0.2,"streak":0,"rank_m":106464,"pct_m":0.113193,"gas_method":"exact"},"2023-12":{"txs":8,"uniq":6,"trade":1,"nft":5,"gas":0.00018,"bal":0.001432,"days":5,"spread":0.16129,"streak":0,"rank_m":141584,"pct_m":0.150534,"gas_method":"estimated"},"2024-01":{"txs":4,"uniq":3,"trade":0,"nft":2,"gas":0.000084,"bal":0.001345,"days":3,"spread":0.096774,"streak":0,"rank_m":181713,"pct_m":0.193199,"gas_method":"estimated"},"2024-02":{"txs":32,"uniq":19,"trade":0,"nft":7,"gas":0.000214,"bal":0.001907,"days":11,"spread":0.37931,"streak":0,"rank_m":108640,"pct_m":0.115507,"gas_method":"exact"},"2024-03":{"txs":48,"uniq":25,"trade":0,"nft":11,"gas":0.000525,"bal":0.002478,"days":16,"spread":0.516129,"streak":0,"rank_m":120787,"pct_m":0.128422,"gas_method":"exact"},"2024-04":{"txs":64,"uniq":22,"trade":0,"nft":10,"gas":0.00014,"bal":0.001368,"days":18,"spread":0.6,"streak":0,"rank_m":232715,"pct_m":0.247426,"gas_method":"estimated"},"2024-05":{"txs":29,"uniq":15,"trade":0,"nft":7,"gas":0.000046,"bal":0.00156,"days":11,"spread":0.354839,"streak":0,"rank_m":197750,"pct_m":0.21025,"gas_method":"exact"},"2024-06":{"txs":34,"uniq":23,"trade":2,"nft":7,"gas":0.000001,"bal":0.000993,"days":10,"spread":0.333333,"streak":0,"rank_m":166343,"pct_m":0.176858,"gas_method":"exact"},"2024-07":{"txs":26,"uniq":15,"trade":0,"nft":11,"gas":0.000003,"bal":0.003364,"days":11,"spread":0.354839,"streak":0,"rank_m":199797,"pct_m":0.212427,"gas_method":"estimated"},"2024-08":{"txs":74,"uniq":60,"trade":0,"nft":60,"gas":0.000001,"bal":0.004068,"days":22,"spread":0.709677,"streak":0,"rank_m":91797,"pct_m":0.097599,"gas_method":"exact"},"2024-09":{"txs":18,"uniq":14,"trade":0,"nft":14,"gas":0.000001,"bal":0.007515,"days":9,"spread":0.3,"streak":0,"rank_m":118280,"pct_m":0.125756,"gas_method":"exact"},"2024-10":{"txs":46,"uniq":27,"trade":1,"nft":12,"gas":0.000003,"bal":0.006518,"days":18,"spread":0.580645,"streak":0,"rank_m":125328,"pct_m":0.13325,"gas_method":"estimated"},"2024-11":{"txs":64,"uniq":27,"trade":6,"nft":12,"gas":0.000143,"bal":0.008033,"days":23,"spread":0.766667,"streak":0,"rank_m":88648,"pct_m":0.094251,"gas_method":"exact"},"2024-12":{"txs":78,"uniq":39,"trade":13,"nft":5,"gas":0.001588,"bal":0.005526,"days":20,"spread":0.645161,"streak":0,"rank_m":104417,"pct_m":0.111017,"gas_method":"exact"},"2025-01":{"txs":42,"uniq":25,"trade":5,"nft":3,"gas":0.000001,"bal":0.004197,"days":17,"spread":0.548387,"streak":0,"rank_m":207208,"pct_m":0.220306,"gas_method":"exact"},"2025-02":{"txs":13,"uniq":9,"trade":1,"nft":0,"gas":0.000091,"bal":0.002885,"days":9,"spread":0.321429,"streak":0,"rank_m":211519,"pct_m":0.22489,"gas_method":"exact"},"2025-03":{"txs":68,"uniq":27,"trade":2,"nft":3,"gas":0.000529,"bal":0.006771,"days":14,"spread":0.451613,"streak":0,"rank_m":89436,"pct_m":0.095089,"gas_method":"exact"},"2025-04":{"txs":16,"uniq":8,"trade":0,"nft":0,"gas":0.000072,"bal":0.001743,"days":10,"spread":0.333333,"streak":0,"rank_m":247918,"pct_m":0.26359,"gas_method":"exact"},"2025-05":{"txs":23,"uniq":13,"trade":0,"nft":0,"gas":0.000162,"bal":0.001282,"days":5,"spread":0.16129,"streak":0,"rank_m":334209,"pct_m":0.355336,"gas_method":"estimated"},"2025-06":{"txs":87,"uniq":25,"trade":3,"nft":2,"gas":0.000612,"bal":0.009408,"days":17,"spread":0.566667,"streak":0,"rank_m":77036,"pct_m":0.081905,"gas_method":"estimated"},"2025-07":{"txs":66,"uniq":14,"trade":1,"nft":0,"gas":0.000465,"bal":0.006364,"days":17,"spread":0.548387,"streak":0,"rank_m":127472,"pct_m":0.135529,"gas_method":"estimated"},"2025-08":{"txs":53,"uniq":15,"trade":1,"nft":3,"gas":0.000373,"bal":0.007139,"days":18,"spread":0.580645,"streak":0,"rank_m":108138,"pct_m":0.114973,"gas_method":"estimated"},"2025-09":{"txs":89,"uniq":11,"trade":0,"nft":1,"gas":0.000626,"bal":0.006119,"days":19,"spread":0.633333,"streak":0,"rank_m":122707,"pct_m":0.130463,"gas_method":"estimated"},"2025-10":{"txs":22,"uniq":5,"trade":0,"nft":1,"gas":0.000155,"bal":0.005171,"days":7,"spread":0.225806,"streak":0,"rank_m":159025,"pct_m":0.169077,"gas_method":"estimated"}}}