{"wallet":"0x67a753ba87a78ab82d7487b6564c537d14332b7c","rank":73978,"lifetime":{"months_active":21,"first":"2023-07","last":"2025-10","tx_sum":436,"uniq_sum":240,"trade_sum":13,"nft_sum":57,"gas_sum":0.001948,"avg_balance_eth_mean":0.022782,"streak_best_days":11,"gas_sum_filled":0.001948},"months":{"2023-07":{"txs":0,"uniq":0,"trade":0,"nft":0,"gas":0,"bal":0,"days":0,"spread":0,"streak":0,"rank_m":580614,"pct_m":0.617318},"2023-08":{"txs":0,"uniq":0,"trade":0,"nft":0,"gas":0,"bal":0,"days":0,"spread":0,"streak":0,"rank_m":627188,"pct_m":0.666836},"2023-09":{"txs":0,"uniq":0,"trade":0,"nft":0,"gas":0,"bal":0,"days":0,"spread":0,"streak":0,"rank_m":639650,"pct_m":0.680086},"2023-10":{"txs":0,"uniq":0,"trade":0,"nft":0,"gas":0,"bal":0,"days":0,"spread":0,"streak":0,"rank_m":649701,"pct_m":0.690773},"2023-11":{"txs":0,"uniq":0,"trade":0,"nft":0,"gas":0,"bal":0,"days":0,"spread":0,"streak":0,"rank_m":658610,"pct_m":0.700245},"2023-12":{"txs":0,"uniq":0,"trade":0,"nft":0,"gas":0,"bal":0,"days":0,"spread":0,"streak":0,"rank_m":669379,"pct_m":0.711695},"2024-01":{"txs":2,"uniq":1,"trade":0,"nft":1,"gas":0.000044,"bal":0.000264,"days":1,"spread":0.032258,"streak":1,"rank_m":183774,"pct_m":0.195391,"gas_method":"estimated"},"2024-02":{"txs":5,"uniq":4,"trade":0,"nft":4,"gas":0.000062,"bal":0.001626,"days":3,"spread":0.103448,"streak":2,"rank_m":146379,"pct_m":0.155632,"gas_method":"estimated"},"2024-03":{"txs":12,"uniq":8,"trade":2,"nft":3,"gas":0.000088,"bal":0.001104,"days":4,"spread":0.129032,"streak":2,"rank_m":154293,"pct_m":0.164046,"gas_method":"exact"},"2024-04":{"txs":39,"uniq":16,"trade":0,"nft":11,"gas":0.00009,"bal":0.001366,"days":5,"spread":0.166667,"streak":2,"rank_m":229764,"pct_m":0.244288,"gas_method":"estimated"},"2024-05":{"txs":50,"uniq":26,"trade":2,"nft":5,"gas":0.000029,"bal":0.012422,"days":10,"spread":0.322581,"streak":3,"rank_m":33481,"pct_m":0.035597,"gas_method":"exact"},"2024-06":{"txs":78,"uniq":31,"trade":8,"nft":11,"gas":0.000004,"bal":0.006465,"days":23,"spread":0.766667,"streak":8,"rank_m":13530,"pct_m":0.014384,"gas_method":"exact"},"2024-07":{"txs":8,"uniq":8,"trade":0,"nft":3,"gas":0.000001,"bal":0.000825,"days":7,"spread":0.225806,"streak":2,"rank_m":266040,"pct_m":0.282857,"gas_method":"estimated"},"2024-08":{"txs":58,"uniq":25,"trade":0,"nft":12,"gas":0.000005,"bal":0.002896,"days":7,"spread":0.225806,"streak":2,"rank_m":129631,"pct_m":0.137825,"gas_method":"estimated"},"2024-09":{"txs":6,"uniq":4,"trade":0,"nft":3,"gas":0,"bal":0.00379,"days":3,"spread":0.1,"streak":2,"rank_m":227489,"pct_m":0.241869,"gas_method":"estimated"},"2024-10":{"txs":11,"uniq":4,"trade":0,"nft":1,"gas":0.000001,"bal":0.001422,"days":3,"spread":0.096774,"streak":1,"rank_m":361553,"pct_m":0.384409,"gas_method":"estimated"},"2024-11":{"txs":0,"uniq":0,"trade":0,"nft":0,"gas":0,"bal":0.001422,"days":0,"spread":0,"streak":0,"rank_m":619045,"pct_m":0.658179},"2024-12":{"txs":21,"uniq":15,"trade":0,"nft":0,"gas":0.000463,"bal":0.009998,"days":4,"spread":0.129032,"streak":2,"rank_m":196020,"pct_m":0.208411,"gas_method":"exact"},"2025-01":{"txs":9,"uniq":7,"trade":0,"nft":0,"gas":0.000208,"bal":0.007249,"days":3,"spread":0.096774,"streak":1,"rank_m":312170,"pct_m":0.331904,"gas_method":"exact"},"2025-02":{"txs":3,"uniq":3,"trade":0,"nft":0,"gas":0.000021,"bal":0.005671,"days":1,"spread":0.035714,"streak":1,"rank_m":402135,"pct_m":0.427556,"gas_method":"exact"},"2025-03":{"txs":1,"uniq":1,"trade":0,"nft":0,"gas":0.000008,"bal":0.004478,"days":1,"spread":0.032258,"streak":1,"rank_m":438749,"pct_m":0.466485,"gas_method":"exact"},"2025-04":{"txs":11,"uniq":9,"trade":0,"nft":0,"gas":0.000066,"bal":0.004407,"days":2,"spread":0.066667,"streak":2,"rank_m":202063,"pct_m":0.214836,"gas_method":"exact"},"2025-05":{"txs":16,"uniq":11,"trade":0,"nft":0,"gas":0.000113,"bal":0.004121,"days":4,"spread":0.129032,"streak":3,"rank_m":161569,"pct_m":0.171782,"gas_method":"estimated"},"2025-06":{"txs":34,"uniq":22,"trade":0,"nft":0,"gas":0.000239,"bal":0.004077,"days":8,"spread":0.266667,"streak":2,"rank_m":186918,"pct_m":0.198733,"gas_method":"estimated"},"2025-07":{"txs":13,"uniq":7,"trade":0,"nft":0,"gas":0.000091,"bal":0.161348,"days":5,"spread":0.16129,"streak":2,"rank_m":96070,"pct_m":0.102142,"gas_method":"estimated"},"2025-08":{"txs":33,"uniq":19,"trade":1,"nft":0,"gas":0.000232,"bal":0.054352,"days":3,"spread":0.096774,"streak":2,"rank_m":42161,"pct_m":0.044825,"gas_method":"estimated"},"2025-09":{"txs":23,"uniq":17,"trade":0,"nft":2,"gas":0.000162,"bal":0.147297,"days":2,"spread":0.066667,"streak":2,"rank_m":50011,"pct_m":0.053172,"gas_method":"estimated"},"2025-10":{"txs":3,"uniq":2,"trade":0,"nft":1,"gas":0.000021,"bal":0.201296,"days":2,"spread":0.064516,"streak":1,"rank_m":85806,"pct_m":0.091229,"gas_method":"estimated"}}}