{"wallet":"0x6739b4f9ccc5e712494fd8e8992e5dbff587c945","rank":345818,"lifetime":{"months_active":26,"first":"2023-07","last":"2025-10","tx_sum":242,"uniq_sum":94,"trade_sum":4,"nft_sum":26,"gas_sum":0.00184,"avg_balance_eth_mean":0.004191,"streak_best_days":3,"gas_sum_filled":0.00184},"months":{"2023-07":{"txs":0,"uniq":0,"trade":0,"nft":0,"gas":0,"bal":0,"days":0,"spread":0,"streak":0,"rank_m":582094,"pct_m":0.618892},"2023-08":{"txs":0,"uniq":0,"trade":0,"nft":0,"gas":0,"bal":0,"days":0,"spread":0,"streak":0,"rank_m":628480,"pct_m":0.66821},"2023-09":{"txs":6,"uniq":5,"trade":0,"nft":3,"gas":0.000162,"bal":0.001709,"days":4,"spread":0.133333,"streak":2,"rank_m":73511,"pct_m":0.078157,"gas_method":"estimated"},"2023-10":{"txs":5,"uniq":1,"trade":0,"nft":0,"gas":0.000036,"bal":0.002952,"days":2,"spread":0.064516,"streak":1,"rank_m":113674,"pct_m":0.120859,"gas_method":"estimated"},"2023-11":{"txs":2,"uniq":2,"trade":0,"nft":0,"gas":0.000025,"bal":0.003581,"days":2,"spread":0.066667,"streak":1,"rank_m":111925,"pct_m":0.119,"gas_method":"estimated"},"2023-12":{"txs":1,"uniq":1,"trade":0,"nft":0,"gas":0.000023,"bal":0.001113,"days":1,"spread":0.032258,"streak":1,"rank_m":177279,"pct_m":0.188485,"gas_method":"estimated"},"2024-01":{"txs":13,"uniq":1,"trade":0,"nft":0,"gas":0.00028,"bal":0.0009,"days":3,"spread":0.096774,"streak":1,"rank_m":155217,"pct_m":0.165028,"gas_method":"estimated"},"2024-02":{"txs":6,"uniq":2,"trade":0,"nft":1,"gas":0.000073,"bal":0.002249,"days":2,"spread":0.068966,"streak":1,"rank_m":191653,"pct_m":0.203768,"gas_method":"estimated"},"2024-03":{"txs":2,"uniq":1,"trade":0,"nft":0,"gas":0.000036,"bal":0.002494,"days":1,"spread":0.032258,"streak":1,"rank_m":327411,"pct_m":0.348108,"gas_method":"estimated"},"2024-04":{"txs":22,"uniq":11,"trade":0,"nft":2,"gas":0.000049,"bal":0.006605,"days":5,"spread":0.166667,"streak":3,"rank_m":208924,"pct_m":0.222131,"gas_method":"estimated"},"2024-05":{"txs":2,"uniq":1,"trade":0,"nft":0,"gas":0.000001,"bal":0.007182,"days":1,"spread":0.032258,"streak":1,"rank_m":412283,"pct_m":0.438346,"gas_method":"estimated"},"2024-06":{"txs":1,"uniq":1,"trade":0,"nft":0,"gas":0,"bal":0.007181,"days":1,"spread":0.033333,"streak":1,"rank_m":418321,"pct_m":0.444765,"gas_method":"estimated"},"2024-07":{"txs":2,"uniq":1,"trade":0,"nft":0,"gas":0,"bal":0.007181,"days":1,"spread":0.032258,"streak":1,"rank_m":405782,"pct_m":0.431434,"gas_method":"estimated"},"2024-08":{"txs":19,"uniq":16,"trade":0,"nft":18,"gas":0.000002,"bal":0.006797,"days":3,"spread":0.096774,"streak":3,"rank_m":145347,"pct_m":0.154534,"gas_method":"estimated"},"2024-09":{"txs":5,"uniq":4,"trade":0,"nft":1,"gas":0,"bal":0.005326,"days":3,"spread":0.1,"streak":1,"rank_m":219290,"pct_m":0.233152,"gas_method":"exact"},"2024-10":{"txs":2,"uniq":2,"trade":0,"nft":1,"gas":0,"bal":0.005433,"days":2,"spread":0.064516,"streak":1,"rank_m":375054,"pct_m":0.398763,"gas_method":"estimated"},"2024-11":{"txs":2,"uniq":2,"trade":0,"nft":0,"gas":0.000005,"bal":0.00577,"days":2,"spread":0.066667,"streak":1,"rank_m":416602,"pct_m":0.442938,"gas_method":"exact"},"2024-12":{"txs":3,"uniq":3,"trade":0,"nft":0,"gas":0.000066,"bal":0.005703,"days":3,"spread":0.096774,"streak":1,"rank_m":441552,"pct_m":0.469465,"gas_method":"exact"},"2025-01":{"txs":2,"uniq":2,"trade":0,"nft":0,"gas":0.000052,"bal":0.005743,"days":2,"spread":0.064516,"streak":1,"rank_m":452469,"pct_m":0.481072,"gas_method":"exact"},"2025-02":{"txs":2,"uniq":2,"trade":0,"nft":0,"gas":0.000014,"bal":0.005737,"days":2,"spread":0.071429,"streak":1,"rank_m":411446,"pct_m":0.437456,"gas_method":"exact"},"2025-03":{"txs":1,"uniq":1,"trade":1,"nft":0,"gas":0.000008,"bal":0.005733,"days":1,"spread":0.032258,"streak":1,"rank_m":374762,"pct_m":0.398453,"gas_method":"exact"},"2025-04":{"txs":5,"uniq":3,"trade":1,"nft":0,"gas":0.00003,"bal":0.005667,"days":4,"spread":0.133333,"streak":2,"rank_m":233672,"pct_m":0.248443,"gas_method":"exact"},"2025-05":{"txs":8,"uniq":4,"trade":0,"nft":0,"gas":0.000056,"bal":0.004471,"days":7,"spread":0.225806,"streak":2,"rank_m":202850,"pct_m":0.215673,"gas_method":"estimated"},"2025-06":{"txs":18,"uniq":6,"trade":2,"nft":0,"gas":0.000127,"bal":0.002056,"days":7,"spread":0.233333,"streak":2,"rank_m":237540,"pct_m":0.252556,"gas_method":"estimated"},"2025-07":{"txs":13,"uniq":7,"trade":0,"nft":0,"gas":0.000091,"bal":0.001436,"days":6,"spread":0.193548,"streak":2,"rank_m":351830,"pct_m":0.374071,"gas_method":"estimated"},"2025-08":{"txs":23,"uniq":9,"trade":0,"nft":0,"gas":0.000162,"bal":0.001602,"days":13,"spread":0.419355,"streak":3,"rank_m":251464,"pct_m":0.26736,"gas_method":"estimated"},"2025-09":{"txs":32,"uniq":4,"trade":0,"nft":0,"gas":0.000225,"bal":0.003585,"days":13,"spread":0.433333,"streak":3,"rank_m":216062,"pct_m":0.22972,"gas_method":"estimated"},"2025-10":{"txs":45,"uniq":2,"trade":0,"nft":0,"gas":0.000317,"bal":0.009127,"days":8,"spread":0.258065,"streak":2,"rank_m":92187,"pct_m":0.098014,"gas_method":"estimated"}}}