{"wallet":"0x670c285a859862f3a949e5738618e4bace9efddd","rank":392180,"lifetime":{"months_active":16,"first":"2023-07","last":"2025-10","tx_sum":172,"uniq_sum":92,"trade_sum":18,"nft_sum":9,"gas_sum":0.001341,"avg_balance_eth_mean":0.007221,"streak_best_days":2,"gas_sum_filled":0.001341},"months":{"2023-07":{"txs":0,"uniq":0,"trade":0,"nft":0,"gas":0,"bal":0,"days":0,"spread":0,"streak":0,"rank_m":582715,"pct_m":0.619552},"2023-08":{"txs":0,"uniq":0,"trade":0,"nft":0,"gas":0,"bal":0,"days":0,"spread":0,"streak":0,"rank_m":629015,"pct_m":0.668779},"2023-09":{"txs":0,"uniq":0,"trade":0,"nft":0,"gas":0,"bal":0,"days":0,"spread":0,"streak":0,"rank_m":641405,"pct_m":0.681952},"2023-10":{"txs":29,"uniq":13,"trade":6,"nft":0,"gas":0.000232,"bal":0.017044,"days":1,"spread":0.032258,"streak":1,"rank_m":39954,"pct_m":0.042479,"gas_method":"estimated"},"2023-11":{"txs":5,"uniq":3,"trade":0,"nft":0,"gas":0.000069,"bal":0.02818,"days":1,"spread":0.033333,"streak":1,"rank_m":77970,"pct_m":0.082898,"gas_method":"estimated"},"2023-12":{"txs":9,"uniq":5,"trade":6,"nft":1,"gas":0.000234,"bal":0.026821,"days":1,"spread":0.032258,"streak":1,"rank_m":52675,"pct_m":0.056004,"gas_method":"estimated"},"2024-01":{"txs":0,"uniq":0,"trade":0,"nft":0,"gas":0,"bal":0.026821,"days":0,"spread":0,"streak":0,"rank_m":245671,"pct_m":0.261201},"2024-02":{"txs":10,"uniq":7,"trade":6,"nft":0,"gas":0.000137,"bal":0.02198,"days":1,"spread":0.034483,"streak":1,"rank_m":94337,"pct_m":0.1003,"gas_method":"estimated"},"2024-03":{"txs":6,"uniq":4,"trade":0,"nft":0,"gas":0.000123,"bal":0.005991,"days":2,"spread":0.064516,"streak":1,"rank_m":258128,"pct_m":0.274445,"gas_method":"estimated"},"2024-04":{"txs":1,"uniq":1,"trade":0,"nft":1,"gas":0.000003,"bal":0.003048,"days":1,"spread":0.033333,"streak":1,"rank_m":407941,"pct_m":0.433729,"gas_method":"estimated"},"2024-05":{"txs":0,"uniq":0,"trade":0,"nft":0,"gas":0,"bal":0.003048,"days":0,"spread":0,"streak":0,"rank_m":510375,"pct_m":0.542639},"2024-06":{"txs":7,"uniq":4,"trade":0,"nft":0,"gas":0,"bal":0.00207,"days":1,"spread":0.033333,"streak":1,"rank_m":415474,"pct_m":0.441738,"gas_method":"estimated"},"2024-07":{"txs":44,"uniq":15,"trade":0,"nft":5,"gas":0.000006,"bal":0.006757,"days":4,"spread":0.129032,"streak":2,"rank_m":116376,"pct_m":0.123732,"gas_method":"estimated"},"2024-08":{"txs":17,"uniq":10,"trade":0,"nft":1,"gas":0.000002,"bal":0.005604,"days":1,"spread":0.032258,"streak":1,"rank_m":292768,"pct_m":0.311275,"gas_method":"estimated"},"2024-09":{"txs":4,"uniq":3,"trade":0,"nft":1,"gas":0,"bal":0.003515,"days":1,"spread":0.033333,"streak":1,"rank_m":332302,"pct_m":0.353308,"gas_method":"estimated"},"2024-10":{"txs":0,"uniq":0,"trade":0,"nft":0,"gas":0,"bal":0.003515,"days":0,"spread":0,"streak":0,"rank_m":580619,"pct_m":0.617323},"2024-11":{"txs":14,"uniq":8,"trade":0,"nft":0,"gas":0.00003,"bal":0.002029,"days":2,"spread":0.066667,"streak":1,"rank_m":312008,"pct_m":0.331731,"gas_method":"exact"},"2024-12":{"txs":15,"uniq":11,"trade":0,"nft":0,"gas":0.000331,"bal":0.003571,"days":3,"spread":0.096774,"streak":2,"rank_m":277869,"pct_m":0.295434,"gas_method":"exact"},"2025-01":{"txs":5,"uniq":4,"trade":0,"nft":0,"gas":0.00013,"bal":0.004,"days":2,"spread":0.064516,"streak":1,"rank_m":400328,"pct_m":0.425635,"gas_method":"exact"},"2025-02":{"txs":1,"uniq":1,"trade":0,"nft":0,"gas":0.000007,"bal":0.003984,"days":1,"spread":0.035714,"streak":1,"rank_m":475169,"pct_m":0.505207,"gas_method":"exact"},"2025-03":{"txs":2,"uniq":2,"trade":0,"nft":0,"gas":0.000016,"bal":0.00398,"days":1,"spread":0.032258,"streak":1,"rank_m":413804,"pct_m":0.439963,"gas_method":"exact"},"2025-04":{"txs":0,"uniq":0,"trade":0,"nft":0,"gas":0,"bal":0.00398,"days":0,"spread":0,"streak":0,"rank_m":655156,"pct_m":0.696573},"2025-05":{"txs":3,"uniq":1,"trade":0,"nft":0,"gas":0.000021,"bal":0.004376,"days":1,"spread":0.032258,"streak":1,"rank_m":391047,"pct_m":0.415767,"gas_method":"estimated"},"2025-06":{"txs":0,"uniq":0,"trade":0,"nft":0,"gas":0,"bal":0.004376,"days":0,"spread":0,"streak":0,"rank_m":606393,"pct_m":0.644727},"2025-07":{"txs":0,"uniq":0,"trade":0,"nft":0,"gas":0,"bal":0.004376,"days":0,"spread":0,"streak":0,"rank_m":625102,"pct_m":0.664619},"2025-08":{"txs":0,"uniq":0,"trade":0,"nft":0,"gas":0,"bal":0.004376,"days":0,"spread":0,"streak":0,"rank_m":607212,"pct_m":0.645598},"2025-09":{"txs":0,"uniq":0,"trade":0,"nft":0,"gas":0,"bal":0.004376,"days":0,"spread":0,"streak":0,"rank_m":593325,"pct_m":0.630833},"2025-10":{"txs":0,"uniq":0,"trade":0,"nft":0,"gas":0,"bal":0.004376,"days":0,"spread":0,"streak":0,"rank_m":513257,"pct_m":0.545703}}}