{"wallet":"0x67de6d9bd31f8baf7147a953fc1f42b71b0c9c6e","rank":388301,"lifetime":{"months_active":24,"first":"2023-07","last":"2025-10","tx_sum":135,"uniq_sum":92,"trade_sum":1,"nft_sum":26,"gas_sum":0.00756,"avg_balance_eth_mean":0.001523,"streak_best_days":5,"gas_sum_filled":0.00756},"months":{"2023-07":{"txs":0,"uniq":0,"trade":0,"nft":0,"gas":0,"bal":0,"days":0,"spread":0,"streak":0,"rank_m":579830,"pct_m":0.616485},"2023-08":{"txs":34,"uniq":22,"trade":1,"nft":14,"gas":0.005315,"bal":0.012642,"days":11,"spread":0.354839,"streak":5,"rank_m":15545,"pct_m":0.016527,"gas_method":"exact"},"2023-09":{"txs":9,"uniq":7,"trade":0,"nft":2,"gas":0.000246,"bal":0.002426,"days":4,"spread":0.133333,"streak":3,"rank_m":49909,"pct_m":0.053063,"gas_method":"exact"},"2023-10":{"txs":1,"uniq":1,"trade":0,"nft":0,"gas":0.000015,"bal":0.004024,"days":1,"spread":0.032258,"streak":1,"rank_m":127230,"pct_m":0.135272,"gas_method":"estimated"},"2023-11":{"txs":0,"uniq":0,"trade":0,"nft":0,"gas":0,"bal":0.004024,"days":0,"spread":0,"streak":0,"rank_m":255338,"pct_m":0.271479},"2023-12":{"txs":10,"uniq":7,"trade":0,"nft":4,"gas":0.000492,"bal":0.003307,"days":4,"spread":0.129032,"streak":1,"rank_m":61576,"pct_m":0.065468,"gas_method":"estimated"},"2024-01":{"txs":10,"uniq":5,"trade":0,"nft":0,"gas":0.000458,"bal":0.00006,"days":1,"spread":0.032258,"streak":1,"rank_m":183998,"pct_m":0.195629,"gas_method":"estimated"},"2024-02":{"txs":11,"uniq":4,"trade":0,"nft":1,"gas":0.000285,"bal":0.00019,"days":4,"spread":0.137931,"streak":2,"rank_m":188755,"pct_m":0.200687,"gas_method":"estimated"},"2024-03":{"txs":11,"uniq":6,"trade":0,"nft":2,"gas":0.000427,"bal":0.004103,"days":4,"spread":0.129032,"streak":1,"rank_m":207032,"pct_m":0.220119,"gas_method":"estimated"},"2024-04":{"txs":14,"uniq":11,"trade":0,"nft":0,"gas":0.000067,"bal":0.006035,"days":6,"spread":0.2,"streak":2,"rank_m":258216,"pct_m":0.274539,"gas_method":"estimated"},"2024-05":{"txs":1,"uniq":1,"trade":0,"nft":0,"gas":0.000002,"bal":0.000202,"days":1,"spread":0.032258,"streak":1,"rank_m":488867,"pct_m":0.519771,"gas_method":"estimated"},"2024-06":{"txs":5,"uniq":3,"trade":0,"nft":1,"gas":0,"bal":0.000144,"days":1,"spread":0.033333,"streak":1,"rank_m":460560,"pct_m":0.489675,"gas_method":"estimated"},"2024-07":{"txs":1,"uniq":1,"trade":0,"nft":1,"gas":0,"bal":0.000598,"days":1,"spread":0.032258,"streak":1,"rank_m":463863,"pct_m":0.493186,"gas_method":"estimated"},"2024-08":{"txs":1,"uniq":1,"trade":0,"nft":0,"gas":0,"bal":0.000206,"days":1,"spread":0.032258,"streak":1,"rank_m":529318,"pct_m":0.562779,"gas_method":"estimated"},"2024-09":{"txs":6,"uniq":3,"trade":0,"nft":1,"gas":0,"bal":0.00094,"days":1,"spread":0.033333,"streak":1,"rank_m":377785,"pct_m":0.401667,"gas_method":"estimated"},"2024-10":{"txs":1,"uniq":1,"trade":0,"nft":0,"gas":0,"bal":0.001526,"days":1,"spread":0.032258,"streak":1,"rank_m":490629,"pct_m":0.521644,"gas_method":"estimated"},"2024-11":{"txs":1,"uniq":1,"trade":0,"nft":0,"gas":0.000002,"bal":0.00003,"days":1,"spread":0.033333,"streak":1,"rank_m":533102,"pct_m":0.566803,"gas_method":"exact"},"2024-12":{"txs":3,"uniq":3,"trade":0,"nft":0,"gas":0.000066,"bal":0.000398,"days":3,"spread":0.096774,"streak":2,"rank_m":481547,"pct_m":0.511988,"gas_method":"exact"},"2025-01":{"txs":4,"uniq":3,"trade":0,"nft":0,"gas":0.000104,"bal":0.000692,"days":3,"spread":0.096774,"streak":1,"rank_m":452430,"pct_m":0.481031,"gas_method":"exact"},"2025-02":{"txs":3,"uniq":3,"trade":0,"nft":0,"gas":0.000021,"bal":0.000113,"days":1,"spread":0.035714,"streak":1,"rank_m":494749,"pct_m":0.526025,"gas_method":"exact"},"2025-03":{"txs":1,"uniq":1,"trade":0,"nft":0,"gas":0.000008,"bal":0.000129,"days":1,"spread":0.032258,"streak":1,"rank_m":521169,"pct_m":0.554115,"gas_method":"exact"},"2025-04":{"txs":4,"uniq":4,"trade":0,"nft":0,"gas":0.000024,"bal":0.000126,"days":2,"spread":0.066667,"streak":1,"rank_m":457760,"pct_m":0.486698,"gas_method":"exact"},"2025-05":{"txs":1,"uniq":1,"trade":0,"nft":0,"gas":0.000007,"bal":0.000117,"days":1,"spread":0.032258,"streak":1,"rank_m":651820,"pct_m":0.693026,"gas_method":"estimated"},"2025-06":{"txs":1,"uniq":1,"trade":0,"nft":0,"gas":0.000007,"bal":0.000121,"days":1,"spread":0.033333,"streak":1,"rank_m":647822,"pct_m":0.688775,"gas_method":"estimated"},"2025-07":{"txs":1,"uniq":1,"trade":0,"nft":0,"gas":0.000007,"bal":0.000162,"days":1,"spread":0.032258,"streak":1,"rank_m":648580,"pct_m":0.689581,"gas_method":"estimated"},"2025-08":{"txs":0,"uniq":0,"trade":0,"nft":0,"gas":0,"bal":0.000162,"days":0,"spread":0,"streak":0,"rank_m":822451,"pct_m":0.874444},"2025-09":{"txs":0,"uniq":0,"trade":0,"nft":0,"gas":0,"bal":0.000162,"days":0,"spread":0,"streak":0,"rank_m":816890,"pct_m":0.868531},"2025-10":{"txs":1,"uniq":1,"trade":0,"nft":0,"gas":0.000007,"bal":0,"days":1,"spread":0.032258,"streak":1,"rank_m":609799,"pct_m":0.648348,"gas_method":"estimated"}}}