{"wallet":"0x67de9a21869788409f5838e504f398e44529be89","rank":126140,"lifetime":{"months_active":26,"first":"2023-07","last":"2025-10","tx_sum":207,"uniq_sum":135,"trade_sum":12,"nft_sum":68,"gas_sum":0.002211,"avg_balance_eth_mean":0.011757,"streak_best_days":10,"gas_sum_filled":0.002211},"months":{"2023-07":{"txs":0,"uniq":0,"trade":0,"nft":0,"gas":0,"bal":0,"days":0,"spread":0,"streak":0,"rank_m":579825,"pct_m":0.616479},"2023-08":{"txs":17,"uniq":15,"trade":0,"nft":11,"gas":0.000738,"bal":0.002222,"days":3,"spread":0.096774,"streak":1,"rank_m":74352,"pct_m":0.079051,"gas_method":"exact"},"2023-09":{"txs":29,"uniq":10,"trade":0,"nft":2,"gas":0.000179,"bal":0.015929,"days":8,"spread":0.266667,"streak":2,"rank_m":27123,"pct_m":0.028837,"gas_method":"exact"},"2023-10":{"txs":4,"uniq":2,"trade":0,"nft":2,"gas":0.00003,"bal":0.012135,"days":3,"spread":0.096774,"streak":1,"rank_m":69750,"pct_m":0.074158,"gas_method":"estimated"},"2023-11":{"txs":2,"uniq":1,"trade":0,"nft":0,"gas":0.000026,"bal":0.00439,"days":2,"spread":0.066667,"streak":2,"rank_m":102963,"pct_m":0.109471,"gas_method":"estimated"},"2023-12":{"txs":5,"uniq":4,"trade":2,"nft":1,"gas":0.000123,"bal":0.003763,"days":2,"spread":0.064516,"streak":1,"rank_m":78006,"pct_m":0.082936,"gas_method":"estimated"},"2024-01":{"txs":8,"uniq":5,"trade":1,"nft":2,"gas":0.000403,"bal":0.002243,"days":4,"spread":0.129032,"streak":1,"rank_m":60943,"pct_m":0.064795,"gas_method":"exact"},"2024-02":{"txs":11,"uniq":10,"trade":1,"nft":4,"gas":0.000142,"bal":0.007847,"days":4,"spread":0.137931,"streak":2,"rank_m":60907,"pct_m":0.064756,"gas_method":"estimated"},"2024-03":{"txs":5,"uniq":5,"trade":0,"nft":5,"gas":0.000097,"bal":0.011408,"days":4,"spread":0.129032,"streak":1,"rank_m":184036,"pct_m":0.195669,"gas_method":"estimated"},"2024-04":{"txs":13,"uniq":10,"trade":1,"nft":7,"gas":0.000031,"bal":0.011056,"days":4,"spread":0.133333,"streak":1,"rank_m":219306,"pct_m":0.233169,"gas_method":"estimated"},"2024-05":{"txs":21,"uniq":14,"trade":0,"nft":6,"gas":0.000011,"bal":0.010308,"days":7,"spread":0.225806,"streak":2,"rank_m":101761,"pct_m":0.108193,"gas_method":"exact"},"2024-06":{"txs":14,"uniq":8,"trade":0,"nft":8,"gas":0,"bal":0.012347,"days":3,"spread":0.1,"streak":1,"rank_m":182230,"pct_m":0.193749,"gas_method":"estimated"},"2024-07":{"txs":8,"uniq":7,"trade":0,"nft":4,"gas":0.000001,"bal":0.018342,"days":4,"spread":0.129032,"streak":2,"rank_m":146755,"pct_m":0.156031,"gas_method":"estimated"},"2024-08":{"txs":7,"uniq":7,"trade":0,"nft":8,"gas":0.000001,"bal":0.018386,"days":4,"spread":0.129032,"streak":1,"rank_m":201211,"pct_m":0.21393,"gas_method":"estimated"},"2024-09":{"txs":6,"uniq":6,"trade":0,"nft":1,"gas":0,"bal":0.015634,"days":2,"spread":0.066667,"streak":1,"rank_m":205152,"pct_m":0.21812,"gas_method":"estimated"},"2024-10":{"txs":4,"uniq":4,"trade":0,"nft":3,"gas":0,"bal":0.008451,"days":2,"spread":0.064516,"streak":2,"rank_m":258879,"pct_m":0.275244,"gas_method":"estimated"},"2024-11":{"txs":7,"uniq":6,"trade":0,"nft":2,"gas":0.000016,"bal":0.019636,"days":5,"spread":0.166667,"streak":1,"rank_m":228197,"pct_m":0.242622,"gas_method":"exact"},"2024-12":{"txs":2,"uniq":2,"trade":0,"nft":0,"gas":0.000044,"bal":0.013392,"days":1,"spread":0.032258,"streak":1,"rank_m":472476,"pct_m":0.502344,"gas_method":"exact"},"2025-01":{"txs":3,"uniq":3,"trade":0,"nft":0,"gas":0.000078,"bal":0.013066,"days":1,"spread":0.032258,"streak":1,"rank_m":418376,"pct_m":0.444824,"gas_method":"exact"},"2025-02":{"txs":2,"uniq":2,"trade":0,"nft":0,"gas":0.000014,"bal":0.012903,"days":2,"spread":0.071429,"streak":1,"rank_m":384194,"pct_m":0.408481,"gas_method":"exact"},"2025-03":{"txs":4,"uniq":3,"trade":1,"nft":0,"gas":0.000032,"bal":0.012372,"days":2,"spread":0.064516,"streak":1,"rank_m":266703,"pct_m":0.283562,"gas_method":"exact"},"2025-04":{"txs":1,"uniq":1,"trade":0,"nft":0,"gas":0.000006,"bal":0.012544,"days":1,"spread":0.033333,"streak":1,"rank_m":447336,"pct_m":0.475615,"gas_method":"exact"},"2025-05":{"txs":1,"uniq":0,"trade":0,"nft":0,"gas":0.000007,"bal":0.013753,"days":1,"spread":0.032258,"streak":1,"rank_m":352013,"pct_m":0.374265,"gas_method":"estimated"},"2025-06":{"txs":0,"uniq":0,"trade":0,"nft":0,"gas":0,"bal":0.013753,"days":0,"spread":0,"streak":0,"rank_m":510013,"pct_m":0.542254},"2025-07":{"txs":7,"uniq":4,"trade":6,"nft":0,"gas":0.000049,"bal":0.014803,"days":2,"spread":0.064516,"streak":1,"rank_m":211381,"pct_m":0.224743,"gas_method":"estimated"},"2025-08":{"txs":2,"uniq":2,"trade":0,"nft":1,"gas":0.000014,"bal":0.01571,"days":2,"spread":0.064516,"streak":1,"rank_m":254796,"pct_m":0.270903,"gas_method":"estimated"},"2025-09":{"txs":19,"uniq":2,"trade":0,"nft":1,"gas":0.000134,"bal":0.016286,"days":12,"spread":0.4,"streak":10,"rank_m":77398,"pct_m":0.08229,"gas_method":"estimated"},"2025-10":{"txs":5,"uniq":2,"trade":0,"nft":0,"gas":0.000035,"bal":0.016513,"days":4,"spread":0.129032,"streak":2,"rank_m":113845,"pct_m":0.121041,"gas_method":"estimated"}}}