{"wallet":"0x6770e371a951f28c23cef9003ea670d0bc7fcfe5","rank":472376,"lifetime":{"months_active":19,"first":"2023-07","last":"2025-10","tx_sum":167,"uniq_sum":76,"trade_sum":0,"nft_sum":36,"gas_sum":0.001918,"avg_balance_eth_mean":0.001181,"streak_best_days":12,"gas_sum_filled":0.001918},"months":{"2023-07":{"txs":4,"uniq":2,"trade":0,"nft":1,"gas":0.000157,"bal":0.000473,"days":2,"spread":0.064516,"streak":1,"rank_m":19891,"pct_m":0.021147,"gas_method":"exact"},"2023-08":{"txs":2,"uniq":4,"trade":0,"nft":0,"gas":0.00012,"bal":0.000641,"days":2,"spread":0.064516,"streak":1,"rank_m":137692,"pct_m":0.146396,"gas_method":"exact"},"2023-09":{"txs":0,"uniq":0,"trade":0,"nft":0,"gas":0,"bal":0.000641,"days":0,"spread":0,"streak":0,"rank_m":283506,"pct_m":0.301428},"2023-10":{"txs":0,"uniq":0,"trade":0,"nft":0,"gas":0,"bal":0.000641,"days":0,"spread":0,"streak":0,"rank_m":294273,"pct_m":0.312875},"2023-11":{"txs":5,"uniq":2,"trade":0,"nft":2,"gas":0.000155,"bal":0.000135,"days":1,"spread":0.033333,"streak":1,"rank_m":135727,"pct_m":0.144306,"gas_method":"estimated"},"2023-12":{"txs":2,"uniq":1,"trade":0,"nft":1,"gas":0.000116,"bal":0.000181,"days":1,"spread":0.032258,"streak":1,"rank_m":180044,"pct_m":0.191425,"gas_method":"estimated"},"2024-01":{"txs":7,"uniq":2,"trade":0,"nft":1,"gas":0.000378,"bal":0.000399,"days":5,"spread":0.16129,"streak":4,"rank_m":123056,"pct_m":0.130834,"gas_method":"estimated"},"2024-02":{"txs":35,"uniq":11,"trade":0,"nft":3,"gas":0.00023,"bal":0.001341,"days":15,"spread":0.517241,"streak":8,"rank_m":38934,"pct_m":0.041394,"gas_method":"exact"},"2024-03":{"txs":4,"uniq":3,"trade":0,"nft":1,"gas":0.000246,"bal":0.000372,"days":1,"spread":0.032258,"streak":1,"rank_m":290249,"pct_m":0.308597,"gas_method":"exact"},"2024-04":{"txs":48,"uniq":15,"trade":0,"nft":7,"gas":0.000271,"bal":0.000966,"days":9,"spread":0.3,"streak":3,"rank_m":206349,"pct_m":0.219393,"gas_method":"estimated"},"2024-05":{"txs":18,"uniq":10,"trade":0,"nft":7,"gas":0.000034,"bal":0.000367,"days":3,"spread":0.096774,"streak":1,"rank_m":330422,"pct_m":0.35131,"gas_method":"estimated"},"2024-06":{"txs":6,"uniq":3,"trade":0,"nft":2,"gas":0,"bal":0.000624,"days":2,"spread":0.066667,"streak":1,"rank_m":410143,"pct_m":0.43607,"gas_method":"estimated"},"2024-07":{"txs":0,"uniq":0,"trade":0,"nft":0,"gas":0,"bal":0.000624,"days":0,"spread":0,"streak":0,"rank_m":589879,"pct_m":0.627169},"2024-08":{"txs":3,"uniq":3,"trade":0,"nft":3,"gas":0.000001,"bal":0.000456,"days":1,"spread":0.032258,"streak":1,"rank_m":444984,"pct_m":0.473114,"gas_method":"estimated"},"2024-09":{"txs":3,"uniq":3,"trade":0,"nft":5,"gas":0,"bal":0.00037,"days":1,"spread":0.033333,"streak":1,"rank_m":391151,"pct_m":0.415878,"gas_method":"estimated"},"2024-10":{"txs":3,"uniq":2,"trade":0,"nft":0,"gas":0,"bal":0.000421,"days":1,"spread":0.032258,"streak":1,"rank_m":519969,"pct_m":0.552839,"gas_method":"estimated"},"2024-11":{"txs":4,"uniq":3,"trade":0,"nft":0,"gas":0.000009,"bal":0,"days":2,"spread":0.066667,"streak":2,"rank_m":454554,"pct_m":0.483289,"gas_method":"exact"},"2024-12":{"txs":5,"uniq":4,"trade":0,"nft":1,"gas":0.000088,"bal":0.000247,"days":2,"spread":0.064516,"streak":1,"rank_m":459545,"pct_m":0.488595,"gas_method":"exact"},"2025-01":{"txs":0,"uniq":0,"trade":0,"nft":0,"gas":0,"bal":0.000247,"days":0,"spread":0,"streak":0,"rank_m":717354,"pct_m":0.762703},"2025-02":{"txs":0,"uniq":0,"trade":0,"nft":0,"gas":0,"bal":0.000247,"days":0,"spread":0,"streak":0,"rank_m":740402,"pct_m":0.787208},"2025-03":{"txs":2,"uniq":1,"trade":0,"nft":0,"gas":0.000001,"bal":0.002325,"days":1,"spread":0.032258,"streak":1,"rank_m":467219,"pct_m":0.496755,"gas_method":"exact"},"2025-04":{"txs":0,"uniq":0,"trade":0,"nft":0,"gas":0,"bal":0.002325,"days":0,"spread":0,"streak":0,"rank_m":674547,"pct_m":0.717189},"2025-05":{"txs":0,"uniq":0,"trade":0,"nft":0,"gas":0,"bal":0.002325,"days":0,"spread":0,"streak":0,"rank_m":648349,"pct_m":0.689335},"2025-06":{"txs":0,"uniq":0,"trade":0,"nft":0,"gas":0,"bal":0.002325,"days":0,"spread":0,"streak":0,"rank_m":652256,"pct_m":0.693489},"2025-07":{"txs":2,"uniq":1,"trade":0,"nft":1,"gas":0.000014,"bal":0.002772,"days":1,"spread":0.032258,"streak":1,"rank_m":423134,"pct_m":0.449883,"gas_method":"estimated"},"2025-08":{"txs":13,"uniq":5,"trade":0,"nft":1,"gas":0.000091,"bal":0.003504,"days":3,"spread":0.096774,"streak":1,"rank_m":277190,"pct_m":0.294712,"gas_method":"estimated"},"2025-09":{"txs":1,"uniq":1,"trade":0,"nft":0,"gas":0.000007,"bal":0.004042,"days":1,"spread":0.033333,"streak":1,"rank_m":426351,"pct_m":0.453303,"gas_method":"estimated"},"2025-10":{"txs":0,"uniq":0,"trade":0,"nft":0,"gas":0,"bal":0.004042,"days":0,"spread":0,"streak":0,"rank_m":521914,"pct_m":0.554907}}}