{"wallet":"0x67d52137e2b8114be8953a98da87d12da26eee78","rank":416085,"lifetime":{"months_active":9,"first":"2023-07","last":"2025-10","tx_sum":186,"uniq_sum":60,"trade_sum":76,"nft_sum":35,"gas_sum":0.002786,"avg_balance_eth_mean":0.002012,"streak_best_days":7,"gas_sum_filled":0.002786},"months":{"2023-07":{"txs":0,"uniq":0,"trade":0,"nft":0,"gas":0,"bal":0,"days":0,"spread":0,"streak":0,"rank_m":579962,"pct_m":0.616625},"2023-08":{"txs":11,"uniq":4,"trade":0,"nft":3,"gas":0.000604,"bal":0.001879,"days":1,"spread":0.032258,"streak":1,"rank_m":108887,"pct_m":0.11577,"gas_method":"exact"},"2023-09":{"txs":6,"uniq":6,"trade":0,"nft":6,"gas":0.000099,"bal":0.008792,"days":2,"spread":0.066667,"streak":1,"rank_m":59400,"pct_m":0.063154,"gas_method":"exact"},"2023-10":{"txs":0,"uniq":0,"trade":0,"nft":0,"gas":0,"bal":0.008792,"days":0,"spread":0,"streak":0,"rank_m":239291,"pct_m":0.254417},"2023-11":{"txs":0,"uniq":0,"trade":0,"nft":0,"gas":0,"bal":0.008792,"days":0,"spread":0,"streak":0,"rank_m":236913,"pct_m":0.251889},"2023-12":{"txs":0,"uniq":0,"trade":0,"nft":0,"gas":0,"bal":0.008792,"days":0,"spread":0,"streak":0,"rank_m":252408,"pct_m":0.268364},"2024-01":{"txs":16,"uniq":7,"trade":0,"nft":6,"gas":0.000215,"bal":0.005898,"days":6,"spread":0.193548,"streak":3,"rank_m":27011,"pct_m":0.028718,"gas_method":"exact"},"2024-02":{"txs":19,"uniq":13,"trade":0,"nft":10,"gas":0.000051,"bal":0.0026,"days":12,"spread":0.413793,"streak":5,"rank_m":34407,"pct_m":0.036581,"gas_method":"exact"},"2024-03":{"txs":20,"uniq":10,"trade":0,"nft":3,"gas":0.000065,"bal":0.001324,"days":13,"spread":0.419355,"streak":4,"rank_m":106374,"pct_m":0.113098,"gas_method":"exact"},"2024-04":{"txs":34,"uniq":11,"trade":0,"nft":4,"gas":0.000163,"bal":0.001459,"days":14,"spread":0.466667,"streak":7,"rank_m":189056,"pct_m":0.201007,"gas_method":"estimated"},"2024-05":{"txs":19,"uniq":5,"trade":0,"nft":3,"gas":0.00003,"bal":0.001241,"days":16,"spread":0.516129,"streak":5,"rank_m":228690,"pct_m":0.243146,"gas_method":"estimated"},"2024-06":{"txs":0,"uniq":0,"trade":0,"nft":0,"gas":0,"bal":0.001241,"days":0,"spread":0,"streak":0,"rank_m":547385,"pct_m":0.581988},"2024-07":{"txs":0,"uniq":0,"trade":0,"nft":0,"gas":0,"bal":0.001241,"days":0,"spread":0,"streak":0,"rank_m":566537,"pct_m":0.602351},"2024-08":{"txs":0,"uniq":0,"trade":0,"nft":0,"gas":0,"bal":0.001241,"days":0,"spread":0,"streak":0,"rank_m":582356,"pct_m":0.61917},"2024-09":{"txs":0,"uniq":0,"trade":0,"nft":0,"gas":0,"bal":0.001241,"days":0,"spread":0,"streak":0,"rank_m":574718,"pct_m":0.611049},"2024-10":{"txs":1,"uniq":1,"trade":0,"nft":0,"gas":0,"bal":0.000248,"days":1,"spread":0.032258,"streak":1,"rank_m":556762,"pct_m":0.591958,"gas_method":"estimated"},"2024-11":{"txs":0,"uniq":0,"trade":0,"nft":0,"gas":0,"bal":0.000248,"days":0,"spread":0,"streak":0,"rank_m":685327,"pct_m":0.728651},"2024-12":{"txs":0,"uniq":0,"trade":0,"nft":0,"gas":0,"bal":0.000248,"days":0,"spread":0,"streak":0,"rank_m":713630,"pct_m":0.758743},"2025-01":{"txs":60,"uniq":3,"trade":76,"nft":0,"gas":0.001559,"bal":0.000106,"days":1,"spread":0.032258,"streak":1,"rank_m":330560,"pct_m":0.351456,"gas_method":"exact"},"2025-02":{"txs":0,"uniq":0,"trade":0,"nft":0,"gas":0,"bal":0.000106,"days":0,"spread":0,"streak":0,"rank_m":771130,"pct_m":0.819878},"2025-03":{"txs":0,"uniq":0,"trade":0,"nft":0,"gas":0,"bal":0.000106,"days":0,"spread":0,"streak":0,"rank_m":786159,"pct_m":0.835857},"2025-04":{"txs":0,"uniq":0,"trade":0,"nft":0,"gas":0,"bal":0.000106,"days":0,"spread":0,"streak":0,"rank_m":801781,"pct_m":0.852467},"2025-05":{"txs":0,"uniq":0,"trade":0,"nft":0,"gas":0,"bal":0.000106,"days":0,"spread":0,"streak":0,"rank_m":818341,"pct_m":0.870074},"2025-06":{"txs":0,"uniq":0,"trade":0,"nft":0,"gas":0,"bal":0.000106,"days":0,"spread":0,"streak":0,"rank_m":832236,"pct_m":0.884847},"2025-07":{"txs":0,"uniq":0,"trade":0,"nft":0,"gas":0,"bal":0.000106,"days":0,"spread":0,"streak":0,"rank_m":854200,"pct_m":0.9082},"2025-08":{"txs":0,"uniq":0,"trade":0,"nft":0,"gas":0,"bal":0.000106,"days":0,"spread":0,"streak":0,"rank_m":851064,"pct_m":0.904865},"2025-09":{"txs":0,"uniq":0,"trade":0,"nft":0,"gas":0,"bal":0.000106,"days":0,"spread":0,"streak":0,"rank_m":846443,"pct_m":0.899952},"2025-10":{"txs":0,"uniq":0,"trade":0,"nft":0,"gas":0,"bal":0.000106,"days":0,"spread":0,"streak":0,"rank_m":816594,"pct_m":0.868216}}}