{"wallet":"0x6758cb4404c399641de458e6621051bc351ba4e8","rank":255267,"lifetime":{"months_active":24,"first":"2023-07","last":"2025-10","tx_sum":187,"uniq_sum":112,"trade_sum":3,"nft_sum":30,"gas_sum":0.00714,"avg_balance_eth_mean":0.017263,"streak_best_days":2,"gas_sum_filled":0.00714},"months":{"2023-07":{"txs":0,"uniq":0,"trade":0,"nft":0,"gas":0,"bal":0,"days":0,"spread":0,"streak":0,"rank_m":581671,"pct_m":0.618442},"2023-08":{"txs":1,"uniq":1,"trade":0,"nft":0,"gas":0.000479,"bal":0.000629,"days":1,"spread":0.032258,"streak":1,"rank_m":145843,"pct_m":0.155062,"gas_method":"exact"},"2023-09":{"txs":20,"uniq":4,"trade":0,"nft":1,"gas":0.00169,"bal":0.000643,"days":3,"spread":0.1,"streak":2,"rank_m":88479,"pct_m":0.094071,"gas_method":"estimated"},"2023-10":{"txs":14,"uniq":6,"trade":0,"nft":2,"gas":0.000312,"bal":0.000077,"days":1,"spread":0.032258,"streak":1,"rank_m":121331,"pct_m":0.129,"gas_method":"estimated"},"2023-11":{"txs":9,"uniq":6,"trade":0,"nft":0,"gas":0.000348,"bal":0.00375,"days":2,"spread":0.066667,"streak":1,"rank_m":84937,"pct_m":0.090305,"gas_method":"estimated"},"2023-12":{"txs":25,"uniq":13,"trade":1,"nft":1,"gas":0.00181,"bal":0.002503,"days":2,"spread":0.064516,"streak":1,"rank_m":61142,"pct_m":0.065006,"gas_method":"estimated"},"2024-01":{"txs":12,"uniq":5,"trade":0,"nft":0,"gas":0.00081,"bal":0.000573,"days":1,"spread":0.032258,"streak":1,"rank_m":161553,"pct_m":0.171765,"gas_method":"estimated"},"2024-02":{"txs":17,"uniq":12,"trade":1,"nft":4,"gas":0.000785,"bal":0.007381,"days":6,"spread":0.206897,"streak":2,"rank_m":30471,"pct_m":0.032396,"gas_method":"exact"},"2024-03":{"txs":11,"uniq":7,"trade":0,"nft":5,"gas":0.000628,"bal":0.009449,"days":3,"spread":0.096774,"streak":1,"rank_m":175999,"pct_m":0.187124,"gas_method":"estimated"},"2024-04":{"txs":5,"uniq":2,"trade":0,"nft":3,"gas":0.000035,"bal":0.00942,"days":3,"spread":0.1,"streak":1,"rank_m":325012,"pct_m":0.345558,"gas_method":"estimated"},"2024-05":{"txs":11,"uniq":9,"trade":0,"nft":2,"gas":0.000026,"bal":0.010318,"days":2,"spread":0.064516,"streak":1,"rank_m":266876,"pct_m":0.283746,"gas_method":"estimated"},"2024-06":{"txs":12,"uniq":10,"trade":0,"nft":3,"gas":0.000001,"bal":0.01175,"days":3,"spread":0.1,"streak":1,"rank_m":195451,"pct_m":0.207806,"gas_method":"estimated"},"2024-07":{"txs":11,"uniq":7,"trade":0,"nft":2,"gas":0.000004,"bal":0.012956,"days":4,"spread":0.129032,"streak":1,"rank_m":191732,"pct_m":0.203852,"gas_method":"estimated"},"2024-08":{"txs":11,"uniq":7,"trade":0,"nft":3,"gas":0.000003,"bal":0.019045,"days":3,"spread":0.096774,"streak":2,"rank_m":180059,"pct_m":0.191441,"gas_method":"estimated"},"2024-09":{"txs":3,"uniq":3,"trade":1,"nft":0,"gas":0,"bal":0.016501,"days":3,"spread":0.1,"streak":1,"rank_m":186049,"pct_m":0.19781,"gas_method":"estimated"},"2024-10":{"txs":5,"uniq":3,"trade":0,"nft":3,"gas":0.000001,"bal":0.012009,"days":3,"spread":0.096774,"streak":1,"rank_m":264072,"pct_m":0.280765,"gas_method":"estimated"},"2024-11":{"txs":0,"uniq":0,"trade":0,"nft":0,"gas":0,"bal":0.012009,"days":0,"spread":0,"streak":0,"rank_m":552206,"pct_m":0.587114},"2024-12":{"txs":2,"uniq":2,"trade":0,"nft":1,"gas":0.000044,"bal":0.03567,"days":2,"spread":0.064516,"streak":1,"rank_m":386837,"pct_m":0.411291,"gas_method":"exact"},"2025-01":{"txs":2,"uniq":2,"trade":0,"nft":0,"gas":0.000052,"bal":0.06915,"days":2,"spread":0.064516,"streak":1,"rank_m":398051,"pct_m":0.423214,"gas_method":"exact"},"2025-02":{"txs":2,"uniq":2,"trade":0,"nft":0,"gas":0.000014,"bal":0.046547,"days":1,"spread":0.035714,"streak":1,"rank_m":382138,"pct_m":0.406295,"gas_method":"exact"},"2025-03":{"txs":2,"uniq":1,"trade":0,"nft":0,"gas":0.000016,"bal":0.027192,"days":1,"spread":0.032258,"streak":1,"rank_m":372127,"pct_m":0.395651,"gas_method":"exact"},"2025-04":{"txs":2,"uniq":2,"trade":0,"nft":0,"gas":0.000012,"bal":0.021218,"days":1,"spread":0.033333,"streak":1,"rank_m":397671,"pct_m":0.42281,"gas_method":"exact"},"2025-05":{"txs":2,"uniq":2,"trade":0,"nft":0,"gas":0.000014,"bal":0.023888,"days":1,"spread":0.032258,"streak":1,"rank_m":252879,"pct_m":0.268864,"gas_method":"estimated"},"2025-06":{"txs":2,"uniq":2,"trade":0,"nft":0,"gas":0.000014,"bal":0.025856,"days":1,"spread":0.033333,"streak":1,"rank_m":274856,"pct_m":0.292231,"gas_method":"estimated"},"2025-07":{"txs":1,"uniq":1,"trade":0,"nft":0,"gas":0.000007,"bal":0.025968,"days":1,"spread":0.032258,"streak":1,"rank_m":322377,"pct_m":0.342756,"gas_method":"estimated"},"2025-08":{"txs":0,"uniq":0,"trade":0,"nft":0,"gas":0,"bal":0.025968,"days":0,"spread":0,"streak":0,"rank_m":460683,"pct_m":0.489805},"2025-09":{"txs":5,"uniq":3,"trade":0,"nft":0,"gas":0.000035,"bal":0.026441,"days":1,"spread":0.033333,"streak":1,"rank_m":260753,"pct_m":0.277236,"gas_method":"estimated"},"2025-10":{"txs":0,"uniq":0,"trade":0,"nft":0,"gas":0,"bal":0.026441,"days":0,"spread":0,"streak":0,"rank_m":363264,"pct_m":0.386228}}}