{"wallet":"0x67c86de709016d19aa2736fdfd8af23a6f2f8ff6","rank":450393,"lifetime":{"months_active":18,"first":"2023-07","last":"2025-10","tx_sum":145,"uniq_sum":81,"trade_sum":7,"nft_sum":15,"gas_sum":0.005109,"avg_balance_eth_mean":0.002036,"streak_best_days":0,"gas_sum_filled":0.005109},"months":{"2023-07":{"txs":0,"uniq":0,"trade":0,"nft":0,"gas":0,"bal":0,"days":0,"spread":0,"streak":0,"rank_m":580145,"pct_m":0.616819},"2023-08":{"txs":16,"uniq":10,"trade":0,"nft":2,"gas":0.004039,"bal":0.002246,"days":5,"spread":0.16129,"streak":0,"rank_m":132404,"pct_m":0.140773,"gas_method":"exact"},"2023-09":{"txs":5,"uniq":3,"trade":0,"nft":1,"gas":0.000043,"bal":0.002816,"days":3,"spread":0.1,"streak":0,"rank_m":142616,"pct_m":0.151631,"gas_method":"exact"},"2023-10":{"txs":7,"uniq":3,"trade":0,"nft":2,"gas":0.000061,"bal":0.003069,"days":2,"spread":0.064516,"streak":0,"rank_m":144936,"pct_m":0.154097,"gas_method":"estimated"},"2023-11":{"txs":11,"uniq":8,"trade":0,"nft":2,"gas":0.000166,"bal":0.006571,"days":6,"spread":0.2,"streak":0,"rank_m":107107,"pct_m":0.113877,"gas_method":"estimated"},"2023-12":{"txs":2,"uniq":2,"trade":0,"nft":0,"gas":0.000056,"bal":0.004664,"days":2,"spread":0.064516,"streak":0,"rank_m":183631,"pct_m":0.195239,"gas_method":"estimated"},"2024-01":{"txs":1,"uniq":1,"trade":0,"nft":0,"gas":0.000037,"bal":0.000755,"days":1,"spread":0.032258,"streak":0,"rank_m":206853,"pct_m":0.219929,"gas_method":"exact"},"2024-02":{"txs":3,"uniq":3,"trade":0,"nft":2,"gas":0.000045,"bal":0.000506,"days":2,"spread":0.068966,"streak":0,"rank_m":270614,"pct_m":0.287721,"gas_method":"estimated"},"2024-03":{"txs":0,"uniq":0,"trade":0,"nft":0,"gas":0,"bal":0.000506,"days":0,"spread":0,"streak":0,"rank_m":460746,"pct_m":0.489872},"2024-04":{"txs":7,"uniq":4,"trade":0,"nft":0,"gas":0.000019,"bal":0.004586,"days":2,"spread":0.066667,"streak":0,"rank_m":411811,"pct_m":0.437844,"gas_method":"estimated"},"2024-05":{"txs":0,"uniq":0,"trade":0,"nft":0,"gas":0,"bal":0.004586,"days":0,"spread":0,"streak":0,"rank_m":505186,"pct_m":0.537122},"2024-06":{"txs":7,"uniq":6,"trade":1,"nft":2,"gas":0,"bal":0.003791,"days":2,"spread":0.066667,"streak":0,"rank_m":306905,"pct_m":0.326306,"gas_method":"exact"},"2024-07":{"txs":6,"uniq":4,"trade":0,"nft":2,"gas":0.000001,"bal":0.001326,"days":3,"spread":0.096774,"streak":0,"rank_m":351638,"pct_m":0.373867,"gas_method":"exact"},"2024-08":{"txs":0,"uniq":0,"trade":0,"nft":0,"gas":0,"bal":0.001326,"days":0,"spread":0,"streak":0,"rank_m":580578,"pct_m":0.61728},"2024-09":{"txs":0,"uniq":0,"trade":0,"nft":0,"gas":0,"bal":0.001326,"days":0,"spread":0,"streak":0,"rank_m":572009,"pct_m":0.608169},"2024-10":{"txs":0,"uniq":0,"trade":0,"nft":0,"gas":0,"bal":0.001326,"days":0,"spread":0,"streak":0,"rank_m":612809,"pct_m":0.651548},"2024-11":{"txs":1,"uniq":1,"trade":0,"nft":0,"gas":0.000002,"bal":0.000091,"days":1,"spread":0.033333,"streak":0,"rank_m":563532,"pct_m":0.599156,"gas_method":"exact"},"2024-12":{"txs":3,"uniq":1,"trade":0,"nft":0,"gas":0.000044,"bal":0.000059,"days":3,"spread":0.096774,"streak":0,"rank_m":584609,"pct_m":0.621566,"gas_method":"exact"},"2025-01":{"txs":6,"uniq":1,"trade":0,"nft":0,"gas":0.000104,"bal":0.000076,"days":3,"spread":0.096774,"streak":0,"rank_m":533880,"pct_m":0.56763,"gas_method":"exact"},"2025-02":{"txs":1,"uniq":1,"trade":0,"nft":0,"gas":0.000007,"bal":0.000133,"days":1,"spread":0.035714,"streak":0,"rank_m":604921,"pct_m":0.643162,"gas_method":"exact"},"2025-03":{"txs":0,"uniq":0,"trade":0,"nft":0,"gas":0,"bal":0.000133,"days":0,"spread":0,"streak":0,"rank_m":776162,"pct_m":0.825228},"2025-04":{"txs":0,"uniq":0,"trade":0,"nft":0,"gas":0,"bal":0.000133,"days":0,"spread":0,"streak":0,"rank_m":795278,"pct_m":0.845553},"2025-05":{"txs":0,"uniq":0,"trade":0,"nft":0,"gas":0,"bal":0.000133,"days":0,"spread":0,"streak":0,"rank_m":809118,"pct_m":0.860268},"2025-06":{"txs":0,"uniq":0,"trade":0,"nft":0,"gas":0,"bal":0.000133,"days":0,"spread":0,"streak":0,"rank_m":823093,"pct_m":0.875126},"2025-07":{"txs":2,"uniq":2,"trade":0,"nft":0,"gas":0.000014,"bal":0.000011,"days":1,"spread":0.032258,"streak":0,"rank_m":740960,"pct_m":0.787801,"gas_method":"estimated"},"2025-08":{"txs":7,"uniq":1,"trade":0,"nft":0,"gas":0.000049,"bal":0.00061,"days":2,"spread":0.064516,"streak":0,"rank_m":563009,"pct_m":0.5986,"gas_method":"estimated"},"2025-09":{"txs":48,"uniq":24,"trade":6,"nft":2,"gas":0.000338,"bal":0.00475,"days":7,"spread":0.233333,"streak":0,"rank_m":165225,"pct_m":0.175669,"gas_method":"estimated"},"2025-10":{"txs":12,"uniq":6,"trade":0,"nft":0,"gas":0.000084,"bal":0.011336,"days":2,"spread":0.064516,"streak":0,"rank_m":197069,"pct_m":0.209526,"gas_method":"estimated"}}}