{"wallet":"0x674ec6c2594dc55773f3ef4b6e23e084ac9cefb8","rank":500331,"lifetime":{"months_active":21,"first":"2023-07","last":"2025-10","tx_sum":122,"uniq_sum":70,"trade_sum":3,"nft_sum":32,"gas_sum":0.000755,"avg_balance_eth_mean":0.017348,"streak_best_days":1,"gas_sum_filled":0.000755},"months":{"2023-07":{"txs":0,"uniq":0,"trade":0,"nft":0,"gas":0,"bal":0,"days":0,"spread":0,"streak":0,"rank_m":581801,"pct_m":0.61858},"2023-08":{"txs":0,"uniq":0,"trade":0,"nft":0,"gas":0,"bal":0,"days":0,"spread":0,"streak":0,"rank_m":628222,"pct_m":0.667936},"2023-09":{"txs":0,"uniq":0,"trade":0,"nft":0,"gas":0,"bal":0,"days":0,"spread":0,"streak":0,"rank_m":640641,"pct_m":0.68114},"2023-10":{"txs":41,"uniq":20,"trade":2,"nft":5,"gas":0.000015,"bal":0.007451,"days":4,"spread":0.129032,"streak":1,"rank_m":25036,"pct_m":0.026618,"gas_method":"exact"},"2023-11":{"txs":10,"uniq":10,"trade":0,"nft":11,"gas":0.000161,"bal":0.007162,"days":1,"spread":0.033333,"streak":1,"rank_m":56637,"pct_m":0.060216,"gas_method":"estimated"},"2023-12":{"txs":4,"uniq":2,"trade":0,"nft":0,"gas":0.000128,"bal":0.006067,"days":2,"spread":0.064516,"streak":1,"rank_m":92596,"pct_m":0.098449,"gas_method":"exact"},"2024-01":{"txs":8,"uniq":6,"trade":0,"nft":1,"gas":0.000084,"bal":0.00415,"days":3,"spread":0.096774,"streak":1,"rank_m":76034,"pct_m":0.08084,"gas_method":"exact"},"2024-02":{"txs":4,"uniq":4,"trade":0,"nft":3,"gas":0.000059,"bal":0.00693,"days":3,"spread":0.103448,"streak":1,"rank_m":120646,"pct_m":0.128272,"gas_method":"exact"},"2024-03":{"txs":1,"uniq":1,"trade":0,"nft":1,"gas":0.000024,"bal":0.006706,"days":1,"spread":0.032258,"streak":1,"rank_m":292016,"pct_m":0.310476,"gas_method":"estimated"},"2024-04":{"txs":5,"uniq":4,"trade":0,"nft":2,"gas":0.000015,"bal":0.011157,"days":3,"spread":0.1,"streak":1,"rank_m":311171,"pct_m":0.330842,"gas_method":"estimated"},"2024-05":{"txs":1,"uniq":1,"trade":0,"nft":1,"gas":0.000001,"bal":0.012777,"days":1,"spread":0.032258,"streak":1,"rank_m":374056,"pct_m":0.397702,"gas_method":"estimated"},"2024-06":{"txs":2,"uniq":2,"trade":0,"nft":2,"gas":0,"bal":0.013193,"days":1,"spread":0.033333,"streak":1,"rank_m":335416,"pct_m":0.356619,"gas_method":"estimated"},"2024-07":{"txs":2,"uniq":2,"trade":0,"nft":0,"gas":0,"bal":0.0132,"days":1,"spread":0.032258,"streak":1,"rank_m":362560,"pct_m":0.385479,"gas_method":"estimated"},"2024-08":{"txs":2,"uniq":1,"trade":0,"nft":1,"gas":0,"bal":0.013042,"days":1,"spread":0.032258,"streak":1,"rank_m":354928,"pct_m":0.377365,"gas_method":"estimated"},"2024-09":{"txs":10,"uniq":2,"trade":0,"nft":3,"gas":0.000001,"bal":0.013238,"days":3,"spread":0.1,"streak":1,"rank_m":195523,"pct_m":0.207882,"gas_method":"estimated"},"2024-10":{"txs":1,"uniq":1,"trade":0,"nft":2,"gas":0,"bal":0.013015,"days":1,"spread":0.032258,"streak":1,"rank_m":353312,"pct_m":0.375647,"gas_method":"estimated"},"2024-11":{"txs":4,"uniq":2,"trade":0,"nft":0,"gas":0.000009,"bal":0.018753,"days":1,"spread":0.033333,"streak":1,"rank_m":376522,"pct_m":0.400324,"gas_method":"exact"},"2024-12":{"txs":2,"uniq":1,"trade":0,"nft":0,"gas":0.000044,"bal":0.042165,"days":2,"spread":0.064516,"streak":1,"rank_m":445651,"pct_m":0.473823,"gas_method":"exact"},"2025-01":{"txs":2,"uniq":1,"trade":0,"nft":0,"gas":0.000052,"bal":0.041543,"days":1,"spread":0.032258,"streak":1,"rank_m":433679,"pct_m":0.461094,"gas_method":"exact"},"2025-02":{"txs":4,"uniq":4,"trade":1,"nft":0,"gas":0.000028,"bal":0.037693,"days":3,"spread":0.107143,"streak":1,"rank_m":235838,"pct_m":0.250746,"gas_method":"exact"},"2025-03":{"txs":3,"uniq":1,"trade":0,"nft":0,"gas":0.000024,"bal":0.032285,"days":1,"spread":0.032258,"streak":1,"rank_m":353357,"pct_m":0.375694,"gas_method":"exact"},"2025-04":{"txs":2,"uniq":2,"trade":0,"nft":0,"gas":0.000012,"bal":0.032069,"days":1,"spread":0.033333,"streak":1,"rank_m":390181,"pct_m":0.414846,"gas_method":"exact"},"2025-05":{"txs":0,"uniq":0,"trade":0,"nft":0,"gas":0,"bal":0.032069,"days":0,"spread":0,"streak":0,"rank_m":455437,"pct_m":0.484228},"2025-06":{"txs":0,"uniq":0,"trade":0,"nft":0,"gas":0,"bal":0.032069,"days":0,"spread":0,"streak":0,"rank_m":455938,"pct_m":0.48476},"2025-07":{"txs":2,"uniq":2,"trade":0,"nft":0,"gas":0.000014,"bal":0.031796,"days":1,"spread":0.032258,"streak":1,"rank_m":296694,"pct_m":0.315449,"gas_method":"estimated"},"2025-08":{"txs":0,"uniq":0,"trade":0,"nft":0,"gas":0,"bal":0.031796,"days":0,"spread":0,"streak":0,"rank_m":450357,"pct_m":0.478827},"2025-09":{"txs":12,"uniq":1,"trade":0,"nft":0,"gas":0.000084,"bal":0.012714,"days":1,"spread":0.033333,"streak":1,"rank_m":296286,"pct_m":0.315016,"gas_method":"estimated"},"2025-10":{"txs":0,"uniq":0,"trade":0,"nft":0,"gas":0,"bal":0.012714,"days":0,"spread":0,"streak":0,"rank_m":413868,"pct_m":0.440031}}}