{"wallet":"0x67b841c6006154a9550b9d8b4f975b858e59e539","rank":242841,"lifetime":{"months_active":20,"first":"2023-07","last":"2025-10","tx_sum":173,"uniq_sum":101,"trade_sum":2,"nft_sum":66,"gas_sum":0.00372,"avg_balance_eth_mean":0.023504,"streak_best_days":4,"gas_sum_filled":0.00372},"months":{"2023-07":{"txs":0,"uniq":0,"trade":0,"nft":0,"gas":0,"bal":0,"days":0,"spread":0,"streak":0,"rank_m":580376,"pct_m":0.617065},"2023-08":{"txs":7,"uniq":4,"trade":0,"nft":3,"gas":0.000535,"bal":0.002255,"days":2,"spread":0.064516,"streak":1,"rank_m":107363,"pct_m":0.114149,"gas_method":"exact"},"2023-09":{"txs":6,"uniq":6,"trade":1,"nft":4,"gas":0.000032,"bal":0.012126,"days":4,"spread":0.133333,"streak":2,"rank_m":41708,"pct_m":0.044344,"gas_method":"exact"},"2023-10":{"txs":0,"uniq":0,"trade":0,"nft":0,"gas":0,"bal":0.012126,"days":0,"spread":0,"streak":0,"rank_m":234396,"pct_m":0.249213},"2023-11":{"txs":0,"uniq":0,"trade":0,"nft":0,"gas":0,"bal":0.012126,"days":0,"spread":0,"streak":0,"rank_m":230799,"pct_m":0.245389},"2023-12":{"txs":8,"uniq":5,"trade":0,"nft":1,"gas":0.00016,"bal":0.009781,"days":3,"spread":0.096774,"streak":2,"rank_m":50743,"pct_m":0.05395,"gas_method":"estimated"},"2024-01":{"txs":3,"uniq":3,"trade":0,"nft":4,"gas":0.0001,"bal":0.011777,"days":3,"spread":0.096774,"streak":1,"rank_m":72194,"pct_m":0.076757,"gas_method":"exact"},"2024-02":{"txs":10,"uniq":7,"trade":0,"nft":6,"gas":0.000106,"bal":0.01087,"days":5,"spread":0.172414,"streak":2,"rank_m":65214,"pct_m":0.069336,"gas_method":"estimated"},"2024-03":{"txs":21,"uniq":9,"trade":1,"nft":2,"gas":0.002326,"bal":0.010636,"days":3,"spread":0.096774,"streak":1,"rank_m":113999,"pct_m":0.121205,"gas_method":"exact"},"2024-04":{"txs":39,"uniq":15,"trade":0,"nft":12,"gas":0.000241,"bal":0.007364,"days":5,"spread":0.166667,"streak":2,"rank_m":125107,"pct_m":0.133015,"gas_method":"exact"},"2024-05":{"txs":29,"uniq":14,"trade":0,"nft":16,"gas":0.000028,"bal":0.007122,"days":10,"spread":0.322581,"streak":2,"rank_m":78539,"pct_m":0.083503,"gas_method":"exact"},"2024-06":{"txs":7,"uniq":5,"trade":0,"nft":5,"gas":0,"bal":0.006007,"days":4,"spread":0.133333,"streak":1,"rank_m":215263,"pct_m":0.22887,"gas_method":"exact"},"2024-07":{"txs":20,"uniq":13,"trade":0,"nft":8,"gas":0.000002,"bal":0.005358,"days":9,"spread":0.290323,"streak":4,"rank_m":103098,"pct_m":0.109615,"gas_method":"estimated"},"2024-08":{"txs":1,"uniq":1,"trade":0,"nft":2,"gas":0,"bal":0.000964,"days":1,"spread":0.032258,"streak":1,"rank_m":450022,"pct_m":0.47847,"gas_method":"estimated"},"2024-09":{"txs":4,"uniq":4,"trade":0,"nft":3,"gas":0,"bal":0.003009,"days":2,"spread":0.066667,"streak":1,"rank_m":289575,"pct_m":0.30788,"gas_method":"estimated"},"2024-10":{"txs":0,"uniq":0,"trade":0,"nft":0,"gas":0,"bal":0.003009,"days":0,"spread":0,"streak":0,"rank_m":585555,"pct_m":0.622571},"2024-11":{"txs":2,"uniq":2,"trade":0,"nft":0,"gas":0.000005,"bal":0.008535,"days":2,"spread":0.066667,"streak":1,"rank_m":405425,"pct_m":0.431054,"gas_method":"exact"},"2024-12":{"txs":4,"uniq":3,"trade":0,"nft":0,"gas":0.000088,"bal":0.006528,"days":2,"spread":0.064516,"streak":1,"rank_m":436652,"pct_m":0.464255,"gas_method":"exact"},"2025-01":{"txs":1,"uniq":1,"trade":0,"nft":0,"gas":0.000026,"bal":0.056058,"days":1,"spread":0.032258,"streak":1,"rank_m":448420,"pct_m":0.476767,"gas_method":"exact"},"2025-02":{"txs":0,"uniq":0,"trade":0,"nft":0,"gas":0,"bal":0.056058,"days":0,"spread":0,"streak":0,"rank_m":553175,"pct_m":0.588144},"2025-03":{"txs":3,"uniq":2,"trade":0,"nft":0,"gas":0.000016,"bal":0.136457,"days":1,"spread":0.032258,"streak":1,"rank_m":339251,"pct_m":0.360697,"gas_method":"exact"},"2025-04":{"txs":1,"uniq":1,"trade":0,"nft":0,"gas":0.000006,"bal":0.05796,"days":1,"spread":0.033333,"streak":1,"rank_m":417540,"pct_m":0.443935,"gas_method":"exact"},"2025-05":{"txs":0,"uniq":0,"trade":0,"nft":0,"gas":0,"bal":0.05796,"days":0,"spread":0,"streak":0,"rank_m":429079,"pct_m":0.456203},"2025-06":{"txs":2,"uniq":1,"trade":0,"nft":0,"gas":0.000014,"bal":0.04994,"days":1,"spread":0.033333,"streak":1,"rank_m":263645,"pct_m":0.280311,"gas_method":"estimated"},"2025-07":{"txs":0,"uniq":0,"trade":0,"nft":0,"gas":0,"bal":0.04994,"days":0,"spread":0,"streak":0,"rank_m":454514,"pct_m":0.483246},"2025-08":{"txs":3,"uniq":3,"trade":0,"nft":0,"gas":0.000021,"bal":0.041222,"days":1,"spread":0.032258,"streak":1,"rank_m":246073,"pct_m":0.261628,"gas_method":"estimated"},"2025-09":{"txs":2,"uniq":2,"trade":0,"nft":0,"gas":0.000014,"bal":0.011463,"days":1,"spread":0.033333,"streak":1,"rank_m":327194,"pct_m":0.347877,"gas_method":"estimated"},"2025-10":{"txs":0,"uniq":0,"trade":0,"nft":0,"gas":0,"bal":0.011463,"days":0,"spread":0,"streak":0,"rank_m":422929,"pct_m":0.449665}}}