{"wallet":"0x675ff215e85489401ca06edb48ca73b886316d66","rank":177163,"lifetime":{"months_active":26,"first":"2023-07","last":"2025-10","tx_sum":346,"uniq_sum":197,"trade_sum":4,"nft_sum":90,"gas_sum":0.003038,"avg_balance_eth_mean":0.000783,"streak_best_days":7,"gas_sum_filled":0.003038},"months":{"2023-07":{"txs":0,"uniq":0,"trade":0,"nft":0,"gas":0,"bal":0,"days":0,"spread":0,"streak":0,"rank_m":581570,"pct_m":0.618335},"2023-08":{"txs":15,"uniq":12,"trade":0,"nft":9,"gas":0.000911,"bal":0.000348,"days":5,"spread":0.16129,"streak":2,"rank_m":76610,"pct_m":0.081452,"gas_method":"exact"},"2023-09":{"txs":12,"uniq":7,"trade":0,"nft":4,"gas":0.000146,"bal":0.001951,"days":7,"spread":0.233333,"streak":2,"rank_m":47178,"pct_m":0.050159,"gas_method":"exact"},"2023-10":{"txs":7,"uniq":6,"trade":0,"nft":1,"gas":0.000046,"bal":0.002055,"days":4,"spread":0.129032,"streak":1,"rank_m":82099,"pct_m":0.087288,"gas_method":"estimated"},"2023-11":{"txs":6,"uniq":6,"trade":0,"nft":1,"gas":0.000069,"bal":0.000509,"days":4,"spread":0.133333,"streak":2,"rank_m":91525,"pct_m":0.09731,"gas_method":"estimated"},"2023-12":{"txs":0,"uniq":0,"trade":0,"nft":0,"gas":0,"bal":0.000509,"days":0,"spread":0,"streak":0,"rank_m":329082,"pct_m":0.349885},"2024-01":{"txs":4,"uniq":1,"trade":0,"nft":0,"gas":0.00008,"bal":0.000151,"days":1,"spread":0.032258,"streak":1,"rank_m":197275,"pct_m":0.209745,"gas_method":"estimated"},"2024-02":{"txs":2,"uniq":2,"trade":0,"nft":1,"gas":0.000023,"bal":0.000052,"days":2,"spread":0.068966,"streak":1,"rank_m":259828,"pct_m":0.276253,"gas_method":"estimated"},"2024-03":{"txs":18,"uniq":12,"trade":0,"nft":9,"gas":0.000306,"bal":0.00053,"days":9,"spread":0.290323,"streak":5,"rank_m":157518,"pct_m":0.167475,"gas_method":"estimated"},"2024-04":{"txs":45,"uniq":19,"trade":0,"nft":15,"gas":0.000145,"bal":0.001094,"days":16,"spread":0.533333,"streak":7,"rank_m":92498,"pct_m":0.098344,"gas_method":"exact"},"2024-05":{"txs":74,"uniq":31,"trade":1,"nft":18,"gas":0.000051,"bal":0.002137,"days":12,"spread":0.387097,"streak":5,"rank_m":91346,"pct_m":0.09712,"gas_method":"estimated"},"2024-06":{"txs":34,"uniq":19,"trade":0,"nft":6,"gas":0,"bal":0.001692,"days":13,"spread":0.433333,"streak":4,"rank_m":86104,"pct_m":0.091546,"gas_method":"exact"},"2024-07":{"txs":6,"uniq":6,"trade":0,"nft":4,"gas":0.000001,"bal":0.00088,"days":3,"spread":0.096774,"streak":1,"rank_m":341930,"pct_m":0.363545,"gas_method":"estimated"},"2024-08":{"txs":5,"uniq":5,"trade":0,"nft":4,"gas":0,"bal":0.000798,"days":4,"spread":0.129032,"streak":2,"rank_m":342489,"pct_m":0.364139,"gas_method":"estimated"},"2024-09":{"txs":6,"uniq":6,"trade":0,"nft":4,"gas":0,"bal":0.000607,"days":4,"spread":0.133333,"streak":1,"rank_m":308097,"pct_m":0.327573,"gas_method":"estimated"},"2024-10":{"txs":11,"uniq":7,"trade":0,"nft":8,"gas":0.000001,"bal":0.00052,"days":9,"spread":0.290323,"streak":3,"rank_m":260467,"pct_m":0.276932,"gas_method":"estimated"},"2024-11":{"txs":8,"uniq":4,"trade":2,"nft":1,"gas":0.000016,"bal":0.000321,"days":4,"spread":0.133333,"streak":2,"rank_m":311430,"pct_m":0.331117,"gas_method":"exact"},"2024-12":{"txs":24,"uniq":15,"trade":0,"nft":2,"gas":0.000485,"bal":0.000528,"days":11,"spread":0.354839,"streak":4,"rank_m":182731,"pct_m":0.194282,"gas_method":"exact"},"2025-01":{"txs":18,"uniq":10,"trade":0,"nft":0,"gas":0.000416,"bal":0.001424,"days":11,"spread":0.354839,"streak":4,"rank_m":193380,"pct_m":0.205604,"gas_method":"exact"},"2025-02":{"txs":3,"uniq":3,"trade":1,"nft":0,"gas":0.000021,"bal":0.00066,"days":3,"spread":0.107143,"streak":1,"rank_m":368987,"pct_m":0.392313,"gas_method":"exact"},"2025-03":{"txs":13,"uniq":5,"trade":0,"nft":1,"gas":0.000079,"bal":0.000363,"days":6,"spread":0.193548,"streak":2,"rank_m":251533,"pct_m":0.267433,"gas_method":"exact"},"2025-04":{"txs":3,"uniq":3,"trade":0,"nft":0,"gas":0.000018,"bal":0.000761,"days":3,"spread":0.1,"streak":1,"rank_m":431224,"pct_m":0.458484,"gas_method":"exact"},"2025-05":{"txs":5,"uniq":4,"trade":0,"nft":1,"gas":0.000035,"bal":0.000538,"days":4,"spread":0.129032,"streak":3,"rank_m":299755,"pct_m":0.318704,"gas_method":"estimated"},"2025-06":{"txs":7,"uniq":2,"trade":0,"nft":0,"gas":0.000049,"bal":0.000593,"days":2,"spread":0.066667,"streak":1,"rank_m":525404,"pct_m":0.558618,"gas_method":"estimated"},"2025-07":{"txs":4,"uniq":2,"trade":0,"nft":0,"gas":0.000028,"bal":0.000717,"days":2,"spread":0.064516,"streak":1,"rank_m":531879,"pct_m":0.565502,"gas_method":"estimated"},"2025-08":{"txs":3,"uniq":2,"trade":0,"nft":0,"gas":0.000021,"bal":0.000836,"days":2,"spread":0.064516,"streak":1,"rank_m":499334,"pct_m":0.5309,"gas_method":"estimated"},"2025-09":{"txs":11,"uniq":7,"trade":0,"nft":1,"gas":0.000077,"bal":0.000911,"days":4,"spread":0.133333,"streak":1,"rank_m":319657,"pct_m":0.339864,"gas_method":"estimated"},"2025-10":{"txs":2,"uniq":1,"trade":0,"nft":0,"gas":0.000014,"bal":0.00045,"days":1,"spread":0.032258,"streak":1,"rank_m":437299,"pct_m":0.464943,"gas_method":"estimated"}}}