{"wallet":"0x675bcca963fc882e35acee0b85cf182b4e0e3a70","rank":484611,"lifetime":{"months_active":16,"first":"2023-07","last":"2025-10","tx_sum":178,"uniq_sum":126,"trade_sum":2,"nft_sum":83,"gas_sum":0.001001,"avg_balance_eth_mean":0.002921,"streak_best_days":2,"gas_sum_filled":0.001001},"months":{"2023-07":{"txs":0,"uniq":0,"trade":0,"nft":0,"gas":0,"bal":0,"days":0,"spread":0,"streak":0,"rank_m":581629,"pct_m":0.618397},"2023-08":{"txs":0,"uniq":0,"trade":0,"nft":0,"gas":0,"bal":0,"days":0,"spread":0,"streak":0,"rank_m":628071,"pct_m":0.667775},"2023-09":{"txs":0,"uniq":0,"trade":0,"nft":0,"gas":0,"bal":0,"days":0,"spread":0,"streak":0,"rank_m":640496,"pct_m":0.680986},"2023-10":{"txs":0,"uniq":0,"trade":0,"nft":0,"gas":0,"bal":0,"days":0,"spread":0,"streak":0,"rank_m":650517,"pct_m":0.69164},"2023-11":{"txs":0,"uniq":0,"trade":0,"nft":0,"gas":0,"bal":0,"days":0,"spread":0,"streak":0,"rank_m":659401,"pct_m":0.701086},"2023-12":{"txs":4,"uniq":1,"trade":0,"nft":0,"gas":0.000186,"bal":0.000063,"days":2,"spread":0.064516,"streak":2,"rank_m":176351,"pct_m":0.187498,"gas_method":"estimated"},"2024-01":{"txs":1,"uniq":1,"trade":0,"nft":0,"gas":0.000021,"bal":0.000296,"days":1,"spread":0.032258,"streak":1,"rank_m":180159,"pct_m":0.191547,"gas_method":"exact"},"2024-02":{"txs":4,"uniq":2,"trade":1,"nft":0,"gas":0.000098,"bal":0.000262,"days":1,"spread":0.034483,"streak":1,"rank_m":226957,"pct_m":0.241304,"gas_method":"estimated"},"2024-03":{"txs":5,"uniq":5,"trade":0,"nft":5,"gas":0.000184,"bal":0.000254,"days":1,"spread":0.032258,"streak":1,"rank_m":310585,"pct_m":0.330218,"gas_method":"estimated"},"2024-04":{"txs":5,"uniq":5,"trade":0,"nft":5,"gas":0.000023,"bal":0.000247,"days":1,"spread":0.033333,"streak":1,"rank_m":409676,"pct_m":0.435574,"gas_method":"estimated"},"2024-05":{"txs":10,"uniq":10,"trade":0,"nft":9,"gas":0.000013,"bal":0.000227,"days":4,"spread":0.129032,"streak":1,"rank_m":271088,"pct_m":0.288225,"gas_method":"exact"},"2024-06":{"txs":4,"uniq":4,"trade":0,"nft":4,"gas":0,"bal":0.007341,"days":2,"spread":0.066667,"streak":1,"rank_m":301638,"pct_m":0.320706,"gas_method":"estimated"},"2024-07":{"txs":16,"uniq":16,"trade":0,"nft":15,"gas":0.000004,"bal":0.015523,"days":4,"spread":0.129032,"streak":2,"rank_m":92765,"pct_m":0.098628,"gas_method":"estimated"},"2024-08":{"txs":15,"uniq":14,"trade":0,"nft":14,"gas":0.000003,"bal":0.00497,"days":10,"spread":0.322581,"streak":2,"rank_m":145580,"pct_m":0.154782,"gas_method":"estimated"},"2024-09":{"txs":6,"uniq":6,"trade":0,"nft":6,"gas":0,"bal":0.00432,"days":3,"spread":0.1,"streak":1,"rank_m":226725,"pct_m":0.241057,"gas_method":"estimated"},"2024-10":{"txs":23,"uniq":23,"trade":0,"nft":23,"gas":0.000003,"bal":0.004231,"days":2,"spread":0.064516,"streak":1,"rank_m":202050,"pct_m":0.214822,"gas_method":"estimated"},"2024-11":{"txs":61,"uniq":26,"trade":1,"nft":2,"gas":0.00014,"bal":0.003119,"days":9,"spread":0.3,"streak":2,"rank_m":81595,"pct_m":0.086752,"gas_method":"exact"},"2024-12":{"txs":8,"uniq":6,"trade":0,"nft":0,"gas":0.000176,"bal":0.001332,"days":2,"spread":0.064516,"streak":1,"rank_m":413000,"pct_m":0.439108,"gas_method":"exact"},"2025-01":{"txs":2,"uniq":2,"trade":0,"nft":0,"gas":0.000052,"bal":0.003318,"days":1,"spread":0.032258,"streak":1,"rank_m":484556,"pct_m":0.515188,"gas_method":"exact"},"2025-02":{"txs":1,"uniq":1,"trade":0,"nft":0,"gas":0.000007,"bal":0.004705,"days":1,"spread":0.035714,"streak":1,"rank_m":470586,"pct_m":0.500334,"gas_method":"exact"},"2025-03":{"txs":0,"uniq":0,"trade":0,"nft":0,"gas":0,"bal":0.004705,"days":0,"spread":0,"streak":0,"rank_m":617559,"pct_m":0.656599},"2025-04":{"txs":0,"uniq":0,"trade":0,"nft":0,"gas":0,"bal":0.004705,"days":0,"spread":0,"streak":0,"rank_m":647406,"pct_m":0.688333},"2025-05":{"txs":0,"uniq":0,"trade":0,"nft":0,"gas":0,"bal":0.004705,"days":0,"spread":0,"streak":0,"rank_m":599991,"pct_m":0.63792},"2025-06":{"txs":0,"uniq":0,"trade":0,"nft":0,"gas":0,"bal":0.004705,"days":0,"spread":0,"streak":0,"rank_m":600653,"pct_m":0.638624},"2025-07":{"txs":13,"uniq":4,"trade":0,"nft":0,"gas":0.000091,"bal":0.003188,"days":1,"spread":0.032258,"streak":1,"rank_m":403843,"pct_m":0.429372,"gas_method":"estimated"},"2025-08":{"txs":0,"uniq":0,"trade":0,"nft":0,"gas":0,"bal":0.003188,"days":0,"spread":0,"streak":0,"rank_m":631641,"pct_m":0.671571},"2025-09":{"txs":0,"uniq":0,"trade":0,"nft":0,"gas":0,"bal":0.003188,"days":0,"spread":0,"streak":0,"rank_m":616691,"pct_m":0.655676},"2025-10":{"txs":0,"uniq":0,"trade":0,"nft":0,"gas":0,"bal":0.003188,"days":0,"spread":0,"streak":0,"rank_m":542992,"pct_m":0.577318}}}