{"wallet":"0x67185c8e2314a19e9c70011bcce5d07d1ceb7fa3","rank":29963,"lifetime":{"months_active":12,"first":"2023-07","last":"2025-10","tx_sum":4509,"uniq_sum":258,"trade_sum":491,"nft_sum":3,"gas_sum":0.023119,"avg_balance_eth_mean":0.00824,"streak_best_days":27,"gas_sum_filled":0.023119},"months":{"2023-07":{"txs":0,"uniq":0,"trade":0,"nft":0,"gas":0,"bal":0,"days":0,"spread":0,"streak":0,"rank_m":582533,"pct_m":0.619358},"2023-08":{"txs":0,"uniq":0,"trade":0,"nft":0,"gas":0,"bal":0,"days":0,"spread":0,"streak":0,"rank_m":628855,"pct_m":0.668609},"2023-09":{"txs":0,"uniq":0,"trade":0,"nft":0,"gas":0,"bal":0,"days":0,"spread":0,"streak":0,"rank_m":641249,"pct_m":0.681786},"2023-10":{"txs":0,"uniq":0,"trade":0,"nft":0,"gas":0,"bal":0,"days":0,"spread":0,"streak":0,"rank_m":651249,"pct_m":0.692419},"2023-11":{"txs":0,"uniq":0,"trade":0,"nft":0,"gas":0,"bal":0,"days":0,"spread":0,"streak":0,"rank_m":660113,"pct_m":0.701843},"2023-12":{"txs":0,"uniq":0,"trade":0,"nft":0,"gas":0,"bal":0,"days":0,"spread":0,"streak":0,"rank_m":670818,"pct_m":0.713225},"2024-01":{"txs":0,"uniq":0,"trade":0,"nft":0,"gas":0,"bal":0,"days":0,"spread":0,"streak":0,"rank_m":680338,"pct_m":0.723346},"2024-02":{"txs":0,"uniq":0,"trade":0,"nft":0,"gas":0,"bal":0,"days":0,"spread":0,"streak":0,"rank_m":700864,"pct_m":0.74517},"2024-03":{"txs":67,"uniq":4,"trade":13,"nft":0,"gas":0.00002,"bal":0.00018,"days":9,"spread":0.290323,"streak":9,"rank_m":150497,"pct_m":0.16001,"gas_method":"estimated"},"2024-04":{"txs":472,"uniq":18,"trade":163,"nft":1,"gas":0.000071,"bal":0.001262,"days":27,"spread":0.9,"streak":13,"rank_m":40008,"pct_m":0.042536,"gas_method":"exact"},"2024-05":{"txs":446,"uniq":21,"trade":109,"nft":0,"gas":0.000134,"bal":0.003077,"days":26,"spread":0.83871,"streak":13,"rank_m":17087,"pct_m":0.018166,"gas_method":"exact"},"2024-06":{"txs":894,"uniq":33,"trade":85,"nft":0,"gas":0.000005,"bal":0.032179,"days":28,"spread":0.933333,"streak":21,"rank_m":1045,"pct_m":0.00111,"gas_method":"exact"},"2024-07":{"txs":238,"uniq":18,"trade":10,"nft":1,"gas":0.000019,"bal":0.003459,"days":20,"spread":0.645161,"streak":6,"rank_m":15300,"pct_m":0.016266,"gas_method":"exact"},"2024-08":{"txs":79,"uniq":15,"trade":2,"nft":0,"gas":0.000003,"bal":0.140826,"days":14,"spread":0.451613,"streak":3,"rank_m":9505,"pct_m":0.010105,"gas_method":"exact"},"2024-09":{"txs":240,"uniq":14,"trade":4,"nft":0,"gas":0,"bal":0.006804,"days":16,"spread":0.533333,"streak":7,"rank_m":26684,"pct_m":0.02837,"gas_method":"estimated"},"2024-10":{"txs":179,"uniq":20,"trade":8,"nft":1,"gas":0.000015,"bal":0.002307,"days":19,"spread":0.612903,"streak":5,"rank_m":25980,"pct_m":0.027621,"gas_method":"exact"},"2024-11":{"txs":483,"uniq":27,"trade":12,"nft":0,"gas":0.001111,"bal":0.002568,"days":25,"spread":0.833333,"streak":18,"rank_m":21812,"pct_m":0.02319,"gas_method":"exact"},"2024-12":{"txs":983,"uniq":45,"trade":48,"nft":0,"gas":0.021652,"bal":0.007413,"days":30,"spread":0.967742,"streak":18,"rank_m":8222,"pct_m":0.008741,"gas_method":"exact"},"2025-01":{"txs":416,"uniq":38,"trade":37,"nft":0,"gas":0.000005,"bal":0.003262,"days":26,"spread":0.83871,"streak":15,"rank_m":62227,"pct_m":0.06616,"gas_method":"exact"},"2025-02":{"txs":12,"uniq":5,"trade":0,"nft":0,"gas":0.000084,"bal":0.003043,"days":2,"spread":0.071429,"streak":1,"rank_m":281641,"pct_m":0.299445,"gas_method":"exact"},"2025-03":{"txs":0,"uniq":0,"trade":0,"nft":0,"gas":0,"bal":0.003043,"days":0,"spread":0,"streak":0,"rank_m":636679,"pct_m":0.676927},"2025-04":{"txs":0,"uniq":0,"trade":0,"nft":0,"gas":0,"bal":0.003043,"days":0,"spread":0,"streak":0,"rank_m":664688,"pct_m":0.706707},"2025-05":{"txs":0,"uniq":0,"trade":0,"nft":0,"gas":0,"bal":0.003043,"days":0,"spread":0,"streak":0,"rank_m":630860,"pct_m":0.670741},"2025-06":{"txs":0,"uniq":0,"trade":0,"nft":0,"gas":0,"bal":0.003043,"days":0,"spread":0,"streak":0,"rank_m":634092,"pct_m":0.674177},"2025-07":{"txs":0,"uniq":0,"trade":0,"nft":0,"gas":0,"bal":0.003043,"days":0,"spread":0,"streak":0,"rank_m":653739,"pct_m":0.695066},"2025-08":{"txs":0,"uniq":0,"trade":0,"nft":0,"gas":0,"bal":0.003043,"days":0,"spread":0,"streak":0,"rank_m":634913,"pct_m":0.67505},"2025-09":{"txs":0,"uniq":0,"trade":0,"nft":0,"gas":0,"bal":0.003043,"days":0,"spread":0,"streak":0,"rank_m":620160,"pct_m":0.659364},"2025-10":{"txs":0,"uniq":0,"trade":0,"nft":0,"gas":0,"bal":0.003043,"days":0,"spread":0,"streak":0,"rank_m":547020,"pct_m":0.5816}}}