{"wallet":"0x67cab3046938ad848a4ac765887960ed8ced17e0","rank":1997,"lifetime":{"months_active":26,"first":"2023-07","last":"2025-10","tx_sum":3019,"uniq_sum":624,"trade_sum":73,"nft_sum":52,"gas_sum":0.036206,"avg_balance_eth_mean":0.038117,"streak_best_days":37,"gas_sum_filled":0.036206},"months":{"2023-07":{"txs":0,"uniq":0,"trade":0,"nft":0,"gas":0,"bal":0,"days":0,"spread":0,"streak":0,"rank_m":580101,"pct_m":0.616773},"2023-08":{"txs":0,"uniq":0,"trade":0,"nft":0,"gas":0,"bal":0,"days":0,"spread":0,"streak":0,"rank_m":626743,"pct_m":0.666363},"2023-09":{"txs":10,"uniq":2,"trade":1,"nft":1,"gas":0.000127,"bal":0.004491,"days":3,"spread":0.1,"streak":2,"rank_m":59715,"pct_m":0.063489,"gas_method":"estimated"},"2023-10":{"txs":18,"uniq":6,"trade":6,"nft":0,"gas":0.000058,"bal":0.058446,"days":8,"spread":0.258065,"streak":3,"rank_m":10327,"pct_m":0.010979,"gas_method":"exact"},"2023-11":{"txs":33,"uniq":7,"trade":1,"nft":1,"gas":0.000114,"bal":0.023476,"days":10,"spread":0.333333,"streak":2,"rank_m":8049,"pct_m":0.008557,"gas_method":"exact"},"2023-12":{"txs":52,"uniq":12,"trade":5,"nft":3,"gas":0.000568,"bal":0.033824,"days":14,"spread":0.451613,"streak":5,"rank_m":3522,"pct_m":0.003744,"gas_method":"estimated"},"2024-01":{"txs":74,"uniq":13,"trade":2,"nft":3,"gas":0.002501,"bal":0.233802,"days":17,"spread":0.548387,"streak":3,"rank_m":864,"pct_m":0.000918,"gas_method":"exact"},"2024-02":{"txs":113,"uniq":19,"trade":23,"nft":8,"gas":0.000394,"bal":0.012755,"days":16,"spread":0.551724,"streak":9,"rank_m":3051,"pct_m":0.003243,"gas_method":"exact"},"2024-03":{"txs":543,"uniq":59,"trade":11,"nft":6,"gas":0.020443,"bal":0.133297,"days":31,"spread":1,"streak":31,"rank_m":224,"pct_m":0.000237,"gas_method":"exact"},"2024-04":{"txs":68,"uniq":14,"trade":0,"nft":4,"gas":0.000679,"bal":0.053966,"days":16,"spread":0.533333,"streak":5,"rank_m":42030,"pct_m":0.044686,"gas_method":"exact"},"2024-05":{"txs":7,"uniq":7,"trade":0,"nft":4,"gas":0.000002,"bal":0.002226,"days":2,"spread":0.064516,"streak":1,"rank_m":337374,"pct_m":0.358701,"gas_method":"estimated"},"2024-06":{"txs":60,"uniq":19,"trade":0,"nft":1,"gas":0.000001,"bal":0.1203,"days":15,"spread":0.5,"streak":4,"rank_m":36016,"pct_m":0.038292,"gas_method":"estimated"},"2024-07":{"txs":81,"uniq":23,"trade":0,"nft":5,"gas":0.00001,"bal":0.042171,"days":13,"spread":0.419355,"streak":5,"rank_m":9636,"pct_m":0.010244,"gas_method":"exact"},"2024-08":{"txs":64,"uniq":23,"trade":0,"nft":3,"gas":0.000003,"bal":0.019775,"days":8,"spread":0.258065,"streak":2,"rank_m":62907,"pct_m":0.066883,"gas_method":"estimated"},"2024-09":{"txs":79,"uniq":19,"trade":0,"nft":5,"gas":0.000001,"bal":0.019823,"days":16,"spread":0.533333,"streak":9,"rank_m":16422,"pct_m":0.017459,"gas_method":"estimated"},"2024-10":{"txs":148,"uniq":32,"trade":6,"nft":6,"gas":0.000004,"bal":0.007732,"days":19,"spread":0.612903,"streak":7,"rank_m":12334,"pct_m":0.013113,"gas_method":"exact"},"2024-11":{"txs":202,"uniq":43,"trade":0,"nft":0,"gas":0.00046,"bal":0.01618,"days":18,"spread":0.6,"streak":5,"rank_m":24267,"pct_m":0.0258,"gas_method":"exact"},"2024-12":{"txs":380,"uniq":55,"trade":1,"nft":0,"gas":0.000031,"bal":0.024399,"days":28,"spread":0.903226,"streak":16,"rank_m":41383,"pct_m":0.043998,"gas_method":"exact"},"2025-01":{"txs":276,"uniq":68,"trade":4,"nft":1,"gas":0.00717,"bal":0.009796,"days":22,"spread":0.709677,"streak":6,"rank_m":10189,"pct_m":0.010832,"gas_method":"exact"},"2025-02":{"txs":175,"uniq":40,"trade":0,"nft":0,"gas":0.001232,"bal":0.071235,"days":19,"spread":0.678571,"streak":6,"rank_m":6896,"pct_m":0.007331,"gas_method":"exact"},"2025-03":{"txs":204,"uniq":34,"trade":0,"nft":0,"gas":0.000002,"bal":0.029741,"days":22,"spread":0.709677,"streak":5,"rank_m":78597,"pct_m":0.083565,"gas_method":"exact"},"2025-04":{"txs":90,"uniq":20,"trade":0,"nft":0,"gas":0,"bal":0.027172,"days":19,"spread":0.633333,"streak":5,"rank_m":93831,"pct_m":0.099762,"gas_method":"exact"},"2025-05":{"txs":23,"uniq":11,"trade":0,"nft":0,"gas":0.000162,"bal":0.014605,"days":5,"spread":0.16129,"streak":2,"rank_m":76318,"pct_m":0.081142,"gas_method":"estimated"},"2025-06":{"txs":54,"uniq":16,"trade":0,"nft":0,"gas":0.00038,"bal":0.035613,"days":7,"spread":0.233333,"streak":2,"rank_m":52376,"pct_m":0.055686,"gas_method":"estimated"},"2025-07":{"txs":86,"uniq":24,"trade":1,"nft":0,"gas":0.000605,"bal":0.025236,"days":18,"spread":0.580645,"streak":6,"rank_m":10996,"pct_m":0.01169,"gas_method":"estimated"},"2025-08":{"txs":140,"uniq":40,"trade":11,"nft":1,"gas":0.000985,"bal":0.033262,"days":16,"spread":0.516129,"streak":6,"rank_m":6398,"pct_m":0.006801,"gas_method":"estimated"},"2025-09":{"txs":12,"uniq":6,"trade":0,"nft":0,"gas":0.000084,"bal":0.007879,"days":3,"spread":0.1,"streak":1,"rank_m":259700,"pct_m":0.276117,"gas_method":"estimated"},"2025-10":{"txs":27,"uniq":12,"trade":1,"nft":0,"gas":0.00019,"bal":0.006076,"days":4,"spread":0.129032,"streak":3,"rank_m":62220,"pct_m":0.066152,"gas_method":"estimated"}}}