{"wallet":"0x678252cd85e79d0022c6e8fcdb09cf3771ec1e89","rank":97993,"lifetime":{"months_active":26,"first":"2023-07","last":"2025-10","tx_sum":493,"uniq_sum":136,"trade_sum":0,"nft_sum":5,"gas_sum":0.004839,"avg_balance_eth_mean":0.025203,"streak_best_days":9,"gas_sum_filled":0.004839},"months":{"2023-07":{"txs":0,"uniq":0,"trade":0,"nft":0,"gas":0,"bal":0,"days":0,"spread":0,"streak":0,"rank_m":581105,"pct_m":0.61784},"2023-08":{"txs":0,"uniq":0,"trade":0,"nft":0,"gas":0,"bal":0,"days":0,"spread":0,"streak":0,"rank_m":627612,"pct_m":0.667287},"2023-09":{"txs":3,"uniq":2,"trade":0,"nft":0,"gas":0.000091,"bal":0.001995,"days":2,"spread":0.066667,"streak":1,"rank_m":119663,"pct_m":0.127227,"gas_method":"estimated"},"2023-10":{"txs":11,"uniq":3,"trade":0,"nft":0,"gas":0.000472,"bal":0.009292,"days":6,"spread":0.193548,"streak":2,"rank_m":40397,"pct_m":0.04295,"gas_method":"exact"},"2023-11":{"txs":13,"uniq":3,"trade":0,"nft":0,"gas":0.000555,"bal":0.006721,"days":9,"spread":0.3,"streak":2,"rank_m":33617,"pct_m":0.035741,"gas_method":"exact"},"2023-12":{"txs":20,"uniq":7,"trade":0,"nft":0,"gas":0.000519,"bal":0.012785,"days":11,"spread":0.354839,"streak":3,"rank_m":30295,"pct_m":0.032209,"gas_method":"estimated"},"2024-01":{"txs":16,"uniq":4,"trade":0,"nft":0,"gas":0.000872,"bal":0.052546,"days":11,"spread":0.354839,"streak":2,"rank_m":25667,"pct_m":0.027289,"gas_method":"exact"},"2024-02":{"txs":17,"uniq":3,"trade":0,"nft":0,"gas":0.000473,"bal":0.047481,"days":12,"spread":0.413793,"streak":4,"rank_m":49821,"pct_m":0.05297,"gas_method":"exact"},"2024-03":{"txs":16,"uniq":4,"trade":0,"nft":0,"gas":0.000541,"bal":0.039713,"days":14,"spread":0.451613,"streak":2,"rank_m":101254,"pct_m":0.107654,"gas_method":"exact"},"2024-04":{"txs":22,"uniq":7,"trade":0,"nft":0,"gas":0.000056,"bal":0.034064,"days":12,"spread":0.4,"streak":3,"rank_m":159921,"pct_m":0.17003,"gas_method":"estimated"},"2024-05":{"txs":166,"uniq":26,"trade":0,"nft":4,"gas":0.000037,"bal":0.021841,"days":22,"spread":0.709677,"streak":9,"rank_m":14013,"pct_m":0.014898,"gas_method":"exact"},"2024-06":{"txs":15,"uniq":4,"trade":0,"nft":0,"gas":0,"bal":0.017176,"days":7,"spread":0.233333,"streak":2,"rank_m":158886,"pct_m":0.168929,"gas_method":"exact"},"2024-07":{"txs":22,"uniq":4,"trade":0,"nft":0,"gas":0.000002,"bal":0.01708,"days":10,"spread":0.322581,"streak":2,"rank_m":118075,"pct_m":0.125538,"gas_method":"exact"},"2024-08":{"txs":16,"uniq":4,"trade":0,"nft":0,"gas":0.000001,"bal":0.016986,"days":10,"spread":0.322581,"streak":3,"rank_m":165574,"pct_m":0.17604,"gas_method":"estimated"},"2024-09":{"txs":16,"uniq":4,"trade":0,"nft":0,"gas":0.000001,"bal":0.016939,"days":9,"spread":0.3,"streak":3,"rank_m":125680,"pct_m":0.133624,"gas_method":"estimated"},"2024-10":{"txs":24,"uniq":6,"trade":0,"nft":1,"gas":0.000016,"bal":0.01684,"days":9,"spread":0.290323,"streak":2,"rank_m":89246,"pct_m":0.094887,"gas_method":"exact"},"2024-11":{"txs":2,"uniq":2,"trade":0,"nft":0,"gas":0.000005,"bal":0.016786,"days":1,"spread":0.033333,"streak":1,"rank_m":403124,"pct_m":0.428608,"gas_method":"exact"},"2024-12":{"txs":10,"uniq":6,"trade":0,"nft":0,"gas":0.00022,"bal":0.015468,"days":7,"spread":0.225806,"streak":2,"rank_m":256039,"pct_m":0.272224,"gas_method":"exact"},"2025-01":{"txs":14,"uniq":6,"trade":0,"nft":0,"gas":0.000364,"bal":0.014567,"days":7,"spread":0.225806,"streak":2,"rank_m":192567,"pct_m":0.20474,"gas_method":"exact"},"2025-02":{"txs":13,"uniq":7,"trade":0,"nft":0,"gas":0.000084,"bal":0.034405,"days":5,"spread":0.178571,"streak":2,"rank_m":130427,"pct_m":0.138671,"gas_method":"exact"},"2025-03":{"txs":10,"uniq":5,"trade":0,"nft":0,"gas":0.000079,"bal":0.039314,"days":6,"spread":0.193548,"streak":2,"rank_m":146297,"pct_m":0.155545,"gas_method":"exact"},"2025-04":{"txs":20,"uniq":8,"trade":0,"nft":0,"gas":0.000121,"bal":0.039267,"days":10,"spread":0.333333,"streak":4,"rank_m":43552,"pct_m":0.046304,"gas_method":"exact"},"2025-05":{"txs":6,"uniq":5,"trade":0,"nft":0,"gas":0.000042,"bal":0.039201,"days":4,"spread":0.129032,"streak":1,"rank_m":117090,"pct_m":0.124491,"gas_method":"estimated"},"2025-06":{"txs":8,"uniq":4,"trade":0,"nft":0,"gas":0.000056,"bal":0.03916,"days":4,"spread":0.133333,"streak":2,"rank_m":150781,"pct_m":0.160312,"gas_method":"estimated"},"2025-07":{"txs":20,"uniq":6,"trade":0,"nft":0,"gas":0.000141,"bal":0.039109,"days":8,"spread":0.258065,"streak":2,"rank_m":105574,"pct_m":0.112247,"gas_method":"estimated"},"2025-08":{"txs":7,"uniq":2,"trade":0,"nft":0,"gas":0.000049,"bal":0.038988,"days":3,"spread":0.096774,"streak":1,"rank_m":208979,"pct_m":0.222189,"gas_method":"estimated"},"2025-09":{"txs":1,"uniq":1,"trade":0,"nft":0,"gas":0.000007,"bal":0.038987,"days":1,"spread":0.033333,"streak":1,"rank_m":287589,"pct_m":0.305769,"gas_method":"estimated"},"2025-10":{"txs":5,"uniq":3,"trade":0,"nft":0,"gas":0.000035,"bal":0.038984,"days":3,"spread":0.096774,"streak":1,"rank_m":98374,"pct_m":0.104592,"gas_method":"estimated"}}}