{"wallet":"0x679791d0661dd64432aa5d532bd9b0bd40253a71","rank":155049,"lifetime":{"months_active":27,"first":"2023-07","last":"2025-10","tx_sum":433,"uniq_sum":209,"trade_sum":7,"nft_sum":120,"gas_sum":0.003472,"avg_balance_eth_mean":0.002578,"streak_best_days":0,"gas_sum_filled":0.003472},"months":{"2023-07":{"txs":0,"uniq":0,"trade":0,"nft":0,"gas":0,"bal":0,"days":0,"spread":0,"streak":0,"rank_m":580818,"pct_m":0.617535},"2023-08":{"txs":15,"uniq":8,"trade":0,"nft":3,"gas":0.001104,"bal":0.012389,"days":11,"spread":0.354839,"streak":0,"rank_m":119842,"pct_m":0.127417,"gas_method":"exact"},"2023-09":{"txs":6,"uniq":3,"trade":0,"nft":1,"gas":0.000141,"bal":0.000203,"days":3,"spread":0.1,"streak":0,"rank_m":152254,"pct_m":0.161878,"gas_method":"estimated"},"2023-10":{"txs":37,"uniq":16,"trade":0,"nft":7,"gas":0.000027,"bal":0.011228,"days":17,"spread":0.548387,"streak":0,"rank_m":78486,"pct_m":0.083447,"gas_method":"exact"},"2023-11":{"txs":31,"uniq":5,"trade":0,"nft":1,"gas":0.000319,"bal":0.011835,"days":26,"spread":0.866667,"streak":0,"rank_m":79848,"pct_m":0.084895,"gas_method":"exact"},"2023-12":{"txs":18,"uniq":5,"trade":0,"nft":3,"gas":0.000249,"bal":0.00102,"days":14,"spread":0.451613,"streak":0,"rank_m":112141,"pct_m":0.119229,"gas_method":"exact"},"2024-01":{"txs":27,"uniq":6,"trade":3,"nft":1,"gas":0.000438,"bal":0.001462,"days":22,"spread":0.709677,"streak":0,"rank_m":99734,"pct_m":0.106038,"gas_method":"exact"},"2024-02":{"txs":15,"uniq":9,"trade":0,"nft":5,"gas":0.000136,"bal":0.003268,"days":7,"spread":0.241379,"streak":0,"rank_m":132831,"pct_m":0.141227,"gas_method":"exact"},"2024-03":{"txs":6,"uniq":5,"trade":0,"nft":4,"gas":0.000096,"bal":0.0004,"days":5,"spread":0.16129,"streak":0,"rank_m":319350,"pct_m":0.339538,"gas_method":"estimated"},"2024-04":{"txs":9,"uniq":4,"trade":0,"nft":2,"gas":0.000018,"bal":0.000644,"days":2,"spread":0.066667,"streak":0,"rank_m":430952,"pct_m":0.458195,"gas_method":"estimated"},"2024-05":{"txs":73,"uniq":24,"trade":1,"nft":14,"gas":0.000016,"bal":0.002387,"days":10,"spread":0.322581,"streak":0,"rank_m":147366,"pct_m":0.156681,"gas_method":"exact"},"2024-06":{"txs":32,"uniq":16,"trade":0,"nft":12,"gas":0,"bal":0.009009,"days":13,"spread":0.433333,"streak":0,"rank_m":126624,"pct_m":0.134628,"gas_method":"exact"},"2024-07":{"txs":26,"uniq":14,"trade":0,"nft":29,"gas":0.000001,"bal":0.001044,"days":8,"spread":0.258065,"streak":0,"rank_m":190014,"pct_m":0.202025,"gas_method":"exact"},"2024-08":{"txs":23,"uniq":17,"trade":0,"nft":21,"gas":0.000003,"bal":0.000246,"days":4,"spread":0.129032,"streak":0,"rank_m":273244,"pct_m":0.290517,"gas_method":"exact"},"2024-09":{"txs":15,"uniq":15,"trade":0,"nft":14,"gas":0.000001,"bal":0.000384,"days":2,"spread":0.066667,"streak":0,"rank_m":346990,"pct_m":0.368925,"gas_method":"estimated"},"2024-10":{"txs":2,"uniq":2,"trade":1,"nft":1,"gas":0,"bal":0.00073,"days":2,"spread":0.064516,"streak":0,"rank_m":461202,"pct_m":0.490357,"gas_method":"estimated"},"2024-11":{"txs":9,"uniq":5,"trade":0,"nft":0,"gas":0.000021,"bal":0.001789,"days":4,"spread":0.133333,"streak":0,"rank_m":382096,"pct_m":0.40625,"gas_method":"exact"},"2024-12":{"txs":20,"uniq":12,"trade":1,"nft":0,"gas":0.000375,"bal":0.002223,"days":8,"spread":0.258065,"streak":0,"rank_m":269594,"pct_m":0.286636,"gas_method":"exact"},"2025-01":{"txs":5,"uniq":4,"trade":0,"nft":1,"gas":0.000104,"bal":0.002348,"days":5,"spread":0.16129,"streak":0,"rank_m":386916,"pct_m":0.411375,"gas_method":"exact"},"2025-02":{"txs":8,"uniq":7,"trade":1,"nft":0,"gas":0.000056,"bal":0.001693,"days":3,"spread":0.107143,"streak":0,"rank_m":313225,"pct_m":0.333025,"gas_method":"exact"},"2025-03":{"txs":9,"uniq":6,"trade":0,"nft":0,"gas":0.000047,"bal":0.001158,"days":4,"spread":0.129032,"streak":0,"rank_m":359299,"pct_m":0.382012,"gas_method":"exact"},"2025-04":{"txs":3,"uniq":2,"trade":0,"nft":0,"gas":0.000012,"bal":0.00111,"days":2,"spread":0.066667,"streak":0,"rank_m":500701,"pct_m":0.532353,"gas_method":"exact"},"2025-05":{"txs":4,"uniq":3,"trade":0,"nft":0,"gas":0.000028,"bal":0.001366,"days":2,"spread":0.064516,"streak":0,"rank_m":482253,"pct_m":0.512739,"gas_method":"estimated"},"2025-06":{"txs":11,"uniq":6,"trade":0,"nft":0,"gas":0.000077,"bal":0.001228,"days":3,"spread":0.1,"streak":0,"rank_m":475674,"pct_m":0.505744,"gas_method":"estimated"},"2025-07":{"txs":6,"uniq":4,"trade":0,"nft":0,"gas":0.000042,"bal":0.000941,"days":2,"spread":0.064516,"streak":0,"rank_m":537817,"pct_m":0.571816,"gas_method":"estimated"},"2025-08":{"txs":7,"uniq":5,"trade":0,"nft":0,"gas":0.000049,"bal":0.00114,"days":2,"spread":0.064516,"streak":0,"rank_m":487631,"pct_m":0.518457,"gas_method":"estimated"},"2025-09":{"txs":7,"uniq":5,"trade":0,"nft":1,"gas":0.000049,"bal":0.000479,"days":3,"spread":0.1,"streak":0,"rank_m":431933,"pct_m":0.459238,"gas_method":"estimated"},"2025-10":{"txs":9,"uniq":1,"trade":0,"nft":0,"gas":0.000063,"bal":0.000474,"days":1,"spread":0.032258,"streak":0,"rank_m":470572,"pct_m":0.500319,"gas_method":"estimated"}}}