{"wallet":"0x65fab562d78dc54aa38bd88b7f7591e205bf48a6","rank":236772,"lifetime":{"months_active":19,"first":"2023-07","last":"2025-10","tx_sum":228,"uniq_sum":139,"trade_sum":11,"nft_sum":99,"gas_sum":0.00328,"avg_balance_eth_mean":0.007365,"streak_best_days":2,"gas_sum_filled":0.00328},"months":{"2023-07":{"txs":0,"uniq":0,"trade":0,"nft":0,"gas":0,"bal":0,"days":0,"spread":0,"streak":0,"rank_m":586403,"pct_m":0.623473},"2023-08":{"txs":0,"uniq":0,"trade":0,"nft":0,"gas":0,"bal":0,"days":0,"spread":0,"streak":0,"rank_m":632214,"pct_m":0.67218},"2023-09":{"txs":0,"uniq":0,"trade":0,"nft":0,"gas":0,"bal":0,"days":0,"spread":0,"streak":0,"rank_m":644483,"pct_m":0.685225},"2023-10":{"txs":0,"uniq":0,"trade":0,"nft":0,"gas":0,"bal":0,"days":0,"spread":0,"streak":0,"rank_m":654378,"pct_m":0.695745},"2023-11":{"txs":2,"uniq":1,"trade":0,"nft":0,"gas":0.000091,"bal":0.002742,"days":1,"spread":0.033333,"streak":1,"rank_m":132183,"pct_m":0.140538,"gas_method":"estimated"},"2023-12":{"txs":15,"uniq":6,"trade":10,"nft":0,"gas":0.00128,"bal":0.002886,"days":2,"spread":0.064516,"streak":1,"rank_m":64706,"pct_m":0.068796,"gas_method":"estimated"},"2024-01":{"txs":4,"uniq":1,"trade":0,"nft":0,"gas":0.000209,"bal":0.003579,"days":1,"spread":0.032258,"streak":1,"rank_m":127116,"pct_m":0.135151,"gas_method":"exact"},"2024-02":{"txs":11,"uniq":7,"trade":0,"nft":2,"gas":0.000494,"bal":0.004084,"days":2,"spread":0.068966,"streak":1,"rank_m":136269,"pct_m":0.144883,"gas_method":"estimated"},"2024-03":{"txs":4,"uniq":3,"trade":1,"nft":1,"gas":0.000544,"bal":0.012704,"days":2,"spread":0.064516,"streak":1,"rank_m":185055,"pct_m":0.196753,"gas_method":"exact"},"2024-04":{"txs":4,"uniq":1,"trade":0,"nft":1,"gas":0.000033,"bal":0.014262,"days":1,"spread":0.033333,"streak":1,"rank_m":354146,"pct_m":0.376533,"gas_method":"estimated"},"2024-05":{"txs":53,"uniq":23,"trade":0,"nft":18,"gas":0.000146,"bal":0.005713,"days":2,"spread":0.064516,"streak":1,"rank_m":187378,"pct_m":0.199223,"gas_method":"estimated"},"2024-06":{"txs":0,"uniq":0,"trade":0,"nft":0,"gas":0,"bal":0.005713,"days":0,"spread":0,"streak":0,"rank_m":519146,"pct_m":0.551964},"2024-07":{"txs":30,"uniq":19,"trade":0,"nft":18,"gas":0.000013,"bal":0.006645,"days":4,"spread":0.129032,"streak":1,"rank_m":137335,"pct_m":0.146016,"gas_method":"estimated"},"2024-08":{"txs":59,"uniq":51,"trade":0,"nft":56,"gas":0.000018,"bal":0.004497,"days":2,"spread":0.064516,"streak":1,"rank_m":163536,"pct_m":0.173873,"gas_method":"estimated"},"2024-09":{"txs":10,"uniq":6,"trade":0,"nft":3,"gas":0.000001,"bal":0.00086,"days":2,"spread":0.066667,"streak":1,"rank_m":313379,"pct_m":0.333189,"gas_method":"estimated"},"2024-10":{"txs":2,"uniq":1,"trade":0,"nft":0,"gas":0,"bal":0.002442,"days":1,"spread":0.032258,"streak":1,"rank_m":466801,"pct_m":0.49631,"gas_method":"estimated"},"2024-11":{"txs":0,"uniq":0,"trade":0,"nft":0,"gas":0,"bal":0.002442,"days":0,"spread":0,"streak":0,"rank_m":602399,"pct_m":0.64048},"2024-12":{"txs":12,"uniq":9,"trade":0,"nft":0,"gas":0.00022,"bal":0.00559,"days":4,"spread":0.129032,"streak":2,"rank_m":285083,"pct_m":0.303104,"gas_method":"exact"},"2025-01":{"txs":4,"uniq":3,"trade":0,"nft":0,"gas":0.000104,"bal":0.004942,"days":2,"spread":0.064516,"streak":2,"rank_m":384455,"pct_m":0.408758,"gas_method":"exact"},"2025-02":{"txs":5,"uniq":2,"trade":0,"nft":0,"gas":0.000021,"bal":0.006289,"days":3,"spread":0.107143,"streak":2,"rank_m":325153,"pct_m":0.345707,"gas_method":"exact"},"2025-03":{"txs":0,"uniq":0,"trade":0,"nft":0,"gas":0,"bal":0.006289,"days":0,"spread":0,"streak":0,"rank_m":605065,"pct_m":0.643315},"2025-04":{"txs":1,"uniq":0,"trade":0,"nft":0,"gas":0.000022,"bal":0.010334,"days":1,"spread":0.033333,"streak":1,"rank_m":514443,"pct_m":0.546964,"gas_method":"estimated"},"2025-05":{"txs":4,"uniq":2,"trade":0,"nft":0,"gas":0.000028,"bal":0.031429,"days":4,"spread":0.129032,"streak":1,"rank_m":166781,"pct_m":0.177323,"gas_method":"estimated"},"2025-06":{"txs":2,"uniq":1,"trade":0,"nft":0,"gas":0.000014,"bal":0.018381,"days":1,"spread":0.033333,"streak":1,"rank_m":307971,"pct_m":0.327439,"gas_method":"estimated"},"2025-07":{"txs":5,"uniq":2,"trade":0,"nft":0,"gas":0.000035,"bal":0.015481,"days":4,"spread":0.129032,"streak":2,"rank_m":246312,"pct_m":0.261882,"gas_method":"estimated"},"2025-08":{"txs":0,"uniq":0,"trade":0,"nft":0,"gas":0,"bal":0.015481,"days":0,"spread":0,"streak":0,"rank_m":496631,"pct_m":0.528026},"2025-09":{"txs":1,"uniq":1,"trade":0,"nft":0,"gas":0.000007,"bal":0.011719,"days":1,"spread":0.033333,"streak":1,"rank_m":343545,"pct_m":0.365262,"gas_method":"estimated"},"2025-10":{"txs":0,"uniq":0,"trade":0,"nft":0,"gas":0,"bal":0.011719,"days":0,"spread":0,"streak":0,"rank_m":422196,"pct_m":0.448885}}}