{"wallet":"0x6505063ee8e3cdd56e952ec9fd7e218062e66414","rank":266508,"lifetime":{"months_active":17,"first":"2023-07","last":"2025-10","tx_sum":318,"uniq_sum":124,"trade_sum":0,"nft_sum":23,"gas_sum":0.005452,"avg_balance_eth_mean":0.010348,"streak_best_days":0,"gas_sum_filled":0.005452},"months":{"2023-07":{"txs":3,"uniq":2,"trade":0,"nft":1,"gas":0.000581,"bal":0.000002,"days":1,"spread":0.032258,"streak":0,"rank_m":100488,"pct_m":0.10684,"gas_method":"estimated"},"2023-08":{"txs":75,"uniq":56,"trade":0,"nft":7,"gas":0.002177,"bal":0.000436,"days":19,"spread":0.612903,"streak":0,"rank_m":105166,"pct_m":0.111813,"gas_method":"exact"},"2023-09":{"txs":12,"uniq":10,"trade":0,"nft":1,"gas":0.000599,"bal":0.000883,"days":3,"spread":0.1,"streak":0,"rank_m":131724,"pct_m":0.14005,"gas_method":"exact"},"2023-10":{"txs":0,"uniq":0,"trade":0,"nft":0,"gas":0,"bal":0.000883,"days":0,"spread":0,"streak":0,"rank_m":289709,"pct_m":0.308023},"2023-11":{"txs":22,"uniq":9,"trade":0,"nft":0,"gas":0.000577,"bal":0.000337,"days":5,"spread":0.166667,"streak":0,"rank_m":160252,"pct_m":0.170382,"gas_method":"estimated"},"2023-12":{"txs":0,"uniq":0,"trade":0,"nft":0,"gas":0,"bal":0.000337,"days":0,"spread":0,"streak":0,"rank_m":340105,"pct_m":0.361605},"2024-01":{"txs":7,"uniq":3,"trade":0,"nft":0,"gas":0.000029,"bal":0.000396,"days":2,"spread":0.064516,"streak":0,"rank_m":192890,"pct_m":0.205083,"gas_method":"exact"},"2024-02":{"txs":4,"uniq":4,"trade":0,"nft":2,"gas":0.000108,"bal":0.001626,"days":3,"spread":0.103448,"streak":0,"rank_m":212911,"pct_m":0.22637,"gas_method":"exact"},"2024-03":{"txs":8,"uniq":5,"trade":0,"nft":0,"gas":0.00012,"bal":0.00353,"days":3,"spread":0.096774,"streak":0,"rank_m":280645,"pct_m":0.298386,"gas_method":"exact"},"2024-04":{"txs":9,"uniq":7,"trade":0,"nft":4,"gas":0.000043,"bal":0.010168,"days":5,"spread":0.166667,"streak":0,"rank_m":314811,"pct_m":0.334712,"gas_method":"estimated"},"2024-05":{"txs":0,"uniq":0,"trade":0,"nft":0,"gas":0,"bal":0.010168,"days":0,"spread":0,"streak":0,"rank_m":490740,"pct_m":0.521762},"2024-06":{"txs":0,"uniq":0,"trade":0,"nft":0,"gas":0,"bal":0.010168,"days":0,"spread":0,"streak":0,"rank_m":503425,"pct_m":0.535249},"2024-07":{"txs":0,"uniq":0,"trade":0,"nft":0,"gas":0,"bal":0.010168,"days":0,"spread":0,"streak":0,"rank_m":508245,"pct_m":0.540374},"2024-08":{"txs":0,"uniq":0,"trade":0,"nft":0,"gas":0,"bal":0.010168,"days":0,"spread":0,"streak":0,"rank_m":517966,"pct_m":0.55071},"2024-09":{"txs":0,"uniq":0,"trade":0,"nft":0,"gas":0,"bal":0.010168,"days":0,"spread":0,"streak":0,"rank_m":490184,"pct_m":0.521171},"2024-10":{"txs":6,"uniq":4,"trade":0,"nft":2,"gas":0.000001,"bal":0.008397,"days":3,"spread":0.096774,"streak":0,"rank_m":343167,"pct_m":0.36486,"gas_method":"estimated"},"2024-11":{"txs":2,"uniq":1,"trade":0,"nft":0,"gas":0.000005,"bal":0.020362,"days":1,"spread":0.033333,"streak":0,"rank_m":456559,"pct_m":0.485421,"gas_method":"exact"},"2024-12":{"txs":1,"uniq":1,"trade":0,"nft":0,"gas":0.000022,"bal":0.020046,"days":1,"spread":0.032258,"streak":0,"rank_m":532154,"pct_m":0.565795,"gas_method":"exact"},"2025-01":{"txs":0,"uniq":0,"trade":0,"nft":0,"gas":0,"bal":0.020046,"days":0,"spread":0,"streak":0,"rank_m":583520,"pct_m":0.620408},"2025-02":{"txs":1,"uniq":1,"trade":0,"nft":0,"gas":0.000007,"bal":0.019904,"days":1,"spread":0.035714,"streak":0,"rank_m":480389,"pct_m":0.510757,"gas_method":"exact"},"2025-03":{"txs":2,"uniq":1,"trade":0,"nft":0,"gas":0.000016,"bal":0.019428,"days":2,"spread":0.064516,"streak":0,"rank_m":410254,"pct_m":0.436188,"gas_method":"exact"},"2025-04":{"txs":0,"uniq":0,"trade":0,"nft":0,"gas":0,"bal":0.019428,"days":0,"spread":0,"streak":0,"rank_m":594118,"pct_m":0.631676},"2025-05":{"txs":0,"uniq":0,"trade":0,"nft":0,"gas":0,"bal":0.019428,"days":0,"spread":0,"streak":0,"rank_m":487068,"pct_m":0.517858},"2025-06":{"txs":0,"uniq":0,"trade":0,"nft":0,"gas":0,"bal":0.019428,"days":0,"spread":0,"streak":0,"rank_m":486523,"pct_m":0.517279},"2025-07":{"txs":35,"uniq":6,"trade":0,"nft":3,"gas":0.000246,"bal":0.018214,"days":4,"spread":0.129032,"streak":0,"rank_m":192997,"pct_m":0.205197,"gas_method":"estimated"},"2025-08":{"txs":12,"uniq":2,"trade":0,"nft":0,"gas":0.000084,"bal":0.015673,"days":3,"spread":0.096774,"streak":0,"rank_m":293855,"pct_m":0.312431,"gas_method":"estimated"},"2025-09":{"txs":86,"uniq":10,"trade":0,"nft":3,"gas":0.000605,"bal":0.010373,"days":22,"spread":0.733333,"streak":0,"rank_m":86223,"pct_m":0.091673,"gas_method":"estimated"},"2025-10":{"txs":33,"uniq":2,"trade":0,"nft":0,"gas":0.000232,"bal":0.009581,"days":5,"spread":0.16129,"streak":0,"rank_m":185583,"pct_m":0.197314,"gas_method":"estimated"}}}