{"wallet":"0x656c7e9fbea43bcd86b6bb06d00348f944839281","rank":168161,"lifetime":{"months_active":24,"first":"2023-07","last":"2025-10","tx_sum":376,"uniq_sum":239,"trade_sum":5,"nft_sum":42,"gas_sum":0.003183,"avg_balance_eth_mean":0.000754,"streak_best_days":7,"gas_sum_filled":0.003183},"months":{"2023-07":{"txs":0,"uniq":0,"trade":0,"nft":0,"gas":0,"bal":0,"days":0,"spread":0,"streak":0,"rank_m":588339,"pct_m":0.625531},"2023-08":{"txs":0,"uniq":0,"trade":0,"nft":0,"gas":0,"bal":0,"days":0,"spread":0,"streak":0,"rank_m":633900,"pct_m":0.673973},"2023-09":{"txs":0,"uniq":0,"trade":0,"nft":0,"gas":0,"bal":0,"days":0,"spread":0,"streak":0,"rank_m":646114,"pct_m":0.686959},"2023-10":{"txs":4,"uniq":3,"trade":0,"nft":2,"gas":0.000028,"bal":0.000133,"days":2,"spread":0.064516,"streak":1,"rank_m":126371,"pct_m":0.134359,"gas_method":"estimated"},"2023-11":{"txs":1,"uniq":1,"trade":0,"nft":0,"gas":0.000012,"bal":0.000181,"days":1,"spread":0.033333,"streak":1,"rank_m":166251,"pct_m":0.17676,"gas_method":"estimated"},"2023-12":{"txs":0,"uniq":0,"trade":0,"nft":0,"gas":0,"bal":0.000181,"days":0,"spread":0,"streak":0,"rank_m":349365,"pct_m":0.37145},"2024-01":{"txs":1,"uniq":1,"trade":0,"nft":0,"gas":0.000072,"bal":0.000114,"days":1,"spread":0.032258,"streak":1,"rank_m":177678,"pct_m":0.188909,"gas_method":"exact"},"2024-02":{"txs":3,"uniq":3,"trade":1,"nft":2,"gas":0.000031,"bal":0.000028,"days":2,"spread":0.068966,"streak":1,"rank_m":186681,"pct_m":0.198482,"gas_method":"exact"},"2024-03":{"txs":2,"uniq":1,"trade":0,"nft":1,"gas":0.000036,"bal":0.000009,"days":1,"spread":0.032258,"streak":1,"rank_m":369405,"pct_m":0.392757,"gas_method":"estimated"},"2024-04":{"txs":8,"uniq":7,"trade":0,"nft":2,"gas":0.000018,"bal":0.000042,"days":4,"spread":0.133333,"streak":2,"rank_m":379575,"pct_m":0.40357,"gas_method":"estimated"},"2024-05":{"txs":8,"uniq":7,"trade":0,"nft":8,"gas":0.000006,"bal":0.000142,"days":4,"spread":0.129032,"streak":1,"rank_m":366787,"pct_m":0.389973,"gas_method":"estimated"},"2024-06":{"txs":13,"uniq":7,"trade":0,"nft":4,"gas":0,"bal":0.00027,"days":9,"spread":0.3,"streak":3,"rank_m":189417,"pct_m":0.20139,"gas_method":"exact"},"2024-07":{"txs":18,"uniq":9,"trade":0,"nft":0,"gas":0.000001,"bal":0.000291,"days":7,"spread":0.225806,"streak":1,"rank_m":245631,"pct_m":0.261158,"gas_method":"exact"},"2024-08":{"txs":3,"uniq":3,"trade":0,"nft":2,"gas":0,"bal":0.000008,"days":3,"spread":0.096774,"streak":1,"rank_m":467326,"pct_m":0.496868,"gas_method":"estimated"},"2024-09":{"txs":8,"uniq":7,"trade":0,"nft":0,"gas":0.000002,"bal":0.00021,"days":2,"spread":0.066667,"streak":1,"rank_m":288916,"pct_m":0.30718,"gas_method":"exact"},"2024-10":{"txs":18,"uniq":11,"trade":1,"nft":7,"gas":0.000001,"bal":0.000366,"days":8,"spread":0.258065,"streak":2,"rank_m":243885,"pct_m":0.259302,"gas_method":"estimated"},"2024-11":{"txs":14,"uniq":12,"trade":0,"nft":3,"gas":0.000032,"bal":0.00033,"days":5,"spread":0.166667,"streak":2,"rank_m":249022,"pct_m":0.264764,"gas_method":"exact"},"2024-12":{"txs":62,"uniq":42,"trade":1,"nft":0,"gas":0.001323,"bal":0.000275,"days":10,"spread":0.322581,"streak":4,"rank_m":130826,"pct_m":0.139095,"gas_method":"exact"},"2025-01":{"txs":10,"uniq":9,"trade":1,"nft":2,"gas":0.000234,"bal":0.000652,"days":6,"spread":0.193548,"streak":2,"rank_m":255941,"pct_m":0.27212,"gas_method":"exact"},"2025-02":{"txs":27,"uniq":22,"trade":0,"nft":0,"gas":0.00019,"bal":0.008391,"days":4,"spread":0.142857,"streak":2,"rank_m":99666,"pct_m":0.105966,"gas_method":"exact"},"2025-03":{"txs":18,"uniq":10,"trade":1,"nft":1,"gas":0.000126,"bal":0.00137,"days":6,"spread":0.193548,"streak":1,"rank_m":183786,"pct_m":0.195403,"gas_method":"exact"},"2025-04":{"txs":35,"uniq":17,"trade":0,"nft":2,"gas":0.000205,"bal":0.002175,"days":13,"spread":0.433333,"streak":4,"rank_m":54808,"pct_m":0.058272,"gas_method":"exact"},"2025-05":{"txs":22,"uniq":15,"trade":0,"nft":0,"gas":0.000155,"bal":0.001451,"days":9,"spread":0.290323,"streak":3,"rank_m":195820,"pct_m":0.208198,"gas_method":"estimated"},"2025-06":{"txs":22,"uniq":9,"trade":0,"nft":0,"gas":0.000155,"bal":0.000809,"days":5,"spread":0.166667,"streak":3,"rank_m":368649,"pct_m":0.391953,"gas_method":"estimated"},"2025-07":{"txs":28,"uniq":17,"trade":0,"nft":2,"gas":0.000197,"bal":0.000769,"days":4,"spread":0.129032,"streak":3,"rank_m":253311,"pct_m":0.269324,"gas_method":"estimated"},"2025-08":{"txs":23,"uniq":14,"trade":0,"nft":1,"gas":0.000162,"bal":0.000473,"days":7,"spread":0.225806,"streak":2,"rank_m":274686,"pct_m":0.29205,"gas_method":"estimated"},"2025-09":{"txs":10,"uniq":4,"trade":0,"nft":3,"gas":0.00007,"bal":0.001743,"days":8,"spread":0.266667,"streak":3,"rank_m":242287,"pct_m":0.257603,"gas_method":"estimated"},"2025-10":{"txs":18,"uniq":8,"trade":0,"nft":0,"gas":0.000127,"bal":0.000693,"days":9,"spread":0.290323,"streak":7,"rank_m":224246,"pct_m":0.238421,"gas_method":"estimated"}}}