{"wallet":"0x65b58e1af62229de22acb5617b5ee307197c3056","rank":464194,"lifetime":{"months_active":12,"first":"2023-07","last":"2025-10","tx_sum":166,"uniq_sum":77,"trade_sum":6,"nft_sum":8,"gas_sum":0.000766,"avg_balance_eth_mean":0.006887,"streak_best_days":7,"gas_sum_filled":0.000766},"months":{"2023-07":{"txs":0,"uniq":0,"trade":0,"nft":0,"gas":0,"bal":0,"days":0,"spread":0,"streak":0,"rank_m":587337,"pct_m":0.624466},"2023-08":{"txs":0,"uniq":0,"trade":0,"nft":0,"gas":0,"bal":0,"days":0,"spread":0,"streak":0,"rank_m":633040,"pct_m":0.673058},"2023-09":{"txs":0,"uniq":0,"trade":0,"nft":0,"gas":0,"bal":0,"days":0,"spread":0,"streak":0,"rank_m":645281,"pct_m":0.686073},"2023-10":{"txs":0,"uniq":0,"trade":0,"nft":0,"gas":0,"bal":0,"days":0,"spread":0,"streak":0,"rank_m":655151,"pct_m":0.696567},"2023-11":{"txs":2,"uniq":1,"trade":0,"nft":0,"gas":0.000026,"bal":0.000586,"days":1,"spread":0.033333,"streak":1,"rank_m":156634,"pct_m":0.166535,"gas_method":"estimated"},"2023-12":{"txs":3,"uniq":1,"trade":3,"nft":0,"gas":0.000074,"bal":0.000842,"days":1,"spread":0.032258,"streak":1,"rank_m":141275,"pct_m":0.150205,"gas_method":"estimated"},"2024-01":{"txs":0,"uniq":0,"trade":0,"nft":0,"gas":0,"bal":0.000842,"days":0,"spread":0,"streak":0,"rank_m":328453,"pct_m":0.349216},"2024-02":{"txs":1,"uniq":1,"trade":1,"nft":0,"gas":0.000013,"bal":0.000132,"days":1,"spread":0.034483,"streak":1,"rank_m":248644,"pct_m":0.264362,"gas_method":"estimated"},"2024-03":{"txs":1,"uniq":0,"trade":0,"nft":0,"gas":0.000019,"bal":0.003282,"days":1,"spread":0.032258,"streak":1,"rank_m":331018,"pct_m":0.351943,"gas_method":"estimated"},"2024-04":{"txs":43,"uniq":18,"trade":2,"nft":3,"gas":0.000103,"bal":0.015167,"days":7,"spread":0.233333,"streak":7,"rank_m":77966,"pct_m":0.082894,"gas_method":"estimated"},"2024-05":{"txs":39,"uniq":16,"trade":0,"nft":3,"gas":0.000031,"bal":0.013651,"days":3,"spread":0.096774,"streak":3,"rank_m":123670,"pct_m":0.131487,"gas_method":"estimated"},"2024-06":{"txs":27,"uniq":12,"trade":0,"nft":2,"gas":0.000001,"bal":0.013403,"days":5,"spread":0.166667,"streak":2,"rank_m":120428,"pct_m":0.12804,"gas_method":"estimated"},"2024-07":{"txs":0,"uniq":0,"trade":0,"nft":0,"gas":0,"bal":0.013403,"days":0,"spread":0,"streak":0,"rank_m":496134,"pct_m":0.527497},"2024-08":{"txs":0,"uniq":0,"trade":0,"nft":0,"gas":0,"bal":0.013403,"days":0,"spread":0,"streak":0,"rank_m":505436,"pct_m":0.537388},"2024-09":{"txs":0,"uniq":0,"trade":0,"nft":0,"gas":0,"bal":0.013403,"days":0,"spread":0,"streak":0,"rank_m":476386,"pct_m":0.506501},"2024-10":{"txs":0,"uniq":0,"trade":0,"nft":0,"gas":0,"bal":0.013403,"days":0,"spread":0,"streak":0,"rank_m":518837,"pct_m":0.551636},"2024-11":{"txs":0,"uniq":0,"trade":0,"nft":0,"gas":0,"bal":0.013403,"days":0,"spread":0,"streak":0,"rank_m":549664,"pct_m":0.584412},"2024-12":{"txs":10,"uniq":3,"trade":0,"nft":0,"gas":0.00022,"bal":0.01317,"days":2,"spread":0.064516,"streak":1,"rank_m":359248,"pct_m":0.381958,"gas_method":"exact"},"2025-01":{"txs":0,"uniq":0,"trade":0,"nft":0,"gas":0,"bal":0.01317,"days":0,"spread":0,"streak":0,"rank_m":593018,"pct_m":0.630506},"2025-02":{"txs":9,"uniq":6,"trade":0,"nft":0,"gas":0.000063,"bal":0.012869,"days":1,"spread":0.035714,"streak":1,"rank_m":274058,"pct_m":0.291382,"gas_method":"exact"},"2025-03":{"txs":5,"uniq":3,"trade":0,"nft":0,"gas":0.00004,"bal":0.012642,"days":1,"spread":0.032258,"streak":1,"rank_m":323498,"pct_m":0.343948,"gas_method":"exact"},"2025-04":{"txs":7,"uniq":6,"trade":0,"nft":0,"gas":0.000042,"bal":0.012163,"days":1,"spread":0.033333,"streak":1,"rank_m":288605,"pct_m":0.306849,"gas_method":"exact"},"2025-05":{"txs":19,"uniq":10,"trade":0,"nft":0,"gas":0.000134,"bal":0.002316,"days":1,"spread":0.032258,"streak":1,"rank_m":303851,"pct_m":0.323059,"gas_method":"estimated"},"2025-06":{"txs":0,"uniq":0,"trade":0,"nft":0,"gas":0,"bal":0.002316,"days":0,"spread":0,"streak":0,"rank_m":653334,"pct_m":0.694635},"2025-07":{"txs":0,"uniq":0,"trade":0,"nft":0,"gas":0,"bal":0.002316,"days":0,"spread":0,"streak":0,"rank_m":672467,"pct_m":0.714978},"2025-08":{"txs":0,"uniq":0,"trade":0,"nft":0,"gas":0,"bal":0.002316,"days":0,"spread":0,"streak":0,"rank_m":654016,"pct_m":0.69536},"2025-09":{"txs":0,"uniq":0,"trade":0,"nft":0,"gas":0,"bal":0.002316,"days":0,"spread":0,"streak":0,"rank_m":639052,"pct_m":0.67945},"2025-10":{"txs":0,"uniq":0,"trade":0,"nft":0,"gas":0,"bal":0.002316,"days":0,"spread":0,"streak":0,"rank_m":568895,"pct_m":0.604858}}}