{"wallet":"0x65bd35c1c0db329dbc9d02d0c8f52008e7c1d597","rank":404664,"lifetime":{"months_active":20,"first":"2023-07","last":"2025-10","tx_sum":181,"uniq_sum":67,"trade_sum":3,"nft_sum":20,"gas_sum":0.004242,"avg_balance_eth_mean":0.002638,"streak_best_days":4,"gas_sum_filled":0.004242},"months":{"2023-07":{"txs":0,"uniq":0,"trade":0,"nft":0,"gas":0,"bal":0,"days":0,"spread":0,"streak":0,"rank_m":587240,"pct_m":0.624363},"2023-08":{"txs":13,"uniq":5,"trade":0,"nft":0,"gas":0.001191,"bal":0.000462,"days":1,"spread":0.032258,"streak":1,"rank_m":117965,"pct_m":0.125421,"gas_method":"exact"},"2023-09":{"txs":2,"uniq":2,"trade":0,"nft":3,"gas":0.000267,"bal":0.002293,"days":1,"spread":0.033333,"streak":1,"rank_m":110696,"pct_m":0.117693,"gas_method":"estimated"},"2023-10":{"txs":1,"uniq":1,"trade":0,"nft":0,"gas":0.000035,"bal":0.002173,"days":1,"spread":0.032258,"streak":1,"rank_m":135763,"pct_m":0.144345,"gas_method":"estimated"},"2023-11":{"txs":0,"uniq":0,"trade":0,"nft":0,"gas":0,"bal":0.002173,"days":0,"spread":0,"streak":0,"rank_m":273774,"pct_m":0.29108},"2023-12":{"txs":7,"uniq":1,"trade":0,"nft":1,"gas":0.0008,"bal":0.001808,"days":6,"spread":0.193548,"streak":3,"rank_m":88546,"pct_m":0.094143,"gas_method":"estimated"},"2024-01":{"txs":1,"uniq":1,"trade":0,"nft":0,"gas":0.000062,"bal":0.001251,"days":1,"spread":0.032258,"streak":1,"rank_m":160046,"pct_m":0.170163,"gas_method":"exact"},"2024-02":{"txs":3,"uniq":3,"trade":0,"nft":1,"gas":0.000942,"bal":0.000311,"days":2,"spread":0.068966,"streak":1,"rank_m":189146,"pct_m":0.201102,"gas_method":"exact"},"2024-03":{"txs":1,"uniq":1,"trade":0,"nft":0,"gas":0.00009,"bal":0.000201,"days":1,"spread":0.032258,"streak":1,"rank_m":373054,"pct_m":0.396637,"gas_method":"estimated"},"2024-04":{"txs":0,"uniq":0,"trade":0,"nft":0,"gas":0,"bal":0.000201,"days":0,"spread":0,"streak":0,"rank_m":550990,"pct_m":0.585821},"2024-05":{"txs":2,"uniq":2,"trade":0,"nft":2,"gas":0.000007,"bal":0.000151,"days":1,"spread":0.032258,"streak":1,"rank_m":458428,"pct_m":0.487408,"gas_method":"estimated"},"2024-06":{"txs":4,"uniq":2,"trade":0,"nft":0,"gas":0.000001,"bal":0.000413,"days":1,"spread":0.033333,"streak":1,"rank_m":481191,"pct_m":0.51161,"gas_method":"estimated"},"2024-07":{"txs":0,"uniq":0,"trade":0,"nft":0,"gas":0,"bal":0.000413,"days":0,"spread":0,"streak":0,"rank_m":608125,"pct_m":0.646568},"2024-08":{"txs":3,"uniq":3,"trade":0,"nft":1,"gas":0.000001,"bal":0.000482,"days":3,"spread":0.096774,"streak":2,"rank_m":409206,"pct_m":0.435074,"gas_method":"estimated"},"2024-09":{"txs":10,"uniq":3,"trade":0,"nft":2,"gas":0.000002,"bal":0.003393,"days":3,"spread":0.1,"streak":1,"rank_m":262809,"pct_m":0.279422,"gas_method":"estimated"},"2024-10":{"txs":14,"uniq":13,"trade":1,"nft":10,"gas":0.000004,"bal":0.00395,"days":6,"spread":0.193548,"streak":2,"rank_m":152234,"pct_m":0.161857,"gas_method":"estimated"},"2024-11":{"txs":1,"uniq":1,"trade":0,"nft":0,"gas":0.000002,"bal":0.002635,"days":1,"spread":0.033333,"streak":1,"rank_m":472116,"pct_m":0.501961,"gas_method":"exact"},"2024-12":{"txs":0,"uniq":0,"trade":0,"nft":0,"gas":0,"bal":0.002635,"days":0,"spread":0,"streak":0,"rank_m":649625,"pct_m":0.690692},"2025-01":{"txs":0,"uniq":0,"trade":0,"nft":0,"gas":0,"bal":0.002635,"days":0,"spread":0,"streak":0,"rank_m":638526,"pct_m":0.678891},"2025-02":{"txs":0,"uniq":0,"trade":0,"nft":0,"gas":0,"bal":0.002635,"days":0,"spread":0,"streak":0,"rank_m":651650,"pct_m":0.692845},"2025-03":{"txs":2,"uniq":2,"trade":0,"nft":0,"gas":0.000016,"bal":0.003436,"days":1,"spread":0.032258,"streak":1,"rank_m":417905,"pct_m":0.444323,"gas_method":"exact"},"2025-04":{"txs":1,"uniq":1,"trade":0,"nft":0,"gas":0.000006,"bal":0.004636,"days":1,"spread":0.033333,"streak":1,"rank_m":476862,"pct_m":0.507007,"gas_method":"exact"},"2025-05":{"txs":16,"uniq":3,"trade":0,"nft":0,"gas":0.000113,"bal":0.004534,"days":5,"spread":0.16129,"streak":1,"rank_m":237503,"pct_m":0.252516,"gas_method":"estimated"},"2025-06":{"txs":59,"uniq":15,"trade":2,"nft":0,"gas":0.000415,"bal":0.003216,"days":11,"spread":0.366667,"streak":4,"rank_m":100412,"pct_m":0.106759,"gas_method":"estimated"},"2025-07":{"txs":39,"uniq":6,"trade":0,"nft":0,"gas":0.000274,"bal":0.006988,"days":8,"spread":0.258065,"streak":3,"rank_m":181754,"pct_m":0.193243,"gas_method":"estimated"},"2025-08":{"txs":1,"uniq":1,"trade":0,"nft":0,"gas":0.000007,"bal":0.007647,"days":1,"spread":0.032258,"streak":1,"rank_m":379418,"pct_m":0.403403,"gas_method":"estimated"},"2025-09":{"txs":1,"uniq":1,"trade":0,"nft":0,"gas":0.000007,"bal":0.0066,"days":1,"spread":0.033333,"streak":1,"rank_m":385596,"pct_m":0.409971,"gas_method":"estimated"},"2025-10":{"txs":0,"uniq":0,"trade":0,"nft":0,"gas":0,"bal":0.0066,"days":0,"spread":0,"streak":0,"rank_m":474446,"pct_m":0.504438}}}