{"wallet":"0x6528179f0f074328b71b1f053df0a17937415b18","rank":520357,"lifetime":{"months_active":18,"first":"2023-07","last":"2025-10","tx_sum":139,"uniq_sum":79,"trade_sum":3,"nft_sum":41,"gas_sum":0.002816,"avg_balance_eth_mean":0.002156,"streak_best_days":2,"gas_sum_filled":0.002816},"months":{"2023-07":{"txs":5,"uniq":3,"trade":0,"nft":2,"gas":0.001062,"bal":0.001988,"days":1,"spread":0.032258,"streak":1,"rank_m":14173,"pct_m":0.015068,"gas_method":"exact"},"2023-08":{"txs":6,"uniq":6,"trade":0,"nft":5,"gas":0.000294,"bal":0.010451,"days":2,"spread":0.064516,"streak":1,"rank_m":95114,"pct_m":0.101126,"gas_method":"exact"},"2023-09":{"txs":0,"uniq":0,"trade":0,"nft":0,"gas":0,"bal":0.010451,"days":0,"spread":0,"streak":0,"rank_m":246558,"pct_m":0.262144},"2023-10":{"txs":0,"uniq":0,"trade":0,"nft":0,"gas":0,"bal":0.010451,"days":0,"spread":0,"streak":0,"rank_m":239176,"pct_m":0.254295},"2023-11":{"txs":12,"uniq":6,"trade":0,"nft":1,"gas":0.000464,"bal":0.008104,"days":5,"spread":0.166667,"streak":1,"rank_m":46414,"pct_m":0.049347,"gas_method":"estimated"},"2023-12":{"txs":0,"uniq":0,"trade":0,"nft":0,"gas":0,"bal":0.008104,"days":0,"spread":0,"streak":0,"rank_m":256951,"pct_m":0.273194},"2024-01":{"txs":1,"uniq":1,"trade":0,"nft":1,"gas":0.000037,"bal":0.001053,"days":1,"spread":0.032258,"streak":1,"rank_m":152093,"pct_m":0.161707,"gas_method":"exact"},"2024-02":{"txs":3,"uniq":3,"trade":0,"nft":4,"gas":0.000114,"bal":0.00071,"days":2,"spread":0.068966,"streak":1,"rank_m":205221,"pct_m":0.218194,"gas_method":"estimated"},"2024-03":{"txs":5,"uniq":4,"trade":0,"nft":3,"gas":0.000253,"bal":0.001927,"days":3,"spread":0.096774,"streak":1,"rank_m":220510,"pct_m":0.234449,"gas_method":"exact"},"2024-04":{"txs":60,"uniq":17,"trade":0,"nft":10,"gas":0.000423,"bal":0.003134,"days":5,"spread":0.166667,"streak":2,"rank_m":183783,"pct_m":0.1954,"gas_method":"estimated"},"2024-05":{"txs":3,"uniq":3,"trade":0,"nft":2,"gas":0.000014,"bal":0.000382,"days":3,"spread":0.096774,"streak":1,"rank_m":361192,"pct_m":0.384025,"gas_method":"exact"},"2024-06":{"txs":9,"uniq":7,"trade":0,"nft":1,"gas":0.000001,"bal":0.000277,"days":2,"spread":0.066667,"streak":1,"rank_m":404287,"pct_m":0.429844,"gas_method":"estimated"},"2024-07":{"txs":16,"uniq":12,"trade":0,"nft":12,"gas":0.000006,"bal":0.000576,"days":5,"spread":0.16129,"streak":2,"rank_m":231984,"pct_m":0.246648,"gas_method":"estimated"},"2024-08":{"txs":0,"uniq":0,"trade":0,"nft":0,"gas":0,"bal":0.000576,"days":0,"spread":0,"streak":0,"rank_m":607280,"pct_m":0.64567},"2024-09":{"txs":0,"uniq":0,"trade":0,"nft":0,"gas":0,"bal":0.000576,"days":0,"spread":0,"streak":0,"rank_m":607271,"pct_m":0.64566},"2024-10":{"txs":0,"uniq":0,"trade":0,"nft":0,"gas":0,"bal":0.000576,"days":0,"spread":0,"streak":0,"rank_m":642732,"pct_m":0.683363},"2024-11":{"txs":3,"uniq":3,"trade":0,"nft":0,"gas":0.000007,"bal":0.000225,"days":1,"spread":0.033333,"streak":1,"rank_m":474491,"pct_m":0.504486,"gas_method":"exact"},"2024-12":{"txs":2,"uniq":2,"trade":0,"nft":0,"gas":0.000044,"bal":0.000196,"days":2,"spread":0.064516,"streak":1,"rank_m":553100,"pct_m":0.588065,"gas_method":"exact"},"2025-01":{"txs":0,"uniq":0,"trade":0,"nft":0,"gas":0,"bal":0.000196,"days":0,"spread":0,"streak":0,"rank_m":726446,"pct_m":0.772369},"2025-02":{"txs":1,"uniq":1,"trade":0,"nft":0,"gas":0.000007,"bal":0.000075,"days":1,"spread":0.035714,"streak":1,"rank_m":564875,"pct_m":0.600584,"gas_method":"exact"},"2025-03":{"txs":0,"uniq":0,"trade":0,"nft":0,"gas":0,"bal":0.000075,"days":0,"spread":0,"streak":0,"rank_m":802273,"pct_m":0.85299},"2025-04":{"txs":1,"uniq":1,"trade":0,"nft":0,"gas":0.000006,"bal":0.000064,"days":1,"spread":0.033333,"streak":1,"rank_m":576346,"pct_m":0.61278,"gas_method":"exact"},"2025-05":{"txs":3,"uniq":3,"trade":0,"nft":0,"gas":0.000021,"bal":0.000053,"days":1,"spread":0.032258,"streak":1,"rank_m":634408,"pct_m":0.674513,"gas_method":"estimated"},"2025-06":{"txs":0,"uniq":0,"trade":0,"nft":0,"gas":0,"bal":0.000053,"days":0,"spread":0,"streak":0,"rank_m":863441,"pct_m":0.918025},"2025-07":{"txs":2,"uniq":1,"trade":0,"nft":0,"gas":0.000014,"bal":0.000056,"days":1,"spread":0.032258,"streak":1,"rank_m":682532,"pct_m":0.725679,"gas_method":"estimated"},"2025-08":{"txs":5,"uniq":5,"trade":3,"nft":0,"gas":0.000035,"bal":0.000018,"days":1,"spread":0.032258,"streak":1,"rank_m":513508,"pct_m":0.54597,"gas_method":"estimated"},"2025-09":{"txs":2,"uniq":1,"trade":0,"nft":0,"gas":0.000014,"bal":0.000011,"days":1,"spread":0.033333,"streak":1,"rank_m":673673,"pct_m":0.71626,"gas_method":"estimated"},"2025-10":{"txs":0,"uniq":0,"trade":0,"nft":0,"gas":0,"bal":0.000011,"days":0,"spread":0,"streak":0,"rank_m":884324,"pct_m":0.940228}}}