{"wallet":"0x65713e489224c0e8fa674c42b6f9c9c553d65aab","rank":56294,"lifetime":{"months_active":21,"first":"2023-07","last":"2025-10","tx_sum":599,"uniq_sum":204,"trade_sum":13,"nft_sum":75,"gas_sum":0.003588,"avg_balance_eth_mean":0.019386,"streak_best_days":15,"gas_sum_filled":0.003588},"months":{"2023-07":{"txs":0,"uniq":0,"trade":0,"nft":0,"gas":0,"bal":0,"days":0,"spread":0,"streak":0,"rank_m":588288,"pct_m":0.625477},"2023-08":{"txs":0,"uniq":0,"trade":0,"nft":0,"gas":0,"bal":0,"days":0,"spread":0,"streak":0,"rank_m":633862,"pct_m":0.673932},"2023-09":{"txs":0,"uniq":0,"trade":0,"nft":0,"gas":0,"bal":0,"days":0,"spread":0,"streak":0,"rank_m":646077,"pct_m":0.68692},"2023-10":{"txs":0,"uniq":0,"trade":0,"nft":0,"gas":0,"bal":0,"days":0,"spread":0,"streak":0,"rank_m":655920,"pct_m":0.697385},"2023-11":{"txs":0,"uniq":0,"trade":0,"nft":0,"gas":0,"bal":0,"days":0,"spread":0,"streak":0,"rank_m":664613,"pct_m":0.706627},"2023-12":{"txs":0,"uniq":0,"trade":0,"nft":0,"gas":0,"bal":0,"days":0,"spread":0,"streak":0,"rank_m":675147,"pct_m":0.717827},"2024-01":{"txs":0,"uniq":0,"trade":0,"nft":0,"gas":0,"bal":0,"days":0,"spread":0,"streak":0,"rank_m":684504,"pct_m":0.727776},"2024-02":{"txs":35,"uniq":17,"trade":0,"nft":8,"gas":0.000325,"bal":0.006891,"days":7,"spread":0.241379,"streak":2,"rank_m":37094,"pct_m":0.039438,"gas_method":"estimated"},"2024-03":{"txs":34,"uniq":12,"trade":0,"nft":8,"gas":0.000473,"bal":0.007289,"days":5,"spread":0.16129,"streak":1,"rank_m":125724,"pct_m":0.133671,"gas_method":"estimated"},"2024-04":{"txs":6,"uniq":5,"trade":0,"nft":5,"gas":0.00001,"bal":0.008869,"days":4,"spread":0.133333,"streak":1,"rank_m":288256,"pct_m":0.306478,"gas_method":"estimated"},"2024-05":{"txs":5,"uniq":4,"trade":0,"nft":3,"gas":0.000003,"bal":0.011853,"days":4,"spread":0.129032,"streak":2,"rank_m":246743,"pct_m":0.262341,"gas_method":"estimated"},"2024-06":{"txs":16,"uniq":6,"trade":0,"nft":4,"gas":0,"bal":0.020282,"days":7,"spread":0.233333,"streak":2,"rank_m":107017,"pct_m":0.113781,"gas_method":"exact"},"2024-07":{"txs":83,"uniq":18,"trade":0,"nft":10,"gas":0.000007,"bal":0.037032,"days":8,"spread":0.258065,"streak":3,"rank_m":27424,"pct_m":0.029157,"gas_method":"estimated"},"2024-08":{"txs":51,"uniq":28,"trade":1,"nft":22,"gas":0.000003,"bal":0.033849,"days":9,"spread":0.290323,"streak":3,"rank_m":24208,"pct_m":0.025737,"gas_method":"estimated"},"2024-09":{"txs":27,"uniq":8,"trade":0,"nft":7,"gas":0.000001,"bal":0.035322,"days":14,"spread":0.466667,"streak":12,"rank_m":17733,"pct_m":0.018853,"gas_method":"exact"},"2024-10":{"txs":18,"uniq":6,"trade":0,"nft":4,"gas":0,"bal":0.035965,"days":8,"spread":0.258065,"streak":2,"rank_m":88746,"pct_m":0.094355,"gas_method":"exact"},"2024-11":{"txs":21,"uniq":6,"trade":0,"nft":4,"gas":0.000039,"bal":0.043546,"days":9,"spread":0.3,"streak":4,"rank_m":94975,"pct_m":0.100978,"gas_method":"exact"},"2024-12":{"txs":28,"uniq":8,"trade":0,"nft":0,"gas":0.000617,"bal":0.044875,"days":14,"spread":0.451613,"streak":4,"rank_m":105473,"pct_m":0.11214,"gas_method":"exact"},"2025-01":{"txs":12,"uniq":7,"trade":0,"nft":0,"gas":0.000286,"bal":0.028395,"days":5,"spread":0.16129,"streak":1,"rank_m":229624,"pct_m":0.244139,"gas_method":"exact"},"2025-02":{"txs":3,"uniq":2,"trade":0,"nft":0,"gas":0.000021,"bal":0.016892,"days":2,"spread":0.071429,"streak":1,"rank_m":357905,"pct_m":0.38053,"gas_method":"exact"},"2025-03":{"txs":13,"uniq":11,"trade":5,"nft":0,"gas":0.000095,"bal":0.016091,"days":7,"spread":0.225806,"streak":1,"rank_m":101925,"pct_m":0.108367,"gas_method":"exact"},"2025-04":{"txs":18,"uniq":10,"trade":7,"nft":0,"gas":0.000097,"bal":0.017772,"days":5,"spread":0.166667,"streak":2,"rank_m":57153,"pct_m":0.060765,"gas_method":"exact"},"2025-05":{"txs":6,"uniq":3,"trade":0,"nft":0,"gas":0.000042,"bal":0.035375,"days":2,"spread":0.064516,"streak":2,"rank_m":129855,"pct_m":0.138063,"gas_method":"estimated"},"2025-06":{"txs":80,"uniq":19,"trade":0,"nft":0,"gas":0.000563,"bal":0.035084,"days":16,"spread":0.533333,"streak":3,"rank_m":21834,"pct_m":0.023213,"gas_method":"estimated"},"2025-07":{"txs":42,"uniq":8,"trade":0,"nft":0,"gas":0.000296,"bal":0.028703,"days":11,"spread":0.354839,"streak":2,"rank_m":71241,"pct_m":0.075744,"gas_method":"estimated"},"2025-08":{"txs":29,"uniq":11,"trade":0,"nft":0,"gas":0.000204,"bal":0.035347,"days":7,"spread":0.225806,"streak":2,"rank_m":64314,"pct_m":0.068379,"gas_method":"estimated"},"2025-09":{"txs":33,"uniq":8,"trade":0,"nft":0,"gas":0.000232,"bal":0.033534,"days":11,"spread":0.366667,"streak":3,"rank_m":47801,"pct_m":0.050822,"gas_method":"estimated"},"2025-10":{"txs":39,"uniq":7,"trade":0,"nft":0,"gas":0.000274,"bal":0.009831,"days":7,"spread":0.225806,"streak":2,"rank_m":69229,"pct_m":0.073604,"gas_method":"estimated"}}}