{"wallet":"0x6552d32c1a0563d6bd434c761771341058862f78","rank":4164,"lifetime":{"months_active":18,"first":"2023-07","last":"2025-10","tx_sum":3544,"uniq_sum":944,"trade_sum":29,"nft_sum":58,"gas_sum":0.088119,"avg_balance_eth_mean":7.777885,"streak_best_days":56,"gas_sum_filled":0.088119},"months":{"2023-07":{"txs":0,"uniq":0,"trade":0,"nft":0,"gas":0,"bal":0,"days":0,"spread":0,"streak":0,"rank_m":588686,"pct_m":0.6259},"2023-08":{"txs":3,"uniq":1,"trade":0,"nft":0,"gas":0.000099,"bal":0.000081,"days":2,"spread":0.064516,"streak":1,"rank_m":150436,"pct_m":0.159945,"gas_method":"exact"},"2023-09":{"txs":0,"uniq":0,"trade":0,"nft":0,"gas":0,"bal":0.000081,"days":0,"spread":0,"streak":0,"rank_m":303373,"pct_m":0.322551},"2023-10":{"txs":0,"uniq":0,"trade":0,"nft":0,"gas":0,"bal":0.000081,"days":0,"spread":0,"streak":0,"rank_m":321225,"pct_m":0.341531},"2023-11":{"txs":0,"uniq":0,"trade":0,"nft":0,"gas":0,"bal":0.000081,"days":0,"spread":0,"streak":0,"rank_m":335787,"pct_m":0.357014},"2023-12":{"txs":0,"uniq":0,"trade":0,"nft":0,"gas":0,"bal":0.000081,"days":0,"spread":0,"streak":0,"rank_m":358494,"pct_m":0.381156},"2024-01":{"txs":0,"uniq":0,"trade":0,"nft":0,"gas":0,"bal":0.000081,"days":0,"spread":0,"streak":0,"rank_m":375834,"pct_m":0.399592},"2024-02":{"txs":0,"uniq":0,"trade":0,"nft":0,"gas":0,"bal":0.000081,"days":0,"spread":0,"streak":0,"rank_m":421533,"pct_m":0.44818},"2024-03":{"txs":250,"uniq":78,"trade":1,"nft":9,"gas":0.004578,"bal":1.845671,"days":16,"spread":0.516129,"streak":8,"rank_m":4521,"pct_m":0.004806,"gas_method":"estimated"},"2024-04":{"txs":781,"uniq":219,"trade":0,"nft":14,"gas":0.071468,"bal":16.924636,"days":30,"spread":1,"streak":30,"rank_m":946,"pct_m":0.001005,"gas_method":"exact"},"2024-05":{"txs":151,"uniq":41,"trade":0,"nft":3,"gas":0.000113,"bal":11.610602,"days":22,"spread":0.709677,"streak":8,"rank_m":10892,"pct_m":0.01158,"gas_method":"estimated"},"2024-06":{"txs":135,"uniq":35,"trade":0,"nft":4,"gas":0.000004,"bal":11.278168,"days":23,"spread":0.766667,"streak":9,"rank_m":7676,"pct_m":0.00816,"gas_method":"estimated"},"2024-07":{"txs":277,"uniq":50,"trade":0,"nft":5,"gas":0.000003,"bal":25.349535,"days":20,"spread":0.645161,"streak":15,"rank_m":2578,"pct_m":0.00274,"gas_method":"exact"},"2024-08":{"txs":90,"uniq":26,"trade":0,"nft":7,"gas":0.000597,"bal":13.989985,"days":14,"spread":0.451613,"streak":4,"rank_m":7106,"pct_m":0.007554,"gas_method":"exact"},"2024-09":{"txs":48,"uniq":16,"trade":0,"nft":2,"gas":0.000002,"bal":5.047457,"days":12,"spread":0.4,"streak":4,"rank_m":14170,"pct_m":0.015065,"gas_method":"estimated"},"2024-10":{"txs":267,"uniq":60,"trade":1,"nft":10,"gas":0.007883,"bal":17.087778,"days":25,"spread":0.806452,"streak":7,"rank_m":728,"pct_m":0.000773,"gas_method":"exact"},"2024-11":{"txs":632,"uniq":162,"trade":0,"nft":0,"gas":0.001453,"bal":29.857582,"days":27,"spread":0.9,"streak":24,"rank_m":3274,"pct_m":0.00348,"gas_method":"exact"},"2024-12":{"txs":812,"uniq":237,"trade":19,"nft":2,"gas":0.00122,"bal":28.02859,"days":31,"spread":1,"streak":31,"rank_m":490,"pct_m":0.00052,"gas_method":"exact"},"2025-01":{"txs":77,"uniq":13,"trade":8,"nft":0,"gas":0.000547,"bal":41.306235,"days":8,"spread":0.258065,"streak":2,"rank_m":37580,"pct_m":0.039955,"gas_method":"exact"},"2025-02":{"txs":1,"uniq":1,"trade":0,"nft":0,"gas":0.000007,"bal":1.150205,"days":1,"spread":0.035714,"streak":1,"rank_m":398494,"pct_m":0.423685,"gas_method":"exact"},"2025-03":{"txs":6,"uniq":2,"trade":0,"nft":0,"gas":0.000047,"bal":1.289861,"days":2,"spread":0.064516,"streak":1,"rank_m":255747,"pct_m":0.271914,"gas_method":"exact"},"2025-04":{"txs":0,"uniq":0,"trade":0,"nft":0,"gas":0,"bal":1.289861,"days":0,"spread":0,"streak":0,"rank_m":544038,"pct_m":0.57843},"2025-05":{"txs":1,"uniq":0,"trade":0,"nft":0,"gas":0.000007,"bal":1.949181,"days":1,"spread":0.032258,"streak":1,"rank_m":233220,"pct_m":0.247963,"gas_method":"estimated"},"2025-06":{"txs":6,"uniq":0,"trade":0,"nft":1,"gas":0.000042,"bal":1.949181,"days":2,"spread":0.066667,"streak":1,"rank_m":187223,"pct_m":0.199058,"gas_method":"estimated"},"2025-07":{"txs":4,"uniq":0,"trade":0,"nft":0,"gas":0.000028,"bal":1.949181,"days":4,"spread":0.129032,"streak":2,"rank_m":182170,"pct_m":0.193685,"gas_method":"estimated"},"2025-08":{"txs":3,"uniq":3,"trade":0,"nft":0,"gas":0.000021,"bal":1.958837,"days":1,"spread":0.032258,"streak":1,"rank_m":203288,"pct_m":0.216138,"gas_method":"estimated"},"2025-09":{"txs":0,"uniq":0,"trade":0,"nft":1,"gas":0,"bal":1.958837,"days":0,"spread":0,"streak":0,"rank_m":373258,"pct_m":0.396854},"2025-10":{"txs":0,"uniq":0,"trade":0,"nft":0,"gas":0,"bal":1.958837,"days":0,"spread":0,"streak":0,"rank_m":290054,"pct_m":0.30839}}}