{"wallet":"0x65b7514b4a8f77322a8d4119440b2921c111bf7f","rank":387010,"lifetime":{"months_active":22,"first":"2023-07","last":"2025-10","tx_sum":168,"uniq_sum":95,"trade_sum":4,"nft_sum":41,"gas_sum":0.003103,"avg_balance_eth_mean":0.000733,"streak_best_days":4,"gas_sum_filled":0.003103},"months":{"2023-07":{"txs":0,"uniq":0,"trade":0,"nft":0,"gas":0,"bal":0,"days":0,"spread":0,"streak":0,"rank_m":587314,"pct_m":0.624442},"2023-08":{"txs":12,"uniq":6,"trade":0,"nft":5,"gas":0.001775,"bal":0.0013,"days":9,"spread":0.290323,"streak":2,"rank_m":70044,"pct_m":0.074471,"gas_method":"exact"},"2023-09":{"txs":2,"uniq":2,"trade":0,"nft":1,"gas":0.000099,"bal":0.000713,"days":2,"spread":0.066667,"streak":1,"rank_m":109801,"pct_m":0.116741,"gas_method":"exact"},"2023-10":{"txs":4,"uniq":3,"trade":0,"nft":1,"gas":0.000036,"bal":0.000343,"days":2,"spread":0.064516,"streak":1,"rank_m":101124,"pct_m":0.107516,"gas_method":"exact"},"2023-11":{"txs":1,"uniq":1,"trade":0,"nft":0,"gas":0.000013,"bal":0.000052,"days":1,"spread":0.033333,"streak":1,"rank_m":169126,"pct_m":0.179817,"gas_method":"estimated"},"2023-12":{"txs":0,"uniq":0,"trade":0,"nft":0,"gas":0,"bal":0.000052,"days":0,"spread":0,"streak":0,"rank_m":361931,"pct_m":0.38481},"2024-01":{"txs":0,"uniq":0,"trade":0,"nft":0,"gas":0,"bal":0.000052,"days":0,"spread":0,"streak":0,"rank_m":380108,"pct_m":0.404137},"2024-02":{"txs":5,"uniq":4,"trade":0,"nft":3,"gas":0.000062,"bal":0.001752,"days":3,"spread":0.103448,"streak":1,"rank_m":167462,"pct_m":0.178048,"gas_method":"estimated"},"2024-03":{"txs":2,"uniq":1,"trade":0,"nft":0,"gas":0.000037,"bal":0.000959,"days":2,"spread":0.064516,"streak":1,"rank_m":340711,"pct_m":0.362249,"gas_method":"estimated"},"2024-04":{"txs":4,"uniq":4,"trade":0,"nft":2,"gas":0.000009,"bal":0.001194,"days":3,"spread":0.1,"streak":1,"rank_m":385759,"pct_m":0.410145,"gas_method":"estimated"},"2024-05":{"txs":13,"uniq":9,"trade":1,"nft":8,"gas":0.00001,"bal":0.002215,"days":7,"spread":0.225806,"streak":1,"rank_m":239830,"pct_m":0.25499,"gas_method":"estimated"},"2024-06":{"txs":1,"uniq":1,"trade":0,"nft":0,"gas":0,"bal":0.001376,"days":1,"spread":0.033333,"streak":1,"rank_m":474206,"pct_m":0.504183,"gas_method":"estimated"},"2024-07":{"txs":2,"uniq":1,"trade":0,"nft":1,"gas":0,"bal":0.000559,"days":2,"spread":0.064516,"streak":1,"rank_m":447246,"pct_m":0.475519,"gas_method":"estimated"},"2024-08":{"txs":8,"uniq":4,"trade":2,"nft":5,"gas":0.000001,"bal":0.000669,"days":5,"spread":0.16129,"streak":1,"rank_m":329571,"pct_m":0.350405,"gas_method":"estimated"},"2024-09":{"txs":7,"uniq":7,"trade":0,"nft":3,"gas":0.000001,"bal":0.002,"days":3,"spread":0.1,"streak":1,"rank_m":199017,"pct_m":0.211597,"gas_method":"exact"},"2024-10":{"txs":14,"uniq":6,"trade":0,"nft":9,"gas":0.000001,"bal":0.000395,"days":12,"spread":0.387097,"streak":3,"rank_m":257265,"pct_m":0.273528,"gas_method":"estimated"},"2024-11":{"txs":6,"uniq":5,"trade":0,"nft":0,"gas":0.000011,"bal":0.000209,"days":2,"spread":0.066667,"streak":1,"rank_m":427800,"pct_m":0.454844,"gas_method":"exact"},"2024-12":{"txs":24,"uniq":12,"trade":0,"nft":1,"gas":0.000507,"bal":0.000411,"days":8,"spread":0.258065,"streak":4,"rank_m":215044,"pct_m":0.228638,"gas_method":"exact"},"2025-01":{"txs":15,"uniq":6,"trade":0,"nft":1,"gas":0.000338,"bal":0.001099,"days":8,"spread":0.258065,"streak":2,"rank_m":237950,"pct_m":0.252992,"gas_method":"exact"},"2025-02":{"txs":13,"uniq":9,"trade":1,"nft":0,"gas":0.00007,"bal":0.001879,"days":5,"spread":0.178571,"streak":2,"rank_m":171455,"pct_m":0.182293,"gas_method":"exact"},"2025-03":{"txs":20,"uniq":4,"trade":0,"nft":0,"gas":0.000047,"bal":0.001771,"days":4,"spread":0.129032,"streak":1,"rank_m":285058,"pct_m":0.303078,"gas_method":"exact"},"2025-04":{"txs":7,"uniq":5,"trade":0,"nft":0,"gas":0.00003,"bal":0.000484,"days":4,"spread":0.133333,"streak":2,"rank_m":335185,"pct_m":0.356374,"gas_method":"exact"},"2025-05":{"txs":0,"uniq":0,"trade":0,"nft":0,"gas":0,"bal":0.000484,"days":0,"spread":0,"streak":0,"rank_m":753767,"pct_m":0.801417},"2025-06":{"txs":0,"uniq":0,"trade":0,"nft":0,"gas":0,"bal":0.000484,"days":0,"spread":0,"streak":0,"rank_m":755768,"pct_m":0.803545},"2025-07":{"txs":3,"uniq":2,"trade":0,"nft":0,"gas":0.000021,"bal":0.000014,"days":1,"spread":0.032258,"streak":1,"rank_m":687162,"pct_m":0.730602,"gas_method":"estimated"},"2025-08":{"txs":3,"uniq":2,"trade":0,"nft":0,"gas":0.000021,"bal":0.000011,"days":2,"spread":0.064516,"streak":2,"rank_m":634335,"pct_m":0.674435,"gas_method":"estimated"},"2025-09":{"txs":2,"uniq":1,"trade":0,"nft":1,"gas":0.000014,"bal":0.000021,"days":1,"spread":0.033333,"streak":1,"rank_m":571559,"pct_m":0.607691,"gas_method":"estimated"},"2025-10":{"txs":0,"uniq":0,"trade":0,"nft":0,"gas":0,"bal":0.000021,"days":0,"spread":0,"streak":0,"rank_m":874216,"pct_m":0.929481}}}