{"wallet":"0x653397e36bba51530f7d29ffbd91c15d333fa64f","rank":371746,"lifetime":{"months_active":8,"first":"2023-07","last":"2025-10","tx_sum":465,"uniq_sum":35,"trade_sum":55,"nft_sum":0,"gas_sum":0.000155,"avg_balance_eth_mean":0.003747,"streak_best_days":34,"gas_sum_filled":0.000155},"months":{"2023-07":{"txs":0,"uniq":0,"trade":0,"nft":0,"gas":0,"bal":0,"days":0,"spread":0,"streak":0,"rank_m":589102,"pct_m":0.626343},"2023-08":{"txs":0,"uniq":0,"trade":0,"nft":0,"gas":0,"bal":0,"days":0,"spread":0,"streak":0,"rank_m":634563,"pct_m":0.674678},"2023-09":{"txs":0,"uniq":0,"trade":0,"nft":0,"gas":0,"bal":0,"days":0,"spread":0,"streak":0,"rank_m":646745,"pct_m":0.68763},"2023-10":{"txs":0,"uniq":0,"trade":0,"nft":0,"gas":0,"bal":0,"days":0,"spread":0,"streak":0,"rank_m":656564,"pct_m":0.69807},"2023-11":{"txs":4,"uniq":2,"trade":0,"nft":0,"gas":0.000002,"bal":0.000003,"days":2,"spread":0.066667,"streak":1,"rank_m":159681,"pct_m":0.169775,"gas_method":"estimated"},"2023-12":{"txs":4,"uniq":1,"trade":0,"nft":0,"gas":0.000004,"bal":0.000972,"days":3,"spread":0.096774,"streak":1,"rank_m":153837,"pct_m":0.163561,"gas_method":"estimated"},"2024-01":{"txs":1,"uniq":1,"trade":0,"nft":0,"gas":0.000019,"bal":0.000962,"days":1,"spread":0.032258,"streak":1,"rank_m":171536,"pct_m":0.182379,"gas_method":"exact"},"2024-02":{"txs":0,"uniq":0,"trade":0,"nft":0,"gas":0,"bal":0.000962,"days":0,"spread":0,"streak":0,"rank_m":372101,"pct_m":0.395623},"2024-03":{"txs":19,"uniq":5,"trade":1,"nft":0,"gas":0.000015,"bal":0.0032,"days":8,"spread":0.258065,"streak":3,"rank_m":132092,"pct_m":0.140442,"gas_method":"estimated"},"2024-04":{"txs":190,"uniq":9,"trade":20,"nft":0,"gas":0.000057,"bal":0.011577,"days":29,"spread":0.966667,"streak":17,"rank_m":25507,"pct_m":0.027118,"gas_method":"exact"},"2024-05":{"txs":113,"uniq":6,"trade":31,"nft":0,"gas":0.000055,"bal":0.015598,"days":27,"spread":0.870968,"streak":17,"rank_m":18340,"pct_m":0.019498,"gas_method":"exact"},"2024-06":{"txs":101,"uniq":6,"trade":3,"nft":0,"gas":0.000001,"bal":0.005757,"days":17,"spread":0.566667,"streak":10,"rank_m":41110,"pct_m":0.043708,"gas_method":"exact"},"2024-07":{"txs":33,"uniq":5,"trade":0,"nft":0,"gas":0.000002,"bal":0.004118,"days":11,"spread":0.354839,"streak":4,"rank_m":126385,"pct_m":0.134374,"gas_method":"exact"},"2024-08":{"txs":0,"uniq":0,"trade":0,"nft":0,"gas":0,"bal":0.004118,"days":0,"spread":0,"streak":0,"rank_m":550244,"pct_m":0.585028},"2024-09":{"txs":0,"uniq":0,"trade":0,"nft":0,"gas":0,"bal":0.004118,"days":0,"spread":0,"streak":0,"rank_m":529369,"pct_m":0.562834},"2024-10":{"txs":0,"uniq":0,"trade":0,"nft":0,"gas":0,"bal":0.004118,"days":0,"spread":0,"streak":0,"rank_m":575130,"pct_m":0.611487},"2024-11":{"txs":0,"uniq":0,"trade":0,"nft":0,"gas":0,"bal":0.004118,"days":0,"spread":0,"streak":0,"rank_m":586710,"pct_m":0.623799},"2024-12":{"txs":0,"uniq":0,"trade":0,"nft":0,"gas":0,"bal":0.004118,"days":0,"spread":0,"streak":0,"rank_m":638799,"pct_m":0.679181},"2025-01":{"txs":0,"uniq":0,"trade":0,"nft":0,"gas":0,"bal":0.004118,"days":0,"spread":0,"streak":0,"rank_m":626625,"pct_m":0.666238},"2025-02":{"txs":0,"uniq":0,"trade":0,"nft":0,"gas":0,"bal":0.004118,"days":0,"spread":0,"streak":0,"rank_m":636461,"pct_m":0.676696},"2025-03":{"txs":0,"uniq":0,"trade":0,"nft":0,"gas":0,"bal":0.004118,"days":0,"spread":0,"streak":0,"rank_m":624789,"pct_m":0.664286},"2025-04":{"txs":0,"uniq":0,"trade":0,"nft":0,"gas":0,"bal":0.004118,"days":0,"spread":0,"streak":0,"rank_m":653979,"pct_m":0.695321},"2025-05":{"txs":0,"uniq":0,"trade":0,"nft":0,"gas":0,"bal":0.004118,"days":0,"spread":0,"streak":0,"rank_m":611123,"pct_m":0.649756},"2025-06":{"txs":0,"uniq":0,"trade":0,"nft":0,"gas":0,"bal":0.004118,"days":0,"spread":0,"streak":0,"rank_m":612710,"pct_m":0.651443},"2025-07":{"txs":0,"uniq":0,"trade":0,"nft":0,"gas":0,"bal":0.004118,"days":0,"spread":0,"streak":0,"rank_m":631648,"pct_m":0.671578},"2025-08":{"txs":0,"uniq":0,"trade":0,"nft":0,"gas":0,"bal":0.004118,"days":0,"spread":0,"streak":0,"rank_m":613602,"pct_m":0.652392},"2025-09":{"txs":0,"uniq":0,"trade":0,"nft":0,"gas":0,"bal":0.004118,"days":0,"spread":0,"streak":0,"rank_m":599464,"pct_m":0.63736},"2025-10":{"txs":0,"uniq":0,"trade":0,"nft":0,"gas":0,"bal":0.004118,"days":0,"spread":0,"streak":0,"rank_m":521155,"pct_m":0.5541}}}