{"wallet":"0x65b2597438cb197bbe805f9aa8026f0e7658b311","rank":285061,"lifetime":{"months_active":24,"first":"2023-07","last":"2025-10","tx_sum":234,"uniq_sum":124,"trade_sum":2,"nft_sum":34,"gas_sum":0.001922,"avg_balance_eth_mean":0.000563,"streak_best_days":11,"gas_sum_filled":0.001922},"months":{"2023-07":{"txs":4,"uniq":2,"trade":0,"nft":2,"gas":0.000359,"bal":0.000088,"days":2,"spread":0.064516,"streak":2,"rank_m":15695,"pct_m":0.016686,"gas_method":"exact"},"2023-08":{"txs":9,"uniq":8,"trade":0,"nft":6,"gas":0.000392,"bal":0.000739,"days":6,"spread":0.193548,"streak":3,"rank_m":82977,"pct_m":0.088222,"gas_method":"exact"},"2023-09":{"txs":0,"uniq":0,"trade":0,"nft":0,"gas":0,"bal":0.000739,"days":0,"spread":0,"streak":0,"rank_m":282999,"pct_m":0.300889},"2023-10":{"txs":0,"uniq":0,"trade":0,"nft":0,"gas":0,"bal":0.000739,"days":0,"spread":0,"streak":0,"rank_m":293140,"pct_m":0.311671},"2023-11":{"txs":0,"uniq":0,"trade":0,"nft":0,"gas":0,"bal":0.000739,"days":0,"spread":0,"streak":0,"rank_m":302474,"pct_m":0.321595},"2023-12":{"txs":4,"uniq":2,"trade":0,"nft":1,"gas":0.000076,"bal":0.000401,"days":2,"spread":0.064516,"streak":1,"rank_m":153542,"pct_m":0.163248,"gas_method":"estimated"},"2024-01":{"txs":3,"uniq":1,"trade":0,"nft":2,"gas":0.000053,"bal":0.000861,"days":2,"spread":0.064516,"streak":2,"rank_m":134978,"pct_m":0.14351,"gas_method":"estimated"},"2024-02":{"txs":3,"uniq":3,"trade":0,"nft":2,"gas":0.00003,"bal":0.000997,"days":3,"spread":0.103448,"streak":1,"rank_m":198302,"pct_m":0.210837,"gas_method":"estimated"},"2024-03":{"txs":6,"uniq":5,"trade":0,"nft":1,"gas":0.00009,"bal":0.000132,"days":4,"spread":0.129032,"streak":1,"rank_m":308371,"pct_m":0.327864,"gas_method":"estimated"},"2024-04":{"txs":22,"uniq":15,"trade":1,"nft":2,"gas":0.000041,"bal":0.001912,"days":9,"spread":0.3,"streak":2,"rank_m":204666,"pct_m":0.217603,"gas_method":"estimated"},"2024-05":{"txs":10,"uniq":9,"trade":1,"nft":4,"gas":0.000006,"bal":0.001895,"days":5,"spread":0.16129,"streak":2,"rank_m":242932,"pct_m":0.258289,"gas_method":"estimated"},"2024-06":{"txs":1,"uniq":1,"trade":0,"nft":5,"gas":0,"bal":0.000219,"days":1,"spread":0.033333,"streak":1,"rank_m":459838,"pct_m":0.488907,"gas_method":"estimated"},"2024-07":{"txs":4,"uniq":3,"trade":0,"nft":3,"gas":0.000001,"bal":0.000217,"days":2,"spread":0.064516,"streak":1,"rank_m":353313,"pct_m":0.375648,"gas_method":"exact"},"2024-08":{"txs":1,"uniq":1,"trade":0,"nft":1,"gas":0,"bal":0.000219,"days":1,"spread":0.032258,"streak":1,"rank_m":496672,"pct_m":0.528069,"gas_method":"estimated"},"2024-09":{"txs":5,"uniq":5,"trade":0,"nft":0,"gas":0,"bal":0.000324,"days":2,"spread":0.066667,"streak":1,"rank_m":424075,"pct_m":0.450883,"gas_method":"estimated"},"2024-10":{"txs":6,"uniq":5,"trade":0,"nft":2,"gas":0,"bal":0.000082,"days":3,"spread":0.096774,"streak":1,"rank_m":440333,"pct_m":0.468169,"gas_method":"estimated"},"2024-11":{"txs":2,"uniq":1,"trade":0,"nft":0,"gas":0.000002,"bal":0.000147,"days":1,"spread":0.033333,"streak":1,"rank_m":514369,"pct_m":0.546885,"gas_method":"exact"},"2024-12":{"txs":14,"uniq":9,"trade":0,"nft":0,"gas":0.000265,"bal":0.000478,"days":5,"spread":0.16129,"streak":2,"rank_m":327938,"pct_m":0.348668,"gas_method":"exact"},"2025-01":{"txs":3,"uniq":2,"trade":0,"nft":0,"gas":0.000078,"bal":0.0005,"days":3,"spread":0.096774,"streak":2,"rank_m":457238,"pct_m":0.486143,"gas_method":"exact"},"2025-02":{"txs":17,"uniq":9,"trade":0,"nft":0,"gas":0.000099,"bal":0.002172,"days":8,"spread":0.285714,"streak":3,"rank_m":150954,"pct_m":0.160496,"gas_method":"exact"},"2025-03":{"txs":41,"uniq":7,"trade":0,"nft":0,"gas":0,"bal":0.000518,"days":22,"spread":0.709677,"streak":11,"rank_m":253751,"pct_m":0.269792,"gas_method":"exact"},"2025-04":{"txs":18,"uniq":10,"trade":0,"nft":2,"gas":0.000001,"bal":0.000836,"days":12,"spread":0.4,"streak":3,"rank_m":198904,"pct_m":0.211477,"gas_method":"exact"},"2025-05":{"txs":26,"uniq":12,"trade":0,"nft":0,"gas":0.000183,"bal":0.000601,"days":18,"spread":0.580645,"streak":9,"rank_m":243179,"pct_m":0.258551,"gas_method":"estimated"},"2025-06":{"txs":21,"uniq":7,"trade":0,"nft":0,"gas":0.000148,"bal":0.000084,"days":15,"spread":0.5,"streak":5,"rank_m":455099,"pct_m":0.483868,"gas_method":"estimated"},"2025-07":{"txs":6,"uniq":5,"trade":0,"nft":1,"gas":0.000042,"bal":0.000031,"days":4,"spread":0.129032,"streak":2,"rank_m":485053,"pct_m":0.515716,"gas_method":"estimated"},"2025-08":{"txs":4,"uniq":1,"trade":0,"nft":0,"gas":0.000028,"bal":0.000027,"days":1,"spread":0.032258,"streak":1,"rank_m":669035,"pct_m":0.711329,"gas_method":"estimated"},"2025-09":{"txs":0,"uniq":0,"trade":0,"nft":0,"gas":0,"bal":0.000027,"days":0,"spread":0,"streak":0,"rank_m":889319,"pct_m":0.945539},"2025-10":{"txs":4,"uniq":1,"trade":0,"nft":0,"gas":0.000028,"bal":0.000052,"days":2,"spread":0.064516,"streak":1,"rank_m":514880,"pct_m":0.547429,"gas_method":"estimated"}}}