{"wallet":"0x65d186e78fd3a6e9cd7990b42b87dfec1e0fe689","rank":62635,"lifetime":{"months_active":19,"first":"2023-07","last":"2025-10","tx_sum":737,"uniq_sum":181,"trade_sum":44,"nft_sum":71,"gas_sum":0.000852,"avg_balance_eth_mean":0.015637,"streak_best_days":23,"gas_sum_filled":0.000852},"months":{"2023-07":{"txs":0,"uniq":0,"trade":0,"nft":0,"gas":0,"bal":0,"days":0,"spread":0,"streak":0,"rank_m":586964,"pct_m":0.62407},"2023-08":{"txs":0,"uniq":0,"trade":0,"nft":0,"gas":0,"bal":0,"days":0,"spread":0,"streak":0,"rank_m":632714,"pct_m":0.672712},"2023-09":{"txs":0,"uniq":0,"trade":0,"nft":0,"gas":0,"bal":0,"days":0,"spread":0,"streak":0,"rank_m":644960,"pct_m":0.685732},"2023-10":{"txs":0,"uniq":0,"trade":0,"nft":0,"gas":0,"bal":0,"days":0,"spread":0,"streak":0,"rank_m":654842,"pct_m":0.696239},"2023-11":{"txs":0,"uniq":0,"trade":0,"nft":0,"gas":0,"bal":0,"days":0,"spread":0,"streak":0,"rank_m":663565,"pct_m":0.705513},"2023-12":{"txs":3,"uniq":2,"trade":0,"nft":0,"gas":0.000016,"bal":0.003176,"days":2,"spread":0.064516,"streak":2,"rank_m":113721,"pct_m":0.120909,"gas_method":"estimated"},"2024-01":{"txs":0,"uniq":0,"trade":0,"nft":0,"gas":0,"bal":0.003176,"days":0,"spread":0,"streak":0,"rank_m":288659,"pct_m":0.306906},"2024-02":{"txs":0,"uniq":0,"trade":0,"nft":0,"gas":0,"bal":0.003176,"days":0,"spread":0,"streak":0,"rank_m":334020,"pct_m":0.355135},"2024-03":{"txs":21,"uniq":4,"trade":6,"nft":1,"gas":0.000086,"bal":0.003767,"days":6,"spread":0.193548,"streak":2,"rank_m":137739,"pct_m":0.146446,"gas_method":"estimated"},"2024-04":{"txs":265,"uniq":34,"trade":0,"nft":28,"gas":0.000077,"bal":0.000581,"days":14,"spread":0.466667,"streak":7,"rank_m":71113,"pct_m":0.075608,"gas_method":"exact"},"2024-05":{"txs":212,"uniq":73,"trade":21,"nft":39,"gas":0.000263,"bal":0.001446,"days":28,"spread":0.903226,"streak":16,"rank_m":20079,"pct_m":0.021347,"gas_method":"exact"},"2024-06":{"txs":53,"uniq":23,"trade":14,"nft":0,"gas":0.000001,"bal":0.003355,"days":8,"spread":0.266667,"streak":2,"rank_m":58368,"pct_m":0.062057,"gas_method":"exact"},"2024-07":{"txs":16,"uniq":3,"trade":1,"nft":0,"gas":0,"bal":0.001326,"days":5,"spread":0.16129,"streak":2,"rank_m":238814,"pct_m":0.25391,"gas_method":"estimated"},"2024-08":{"txs":17,"uniq":1,"trade":0,"nft":0,"gas":0,"bal":0.000998,"days":8,"spread":0.258065,"streak":3,"rank_m":348277,"pct_m":0.370293,"gas_method":"estimated"},"2024-09":{"txs":7,"uniq":3,"trade":0,"nft":1,"gas":0,"bal":0.000998,"days":3,"spread":0.1,"streak":1,"rank_m":340266,"pct_m":0.361776,"gas_method":"estimated"},"2024-10":{"txs":4,"uniq":1,"trade":0,"nft":2,"gas":0.000008,"bal":0.000996,"days":2,"spread":0.064516,"streak":1,"rank_m":352660,"pct_m":0.374953,"gas_method":"exact"},"2024-11":{"txs":0,"uniq":0,"trade":0,"nft":0,"gas":0,"bal":0.000996,"days":0,"spread":0,"streak":0,"rank_m":633392,"pct_m":0.673433},"2024-12":{"txs":2,"uniq":1,"trade":0,"nft":0,"gas":0.000022,"bal":0.000801,"days":1,"spread":0.032258,"streak":1,"rank_m":559066,"pct_m":0.594408,"gas_method":"exact"},"2025-01":{"txs":83,"uniq":16,"trade":1,"nft":0,"gas":0.000013,"bal":0.000657,"days":15,"spread":0.483871,"streak":6,"rank_m":167937,"pct_m":0.178553,"gas_method":"exact"},"2025-02":{"txs":8,"uniq":3,"trade":0,"nft":0,"gas":0.000042,"bal":0.059889,"days":4,"spread":0.142857,"streak":3,"rank_m":191976,"pct_m":0.204111,"gas_method":"exact"},"2025-03":{"txs":1,"uniq":1,"trade":0,"nft":0,"gas":0.000008,"bal":0.092631,"days":1,"spread":0.032258,"streak":1,"rank_m":376365,"pct_m":0.400157,"gas_method":"exact"},"2025-04":{"txs":0,"uniq":0,"trade":0,"nft":0,"gas":0,"bal":0.092631,"days":0,"spread":0,"streak":0,"rank_m":560260,"pct_m":0.595677},"2025-05":{"txs":2,"uniq":1,"trade":0,"nft":0,"gas":0.000014,"bal":0.090403,"days":1,"spread":0.032258,"streak":1,"rank_m":222189,"pct_m":0.236234,"gas_method":"estimated"},"2025-06":{"txs":4,"uniq":1,"trade":0,"nft":0,"gas":0.000028,"bal":0.072419,"days":1,"spread":0.033333,"streak":1,"rank_m":242570,"pct_m":0.257904,"gas_method":"estimated"},"2025-07":{"txs":4,"uniq":3,"trade":0,"nft":0,"gas":0.000028,"bal":0.000919,"days":1,"spread":0.032258,"streak":1,"rank_m":525493,"pct_m":0.558712,"gas_method":"estimated"},"2025-08":{"txs":2,"uniq":1,"trade":0,"nft":0,"gas":0.000014,"bal":0.000372,"days":1,"spread":0.032258,"streak":1,"rank_m":582508,"pct_m":0.619332,"gas_method":"estimated"},"2025-09":{"txs":30,"uniq":8,"trade":1,"nft":0,"gas":0.000211,"bal":0.000568,"days":3,"spread":0.1,"streak":3,"rank_m":264364,"pct_m":0.281075,"gas_method":"estimated"},"2025-10":{"txs":3,"uniq":2,"trade":0,"nft":0,"gas":0.000021,"bal":0.002567,"days":2,"spread":0.064516,"streak":2,"rank_m":268500,"pct_m":0.285473,"gas_method":"estimated"}}}