{"wallet":"0x6503ff8aa392f82cedb98e6acbe87a88dccdb95c","rank":659887,"lifetime":{"months_active":18,"first":"2023-07","last":"2025-10","tx_sum":141,"uniq_sum":72,"trade_sum":0,"nft_sum":28,"gas_sum":0.000465,"avg_balance_eth_mean":0.001694,"streak_best_days":5,"gas_sum_filled":0.000465},"months":{"2023-07":{"txs":0,"uniq":0,"trade":0,"nft":0,"gas":0,"bal":0,"days":0,"spread":0,"streak":0,"rank_m":589768,"pct_m":0.627051},"2023-08":{"txs":0,"uniq":0,"trade":0,"nft":0,"gas":0,"bal":0,"days":0,"spread":0,"streak":0,"rank_m":635146,"pct_m":0.675298},"2023-09":{"txs":0,"uniq":0,"trade":0,"nft":0,"gas":0,"bal":0,"days":0,"spread":0,"streak":0,"rank_m":647304,"pct_m":0.688224},"2023-10":{"txs":0,"uniq":0,"trade":0,"nft":0,"gas":0,"bal":0,"days":0,"spread":0,"streak":0,"rank_m":657108,"pct_m":0.698648},"2023-11":{"txs":4,"uniq":4,"trade":0,"nft":0,"gas":0.00005,"bal":0.001061,"days":4,"spread":0.133333,"streak":2,"rank_m":102896,"pct_m":0.1094,"gas_method":"estimated"},"2023-12":{"txs":1,"uniq":1,"trade":0,"nft":1,"gas":0.000023,"bal":0.001162,"days":1,"spread":0.032258,"streak":1,"rank_m":162991,"pct_m":0.173294,"gas_method":"estimated"},"2024-01":{"txs":0,"uniq":0,"trade":0,"nft":0,"gas":0,"bal":0.001162,"days":0,"spread":0,"streak":0,"rank_m":318603,"pct_m":0.338743},"2024-02":{"txs":0,"uniq":0,"trade":0,"nft":0,"gas":0,"bal":0.001162,"days":0,"spread":0,"streak":0,"rank_m":366146,"pct_m":0.389292},"2024-03":{"txs":3,"uniq":2,"trade":0,"nft":0,"gas":0.000055,"bal":0.001032,"days":2,"spread":0.064516,"streak":1,"rank_m":329259,"pct_m":0.350073,"gas_method":"estimated"},"2024-04":{"txs":16,"uniq":5,"trade":0,"nft":2,"gas":0.000036,"bal":0.000531,"days":5,"spread":0.166667,"streak":3,"rank_m":331318,"pct_m":0.352262,"gas_method":"estimated"},"2024-05":{"txs":2,"uniq":2,"trade":0,"nft":2,"gas":0.000002,"bal":0.000158,"days":2,"spread":0.064516,"streak":1,"rank_m":448296,"pct_m":0.476635,"gas_method":"estimated"},"2024-06":{"txs":0,"uniq":0,"trade":0,"nft":0,"gas":0,"bal":0.000158,"days":0,"spread":0,"streak":0,"rank_m":615472,"pct_m":0.65438},"2024-07":{"txs":11,"uniq":9,"trade":0,"nft":9,"gas":0.000001,"bal":0.000225,"days":3,"spread":0.096774,"streak":3,"rank_m":290425,"pct_m":0.308784,"gas_method":"estimated"},"2024-08":{"txs":24,"uniq":7,"trade":0,"nft":7,"gas":0.000002,"bal":0.000947,"days":9,"spread":0.290323,"streak":5,"rank_m":215200,"pct_m":0.228803,"gas_method":"estimated"},"2024-09":{"txs":33,"uniq":11,"trade":0,"nft":5,"gas":0.000001,"bal":0.000872,"days":5,"spread":0.166667,"streak":2,"rank_m":190886,"pct_m":0.202952,"gas_method":"estimated"},"2024-10":{"txs":5,"uniq":5,"trade":0,"nft":2,"gas":0,"bal":0.000388,"days":3,"spread":0.096774,"streak":1,"rank_m":411984,"pct_m":0.438028,"gas_method":"estimated"},"2024-11":{"txs":0,"uniq":0,"trade":0,"nft":0,"gas":0,"bal":0.000388,"days":0,"spread":0,"streak":0,"rank_m":668717,"pct_m":0.710991},"2024-12":{"txs":5,"uniq":1,"trade":0,"nft":0,"gas":0.000044,"bal":0.000468,"days":4,"spread":0.129032,"streak":2,"rank_m":481603,"pct_m":0.512048,"gas_method":"exact"},"2025-01":{"txs":0,"uniq":0,"trade":0,"nft":0,"gas":0,"bal":0.000468,"days":0,"spread":0,"streak":0,"rank_m":697453,"pct_m":0.741543},"2025-02":{"txs":9,"uniq":7,"trade":0,"nft":0,"gas":0.000056,"bal":0.008839,"days":6,"spread":0.214286,"streak":2,"rank_m":182258,"pct_m":0.193779,"gas_method":"exact"},"2025-03":{"txs":2,"uniq":1,"trade":0,"nft":0,"gas":0.000016,"bal":0.006008,"days":1,"spread":0.032258,"streak":1,"rank_m":410659,"pct_m":0.436619,"gas_method":"exact"},"2025-04":{"txs":4,"uniq":2,"trade":0,"nft":0,"gas":0.000024,"bal":0.003568,"days":4,"spread":0.133333,"streak":1,"rank_m":359951,"pct_m":0.382705,"gas_method":"exact"},"2025-05":{"txs":4,"uniq":3,"trade":0,"nft":0,"gas":0.000028,"bal":0.001401,"days":4,"spread":0.129032,"streak":2,"rank_m":350698,"pct_m":0.372867,"gas_method":"estimated"},"2025-06":{"txs":14,"uniq":8,"trade":0,"nft":0,"gas":0.000099,"bal":0.003167,"days":9,"spread":0.3,"streak":3,"rank_m":257614,"pct_m":0.273899,"gas_method":"estimated"},"2025-07":{"txs":1,"uniq":1,"trade":0,"nft":0,"gas":0.000007,"bal":0.004005,"days":1,"spread":0.032258,"streak":1,"rank_m":468910,"pct_m":0.498552,"gas_method":"estimated"},"2025-08":{"txs":1,"uniq":1,"trade":0,"nft":0,"gas":0.000007,"bal":0.003881,"days":1,"spread":0.032258,"streak":1,"rank_m":438474,"pct_m":0.466192,"gas_method":"estimated"},"2025-09":{"txs":0,"uniq":0,"trade":0,"nft":0,"gas":0,"bal":0.003881,"days":0,"spread":0,"streak":0,"rank_m":604804,"pct_m":0.643037},"2025-10":{"txs":2,"uniq":2,"trade":0,"nft":0,"gas":0.000014,"bal":0.002507,"days":1,"spread":0.032258,"streak":1,"rank_m":314568,"pct_m":0.334453,"gas_method":"estimated"}}}