{"wallet":"0x65210c9a65dd38c2c65c3df317955cbce8888888","rank":509745,"lifetime":{"months_active":15,"first":"2023-07","last":"2025-10","tx_sum":175,"uniq_sum":65,"trade_sum":0,"nft_sum":23,"gas_sum":0.001247,"avg_balance_eth_mean":0.007453,"streak_best_days":7,"gas_sum_filled":0.001247},"months":{"2023-07":{"txs":0,"uniq":0,"trade":0,"nft":0,"gas":0,"bal":0,"days":0,"spread":0,"streak":0,"rank_m":589350,"pct_m":0.626606},"2023-08":{"txs":2,"uniq":1,"trade":0,"nft":0,"gas":0.000079,"bal":0.000984,"days":1,"spread":0.032258,"streak":1,"rank_m":149216,"pct_m":0.158648,"gas_method":"exact"},"2023-09":{"txs":0,"uniq":0,"trade":0,"nft":0,"gas":0,"bal":0.000984,"days":0,"spread":0,"streak":0,"rank_m":279115,"pct_m":0.296759},"2023-10":{"txs":0,"uniq":0,"trade":0,"nft":0,"gas":0,"bal":0.000984,"days":0,"spread":0,"streak":0,"rank_m":287126,"pct_m":0.305276},"2023-11":{"txs":0,"uniq":0,"trade":0,"nft":0,"gas":0,"bal":0.000984,"days":0,"spread":0,"streak":0,"rank_m":295103,"pct_m":0.313758},"2023-12":{"txs":1,"uniq":1,"trade":0,"nft":2,"gas":0.000109,"bal":0.004833,"days":1,"spread":0.032258,"streak":1,"rank_m":110364,"pct_m":0.11734,"gas_method":"exact"},"2024-01":{"txs":0,"uniq":0,"trade":0,"nft":0,"gas":0,"bal":0.004833,"days":0,"spread":0,"streak":0,"rank_m":278510,"pct_m":0.296116},"2024-02":{"txs":0,"uniq":0,"trade":0,"nft":0,"gas":0,"bal":0.004833,"days":0,"spread":0,"streak":0,"rank_m":321824,"pct_m":0.342168},"2024-03":{"txs":6,"uniq":5,"trade":0,"nft":2,"gas":0.000104,"bal":0.004958,"days":4,"spread":0.129032,"streak":2,"rank_m":197621,"pct_m":0.210113,"gas_method":"estimated"},"2024-04":{"txs":25,"uniq":11,"trade":0,"nft":3,"gas":0.000168,"bal":0.007063,"days":5,"spread":0.166667,"streak":2,"rank_m":168194,"pct_m":0.178826,"gas_method":"exact"},"2024-05":{"txs":8,"uniq":5,"trade":0,"nft":1,"gas":0.000006,"bal":0.010315,"days":4,"spread":0.129032,"streak":1,"rank_m":284962,"pct_m":0.302976,"gas_method":"estimated"},"2024-06":{"txs":3,"uniq":2,"trade":0,"nft":5,"gas":0,"bal":0.006947,"days":3,"spread":0.1,"streak":2,"rank_m":278169,"pct_m":0.295753,"gas_method":"estimated"},"2024-07":{"txs":3,"uniq":2,"trade":0,"nft":2,"gas":0,"bal":0.005058,"days":2,"spread":0.064516,"streak":1,"rank_m":347544,"pct_m":0.369514,"gas_method":"estimated"},"2024-08":{"txs":0,"uniq":0,"trade":0,"nft":0,"gas":0,"bal":0.005058,"days":0,"spread":0,"streak":0,"rank_m":543954,"pct_m":0.578341},"2024-09":{"txs":6,"uniq":6,"trade":0,"nft":2,"gas":0,"bal":0.003448,"days":3,"spread":0.1,"streak":1,"rank_m":255201,"pct_m":0.271333,"gas_method":"estimated"},"2024-10":{"txs":3,"uniq":3,"trade":0,"nft":2,"gas":0.000001,"bal":0.002485,"days":2,"spread":0.064516,"streak":1,"rank_m":317137,"pct_m":0.337185,"gas_method":"exact"},"2024-11":{"txs":0,"uniq":0,"trade":0,"nft":0,"gas":0,"bal":0.002485,"days":0,"spread":0,"streak":0,"rank_m":602261,"pct_m":0.640334},"2024-12":{"txs":0,"uniq":0,"trade":0,"nft":0,"gas":0,"bal":0.002485,"days":0,"spread":0,"streak":0,"rank_m":651224,"pct_m":0.692392},"2025-01":{"txs":0,"uniq":0,"trade":0,"nft":0,"gas":0,"bal":0.002485,"days":0,"spread":0,"streak":0,"rank_m":640349,"pct_m":0.680829},"2025-02":{"txs":3,"uniq":3,"trade":0,"nft":0,"gas":0.000021,"bal":0.002183,"days":2,"spread":0.071429,"streak":1,"rank_m":408905,"pct_m":0.434754,"gas_method":"exact"},"2025-03":{"txs":6,"uniq":5,"trade":0,"nft":0,"gas":0.000001,"bal":0.01022,"days":2,"spread":0.064516,"streak":1,"rank_m":343341,"pct_m":0.365045,"gas_method":"exact"},"2025-04":{"txs":8,"uniq":7,"trade":0,"nft":1,"gas":0.000048,"bal":0.017608,"days":4,"spread":0.133333,"streak":2,"rank_m":139101,"pct_m":0.147894,"gas_method":"exact"},"2025-05":{"txs":9,"uniq":5,"trade":0,"nft":0,"gas":0.000063,"bal":0.045989,"days":4,"spread":0.129032,"streak":2,"rank_m":79857,"pct_m":0.084904,"gas_method":"estimated"},"2025-06":{"txs":0,"uniq":0,"trade":0,"nft":0,"gas":0,"bal":0.045989,"days":0,"spread":0,"streak":0,"rank_m":441838,"pct_m":0.469769},"2025-07":{"txs":8,"uniq":5,"trade":0,"nft":0,"gas":0.000056,"bal":0.004237,"days":1,"spread":0.032258,"streak":1,"rank_m":387273,"pct_m":0.411755,"gas_method":"estimated"},"2025-08":{"txs":0,"uniq":0,"trade":0,"nft":0,"gas":0,"bal":0.004237,"days":0,"spread":0,"streak":0,"rank_m":610790,"pct_m":0.649402},"2025-09":{"txs":84,"uniq":4,"trade":0,"nft":3,"gas":0.000591,"bal":0.003502,"days":7,"spread":0.233333,"streak":7,"rank_m":125641,"pct_m":0.133583,"gas_method":"estimated"},"2025-10":{"txs":0,"uniq":0,"trade":0,"nft":0,"gas":0,"bal":0.003502,"days":0,"spread":0,"streak":0,"rank_m":537063,"pct_m":0.571014}}}