{"wallet":"0x653d8f904f1fe59ed7fd7c9b4ac0afc894659248","rank":329307,"lifetime":{"months_active":15,"first":"2023-07","last":"2025-10","tx_sum":178,"uniq_sum":100,"trade_sum":6,"nft_sum":47,"gas_sum":0.000642,"avg_balance_eth_mean":0.02081,"streak_best_days":5,"gas_sum_filled":0.000642},"months":{"2023-07":{"txs":0,"uniq":0,"trade":0,"nft":0,"gas":0,"bal":0,"days":0,"spread":0,"streak":0,"rank_m":588975,"pct_m":0.626208},"2023-08":{"txs":0,"uniq":0,"trade":0,"nft":0,"gas":0,"bal":0,"days":0,"spread":0,"streak":0,"rank_m":634455,"pct_m":0.674563},"2023-09":{"txs":0,"uniq":0,"trade":0,"nft":0,"gas":0,"bal":0,"days":0,"spread":0,"streak":0,"rank_m":646638,"pct_m":0.687516},"2023-10":{"txs":0,"uniq":0,"trade":0,"nft":0,"gas":0,"bal":0,"days":0,"spread":0,"streak":0,"rank_m":656460,"pct_m":0.697959},"2023-11":{"txs":0,"uniq":0,"trade":0,"nft":0,"gas":0,"bal":0,"days":0,"spread":0,"streak":0,"rank_m":665141,"pct_m":0.707189},"2023-12":{"txs":2,"uniq":1,"trade":0,"nft":0,"gas":0.000015,"bal":0.010312,"days":2,"spread":0.064516,"streak":1,"rank_m":118481,"pct_m":0.12597,"gas_method":"estimated"},"2024-01":{"txs":28,"uniq":11,"trade":4,"nft":2,"gas":0.00041,"bal":0.015166,"days":13,"spread":0.419355,"streak":1,"rank_m":13428,"pct_m":0.014276,"gas_method":"exact"},"2024-02":{"txs":25,"uniq":13,"trade":0,"nft":4,"gas":0.000054,"bal":0.011414,"days":11,"spread":0.37931,"streak":1,"rank_m":38317,"pct_m":0.040738,"gas_method":"exact"},"2024-03":{"txs":8,"uniq":6,"trade":0,"nft":2,"gas":0.000048,"bal":0.009575,"days":4,"spread":0.129032,"streak":1,"rank_m":189045,"pct_m":0.200995,"gas_method":"estimated"},"2024-04":{"txs":11,"uniq":7,"trade":0,"nft":1,"gas":0.000008,"bal":0.013468,"days":4,"spread":0.133333,"streak":1,"rank_m":269209,"pct_m":0.286227,"gas_method":"estimated"},"2024-05":{"txs":8,"uniq":4,"trade":0,"nft":1,"gas":0.000002,"bal":0.01442,"days":4,"spread":0.129032,"streak":1,"rank_m":275007,"pct_m":0.292391,"gas_method":"estimated"},"2024-06":{"txs":14,"uniq":7,"trade":0,"nft":3,"gas":0.000001,"bal":0.017231,"days":8,"spread":0.266667,"streak":2,"rank_m":103721,"pct_m":0.110277,"gas_method":"exact"},"2024-07":{"txs":18,"uniq":15,"trade":0,"nft":15,"gas":0.000001,"bal":0.033206,"days":9,"spread":0.290323,"streak":2,"rank_m":51919,"pct_m":0.0552,"gas_method":"estimated"},"2024-08":{"txs":22,"uniq":16,"trade":0,"nft":16,"gas":0.000001,"bal":0.032025,"days":14,"spread":0.451613,"streak":5,"rank_m":42372,"pct_m":0.04505,"gas_method":"estimated"},"2024-09":{"txs":10,"uniq":5,"trade":0,"nft":0,"gas":0,"bal":0.031308,"days":3,"spread":0.1,"streak":1,"rank_m":186483,"pct_m":0.198271,"gas_method":"estimated"},"2024-10":{"txs":21,"uniq":9,"trade":0,"nft":3,"gas":0,"bal":0.031082,"days":5,"spread":0.16129,"streak":1,"rank_m":128218,"pct_m":0.136323,"gas_method":"estimated"},"2024-11":{"txs":1,"uniq":1,"trade":0,"nft":0,"gas":0.000002,"bal":0.023808,"days":1,"spread":0.033333,"streak":1,"rank_m":421959,"pct_m":0.448633,"gas_method":"exact"},"2024-12":{"txs":2,"uniq":2,"trade":0,"nft":0,"gas":0.000044,"bal":0.022066,"days":2,"spread":0.064516,"streak":1,"rank_m":444468,"pct_m":0.472565,"gas_method":"exact"},"2025-01":{"txs":0,"uniq":0,"trade":0,"nft":0,"gas":0,"bal":0.022066,"days":0,"spread":0,"streak":0,"rank_m":581536,"pct_m":0.618298},"2025-02":{"txs":0,"uniq":0,"trade":0,"nft":0,"gas":0,"bal":0.022066,"days":0,"spread":0,"streak":0,"rank_m":574981,"pct_m":0.611329},"2025-03":{"txs":0,"uniq":0,"trade":0,"nft":0,"gas":0,"bal":0.022066,"days":0,"spread":0,"streak":0,"rank_m":556744,"pct_m":0.591939},"2025-04":{"txs":0,"uniq":0,"trade":0,"nft":0,"gas":0,"bal":0.022066,"days":0,"spread":0,"streak":0,"rank_m":589946,"pct_m":0.62724},"2025-05":{"txs":6,"uniq":3,"trade":2,"nft":0,"gas":0.000042,"bal":0.037208,"days":2,"spread":0.064516,"streak":1,"rank_m":135617,"pct_m":0.144189,"gas_method":"estimated"},"2025-06":{"txs":0,"uniq":0,"trade":0,"nft":0,"gas":0,"bal":0.037208,"days":0,"spread":0,"streak":0,"rank_m":450893,"pct_m":0.479396},"2025-07":{"txs":0,"uniq":0,"trade":0,"nft":0,"gas":0,"bal":0.037208,"days":0,"spread":0,"streak":0,"rank_m":468514,"pct_m":0.498131},"2025-08":{"txs":0,"uniq":0,"trade":0,"nft":0,"gas":0,"bal":0.037208,"days":0,"spread":0,"streak":0,"rank_m":444843,"pct_m":0.472964},"2025-09":{"txs":2,"uniq":0,"trade":0,"nft":0,"gas":0.000014,"bal":0.040254,"days":1,"spread":0.033333,"streak":1,"rank_m":301730,"pct_m":0.320804,"gas_method":"estimated"},"2025-10":{"txs":0,"uniq":0,"trade":0,"nft":0,"gas":0,"bal":0.040254,"days":0,"spread":0,"streak":0,"rank_m":344092,"pct_m":0.365844}}}