{"wallet":"0x65dcd9068fcc7da2e9d4c05257ddbfb9d3d755bd","rank":243070,"lifetime":{"months_active":16,"first":"2023-07","last":"2025-10","tx_sum":314,"uniq_sum":140,"trade_sum":36,"nft_sum":43,"gas_sum":0.002735,"avg_balance_eth_mean":0.000267,"streak_best_days":9,"gas_sum_filled":0.002735},"months":{"2023-07":{"txs":0,"uniq":0,"trade":0,"nft":0,"gas":0,"bal":0,"days":0,"spread":0,"streak":0,"rank_m":586801,"pct_m":0.623896},"2023-08":{"txs":0,"uniq":0,"trade":0,"nft":0,"gas":0,"bal":0,"days":0,"spread":0,"streak":0,"rank_m":632568,"pct_m":0.672557},"2023-09":{"txs":0,"uniq":0,"trade":0,"nft":0,"gas":0,"bal":0,"days":0,"spread":0,"streak":0,"rank_m":644820,"pct_m":0.685583},"2023-10":{"txs":0,"uniq":0,"trade":0,"nft":0,"gas":0,"bal":0,"days":0,"spread":0,"streak":0,"rank_m":654708,"pct_m":0.696096},"2023-11":{"txs":0,"uniq":0,"trade":0,"nft":0,"gas":0,"bal":0,"days":0,"spread":0,"streak":0,"rank_m":663435,"pct_m":0.705375},"2023-12":{"txs":0,"uniq":0,"trade":0,"nft":0,"gas":0,"bal":0,"days":0,"spread":0,"streak":0,"rank_m":674012,"pct_m":0.716621},"2024-01":{"txs":0,"uniq":0,"trade":0,"nft":0,"gas":0,"bal":0,"days":0,"spread":0,"streak":0,"rank_m":683420,"pct_m":0.726623},"2024-02":{"txs":2,"uniq":1,"trade":0,"nft":3,"gas":0.000021,"bal":0.000034,"days":2,"spread":0.068966,"streak":2,"rank_m":237882,"pct_m":0.252919,"gas_method":"estimated"},"2024-03":{"txs":84,"uniq":29,"trade":19,"nft":12,"gas":0.001314,"bal":0.001183,"days":18,"spread":0.580645,"streak":6,"rank_m":59896,"pct_m":0.063681,"gas_method":"estimated"},"2024-04":{"txs":102,"uniq":36,"trade":12,"nft":15,"gas":0.000727,"bal":0.000904,"days":16,"spread":0.533333,"streak":4,"rank_m":53247,"pct_m":0.056612,"gas_method":"exact"},"2024-05":{"txs":40,"uniq":21,"trade":2,"nft":4,"gas":0.000067,"bal":0.000617,"days":6,"spread":0.193548,"streak":4,"rank_m":100720,"pct_m":0.107086,"gas_method":"exact"},"2024-06":{"txs":21,"uniq":10,"trade":2,"nft":3,"gas":0.000001,"bal":0.000135,"days":5,"spread":0.166667,"streak":2,"rank_m":259570,"pct_m":0.275978,"gas_method":"estimated"},"2024-07":{"txs":11,"uniq":7,"trade":1,"nft":4,"gas":0.000001,"bal":0.000201,"days":2,"spread":0.064516,"streak":2,"rank_m":315545,"pct_m":0.335492,"gas_method":"estimated"},"2024-08":{"txs":6,"uniq":4,"trade":0,"nft":1,"gas":0.000001,"bal":0.000084,"days":2,"spread":0.064516,"streak":1,"rank_m":377839,"pct_m":0.401724,"gas_method":"exact"},"2024-09":{"txs":0,"uniq":0,"trade":0,"nft":0,"gas":0,"bal":0.000084,"days":0,"spread":0,"streak":0,"rank_m":678989,"pct_m":0.721912},"2024-10":{"txs":3,"uniq":2,"trade":0,"nft":1,"gas":0,"bal":0.000186,"days":2,"spread":0.064516,"streak":2,"rank_m":460787,"pct_m":0.489916,"gas_method":"estimated"},"2024-11":{"txs":8,"uniq":7,"trade":0,"nft":0,"gas":0.000018,"bal":0.000339,"days":3,"spread":0.1,"streak":1,"rank_m":377209,"pct_m":0.401054,"gas_method":"exact"},"2024-12":{"txs":16,"uniq":7,"trade":0,"nft":0,"gas":0.000287,"bal":0.00048,"days":6,"spread":0.193548,"streak":2,"rank_m":324238,"pct_m":0.344735,"gas_method":"exact"},"2025-01":{"txs":8,"uniq":6,"trade":0,"nft":0,"gas":0.000208,"bal":0.000762,"days":4,"spread":0.129032,"streak":1,"rank_m":372380,"pct_m":0.39592,"gas_method":"exact"},"2025-02":{"txs":0,"uniq":0,"trade":0,"nft":0,"gas":0,"bal":0.000762,"days":0,"spread":0,"streak":0,"rank_m":700192,"pct_m":0.744456},"2025-03":{"txs":0,"uniq":0,"trade":0,"nft":0,"gas":0,"bal":0.000762,"days":0,"spread":0,"streak":0,"rank_m":704744,"pct_m":0.749295},"2025-04":{"txs":1,"uniq":1,"trade":0,"nft":0,"gas":0.000006,"bal":0.000048,"days":1,"spread":0.033333,"streak":1,"rank_m":581445,"pct_m":0.618202,"gas_method":"exact"},"2025-05":{"txs":0,"uniq":0,"trade":0,"nft":0,"gas":0,"bal":0.000048,"days":0,"spread":0,"streak":0,"rank_m":849912,"pct_m":0.903641},"2025-06":{"txs":2,"uniq":2,"trade":0,"nft":0,"gas":0.000014,"bal":0.000029,"days":1,"spread":0.033333,"streak":1,"rank_m":664178,"pct_m":0.706165,"gas_method":"estimated"},"2025-07":{"txs":0,"uniq":0,"trade":0,"nft":0,"gas":0,"bal":0.000029,"days":0,"spread":0,"streak":0,"rank_m":892469,"pct_m":0.948888},"2025-08":{"txs":2,"uniq":1,"trade":0,"nft":0,"gas":0.000014,"bal":0.00023,"days":1,"spread":0.032258,"streak":1,"rank_m":608230,"pct_m":0.64668,"gas_method":"estimated"},"2025-09":{"txs":1,"uniq":1,"trade":0,"nft":0,"gas":0.000007,"bal":0.000219,"days":1,"spread":0.033333,"streak":1,"rank_m":597382,"pct_m":0.635146,"gas_method":"estimated"},"2025-10":{"txs":7,"uniq":5,"trade":0,"nft":0,"gas":0.000049,"bal":0.000338,"days":3,"spread":0.096774,"streak":2,"rank_m":338017,"pct_m":0.359385,"gas_method":"estimated"}}}