{"wallet":"0x65ff905aafb99787f43574834db942312e294b47","rank":589537,"lifetime":{"months_active":10,"first":"2023-07","last":"2025-10","tx_sum":128,"uniq_sum":72,"trade_sum":0,"nft_sum":81,"gas_sum":0.015615,"avg_balance_eth_mean":0.005127,"streak_best_days":3,"gas_sum_filled":0.015615},"months":{"2023-07":{"txs":0,"uniq":0,"trade":0,"nft":0,"gas":0,"bal":0,"days":0,"spread":0,"streak":0,"rank_m":586342,"pct_m":0.623408},"2023-08":{"txs":62,"uniq":41,"trade":0,"nft":36,"gas":0.007537,"bal":0.004897,"days":12,"spread":0.387097,"streak":3,"rank_m":17471,"pct_m":0.018574,"gas_method":"exact"},"2023-09":{"txs":10,"uniq":4,"trade":0,"nft":7,"gas":0.00082,"bal":0.00369,"days":3,"spread":0.1,"streak":1,"rank_m":53021,"pct_m":0.056372,"gas_method":"exact"},"2023-10":{"txs":13,"uniq":8,"trade":0,"nft":3,"gas":0.001079,"bal":0.009108,"days":7,"spread":0.225806,"streak":2,"rank_m":34753,"pct_m":0.036949,"gas_method":"estimated"},"2023-11":{"txs":16,"uniq":6,"trade":0,"nft":2,"gas":0.000497,"bal":0.003615,"days":6,"spread":0.2,"streak":2,"rank_m":27039,"pct_m":0.028747,"gas_method":"exact"},"2023-12":{"txs":13,"uniq":7,"trade":0,"nft":24,"gas":0.003499,"bal":0.007088,"days":4,"spread":0.129032,"streak":1,"rank_m":42397,"pct_m":0.045076,"gas_method":"estimated"},"2024-01":{"txs":3,"uniq":1,"trade":0,"nft":3,"gas":0.000752,"bal":0.010546,"days":1,"spread":0.032258,"streak":1,"rank_m":116671,"pct_m":0.124046,"gas_method":"estimated"},"2024-02":{"txs":2,"uniq":1,"trade":0,"nft":2,"gas":0.000283,"bal":0.010539,"days":2,"spread":0.068966,"streak":1,"rank_m":167929,"pct_m":0.178544,"gas_method":"estimated"},"2024-03":{"txs":5,"uniq":1,"trade":0,"nft":1,"gas":0.001062,"bal":0.008099,"days":1,"spread":0.032258,"streak":1,"rank_m":270619,"pct_m":0.287726,"gas_method":"estimated"},"2024-04":{"txs":3,"uniq":2,"trade":0,"nft":3,"gas":0.000079,"bal":0.003458,"days":3,"spread":0.1,"streak":1,"rank_m":365059,"pct_m":0.388136,"gas_method":"estimated"},"2024-05":{"txs":0,"uniq":0,"trade":0,"nft":0,"gas":0,"bal":0.003458,"days":0,"spread":0,"streak":0,"rank_m":509033,"pct_m":0.541212},"2024-06":{"txs":0,"uniq":0,"trade":0,"nft":0,"gas":0,"bal":0.003458,"days":0,"spread":0,"streak":0,"rank_m":529452,"pct_m":0.562922},"2024-07":{"txs":0,"uniq":0,"trade":0,"nft":0,"gas":0,"bal":0.003458,"days":0,"spread":0,"streak":0,"rank_m":542748,"pct_m":0.577058},"2024-08":{"txs":0,"uniq":0,"trade":0,"nft":0,"gas":0,"bal":0.003458,"days":0,"spread":0,"streak":0,"rank_m":555346,"pct_m":0.590453},"2024-09":{"txs":0,"uniq":0,"trade":0,"nft":0,"gas":0,"bal":0.003458,"days":0,"spread":0,"streak":0,"rank_m":535947,"pct_m":0.569827},"2024-10":{"txs":0,"uniq":0,"trade":0,"nft":0,"gas":0,"bal":0.003458,"days":0,"spread":0,"streak":0,"rank_m":581565,"pct_m":0.618329},"2024-11":{"txs":0,"uniq":0,"trade":0,"nft":0,"gas":0,"bal":0.003458,"days":0,"spread":0,"streak":0,"rank_m":592473,"pct_m":0.629927},"2024-12":{"txs":0,"uniq":0,"trade":0,"nft":0,"gas":0,"bal":0.003458,"days":0,"spread":0,"streak":0,"rank_m":643237,"pct_m":0.6839},"2025-01":{"txs":0,"uniq":0,"trade":0,"nft":0,"gas":0,"bal":0.003458,"days":0,"spread":0,"streak":0,"rank_m":631596,"pct_m":0.671523},"2025-02":{"txs":0,"uniq":0,"trade":0,"nft":0,"gas":0,"bal":0.003458,"days":0,"spread":0,"streak":0,"rank_m":642656,"pct_m":0.683282},"2025-03":{"txs":0,"uniq":0,"trade":0,"nft":0,"gas":0,"bal":0.003458,"days":0,"spread":0,"streak":0,"rank_m":632192,"pct_m":0.672157},"2025-04":{"txs":0,"uniq":0,"trade":0,"nft":0,"gas":0,"bal":0.003458,"days":0,"spread":0,"streak":0,"rank_m":660692,"pct_m":0.702458},"2025-05":{"txs":0,"uniq":0,"trade":0,"nft":0,"gas":0,"bal":0.003458,"days":0,"spread":0,"streak":0,"rank_m":623184,"pct_m":0.662579},"2025-06":{"txs":0,"uniq":0,"trade":0,"nft":0,"gas":0,"bal":0.003458,"days":0,"spread":0,"streak":0,"rank_m":625904,"pct_m":0.665471},"2025-07":{"txs":0,"uniq":0,"trade":0,"nft":0,"gas":0,"bal":0.003458,"days":0,"spread":0,"streak":0,"rank_m":645212,"pct_m":0.686},"2025-08":{"txs":1,"uniq":1,"trade":0,"nft":0,"gas":0.000007,"bal":0.010213,"days":1,"spread":0.032258,"streak":1,"rank_m":356152,"pct_m":0.378666,"gas_method":"estimated"},"2025-09":{"txs":0,"uniq":0,"trade":0,"nft":0,"gas":0,"bal":0.010213,"days":0,"spread":0,"streak":0,"rank_m":525186,"pct_m":0.558386},"2025-10":{"txs":0,"uniq":0,"trade":0,"nft":0,"gas":0,"bal":0.010213,"days":0,"spread":0,"streak":0,"rank_m":435628,"pct_m":0.463166}}}