{"wallet":"0x65b5523bbcbdfd478c1fd67b394233c282f88951","rank":232632,"lifetime":{"months_active":22,"first":"2023-07","last":"2025-10","tx_sum":242,"uniq_sum":116,"trade_sum":5,"nft_sum":69,"gas_sum":0.004868,"avg_balance_eth_mean":0.003045,"streak_best_days":3,"gas_sum_filled":0.004868},"months":{"2023-07":{"txs":3,"uniq":2,"trade":0,"nft":1,"gas":0.000306,"bal":0.000414,"days":1,"spread":0.032258,"streak":1,"rank_m":31381,"pct_m":0.033364,"gas_method":"estimated"},"2023-08":{"txs":19,"uniq":20,"trade":0,"nft":18,"gas":0.001574,"bal":0.005595,"days":11,"spread":0.354839,"streak":3,"rank_m":35793,"pct_m":0.038055,"gas_method":"exact"},"2023-09":{"txs":28,"uniq":14,"trade":0,"nft":6,"gas":0.001683,"bal":0.008027,"days":5,"spread":0.166667,"streak":2,"rank_m":20745,"pct_m":0.022055,"gas_method":"exact"},"2023-10":{"txs":26,"uniq":6,"trade":0,"nft":0,"gas":0.000208,"bal":0.007551,"days":11,"spread":0.354839,"streak":3,"rank_m":42558,"pct_m":0.045247,"gas_method":"estimated"},"2023-11":{"txs":22,"uniq":4,"trade":0,"nft":1,"gas":0.000305,"bal":0.004891,"days":5,"spread":0.166667,"streak":3,"rank_m":41638,"pct_m":0.044269,"gas_method":"estimated"},"2023-12":{"txs":3,"uniq":1,"trade":0,"nft":12,"gas":0.000078,"bal":0.001019,"days":2,"spread":0.064516,"streak":2,"rank_m":112455,"pct_m":0.119563,"gas_method":"estimated"},"2024-01":{"txs":5,"uniq":3,"trade":1,"nft":1,"gas":0.000121,"bal":0.00029,"days":1,"spread":0.032258,"streak":1,"rank_m":151369,"pct_m":0.160937,"gas_method":"estimated"},"2024-02":{"txs":3,"uniq":3,"trade":0,"nft":1,"gas":0.000041,"bal":0.005232,"days":2,"spread":0.068966,"streak":1,"rank_m":173816,"pct_m":0.184803,"gas_method":"estimated"},"2024-03":{"txs":3,"uniq":3,"trade":0,"nft":2,"gas":0.000061,"bal":0.014826,"days":2,"spread":0.064516,"streak":1,"rank_m":226740,"pct_m":0.241073,"gas_method":"estimated"},"2024-04":{"txs":77,"uniq":24,"trade":4,"nft":13,"gas":0.000194,"bal":0.011092,"days":7,"spread":0.233333,"streak":3,"rank_m":73820,"pct_m":0.078486,"gas_method":"estimated"},"2024-05":{"txs":11,"uniq":3,"trade":0,"nft":3,"gas":0.000009,"bal":0.00519,"days":4,"spread":0.129032,"streak":2,"rank_m":273322,"pct_m":0.2906,"gas_method":"estimated"},"2024-06":{"txs":2,"uniq":2,"trade":0,"nft":2,"gas":0,"bal":0.002468,"days":2,"spread":0.066667,"streak":1,"rank_m":392848,"pct_m":0.417682,"gas_method":"estimated"},"2024-07":{"txs":6,"uniq":5,"trade":0,"nft":5,"gas":0.000008,"bal":0.001031,"days":2,"spread":0.064516,"streak":1,"rank_m":274775,"pct_m":0.292145,"gas_method":"exact"},"2024-08":{"txs":2,"uniq":1,"trade":0,"nft":1,"gas":0,"bal":0.000813,"days":2,"spread":0.064516,"streak":1,"rank_m":449494,"pct_m":0.477909,"gas_method":"estimated"},"2024-09":{"txs":0,"uniq":0,"trade":0,"nft":0,"gas":0,"bal":0.000813,"days":0,"spread":0,"streak":0,"rank_m":594568,"pct_m":0.632154},"2024-10":{"txs":1,"uniq":1,"trade":0,"nft":1,"gas":0,"bal":0.000744,"days":1,"spread":0.032258,"streak":1,"rank_m":484079,"pct_m":0.51468,"gas_method":"estimated"},"2024-11":{"txs":5,"uniq":5,"trade":0,"nft":1,"gas":0.000011,"bal":0.000628,"days":3,"spread":0.1,"streak":1,"rank_m":366640,"pct_m":0.389817,"gas_method":"exact"},"2024-12":{"txs":5,"uniq":3,"trade":0,"nft":0,"gas":0.00011,"bal":0.000612,"days":1,"spread":0.032258,"streak":1,"rank_m":499682,"pct_m":0.53127,"gas_method":"exact"},"2025-01":{"txs":0,"uniq":0,"trade":0,"nft":0,"gas":0,"bal":0.000612,"days":0,"spread":0,"streak":0,"rank_m":686126,"pct_m":0.7295},"2025-02":{"txs":1,"uniq":1,"trade":0,"nft":0,"gas":0.000007,"bal":0.00095,"days":1,"spread":0.035714,"streak":1,"rank_m":511627,"pct_m":0.54397,"gas_method":"exact"},"2025-03":{"txs":13,"uniq":9,"trade":0,"nft":0,"gas":0.000103,"bal":0.000902,"days":1,"spread":0.032258,"streak":1,"rank_m":314324,"pct_m":0.334194,"gas_method":"exact"},"2025-04":{"txs":0,"uniq":0,"trade":0,"nft":0,"gas":0,"bal":0.000902,"days":0,"spread":0,"streak":0,"rank_m":719750,"pct_m":0.76525},"2025-05":{"txs":2,"uniq":2,"trade":0,"nft":0,"gas":0.000014,"bal":0.000831,"days":1,"spread":0.032258,"streak":1,"rank_m":515800,"pct_m":0.548407,"gas_method":"estimated"},"2025-06":{"txs":0,"uniq":0,"trade":0,"nft":0,"gas":0,"bal":0.000831,"days":0,"spread":0,"streak":0,"rank_m":722994,"pct_m":0.768699},"2025-07":{"txs":0,"uniq":0,"trade":0,"nft":0,"gas":0,"bal":0.000831,"days":0,"spread":0,"streak":0,"rank_m":743171,"pct_m":0.790152},"2025-08":{"txs":0,"uniq":0,"trade":0,"nft":0,"gas":0,"bal":0.000831,"days":0,"spread":0,"streak":0,"rank_m":723005,"pct_m":0.768711},"2025-09":{"txs":4,"uniq":3,"trade":0,"nft":0,"gas":0.000028,"bal":0.003362,"days":1,"spread":0.033333,"streak":1,"rank_m":400300,"pct_m":0.425605,"gas_method":"estimated"},"2025-10":{"txs":1,"uniq":1,"trade":0,"nft":1,"gas":0.000007,"bal":0.003963,"days":1,"spread":0.032258,"streak":1,"rank_m":252874,"pct_m":0.268859,"gas_method":"estimated"}}}