{"wallet":"0x655f10446428e70d12b8a3448e1d7d0deac4b2ee","rank":148020,"lifetime":{"months_active":19,"first":"2023-07","last":"2025-10","tx_sum":358,"uniq_sum":141,"trade_sum":5,"nft_sum":22,"gas_sum":0.009529,"avg_balance_eth_mean":0.01001,"streak_best_days":3,"gas_sum_filled":0.009529},"months":{"2023-07":{"txs":0,"uniq":0,"trade":0,"nft":0,"gas":0,"bal":0,"days":0,"spread":0,"streak":0,"rank_m":588526,"pct_m":0.62573},"2023-08":{"txs":14,"uniq":4,"trade":0,"nft":0,"gas":0.000423,"bal":0.001007,"days":1,"spread":0.032258,"streak":1,"rank_m":120749,"pct_m":0.128381,"gas_method":"exact"},"2023-09":{"txs":0,"uniq":0,"trade":0,"nft":0,"gas":0,"bal":0.001007,"days":0,"spread":0,"streak":0,"rank_m":278419,"pct_m":0.296019},"2023-10":{"txs":13,"uniq":6,"trade":0,"nft":0,"gas":0.000846,"bal":0.010182,"days":2,"spread":0.064516,"streak":1,"rank_m":51000,"pct_m":0.054223,"gas_method":"exact"},"2023-11":{"txs":14,"uniq":8,"trade":0,"nft":1,"gas":0.001173,"bal":0.010496,"days":1,"spread":0.033333,"streak":1,"rank_m":46315,"pct_m":0.049242,"gas_method":"exact"},"2023-12":{"txs":8,"uniq":6,"trade":1,"nft":0,"gas":0.000683,"bal":0.009816,"days":1,"spread":0.032258,"streak":1,"rank_m":65393,"pct_m":0.069526,"gas_method":"estimated"},"2024-01":{"txs":86,"uniq":16,"trade":0,"nft":2,"gas":0.002602,"bal":0.016214,"days":4,"spread":0.129032,"streak":2,"rank_m":11225,"pct_m":0.011934,"gas_method":"exact"},"2024-02":{"txs":49,"uniq":12,"trade":3,"nft":2,"gas":0.002199,"bal":0.010514,"days":1,"spread":0.034483,"streak":1,"rank_m":76362,"pct_m":0.081188,"gas_method":"estimated"},"2024-03":{"txs":2,"uniq":2,"trade":1,"nft":1,"gas":0.000135,"bal":0.002052,"days":1,"spread":0.032258,"streak":1,"rank_m":283284,"pct_m":0.301192,"gas_method":"estimated"},"2024-04":{"txs":28,"uniq":5,"trade":0,"nft":1,"gas":0.000232,"bal":0.00565,"days":1,"spread":0.033333,"streak":1,"rank_m":326541,"pct_m":0.347183,"gas_method":"estimated"},"2024-05":{"txs":9,"uniq":7,"trade":0,"nft":3,"gas":0.000025,"bal":0.011526,"days":4,"spread":0.129032,"streak":2,"rank_m":214364,"pct_m":0.227915,"gas_method":"estimated"},"2024-06":{"txs":0,"uniq":0,"trade":0,"nft":0,"gas":0,"bal":0.011526,"days":0,"spread":0,"streak":0,"rank_m":498645,"pct_m":0.530167},"2024-07":{"txs":7,"uniq":5,"trade":0,"nft":2,"gas":0.000003,"bal":0.011223,"days":3,"spread":0.096774,"streak":3,"rank_m":193100,"pct_m":0.205306,"gas_method":"estimated"},"2024-08":{"txs":11,"uniq":9,"trade":0,"nft":2,"gas":0.000003,"bal":0.011216,"days":3,"spread":0.096774,"streak":2,"rank_m":197616,"pct_m":0.210108,"gas_method":"estimated"},"2024-09":{"txs":13,"uniq":9,"trade":0,"nft":4,"gas":0.000002,"bal":0.021157,"days":5,"spread":0.166667,"streak":3,"rank_m":69929,"pct_m":0.074349,"gas_method":"estimated"},"2024-10":{"txs":5,"uniq":4,"trade":0,"nft":1,"gas":0.000001,"bal":0.022923,"days":3,"spread":0.096774,"streak":1,"rank_m":252889,"pct_m":0.268875,"gas_method":"estimated"},"2024-11":{"txs":22,"uniq":11,"trade":0,"nft":1,"gas":0.000051,"bal":0.028944,"days":2,"spread":0.066667,"streak":1,"rank_m":179288,"pct_m":0.190621,"gas_method":"exact"},"2024-12":{"txs":26,"uniq":13,"trade":0,"nft":1,"gas":0.000573,"bal":0.02101,"days":3,"spread":0.096774,"streak":1,"rank_m":188906,"pct_m":0.200847,"gas_method":"exact"},"2025-01":{"txs":13,"uniq":7,"trade":0,"nft":0,"gas":0.000338,"bal":0.023026,"days":1,"spread":0.032258,"streak":1,"rank_m":285221,"pct_m":0.303251,"gas_method":"exact"},"2025-02":{"txs":12,"uniq":5,"trade":0,"nft":1,"gas":0.000084,"bal":0.022989,"days":1,"spread":0.035714,"streak":1,"rank_m":224272,"pct_m":0.238449,"gas_method":"exact"},"2025-03":{"txs":15,"uniq":6,"trade":0,"nft":0,"gas":0.000079,"bal":0.0138,"days":3,"spread":0.096774,"streak":1,"rank_m":204844,"pct_m":0.217793,"gas_method":"exact"},"2025-04":{"txs":0,"uniq":0,"trade":0,"nft":0,"gas":0,"bal":0.0138,"days":0,"spread":0,"streak":0,"rank_m":605658,"pct_m":0.643945},"2025-05":{"txs":11,"uniq":6,"trade":0,"nft":0,"gas":0.000077,"bal":0.000032,"days":3,"spread":0.096774,"streak":1,"rank_m":557385,"pct_m":0.592621,"gas_method":"estimated"},"2025-06":{"txs":0,"uniq":0,"trade":0,"nft":0,"gas":0,"bal":0.000032,"days":0,"spread":0,"streak":0,"rank_m":874939,"pct_m":0.93025},"2025-07":{"txs":0,"uniq":0,"trade":0,"nft":0,"gas":0,"bal":0.000032,"days":0,"spread":0,"streak":0,"rank_m":891102,"pct_m":0.947435},"2025-08":{"txs":0,"uniq":0,"trade":0,"nft":0,"gas":0,"bal":0.000032,"days":0,"spread":0,"streak":0,"rank_m":890250,"pct_m":0.946529},"2025-09":{"txs":0,"uniq":0,"trade":0,"nft":0,"gas":0,"bal":0.000032,"days":0,"spread":0,"streak":0,"rank_m":886347,"pct_m":0.942379},"2025-10":{"txs":0,"uniq":0,"trade":0,"nft":0,"gas":0,"bal":0.000032,"days":0,"spread":0,"streak":0,"rank_m":866154,"pct_m":0.920909}}}