{"wallet":"0x6565496576a17e2889e9e241ef36de283610c1ad","rank":169072,"lifetime":{"months_active":19,"first":"2023-07","last":"2025-10","tx_sum":620,"uniq_sum":217,"trade_sum":14,"nft_sum":37,"gas_sum":0.003604,"avg_balance_eth_mean":0.000648,"streak_best_days":12,"gas_sum_filled":0.003604},"months":{"2023-07":{"txs":0,"uniq":0,"trade":0,"nft":0,"gas":0,"bal":0,"days":0,"spread":0,"streak":0,"rank_m":588441,"pct_m":0.62564},"2023-08":{"txs":0,"uniq":0,"trade":0,"nft":0,"gas":0,"bal":0,"days":0,"spread":0,"streak":0,"rank_m":633984,"pct_m":0.674062},"2023-09":{"txs":0,"uniq":0,"trade":0,"nft":0,"gas":0,"bal":0,"days":0,"spread":0,"streak":0,"rank_m":646193,"pct_m":0.687043},"2023-10":{"txs":0,"uniq":0,"trade":0,"nft":0,"gas":0,"bal":0,"days":0,"spread":0,"streak":0,"rank_m":656033,"pct_m":0.697505},"2023-11":{"txs":0,"uniq":0,"trade":0,"nft":0,"gas":0,"bal":0,"days":0,"spread":0,"streak":0,"rank_m":664724,"pct_m":0.706745},"2023-12":{"txs":0,"uniq":0,"trade":0,"nft":0,"gas":0,"bal":0,"days":0,"spread":0,"streak":0,"rank_m":675254,"pct_m":0.717941},"2024-01":{"txs":0,"uniq":0,"trade":0,"nft":0,"gas":0,"bal":0,"days":0,"spread":0,"streak":0,"rank_m":684606,"pct_m":0.727884},"2024-02":{"txs":12,"uniq":10,"trade":0,"nft":10,"gas":0.000132,"bal":0.001331,"days":6,"spread":0.206897,"streak":2,"rank_m":97902,"pct_m":0.10409,"gas_method":"estimated"},"2024-03":{"txs":1,"uniq":1,"trade":0,"nft":1,"gas":0.000016,"bal":0.000501,"days":1,"spread":0.032258,"streak":1,"rank_m":349933,"pct_m":0.372054,"gas_method":"estimated"},"2024-04":{"txs":15,"uniq":5,"trade":0,"nft":1,"gas":0.00003,"bal":0.002299,"days":11,"spread":0.366667,"streak":4,"rank_m":262229,"pct_m":0.278805,"gas_method":"estimated"},"2024-05":{"txs":7,"uniq":4,"trade":0,"nft":4,"gas":0.000008,"bal":0.001212,"days":6,"spread":0.193548,"streak":3,"rank_m":242107,"pct_m":0.257411,"gas_method":"exact"},"2024-06":{"txs":16,"uniq":12,"trade":0,"nft":2,"gas":0,"bal":0.001112,"days":4,"spread":0.133333,"streak":2,"rank_m":256615,"pct_m":0.272837,"gas_method":"estimated"},"2024-07":{"txs":75,"uniq":28,"trade":2,"nft":7,"gas":0.000008,"bal":0.000283,"days":10,"spread":0.322581,"streak":7,"rank_m":137987,"pct_m":0.146709,"gas_method":"estimated"},"2024-08":{"txs":9,"uniq":8,"trade":3,"nft":1,"gas":0.000001,"bal":0.000095,"days":2,"spread":0.064516,"streak":1,"rank_m":382068,"pct_m":0.40622,"gas_method":"estimated"},"2024-09":{"txs":7,"uniq":5,"trade":0,"nft":3,"gas":0,"bal":0.000181,"days":2,"spread":0.066667,"streak":1,"rank_m":368672,"pct_m":0.391978,"gas_method":"estimated"},"2024-10":{"txs":6,"uniq":6,"trade":0,"nft":0,"gas":0,"bal":0.000541,"days":3,"spread":0.096774,"streak":1,"rank_m":442901,"pct_m":0.470899,"gas_method":"estimated"},"2024-11":{"txs":0,"uniq":0,"trade":0,"nft":0,"gas":0,"bal":0.000541,"days":0,"spread":0,"streak":0,"rank_m":655930,"pct_m":0.697395},"2024-12":{"txs":8,"uniq":5,"trade":2,"nft":0,"gas":0.000154,"bal":0.00014,"days":2,"spread":0.064516,"streak":1,"rank_m":419098,"pct_m":0.445591,"gas_method":"exact"},"2025-01":{"txs":11,"uniq":7,"trade":0,"nft":0,"gas":0.000208,"bal":0.000324,"days":6,"spread":0.193548,"streak":1,"rank_m":363924,"pct_m":0.386929,"gas_method":"exact"},"2025-02":{"txs":11,"uniq":8,"trade":0,"nft":1,"gas":0.00007,"bal":0.00056,"days":7,"spread":0.25,"streak":3,"rank_m":200863,"pct_m":0.21356,"gas_method":"exact"},"2025-03":{"txs":20,"uniq":10,"trade":0,"nft":0,"gas":0.000126,"bal":0.000278,"days":8,"spread":0.258065,"streak":2,"rank_m":225637,"pct_m":0.2399,"gas_method":"exact"},"2025-04":{"txs":17,"uniq":7,"trade":0,"nft":0,"gas":0,"bal":0.000012,"days":3,"spread":0.1,"streak":1,"rank_m":461826,"pct_m":0.491021,"gas_method":"exact"},"2025-05":{"txs":0,"uniq":0,"trade":0,"nft":0,"gas":0,"bal":0.000012,"days":0,"spread":0,"streak":0,"rank_m":875076,"pct_m":0.930395},"2025-06":{"txs":52,"uniq":19,"trade":0,"nft":0,"gas":0.000366,"bal":0.001591,"days":14,"spread":0.466667,"streak":2,"rank_m":223754,"pct_m":0.237898,"gas_method":"estimated"},"2025-07":{"txs":182,"uniq":34,"trade":7,"nft":4,"gas":0.001281,"bal":0.00462,"days":22,"spread":0.709677,"streak":12,"rank_m":28174,"pct_m":0.029954,"gas_method":"estimated"},"2025-08":{"txs":89,"uniq":26,"trade":0,"nft":0,"gas":0.000626,"bal":0.001718,"days":18,"spread":0.580645,"streak":7,"rank_m":152433,"pct_m":0.162068,"gas_method":"estimated"},"2025-09":{"txs":40,"uniq":14,"trade":0,"nft":3,"gas":0.000282,"bal":0.000016,"days":8,"spread":0.266667,"streak":4,"rank_m":319152,"pct_m":0.339327,"gas_method":"estimated"},"2025-10":{"txs":42,"uniq":8,"trade":0,"nft":0,"gas":0.000296,"bal":0.000783,"days":5,"spread":0.16129,"streak":4,"rank_m":222506,"pct_m":0.236571,"gas_method":"estimated"}}}