{"wallet":"0x6552316697951435772137032762628463705058","rank":4348,"lifetime":{"months_active":28,"first":"2023-07","last":"2025-10","tx_sum":2750,"uniq_sum":436,"trade_sum":30,"nft_sum":77,"gas_sum":0.12231,"avg_balance_eth_mean":6.307534,"streak_best_days":11,"gas_sum_filled":0.12231},"months":{"2023-07":{"txs":243,"uniq":33,"trade":0,"nft":0,"gas":0.089169,"bal":1.002902,"days":3,"spread":0.096774,"streak":3,"rank_m":1070,"pct_m":0.001137,"gas_method":"exact"},"2023-08":{"txs":98,"uniq":58,"trade":7,"nft":7,"gas":0.022977,"bal":1.851618,"days":19,"spread":0.612903,"streak":8,"rank_m":1053,"pct_m":0.001119,"gas_method":"exact"},"2023-09":{"txs":22,"uniq":8,"trade":0,"nft":2,"gas":0.000081,"bal":0.13752,"days":7,"spread":0.233333,"streak":3,"rank_m":26182,"pct_m":0.027836,"gas_method":"exact"},"2023-10":{"txs":2,"uniq":1,"trade":0,"nft":0,"gas":0.000032,"bal":1.699284,"days":2,"spread":0.064516,"streak":1,"rank_m":78365,"pct_m":0.083318,"gas_method":"exact"},"2023-11":{"txs":35,"uniq":7,"trade":0,"nft":0,"gas":0.000413,"bal":3.538007,"days":5,"spread":0.166667,"streak":2,"rank_m":18968,"pct_m":0.020166,"gas_method":"estimated"},"2023-12":{"txs":41,"uniq":16,"trade":0,"nft":4,"gas":0.000907,"bal":2.582779,"days":7,"spread":0.225806,"streak":2,"rank_m":6396,"pct_m":0.006799,"gas_method":"estimated"},"2024-01":{"txs":20,"uniq":10,"trade":0,"nft":4,"gas":0.000634,"bal":5.69242,"days":8,"spread":0.258065,"streak":2,"rank_m":8772,"pct_m":0.009325,"gas_method":"exact"},"2024-02":{"txs":139,"uniq":26,"trade":0,"nft":13,"gas":0.000847,"bal":4.925833,"days":15,"spread":0.517241,"streak":11,"rank_m":1550,"pct_m":0.001647,"gas_method":"exact"},"2024-03":{"txs":84,"uniq":36,"trade":0,"nft":6,"gas":0.001465,"bal":4.317746,"days":15,"spread":0.483871,"streak":9,"rank_m":9894,"pct_m":0.010518,"gas_method":"estimated"},"2024-04":{"txs":81,"uniq":33,"trade":0,"nft":12,"gas":0.00041,"bal":2.745242,"days":12,"spread":0.4,"streak":7,"rank_m":15312,"pct_m":0.016279,"gas_method":"exact"},"2024-05":{"txs":1027,"uniq":11,"trade":0,"nft":7,"gas":0.000733,"bal":4.064225,"days":8,"spread":0.258065,"streak":6,"rank_m":27555,"pct_m":0.029296,"gas_method":"estimated"},"2024-06":{"txs":4,"uniq":4,"trade":0,"nft":0,"gas":0,"bal":3.057061,"days":3,"spread":0.1,"streak":1,"rank_m":242156,"pct_m":0.257464,"gas_method":"estimated"},"2024-07":{"txs":9,"uniq":4,"trade":0,"nft":3,"gas":0.000001,"bal":2.846917,"days":6,"spread":0.193548,"streak":3,"rank_m":101548,"pct_m":0.107967,"gas_method":"estimated"},"2024-08":{"txs":11,"uniq":4,"trade":0,"nft":7,"gas":0.000003,"bal":2.017545,"days":5,"spread":0.16129,"streak":2,"rank_m":114335,"pct_m":0.121562,"gas_method":"exact"},"2024-09":{"txs":13,"uniq":7,"trade":0,"nft":4,"gas":0,"bal":1.733998,"days":9,"spread":0.3,"streak":2,"rank_m":42565,"pct_m":0.045255,"gas_method":"estimated"},"2024-10":{"txs":310,"uniq":36,"trade":1,"nft":6,"gas":0.000004,"bal":1.361926,"days":16,"spread":0.516129,"streak":4,"rank_m":4464,"pct_m":0.004745,"gas_method":"exact"},"2024-11":{"txs":290,"uniq":41,"trade":8,"nft":0,"gas":0.000655,"bal":3.213293,"days":20,"spread":0.666667,"streak":6,"rank_m":1735,"pct_m":0.001844,"gas_method":"exact"},"2024-12":{"txs":52,"uniq":20,"trade":2,"nft":0,"gas":0.001124,"bal":5.51391,"days":9,"spread":0.290323,"streak":5,"rank_m":28471,"pct_m":0.03027,"gas_method":"exact"},"2025-01":{"txs":54,"uniq":15,"trade":0,"nft":0,"gas":0.001403,"bal":17.906881,"days":11,"spread":0.354839,"streak":4,"rank_m":32706,"pct_m":0.034773,"gas_method":"exact"},"2025-02":{"txs":23,"uniq":13,"trade":0,"nft":2,"gas":0.000155,"bal":12.156041,"days":8,"spread":0.285714,"streak":3,"rank_m":31398,"pct_m":0.033382,"gas_method":"exact"},"2025-03":{"txs":1,"uniq":1,"trade":0,"nft":0,"gas":0.000008,"bal":5.169533,"days":1,"spread":0.032258,"streak":1,"rank_m":363937,"pct_m":0.386943,"gas_method":"exact"},"2025-04":{"txs":44,"uniq":10,"trade":6,"nft":0,"gas":0.000254,"bal":14.215846,"days":6,"spread":0.2,"streak":3,"rank_m":12304,"pct_m":0.013081,"gas_method":"exact"},"2025-05":{"txs":21,"uniq":11,"trade":2,"nft":0,"gas":0.000148,"bal":18.251787,"days":7,"spread":0.225806,"streak":4,"rank_m":16527,"pct_m":0.017571,"gas_method":"estimated"},"2025-06":{"txs":8,"uniq":7,"trade":0,"nft":0,"gas":0.000056,"bal":5.033082,"days":2,"spread":0.066667,"streak":1,"rank_m":126372,"pct_m":0.13436,"gas_method":"estimated"},"2025-07":{"txs":77,"uniq":4,"trade":0,"nft":0,"gas":0.000542,"bal":8.003917,"days":2,"spread":0.064516,"streak":1,"rank_m":100582,"pct_m":0.10694,"gas_method":"estimated"},"2025-08":{"txs":11,"uniq":4,"trade":4,"nft":0,"gas":0.000077,"bal":9.590585,"days":4,"spread":0.129032,"streak":2,"rank_m":67227,"pct_m":0.071476,"gas_method":"estimated"},"2025-09":{"txs":16,"uniq":7,"trade":0,"nft":0,"gas":0.000113,"bal":11.426403,"days":7,"spread":0.233333,"streak":5,"rank_m":40107,"pct_m":0.042641,"gas_method":"estimated"},"2025-10":{"txs":14,"uniq":9,"trade":0,"nft":0,"gas":0.000099,"bal":22.554658,"days":3,"spread":0.096774,"streak":2,"rank_m":24895,"pct_m":0.026468,"gas_method":"estimated"}}}