{"wallet":"0x65b5493ffa65aeaa1d041e9fb744134f914ce8c8","rank":169116,"lifetime":{"months_active":22,"first":"2023-07","last":"2025-10","tx_sum":542,"uniq_sum":316,"trade_sum":1,"nft_sum":50,"gas_sum":0.007562,"avg_balance_eth_mean":0.001046,"streak_best_days":4,"gas_sum_filled":0.007562},"months":{"2023-07":{"txs":0,"uniq":0,"trade":0,"nft":0,"gas":0,"bal":0,"days":0,"spread":0,"streak":0,"rank_m":587344,"pct_m":0.624474},"2023-08":{"txs":29,"uniq":22,"trade":0,"nft":22,"gas":0.000899,"bal":0.001395,"days":3,"spread":0.096774,"streak":3,"rank_m":55471,"pct_m":0.058977,"gas_method":"exact"},"2023-09":{"txs":0,"uniq":0,"trade":0,"nft":0,"gas":0,"bal":0.001395,"days":0,"spread":0,"streak":0,"rank_m":273665,"pct_m":0.290964},"2023-10":{"txs":9,"uniq":6,"trade":0,"nft":4,"gas":0.00002,"bal":0.003394,"days":8,"spread":0.258065,"streak":2,"rank_m":39462,"pct_m":0.041956,"gas_method":"exact"},"2023-11":{"txs":1,"uniq":1,"trade":0,"nft":1,"gas":0.000012,"bal":0.003261,"days":1,"spread":0.033333,"streak":1,"rank_m":117735,"pct_m":0.125177,"gas_method":"estimated"},"2023-12":{"txs":5,"uniq":2,"trade":0,"nft":1,"gas":0.000088,"bal":0.002587,"days":2,"spread":0.064516,"streak":1,"rank_m":94023,"pct_m":0.099966,"gas_method":"exact"},"2024-01":{"txs":0,"uniq":0,"trade":0,"nft":0,"gas":0,"bal":0.002587,"days":0,"spread":0,"streak":0,"rank_m":294194,"pct_m":0.312791},"2024-02":{"txs":6,"uniq":4,"trade":0,"nft":1,"gas":0.000073,"bal":0.000736,"days":4,"spread":0.137931,"streak":2,"rank_m":176481,"pct_m":0.187637,"gas_method":"estimated"},"2024-03":{"txs":4,"uniq":4,"trade":0,"nft":0,"gas":0.000135,"bal":0.000326,"days":3,"spread":0.096774,"streak":2,"rank_m":255632,"pct_m":0.271791,"gas_method":"exact"},"2024-04":{"txs":21,"uniq":8,"trade":0,"nft":1,"gas":0.000047,"bal":0.000174,"days":5,"spread":0.166667,"streak":1,"rank_m":369435,"pct_m":0.392789,"gas_method":"estimated"},"2024-05":{"txs":4,"uniq":3,"trade":0,"nft":1,"gas":0.000003,"bal":0.000544,"days":2,"spread":0.064516,"streak":1,"rank_m":430611,"pct_m":0.457832,"gas_method":"estimated"},"2024-06":{"txs":2,"uniq":1,"trade":0,"nft":2,"gas":0,"bal":0.001434,"days":1,"spread":0.033333,"streak":1,"rank_m":434392,"pct_m":0.461852,"gas_method":"estimated"},"2024-07":{"txs":4,"uniq":4,"trade":0,"nft":5,"gas":0.000004,"bal":0.002651,"days":2,"spread":0.064516,"streak":1,"rank_m":269309,"pct_m":0.286333,"gas_method":"exact"},"2024-08":{"txs":14,"uniq":7,"trade":0,"nft":6,"gas":0.000001,"bal":0.001164,"days":6,"spread":0.193548,"streak":4,"rank_m":244480,"pct_m":0.259934,"gas_method":"estimated"},"2024-09":{"txs":5,"uniq":1,"trade":0,"nft":3,"gas":0,"bal":0.000568,"days":3,"spread":0.1,"streak":1,"rank_m":368445,"pct_m":0.391736,"gas_method":"estimated"},"2024-10":{"txs":0,"uniq":0,"trade":0,"nft":0,"gas":0,"bal":0.000568,"days":0,"spread":0,"streak":0,"rank_m":642876,"pct_m":0.683516},"2024-11":{"txs":91,"uniq":49,"trade":0,"nft":2,"gas":0.000207,"bal":0.000122,"days":5,"spread":0.166667,"streak":1,"rank_m":194255,"pct_m":0.206534,"gas_method":"exact"},"2024-12":{"txs":219,"uniq":124,"trade":0,"nft":0,"gas":0.004652,"bal":0.000686,"days":7,"spread":0.225806,"streak":2,"rank_m":129003,"pct_m":0.137157,"gas_method":"exact"},"2025-01":{"txs":33,"uniq":21,"trade":0,"nft":0,"gas":0.000805,"bal":0.000734,"days":8,"spread":0.258065,"streak":2,"rank_m":179709,"pct_m":0.191069,"gas_method":"exact"},"2025-02":{"txs":39,"uniq":39,"trade":0,"nft":0,"gas":0.000274,"bal":0.00078,"days":2,"spread":0.071429,"streak":1,"rank_m":211237,"pct_m":0.22459,"gas_method":"exact"},"2025-03":{"txs":13,"uniq":7,"trade":0,"nft":0,"gas":0.000063,"bal":0.000762,"days":4,"spread":0.129032,"streak":2,"rank_m":265895,"pct_m":0.282703,"gas_method":"exact"},"2025-04":{"txs":4,"uniq":4,"trade":0,"nft":0,"gas":0.000005,"bal":0.000477,"days":4,"spread":0.133333,"streak":2,"rank_m":424234,"pct_m":0.451052,"gas_method":"exact"},"2025-05":{"txs":0,"uniq":0,"trade":0,"nft":0,"gas":0,"bal":0.000477,"days":0,"spread":0,"streak":0,"rank_m":754752,"pct_m":0.802465},"2025-06":{"txs":2,"uniq":2,"trade":0,"nft":0,"gas":0.000014,"bal":0.000427,"days":1,"spread":0.033333,"streak":1,"rank_m":577550,"pct_m":0.61406,"gas_method":"estimated"},"2025-07":{"txs":7,"uniq":6,"trade":1,"nft":0,"gas":0.000049,"bal":0.00051,"days":2,"spread":0.064516,"streak":2,"rank_m":372222,"pct_m":0.395752,"gas_method":"estimated"},"2025-08":{"txs":28,"uniq":1,"trade":0,"nft":0,"gas":0.000197,"bal":0.000764,"days":2,"spread":0.064516,"streak":1,"rank_m":460789,"pct_m":0.489918,"gas_method":"estimated"},"2025-09":{"txs":0,"uniq":0,"trade":0,"nft":0,"gas":0,"bal":0.000764,"days":0,"spread":0,"streak":0,"rank_m":716094,"pct_m":0.761363},"2025-10":{"txs":2,"uniq":0,"trade":0,"nft":1,"gas":0.000014,"bal":0,"days":1,"spread":0.032258,"streak":1,"rank_m":502110,"pct_m":0.533851,"gas_method":"estimated"}}}