{"wallet":"0x65ca951145a5b26a7102bfc0945b0acdcb3d80f4","rank":431498,"lifetime":{"months_active":12,"first":"2023-07","last":"2025-10","tx_sum":246,"uniq_sum":129,"trade_sum":0,"nft_sum":7,"gas_sum":0.001618,"avg_balance_eth_mean":0.000386,"streak_best_days":15,"gas_sum_filled":0.001618},"months":{"2023-07":{"txs":0,"uniq":0,"trade":0,"nft":0,"gas":0,"bal":0,"days":0,"spread":0,"streak":0,"rank_m":587061,"pct_m":0.624173},"2023-08":{"txs":0,"uniq":0,"trade":0,"nft":0,"gas":0,"bal":0,"days":0,"spread":0,"streak":0,"rank_m":632795,"pct_m":0.672798},"2023-09":{"txs":0,"uniq":0,"trade":0,"nft":0,"gas":0,"bal":0,"days":0,"spread":0,"streak":0,"rank_m":645040,"pct_m":0.685817},"2023-10":{"txs":3,"uniq":3,"trade":0,"nft":0,"gas":0.00003,"bal":0.00022,"days":2,"spread":0.064516,"streak":2,"rank_m":132199,"pct_m":0.140555,"gas_method":"estimated"},"2023-11":{"txs":31,"uniq":3,"trade":0,"nft":1,"gas":0.000057,"bal":0.001312,"days":21,"spread":0.7,"streak":9,"rank_m":35469,"pct_m":0.03771,"gas_method":"exact"},"2023-12":{"txs":24,"uniq":7,"trade":0,"nft":1,"gas":0.000095,"bal":0.001411,"days":13,"spread":0.419355,"streak":6,"rank_m":33303,"pct_m":0.035407,"gas_method":"exact"},"2024-01":{"txs":33,"uniq":2,"trade":0,"nft":0,"gas":0.000518,"bal":0.000834,"days":21,"spread":0.677419,"streak":13,"rank_m":57148,"pct_m":0.06076,"gas_method":"exact"},"2024-02":{"txs":9,"uniq":3,"trade":0,"nft":2,"gas":0.000153,"bal":0.001293,"days":8,"spread":0.275862,"streak":4,"rank_m":127252,"pct_m":0.135296,"gas_method":"estimated"},"2024-03":{"txs":9,"uniq":4,"trade":0,"nft":0,"gas":0.000229,"bal":0.000767,"days":3,"spread":0.096774,"streak":2,"rank_m":282376,"pct_m":0.300226,"gas_method":"estimated"},"2024-04":{"txs":0,"uniq":0,"trade":0,"nft":0,"gas":0,"bal":0.000767,"days":0,"spread":0,"streak":0,"rank_m":523751,"pct_m":0.55686},"2024-05":{"txs":7,"uniq":6,"trade":0,"nft":2,"gas":0.000007,"bal":0.00125,"days":1,"spread":0.032258,"streak":1,"rank_m":390638,"pct_m":0.415332,"gas_method":"estimated"},"2024-06":{"txs":3,"uniq":2,"trade":0,"nft":1,"gas":0,"bal":0.000407,"days":2,"spread":0.066667,"streak":1,"rank_m":448796,"pct_m":0.477167,"gas_method":"estimated"},"2024-07":{"txs":0,"uniq":0,"trade":0,"nft":0,"gas":0,"bal":0.000407,"days":0,"spread":0,"streak":0,"rank_m":608541,"pct_m":0.647011},"2024-08":{"txs":9,"uniq":5,"trade":0,"nft":0,"gas":0.000001,"bal":0.000164,"days":2,"spread":0.064516,"streak":2,"rank_m":444431,"pct_m":0.472526,"gas_method":"estimated"},"2024-09":{"txs":2,"uniq":2,"trade":0,"nft":0,"gas":0,"bal":0.000095,"days":1,"spread":0.033333,"streak":1,"rank_m":498872,"pct_m":0.530409,"gas_method":"estimated"},"2024-10":{"txs":96,"uniq":78,"trade":0,"nft":0,"gas":0.000008,"bal":0.000093,"days":6,"spread":0.193548,"streak":2,"rank_m":331377,"pct_m":0.352325,"gas_method":"estimated"},"2024-11":{"txs":0,"uniq":0,"trade":0,"nft":0,"gas":0,"bal":0.000093,"days":0,"spread":0,"streak":0,"rank_m":717306,"pct_m":0.762651},"2024-12":{"txs":0,"uniq":0,"trade":0,"nft":0,"gas":0,"bal":0.000093,"days":0,"spread":0,"streak":0,"rank_m":741858,"pct_m":0.788756},"2025-01":{"txs":20,"uniq":14,"trade":0,"nft":0,"gas":0.00052,"bal":0.000161,"days":4,"spread":0.129032,"streak":4,"rank_m":266482,"pct_m":0.283327,"gas_method":"exact"},"2025-02":{"txs":0,"uniq":0,"trade":0,"nft":0,"gas":0,"bal":0.000161,"days":0,"spread":0,"streak":0,"rank_m":759730,"pct_m":0.807757},"2025-03":{"txs":0,"uniq":0,"trade":0,"nft":0,"gas":0,"bal":0.000161,"days":0,"spread":0,"streak":0,"rank_m":770588,"pct_m":0.819302},"2025-04":{"txs":0,"uniq":0,"trade":0,"nft":0,"gas":0,"bal":0.000161,"days":0,"spread":0,"streak":0,"rank_m":790743,"pct_m":0.840731},"2025-05":{"txs":0,"uniq":0,"trade":0,"nft":0,"gas":0,"bal":0.000161,"days":0,"spread":0,"streak":0,"rank_m":803580,"pct_m":0.85438},"2025-06":{"txs":0,"uniq":0,"trade":0,"nft":0,"gas":0,"bal":0.000161,"days":0,"spread":0,"streak":0,"rank_m":816516,"pct_m":0.868133},"2025-07":{"txs":0,"uniq":0,"trade":0,"nft":0,"gas":0,"bal":0.000161,"days":0,"spread":0,"streak":0,"rank_m":834369,"pct_m":0.887115},"2025-08":{"txs":0,"uniq":0,"trade":0,"nft":0,"gas":0,"bal":0.000161,"days":0,"spread":0,"streak":0,"rank_m":823595,"pct_m":0.87566},"2025-09":{"txs":0,"uniq":0,"trade":0,"nft":0,"gas":0,"bal":0.000161,"days":0,"spread":0,"streak":0,"rank_m":818050,"pct_m":0.869764},"2025-10":{"txs":0,"uniq":0,"trade":0,"nft":0,"gas":0,"bal":0.000161,"days":0,"spread":0,"streak":0,"rank_m":782968,"pct_m":0.832465}}}