{"wallet":"0x656510972b9070961ec7934dd467b662dc711f07","rank":772925,"lifetime":{"months_active":18,"first":"2023-07","last":"2025-10","tx_sum":122,"uniq_sum":36,"trade_sum":0,"nft_sum":13,"gas_sum":0.001587,"avg_balance_eth_mean":0.001285,"streak_best_days":2,"gas_sum_filled":0.001587},"months":{"2023-07":{"txs":3,"uniq":2,"trade":0,"nft":1,"gas":0.000306,"bal":0.000005,"days":1,"spread":0.032258,"streak":1,"rank_m":45611,"pct_m":0.048493,"gas_method":"estimated"},"2023-08":{"txs":17,"uniq":9,"trade":0,"nft":3,"gas":0.000636,"bal":0.000887,"days":3,"spread":0.096774,"streak":1,"rank_m":94115,"pct_m":0.100064,"gas_method":"exact"},"2023-09":{"txs":0,"uniq":0,"trade":0,"nft":0,"gas":0,"bal":0.000887,"days":0,"spread":0,"streak":0,"rank_m":280418,"pct_m":0.298144},"2023-10":{"txs":1,"uniq":1,"trade":0,"nft":1,"gas":0.000011,"bal":0.000596,"days":1,"spread":0.032258,"streak":1,"rank_m":122690,"pct_m":0.130445,"gas_method":"exact"},"2023-11":{"txs":0,"uniq":0,"trade":0,"nft":0,"gas":0,"bal":0.000596,"days":0,"spread":0,"streak":0,"rank_m":307932,"pct_m":0.327398},"2023-12":{"txs":0,"uniq":0,"trade":0,"nft":0,"gas":0,"bal":0.000596,"days":0,"spread":0,"streak":0,"rank_m":327381,"pct_m":0.348076},"2024-01":{"txs":2,"uniq":1,"trade":0,"nft":1,"gas":0.000048,"bal":0.000043,"days":1,"spread":0.032258,"streak":1,"rank_m":191732,"pct_m":0.203852,"gas_method":"estimated"},"2024-02":{"txs":1,"uniq":1,"trade":0,"nft":0,"gas":0.000014,"bal":0.000167,"days":1,"spread":0.034483,"streak":1,"rank_m":279731,"pct_m":0.297414,"gas_method":"estimated"},"2024-03":{"txs":0,"uniq":0,"trade":0,"nft":0,"gas":0,"bal":0.000167,"days":0,"spread":0,"streak":0,"rank_m":484641,"pct_m":0.515278},"2024-04":{"txs":2,"uniq":2,"trade":0,"nft":0,"gas":0.000005,"bal":0.000104,"days":2,"spread":0.066667,"streak":2,"rank_m":440669,"pct_m":0.468526,"gas_method":"estimated"},"2024-05":{"txs":0,"uniq":0,"trade":0,"nft":0,"gas":0,"bal":0.000104,"days":0,"spread":0,"streak":0,"rank_m":594622,"pct_m":0.632212},"2024-06":{"txs":0,"uniq":0,"trade":0,"nft":0,"gas":0,"bal":0.000104,"days":0,"spread":0,"streak":0,"rank_m":621284,"pct_m":0.660559},"2024-07":{"txs":0,"uniq":0,"trade":0,"nft":0,"gas":0,"bal":0.000104,"days":0,"spread":0,"streak":0,"rank_m":643191,"pct_m":0.683851},"2024-08":{"txs":0,"uniq":0,"trade":0,"nft":0,"gas":0,"bal":0.000104,"days":0,"spread":0,"streak":0,"rank_m":660687,"pct_m":0.702453},"2024-09":{"txs":2,"uniq":1,"trade":0,"nft":1,"gas":0,"bal":0.000177,"days":2,"spread":0.066667,"streak":1,"rank_m":440407,"pct_m":0.468248,"gas_method":"estimated"},"2024-10":{"txs":2,"uniq":2,"trade":0,"nft":3,"gas":0,"bal":0.000196,"days":1,"spread":0.032258,"streak":1,"rank_m":480606,"pct_m":0.510988,"gas_method":"estimated"},"2024-11":{"txs":4,"uniq":3,"trade":0,"nft":0,"gas":0.000009,"bal":0.002285,"days":2,"spread":0.066667,"streak":1,"rank_m":406141,"pct_m":0.431815,"gas_method":"exact"},"2024-12":{"txs":0,"uniq":0,"trade":0,"nft":0,"gas":0,"bal":0.002285,"days":0,"spread":0,"streak":0,"rank_m":653013,"pct_m":0.694294},"2025-01":{"txs":7,"uniq":1,"trade":0,"nft":0,"gas":0.000182,"bal":0.005149,"days":2,"spread":0.064516,"streak":1,"rank_m":398011,"pct_m":0.423171,"gas_method":"exact"},"2025-02":{"txs":2,"uniq":2,"trade":0,"nft":0,"gas":0.000014,"bal":0.004767,"days":2,"spread":0.071429,"streak":1,"rank_m":417970,"pct_m":0.444392,"gas_method":"exact"},"2025-03":{"txs":10,"uniq":1,"trade":0,"nft":0,"gas":0.000079,"bal":0.003291,"days":2,"spread":0.064516,"streak":1,"rank_m":321352,"pct_m":0.341666,"gas_method":"exact"},"2025-04":{"txs":30,"uniq":1,"trade":0,"nft":0,"gas":0.000009,"bal":0.002731,"days":2,"spread":0.066667,"streak":1,"rank_m":381909,"pct_m":0.406051,"gas_method":"exact"},"2025-05":{"txs":4,"uniq":2,"trade":0,"nft":0,"gas":0.000028,"bal":0.002386,"days":2,"spread":0.064516,"streak":1,"rank_m":385392,"pct_m":0.409755,"gas_method":"estimated"},"2025-06":{"txs":16,"uniq":1,"trade":0,"nft":0,"gas":0.000113,"bal":0.001989,"days":2,"spread":0.066667,"streak":1,"rank_m":428559,"pct_m":0.455651,"gas_method":"estimated"},"2025-07":{"txs":9,"uniq":2,"trade":0,"nft":0,"gas":0.000063,"bal":0.00146,"days":2,"spread":0.064516,"streak":1,"rank_m":463679,"pct_m":0.492991,"gas_method":"estimated"},"2025-08":{"txs":8,"uniq":2,"trade":0,"nft":2,"gas":0.000056,"bal":0.00147,"days":2,"spread":0.064516,"streak":1,"rank_m":361063,"pct_m":0.383888,"gas_method":"estimated"},"2025-09":{"txs":0,"uniq":0,"trade":0,"nft":0,"gas":0,"bal":0.00147,"days":0,"spread":0,"streak":0,"rank_m":667284,"pct_m":0.709467},"2025-10":{"txs":2,"uniq":2,"trade":0,"nft":1,"gas":0.000014,"bal":0.001857,"days":2,"spread":0.064516,"streak":1,"rank_m":250513,"pct_m":0.266349,"gas_method":"estimated"}}}