{"wallet":"0x658d827ba69eb73d6e5cca0d92f49739f897d7a9","rank":384413,"lifetime":{"months_active":18,"first":"2023-07","last":"2025-10","tx_sum":148,"uniq_sum":84,"trade_sum":14,"nft_sum":30,"gas_sum":0.003867,"avg_balance_eth_mean":0.00352,"streak_best_days":2,"gas_sum_filled":0.003867},"months":{"2023-07":{"txs":0,"uniq":0,"trade":0,"nft":0,"gas":0,"bal":0,"days":0,"spread":0,"streak":0,"rank_m":587882,"pct_m":0.625046},"2023-08":{"txs":15,"uniq":5,"trade":0,"nft":4,"gas":0.001132,"bal":0.001017,"days":3,"spread":0.096774,"streak":1,"rank_m":93727,"pct_m":0.099651,"gas_method":"exact"},"2023-09":{"txs":3,"uniq":1,"trade":0,"nft":2,"gas":0.000051,"bal":0.002382,"days":2,"spread":0.066667,"streak":1,"rank_m":99595,"pct_m":0.10589,"gas_method":"exact"},"2023-10":{"txs":3,"uniq":1,"trade":0,"nft":1,"gas":0.000067,"bal":0.002016,"days":1,"spread":0.032258,"streak":1,"rank_m":120680,"pct_m":0.128308,"gas_method":"estimated"},"2023-11":{"txs":7,"uniq":7,"trade":0,"nft":3,"gas":0.000271,"bal":0.00203,"days":2,"spread":0.066667,"streak":1,"rank_m":78213,"pct_m":0.083156,"gas_method":"estimated"},"2023-12":{"txs":8,"uniq":5,"trade":0,"nft":1,"gas":0.000579,"bal":0.001594,"days":3,"spread":0.096774,"streak":1,"rank_m":99283,"pct_m":0.105558,"gas_method":"estimated"},"2024-01":{"txs":13,"uniq":7,"trade":1,"nft":1,"gas":0.00041,"bal":0.007451,"days":3,"spread":0.096774,"streak":1,"rank_m":44360,"pct_m":0.047163,"gas_method":"exact"},"2024-02":{"txs":13,"uniq":7,"trade":1,"nft":3,"gas":0.000353,"bal":0.003857,"days":5,"spread":0.172414,"streak":1,"rank_m":69928,"pct_m":0.074348,"gas_method":"exact"},"2024-03":{"txs":5,"uniq":5,"trade":0,"nft":5,"gas":0.000286,"bal":0.001776,"days":3,"spread":0.096774,"streak":1,"rank_m":246846,"pct_m":0.26245,"gas_method":"estimated"},"2024-04":{"txs":20,"uniq":6,"trade":0,"nft":6,"gas":0.000141,"bal":0.003254,"days":4,"spread":0.133333,"streak":1,"rank_m":291013,"pct_m":0.309409,"gas_method":"estimated"},"2024-05":{"txs":0,"uniq":0,"trade":0,"nft":0,"gas":0,"bal":0.003254,"days":0,"spread":0,"streak":0,"rank_m":509864,"pct_m":0.542095},"2024-06":{"txs":1,"uniq":1,"trade":0,"nft":2,"gas":0,"bal":0.003299,"days":1,"spread":0.033333,"streak":1,"rank_m":412673,"pct_m":0.43876,"gas_method":"estimated"},"2024-07":{"txs":0,"uniq":0,"trade":0,"nft":0,"gas":0,"bal":0.003299,"days":0,"spread":0,"streak":0,"rank_m":543976,"pct_m":0.578364},"2024-08":{"txs":1,"uniq":1,"trade":0,"nft":1,"gas":0,"bal":0.003278,"days":1,"spread":0.032258,"streak":1,"rank_m":419716,"pct_m":0.446248,"gas_method":"estimated"},"2024-09":{"txs":0,"uniq":0,"trade":0,"nft":0,"gas":0,"bal":0.003278,"days":0,"spread":0,"streak":0,"rank_m":537919,"pct_m":0.571924},"2024-10":{"txs":1,"uniq":1,"trade":0,"nft":1,"gas":0,"bal":0.003174,"days":1,"spread":0.032258,"streak":1,"rank_m":430761,"pct_m":0.457992,"gas_method":"estimated"},"2024-11":{"txs":0,"uniq":0,"trade":0,"nft":0,"gas":0,"bal":0.003174,"days":0,"spread":0,"streak":0,"rank_m":595077,"pct_m":0.632695},"2024-12":{"txs":2,"uniq":2,"trade":0,"nft":0,"gas":0.000044,"bal":0.003078,"days":1,"spread":0.032258,"streak":1,"rank_m":513342,"pct_m":0.545793,"gas_method":"exact"},"2025-01":{"txs":7,"uniq":5,"trade":0,"nft":0,"gas":0.000182,"bal":0.005067,"days":5,"spread":0.16129,"streak":2,"rank_m":300221,"pct_m":0.319199,"gas_method":"exact"},"2025-02":{"txs":26,"uniq":14,"trade":3,"nft":0,"gas":0.000183,"bal":0.002984,"days":5,"spread":0.178571,"streak":2,"rank_m":101521,"pct_m":0.107938,"gas_method":"exact"},"2025-03":{"txs":15,"uniq":10,"trade":6,"nft":0,"gas":0.000119,"bal":0.002606,"days":9,"spread":0.290323,"streak":2,"rank_m":118704,"pct_m":0.126207,"gas_method":"exact"},"2025-04":{"txs":7,"uniq":6,"trade":3,"nft":0,"gas":0.000042,"bal":0.002471,"days":4,"spread":0.133333,"streak":1,"rank_m":233028,"pct_m":0.247758,"gas_method":"exact"},"2025-05":{"txs":1,"uniq":0,"trade":0,"nft":0,"gas":0.000007,"bal":0.005705,"days":1,"spread":0.032258,"streak":1,"rank_m":431826,"pct_m":0.459124,"gas_method":"estimated"},"2025-06":{"txs":0,"uniq":0,"trade":0,"nft":0,"gas":0,"bal":0.005705,"days":0,"spread":0,"streak":0,"rank_m":585100,"pct_m":0.622088},"2025-07":{"txs":0,"uniq":0,"trade":0,"nft":0,"gas":0,"bal":0.005705,"days":0,"spread":0,"streak":0,"rank_m":604257,"pct_m":0.642456},"2025-08":{"txs":0,"uniq":0,"trade":0,"nft":0,"gas":0,"bal":0.005705,"days":0,"spread":0,"streak":0,"rank_m":585111,"pct_m":0.622099},"2025-09":{"txs":0,"uniq":0,"trade":0,"nft":0,"gas":0,"bal":0.005705,"days":0,"spread":0,"streak":0,"rank_m":572644,"pct_m":0.608844},"2025-10":{"txs":0,"uniq":0,"trade":0,"nft":0,"gas":0,"bal":0.005705,"days":0,"spread":0,"streak":0,"rank_m":488581,"pct_m":0.519467}}}