{"wallet":"0x65ecae2d6655a3efe5a8a3e5c8ea314dfb0740d0","rank":129103,"lifetime":{"months_active":24,"first":"2023-07","last":"2025-10","tx_sum":789,"uniq_sum":150,"trade_sum":0,"nft_sum":75,"gas_sum":0.009036,"avg_balance_eth_mean":0.000483,"streak_best_days":47,"gas_sum_filled":0.009036},"months":{"2023-07":{"txs":0,"uniq":0,"trade":0,"nft":0,"gas":0,"bal":0,"days":0,"spread":0,"streak":0,"rank_m":586608,"pct_m":0.623691},"2023-08":{"txs":26,"uniq":19,"trade":0,"nft":16,"gas":0.001201,"bal":0.000686,"days":12,"spread":0.387097,"streak":5,"rank_m":45382,"pct_m":0.04825,"gas_method":"exact"},"2023-09":{"txs":30,"uniq":21,"trade":0,"nft":21,"gas":0.000373,"bal":0.000869,"days":24,"spread":0.8,"streak":10,"rank_m":24930,"pct_m":0.026505,"gas_method":"exact"},"2023-10":{"txs":31,"uniq":11,"trade":0,"nft":10,"gas":0.000019,"bal":0.001061,"days":25,"spread":0.806452,"streak":9,"rank_m":27438,"pct_m":0.029172,"gas_method":"exact"},"2023-11":{"txs":23,"uniq":4,"trade":0,"nft":3,"gas":0.000201,"bal":0.000974,"days":21,"spread":0.7,"streak":4,"rank_m":31577,"pct_m":0.033572,"gas_method":"exact"},"2023-12":{"txs":2,"uniq":2,"trade":0,"nft":1,"gas":0.000167,"bal":0.00138,"days":1,"spread":0.032258,"streak":1,"rank_m":119550,"pct_m":0.127107,"gas_method":"exact"},"2024-01":{"txs":0,"uniq":0,"trade":0,"nft":0,"gas":0,"bal":0.00138,"days":0,"spread":0,"streak":0,"rank_m":312547,"pct_m":0.332304},"2024-02":{"txs":0,"uniq":0,"trade":0,"nft":0,"gas":0,"bal":0.00138,"days":0,"spread":0,"streak":0,"rank_m":360362,"pct_m":0.383142},"2024-03":{"txs":13,"uniq":1,"trade":0,"nft":1,"gas":0.000211,"bal":0.001283,"days":13,"spread":0.419355,"streak":4,"rank_m":207232,"pct_m":0.220332,"gas_method":"estimated"},"2024-04":{"txs":33,"uniq":4,"trade":0,"nft":0,"gas":0.000023,"bal":0.00058,"days":30,"spread":1,"streak":30,"rank_m":194913,"pct_m":0.207234,"gas_method":"exact"},"2024-05":{"txs":62,"uniq":9,"trade":0,"nft":2,"gas":0.000072,"bal":0.000383,"days":30,"spread":0.967742,"streak":15,"rank_m":106569,"pct_m":0.113305,"gas_method":"exact"},"2024-06":{"txs":15,"uniq":4,"trade":0,"nft":4,"gas":0,"bal":0.000051,"days":9,"spread":0.3,"streak":4,"rank_m":218051,"pct_m":0.231835,"gas_method":"exact"},"2024-07":{"txs":2,"uniq":1,"trade":0,"nft":2,"gas":0,"bal":0.000057,"days":2,"spread":0.064516,"streak":1,"rank_m":465233,"pct_m":0.494643,"gas_method":"estimated"},"2024-08":{"txs":8,"uniq":1,"trade":0,"nft":0,"gas":0.000001,"bal":0.000056,"days":1,"spread":0.032258,"streak":1,"rank_m":521749,"pct_m":0.554732,"gas_method":"estimated"},"2024-09":{"txs":1,"uniq":1,"trade":0,"nft":2,"gas":0.000001,"bal":0.000055,"days":1,"spread":0.033333,"streak":1,"rank_m":381098,"pct_m":0.405189,"gas_method":"exact"},"2024-10":{"txs":1,"uniq":1,"trade":0,"nft":0,"gas":0,"bal":0.000055,"days":1,"spread":0.032258,"streak":1,"rank_m":580271,"pct_m":0.616953,"gas_method":"estimated"},"2024-11":{"txs":8,"uniq":4,"trade":0,"nft":0,"gas":0.000016,"bal":0.000014,"days":2,"spread":0.066667,"streak":1,"rank_m":439210,"pct_m":0.466975,"gas_method":"exact"},"2024-12":{"txs":0,"uniq":0,"trade":0,"nft":0,"gas":0,"bal":0.000014,"days":0,"spread":0,"streak":0,"rank_m":767687,"pct_m":0.816217},"2025-01":{"txs":162,"uniq":8,"trade":0,"nft":2,"gas":0.00413,"bal":0.000045,"days":7,"spread":0.225806,"streak":5,"rank_m":174184,"pct_m":0.185194,"gas_method":"exact"},"2025-02":{"txs":25,"uniq":7,"trade":0,"nft":0,"gas":0.000162,"bal":0.000448,"days":5,"spread":0.178571,"streak":2,"rank_m":211031,"pct_m":0.224371,"gas_method":"exact"},"2025-03":{"txs":61,"uniq":7,"trade":0,"nft":2,"gas":0.000482,"bal":0.000279,"days":18,"spread":0.580645,"streak":6,"rank_m":125702,"pct_m":0.133648,"gas_method":"exact"},"2025-04":{"txs":35,"uniq":5,"trade":0,"nft":1,"gas":0.000211,"bal":0.00014,"days":13,"spread":0.433333,"streak":5,"rank_m":163400,"pct_m":0.173729,"gas_method":"exact"},"2025-05":{"txs":32,"uniq":9,"trade":0,"nft":0,"gas":0.000225,"bal":0.000179,"days":16,"spread":0.516129,"streak":5,"rank_m":346645,"pct_m":0.368558,"gas_method":"estimated"},"2025-06":{"txs":39,"uniq":5,"trade":0,"nft":0,"gas":0.000274,"bal":0.000331,"days":22,"spread":0.733333,"streak":5,"rank_m":356700,"pct_m":0.379249,"gas_method":"estimated"},"2025-07":{"txs":15,"uniq":5,"trade":0,"nft":2,"gas":0.000106,"bal":0.000154,"days":12,"spread":0.387097,"streak":2,"rank_m":367317,"pct_m":0.390537,"gas_method":"estimated"},"2025-08":{"txs":29,"uniq":4,"trade":0,"nft":2,"gas":0.000204,"bal":0.000035,"days":20,"spread":0.645161,"streak":5,"rank_m":341394,"pct_m":0.362975,"gas_method":"estimated"},"2025-09":{"txs":45,"uniq":6,"trade":0,"nft":2,"gas":0.000317,"bal":0.00003,"days":21,"spread":0.7,"streak":11,"rank_m":298405,"pct_m":0.317268,"gas_method":"estimated"},"2025-10":{"txs":91,"uniq":11,"trade":0,"nft":2,"gas":0.00064,"bal":0.001598,"days":12,"spread":0.387097,"streak":4,"rank_m":79335,"pct_m":0.084349,"gas_method":"estimated"}}}