{"wallet":"0x6558844c1f7c3fcaa7d9a0416a4e315144bf9b62","rank":199282,"lifetime":{"months_active":22,"first":"2023-07","last":"2025-10","tx_sum":192,"uniq_sum":112,"trade_sum":14,"nft_sum":40,"gas_sum":0.002695,"avg_balance_eth_mean":0.030318,"streak_best_days":2,"gas_sum_filled":0.002695},"months":{"2023-07":{"txs":0,"uniq":0,"trade":0,"nft":0,"gas":0,"bal":0,"days":0,"spread":0,"streak":0,"rank_m":588606,"pct_m":0.625815},"2023-08":{"txs":0,"uniq":0,"trade":0,"nft":0,"gas":0,"bal":0,"days":0,"spread":0,"streak":0,"rank_m":634133,"pct_m":0.67422},"2023-09":{"txs":31,"uniq":10,"trade":3,"nft":3,"gas":0.001282,"bal":0.185253,"days":3,"spread":0.1,"streak":1,"rank_m":20435,"pct_m":0.021726,"gas_method":"exact"},"2023-10":{"txs":0,"uniq":0,"trade":0,"nft":0,"gas":0,"bal":0.185253,"days":0,"spread":0,"streak":0,"rank_m":219328,"pct_m":0.233192},"2023-11":{"txs":23,"uniq":16,"trade":2,"nft":1,"gas":0.000319,"bal":0.038048,"days":1,"spread":0.033333,"streak":1,"rank_m":33083,"pct_m":0.035173,"gas_method":"estimated"},"2023-12":{"txs":3,"uniq":1,"trade":0,"nft":0,"gas":0.000078,"bal":0.024724,"days":1,"spread":0.032258,"streak":1,"rank_m":114201,"pct_m":0.121419,"gas_method":"estimated"},"2024-01":{"txs":4,"uniq":2,"trade":0,"nft":2,"gas":0.000097,"bal":0.021306,"days":1,"spread":0.032258,"streak":1,"rank_m":103209,"pct_m":0.109733,"gas_method":"estimated"},"2024-02":{"txs":26,"uniq":9,"trade":3,"nft":5,"gas":0.000355,"bal":0.017177,"days":6,"spread":0.206897,"streak":2,"rank_m":30826,"pct_m":0.032774,"gas_method":"estimated"},"2024-03":{"txs":1,"uniq":1,"trade":0,"nft":1,"gas":0.00002,"bal":0.008251,"days":1,"spread":0.032258,"streak":1,"rank_m":286882,"pct_m":0.305017,"gas_method":"estimated"},"2024-04":{"txs":15,"uniq":11,"trade":2,"nft":2,"gas":0.000038,"bal":0.009593,"days":3,"spread":0.1,"streak":2,"rank_m":199220,"pct_m":0.211813,"gas_method":"estimated"},"2024-05":{"txs":10,"uniq":8,"trade":1,"nft":1,"gas":0.000008,"bal":0.015816,"days":2,"spread":0.064516,"streak":1,"rank_m":220828,"pct_m":0.234787,"gas_method":"estimated"},"2024-06":{"txs":7,"uniq":6,"trade":2,"nft":3,"gas":0,"bal":0.019759,"days":1,"spread":0.033333,"streak":1,"rank_m":222843,"pct_m":0.23693,"gas_method":"estimated"},"2024-07":{"txs":1,"uniq":1,"trade":0,"nft":2,"gas":0,"bal":0.026617,"days":1,"spread":0.032258,"streak":1,"rank_m":319441,"pct_m":0.339634,"gas_method":"estimated"},"2024-08":{"txs":13,"uniq":8,"trade":0,"nft":16,"gas":0.000001,"bal":0.022658,"days":6,"spread":0.193548,"streak":1,"rank_m":146256,"pct_m":0.155501,"gas_method":"estimated"},"2024-09":{"txs":9,"uniq":3,"trade":0,"nft":3,"gas":0,"bal":0.01993,"days":1,"spread":0.033333,"streak":1,"rank_m":212436,"pct_m":0.225865,"gas_method":"estimated"},"2024-10":{"txs":2,"uniq":2,"trade":0,"nft":0,"gas":0,"bal":0.019487,"days":1,"spread":0.032258,"streak":1,"rank_m":362419,"pct_m":0.385329,"gas_method":"estimated"},"2024-11":{"txs":2,"uniq":2,"trade":0,"nft":0,"gas":0.000005,"bal":0.019484,"days":1,"spread":0.033333,"streak":1,"rank_m":400527,"pct_m":0.425846,"gas_method":"exact"},"2024-12":{"txs":6,"uniq":6,"trade":0,"nft":1,"gas":0.000132,"bal":0.019353,"days":2,"spread":0.064516,"streak":1,"rank_m":323998,"pct_m":0.344479,"gas_method":"exact"},"2025-01":{"txs":5,"uniq":4,"trade":0,"nft":0,"gas":0.00013,"bal":0.019132,"days":2,"spread":0.064516,"streak":1,"rank_m":355549,"pct_m":0.378025,"gas_method":"exact"},"2025-02":{"txs":4,"uniq":2,"trade":0,"nft":0,"gas":0.000021,"bal":0.020173,"days":1,"spread":0.035714,"streak":1,"rank_m":370558,"pct_m":0.393983,"gas_method":"exact"},"2025-03":{"txs":2,"uniq":2,"trade":0,"nft":0,"gas":0.000016,"bal":0.021743,"days":1,"spread":0.032258,"streak":1,"rank_m":365548,"pct_m":0.388656,"gas_method":"exact"},"2025-04":{"txs":4,"uniq":3,"trade":0,"nft":0,"gas":0.000024,"bal":0.02174,"days":1,"spread":0.033333,"streak":1,"rank_m":345800,"pct_m":0.36766,"gas_method":"exact"},"2025-05":{"txs":0,"uniq":0,"trade":0,"nft":0,"gas":0,"bal":0.02174,"days":0,"spread":0,"streak":0,"rank_m":479265,"pct_m":0.509562},"2025-06":{"txs":1,"uniq":1,"trade":0,"nft":0,"gas":0.000007,"bal":0.021739,"days":1,"spread":0.033333,"streak":1,"rank_m":302913,"pct_m":0.322061,"gas_method":"estimated"},"2025-07":{"txs":5,"uniq":3,"trade":0,"nft":0,"gas":0.000035,"bal":0.021903,"days":1,"spread":0.032258,"streak":1,"rank_m":288165,"pct_m":0.306381,"gas_method":"estimated"},"2025-08":{"txs":18,"uniq":11,"trade":1,"nft":0,"gas":0.000127,"bal":0.016007,"days":2,"spread":0.064516,"streak":1,"rank_m":137072,"pct_m":0.145736,"gas_method":"estimated"},"2025-09":{"txs":0,"uniq":0,"trade":0,"nft":0,"gas":0,"bal":0.016007,"days":0,"spread":0,"streak":0,"rank_m":489474,"pct_m":0.520416},"2025-10":{"txs":0,"uniq":0,"trade":0,"nft":0,"gas":0,"bal":0.016007,"days":0,"spread":0,"streak":0,"rank_m":397901,"pct_m":0.423054}}}