{"wallet":"0x65dc3d4512b0f506eb4d139c5140611d2a60d527","rank":141847,"lifetime":{"months_active":21,"first":"2023-07","last":"2025-10","tx_sum":252,"uniq_sum":163,"trade_sum":30,"nft_sum":77,"gas_sum":0.004206,"avg_balance_eth_mean":0.002852,"streak_best_days":7,"gas_sum_filled":0.004206},"months":{"2023-07":{"txs":0,"uniq":0,"trade":0,"nft":0,"gas":0,"bal":0,"days":0,"spread":0,"streak":0,"rank_m":586810,"pct_m":0.623906},"2023-08":{"txs":14,"uniq":13,"trade":0,"nft":13,"gas":0.000805,"bal":0.00275,"days":8,"spread":0.258065,"streak":4,"rank_m":52176,"pct_m":0.055473,"gas_method":"exact"},"2023-09":{"txs":7,"uniq":7,"trade":0,"nft":7,"gas":0.000217,"bal":0.000545,"days":4,"spread":0.133333,"streak":1,"rank_m":68169,"pct_m":0.072477,"gas_method":"exact"},"2023-10":{"txs":25,"uniq":17,"trade":6,"nft":4,"gas":0.000572,"bal":0.001911,"days":7,"spread":0.225806,"streak":1,"rank_m":26824,"pct_m":0.028519,"gas_method":"exact"},"2023-11":{"txs":4,"uniq":3,"trade":0,"nft":2,"gas":0.000102,"bal":0.004822,"days":3,"spread":0.1,"streak":2,"rank_m":61802,"pct_m":0.065708,"gas_method":"estimated"},"2023-12":{"txs":12,"uniq":6,"trade":5,"nft":6,"gas":0.000255,"bal":0.004446,"days":7,"spread":0.225806,"streak":2,"rank_m":20502,"pct_m":0.021797,"gas_method":"exact"},"2024-01":{"txs":5,"uniq":5,"trade":0,"nft":4,"gas":0.000135,"bal":0.002549,"days":5,"spread":0.16129,"streak":1,"rank_m":69769,"pct_m":0.074179,"gas_method":"exact"},"2024-02":{"txs":2,"uniq":1,"trade":0,"nft":1,"gas":0.00005,"bal":0.002102,"days":2,"spread":0.068966,"streak":1,"rank_m":214492,"pct_m":0.228051,"gas_method":"estimated"},"2024-03":{"txs":36,"uniq":19,"trade":2,"nft":10,"gas":0.001357,"bal":0.005214,"days":8,"spread":0.258065,"streak":2,"rank_m":77757,"pct_m":0.082672,"gas_method":"estimated"},"2024-04":{"txs":19,"uniq":11,"trade":6,"nft":3,"gas":0.000088,"bal":0.00558,"days":8,"spread":0.266667,"streak":2,"rank_m":168303,"pct_m":0.178942,"gas_method":"estimated"},"2024-05":{"txs":26,"uniq":19,"trade":1,"nft":2,"gas":0.000001,"bal":0.004724,"days":9,"spread":0.290323,"streak":3,"rank_m":83961,"pct_m":0.089268,"gas_method":"exact"},"2024-06":{"txs":29,"uniq":15,"trade":9,"nft":7,"gas":0,"bal":0.005206,"days":10,"spread":0.333333,"streak":7,"rank_m":48929,"pct_m":0.052021,"gas_method":"exact"},"2024-07":{"txs":8,"uniq":5,"trade":0,"nft":9,"gas":0.000002,"bal":0.002471,"days":6,"spread":0.193548,"streak":2,"rank_m":224608,"pct_m":0.238806,"gas_method":"estimated"},"2024-08":{"txs":6,"uniq":6,"trade":0,"nft":6,"gas":0.000001,"bal":0.000304,"days":2,"spread":0.064516,"streak":1,"rank_m":406700,"pct_m":0.43241,"gas_method":"estimated"},"2024-09":{"txs":3,"uniq":1,"trade":0,"nft":1,"gas":0,"bal":0.001182,"days":1,"spread":0.033333,"streak":1,"rank_m":399523,"pct_m":0.424779,"gas_method":"estimated"},"2024-10":{"txs":3,"uniq":3,"trade":0,"nft":1,"gas":0,"bal":0.001609,"days":2,"spread":0.064516,"streak":1,"rank_m":408149,"pct_m":0.43395,"gas_method":"estimated"},"2024-11":{"txs":17,"uniq":10,"trade":1,"nft":0,"gas":0.000037,"bal":0.003272,"days":8,"spread":0.266667,"streak":2,"rank_m":163199,"pct_m":0.173515,"gas_method":"exact"},"2024-12":{"txs":22,"uniq":10,"trade":0,"nft":0,"gas":0.000485,"bal":0.006285,"days":6,"spread":0.193548,"streak":2,"rank_m":208024,"pct_m":0.221174,"gas_method":"exact"},"2025-01":{"txs":0,"uniq":0,"trade":0,"nft":0,"gas":0,"bal":0.006285,"days":0,"spread":0,"streak":0,"rank_m":613837,"pct_m":0.652641},"2025-02":{"txs":6,"uniq":5,"trade":0,"nft":1,"gas":0.000042,"bal":0.003463,"days":4,"spread":0.142857,"streak":2,"rank_m":232203,"pct_m":0.246881,"gas_method":"exact"},"2025-03":{"txs":2,"uniq":2,"trade":0,"nft":0,"gas":0.000016,"bal":0.003448,"days":1,"spread":0.032258,"streak":1,"rank_m":417790,"pct_m":0.444201,"gas_method":"exact"},"2025-04":{"txs":1,"uniq":1,"trade":0,"nft":0,"gas":0.000006,"bal":0.003443,"days":1,"spread":0.033333,"streak":1,"rank_m":484423,"pct_m":0.515046,"gas_method":"exact"},"2025-05":{"txs":5,"uniq":4,"trade":0,"nft":0,"gas":0.000035,"bal":0.001372,"days":1,"spread":0.032258,"streak":1,"rank_m":424214,"pct_m":0.451031,"gas_method":"estimated"},"2025-06":{"txs":0,"uniq":0,"trade":0,"nft":0,"gas":0,"bal":0.001372,"days":0,"spread":0,"streak":0,"rank_m":688757,"pct_m":0.732298},"2025-07":{"txs":0,"uniq":0,"trade":0,"nft":0,"gas":0,"bal":0.001372,"days":0,"spread":0,"streak":0,"rank_m":705740,"pct_m":0.750354},"2025-08":{"txs":0,"uniq":0,"trade":0,"nft":0,"gas":0,"bal":0.001372,"days":0,"spread":0,"streak":0,"rank_m":688378,"pct_m":0.731895},"2025-09":{"txs":0,"uniq":0,"trade":0,"nft":0,"gas":0,"bal":0.001372,"days":0,"spread":0,"streak":0,"rank_m":672107,"pct_m":0.714595},"2025-10":{"txs":0,"uniq":0,"trade":0,"nft":0,"gas":0,"bal":0.001372,"days":0,"spread":0,"streak":0,"rank_m":606471,"pct_m":0.64481}}}