{"wallet":"0x6e616cc54bf7f8b57528f78a147d001f87342d47","rank":141081,"lifetime":{"months_active":19,"first":"2023-07","last":"2025-10","tx_sum":812,"uniq_sum":105,"trade_sum":4,"nft_sum":3,"gas_sum":0.006211,"avg_balance_eth_mean":0.000528,"streak_best_days":62,"gas_sum_filled":0.006211},"months":{"2023-07":{"txs":0,"uniq":0,"trade":0,"nft":0,"gas":0,"bal":0,"days":0,"spread":0,"streak":0,"rank_m":557038,"pct_m":0.592252},"2023-08":{"txs":0,"uniq":0,"trade":0,"nft":0,"gas":0,"bal":0,"days":0,"spread":0,"streak":0,"rank_m":606682,"pct_m":0.645034},"2023-09":{"txs":0,"uniq":0,"trade":0,"nft":0,"gas":0,"bal":0,"days":0,"spread":0,"streak":0,"rank_m":619957,"pct_m":0.659148},"2023-10":{"txs":0,"uniq":0,"trade":0,"nft":0,"gas":0,"bal":0,"days":0,"spread":0,"streak":0,"rank_m":630684,"pct_m":0.670553},"2023-11":{"txs":0,"uniq":0,"trade":0,"nft":0,"gas":0,"bal":0,"days":0,"spread":0,"streak":0,"rank_m":640189,"pct_m":0.680659},"2023-12":{"txs":2,"uniq":1,"trade":0,"nft":0,"gas":0.000043,"bal":0.000809,"days":2,"spread":0.064516,"streak":1,"rank_m":170989,"pct_m":0.181797,"gas_method":"estimated"},"2024-01":{"txs":38,"uniq":3,"trade":0,"nft":0,"gas":0.000067,"bal":0.00249,"days":19,"spread":0.612903,"streak":15,"rank_m":51659,"pct_m":0.054924,"gas_method":"exact"},"2024-02":{"txs":52,"uniq":2,"trade":0,"nft":0,"gas":0.000449,"bal":0.000975,"days":23,"spread":0.793103,"streak":9,"rank_m":80442,"pct_m":0.085526,"gas_method":"exact"},"2024-03":{"txs":75,"uniq":5,"trade":0,"nft":1,"gas":0.001192,"bal":0.002051,"days":29,"spread":0.935484,"streak":13,"rank_m":71173,"pct_m":0.075671,"gas_method":"exact"},"2024-04":{"txs":80,"uniq":7,"trade":0,"nft":0,"gas":0.000007,"bal":0.001698,"days":30,"spread":1,"streak":30,"rank_m":132031,"pct_m":0.140377,"gas_method":"exact"},"2024-05":{"txs":91,"uniq":13,"trade":0,"nft":1,"gas":0.000006,"bal":0.003354,"days":29,"spread":0.935484,"streak":21,"rank_m":69258,"pct_m":0.073635,"gas_method":"exact"},"2024-06":{"txs":65,"uniq":5,"trade":0,"nft":0,"gas":0.000001,"bal":0.000474,"days":27,"spread":0.9,"streak":12,"rank_m":150055,"pct_m":0.15954,"gas_method":"exact"},"2024-07":{"txs":26,"uniq":4,"trade":0,"nft":0,"gas":0.000002,"bal":0.000064,"days":12,"spread":0.387097,"streak":7,"rank_m":203835,"pct_m":0.21672,"gas_method":"exact"},"2024-08":{"txs":5,"uniq":4,"trade":0,"nft":0,"gas":0,"bal":0.000055,"days":2,"spread":0.064516,"streak":1,"rank_m":496882,"pct_m":0.528293,"gas_method":"estimated"},"2024-09":{"txs":5,"uniq":2,"trade":0,"nft":0,"gas":0,"bal":0.000058,"days":3,"spread":0.1,"streak":2,"rank_m":444674,"pct_m":0.472784,"gas_method":"estimated"},"2024-10":{"txs":6,"uniq":5,"trade":0,"nft":0,"gas":0.000053,"bal":0.000612,"days":3,"spread":0.096774,"streak":2,"rank_m":293132,"pct_m":0.311662,"gas_method":"exact"},"2024-11":{"txs":36,"uniq":13,"trade":0,"nft":0,"gas":0.000069,"bal":0.000247,"days":8,"spread":0.266667,"streak":3,"rank_m":207129,"pct_m":0.220222,"gas_method":"exact"},"2024-12":{"txs":37,"uniq":3,"trade":0,"nft":0,"gas":0.000772,"bal":0.000114,"days":10,"spread":0.322581,"streak":3,"rank_m":288791,"pct_m":0.307047,"gas_method":"exact"},"2025-01":{"txs":93,"uniq":10,"trade":0,"nft":0,"gas":0.002156,"bal":0.000135,"days":20,"spread":0.645161,"streak":6,"rank_m":140889,"pct_m":0.149795,"gas_method":"exact"},"2025-02":{"txs":47,"uniq":3,"trade":0,"nft":0,"gas":0.000331,"bal":0.000183,"days":13,"spread":0.464286,"streak":3,"rank_m":190466,"pct_m":0.202506,"gas_method":"exact"},"2025-03":{"txs":70,"uniq":3,"trade":0,"nft":0,"gas":0.000545,"bal":0.000631,"days":18,"spread":0.580645,"streak":8,"rank_m":135455,"pct_m":0.144017,"gas_method":"exact"},"2025-04":{"txs":67,"uniq":11,"trade":0,"nft":1,"gas":0.000398,"bal":0.000686,"days":16,"spread":0.533333,"streak":13,"rank_m":66404,"pct_m":0.070601,"gas_method":"exact"},"2025-05":{"txs":14,"uniq":9,"trade":4,"nft":0,"gas":0.000099,"bal":0.000028,"days":4,"spread":0.129032,"streak":2,"rank_m":349397,"pct_m":0.371484,"gas_method":"estimated"},"2025-06":{"txs":0,"uniq":0,"trade":0,"nft":0,"gas":0,"bal":0.000028,"days":0,"spread":0,"streak":0,"rank_m":872999,"pct_m":0.928187},"2025-07":{"txs":0,"uniq":0,"trade":0,"nft":0,"gas":0,"bal":0.000028,"days":0,"spread":0,"streak":0,"rank_m":889491,"pct_m":0.945722},"2025-08":{"txs":0,"uniq":0,"trade":0,"nft":0,"gas":0,"bal":0.000028,"days":0,"spread":0,"streak":0,"rank_m":888688,"pct_m":0.944868},"2025-09":{"txs":3,"uniq":2,"trade":0,"nft":0,"gas":0.000021,"bal":0.000015,"days":2,"spread":0.066667,"streak":1,"rank_m":637391,"pct_m":0.677684,"gas_method":"estimated"},"2025-10":{"txs":0,"uniq":0,"trade":0,"nft":0,"gas":0,"bal":0.000015,"days":0,"spread":0,"streak":0,"rank_m":874928,"pct_m":0.930238}}}