{"wallet":"0x6ea3b7b71b2980c8568c08a12b90679ebbde4f95","rank":103240,"lifetime":{"months_active":26,"first":"2023-07","last":"2025-10","tx_sum":462,"uniq_sum":238,"trade_sum":4,"nft_sum":99,"gas_sum":0.010533,"avg_balance_eth_mean":0.003547,"streak_best_days":5,"gas_sum_filled":0.010533},"months":{"2023-07":{"txs":4,"uniq":3,"trade":0,"nft":2,"gas":0.000274,"bal":0.000281,"days":2,"spread":0.064516,"streak":1,"rank_m":16661,"pct_m":0.017713,"gas_method":"exact"},"2023-08":{"txs":16,"uniq":13,"trade":0,"nft":6,"gas":0.004732,"bal":0.000462,"days":6,"spread":0.193548,"streak":2,"rank_m":64834,"pct_m":0.068932,"gas_method":"exact"},"2023-09":{"txs":2,"uniq":1,"trade":0,"nft":1,"gas":0.000115,"bal":0.000523,"days":2,"spread":0.066667,"streak":2,"rank_m":122703,"pct_m":0.130459,"gas_method":"estimated"},"2023-10":{"txs":0,"uniq":0,"trade":0,"nft":0,"gas":0,"bal":0.000523,"days":0,"spread":0,"streak":0,"rank_m":290434,"pct_m":0.308794},"2023-11":{"txs":12,"uniq":5,"trade":0,"nft":2,"gas":0.000315,"bal":0.006394,"days":5,"spread":0.166667,"streak":1,"rank_m":47192,"pct_m":0.050174,"gas_method":"estimated"},"2023-12":{"txs":10,"uniq":9,"trade":0,"nft":4,"gas":0.001314,"bal":0.003937,"days":8,"spread":0.258065,"streak":2,"rank_m":22908,"pct_m":0.024355,"gas_method":"exact"},"2024-01":{"txs":3,"uniq":2,"trade":0,"nft":2,"gas":0.000137,"bal":0.00028,"days":2,"spread":0.064516,"streak":1,"rank_m":157950,"pct_m":0.167934,"gas_method":"estimated"},"2024-02":{"txs":11,"uniq":10,"trade":0,"nft":7,"gas":0.000285,"bal":0.001974,"days":7,"spread":0.241379,"streak":2,"rank_m":87426,"pct_m":0.092952,"gas_method":"estimated"},"2024-03":{"txs":21,"uniq":10,"trade":0,"nft":13,"gas":0.000815,"bal":0.00053,"days":6,"spread":0.193548,"streak":2,"rank_m":186418,"pct_m":0.198202,"gas_method":"estimated"},"2024-04":{"txs":33,"uniq":18,"trade":0,"nft":12,"gas":0.000158,"bal":0.003872,"days":10,"spread":0.333333,"streak":2,"rank_m":160277,"pct_m":0.170408,"gas_method":"estimated"},"2024-05":{"txs":82,"uniq":24,"trade":0,"nft":13,"gas":0.00013,"bal":0.000908,"days":7,"spread":0.225806,"streak":2,"rank_m":170448,"pct_m":0.181222,"gas_method":"estimated"},"2024-06":{"txs":19,"uniq":12,"trade":0,"nft":8,"gas":0.000001,"bal":0.001471,"days":8,"spread":0.266667,"streak":2,"rank_m":188818,"pct_m":0.200754,"gas_method":"estimated"},"2024-07":{"txs":4,"uniq":3,"trade":0,"nft":3,"gas":0.000001,"bal":0.004266,"days":1,"spread":0.032258,"streak":1,"rank_m":350240,"pct_m":0.37238,"gas_method":"estimated"},"2024-08":{"txs":4,"uniq":3,"trade":1,"nft":2,"gas":0.000001,"bal":0.00613,"days":3,"spread":0.096774,"streak":2,"rank_m":246574,"pct_m":0.262161,"gas_method":"estimated"},"2024-09":{"txs":1,"uniq":1,"trade":0,"nft":4,"gas":0,"bal":0.004034,"days":1,"spread":0.033333,"streak":1,"rank_m":338331,"pct_m":0.359719,"gas_method":"estimated"},"2024-10":{"txs":27,"uniq":13,"trade":0,"nft":9,"gas":0.000001,"bal":0.001498,"days":11,"spread":0.354839,"streak":4,"rank_m":90683,"pct_m":0.096415,"gas_method":"exact"},"2024-11":{"txs":45,"uniq":19,"trade":0,"nft":1,"gas":0.000103,"bal":0.001343,"days":13,"spread":0.433333,"streak":5,"rank_m":98532,"pct_m":0.10476,"gas_method":"exact"},"2024-12":{"txs":24,"uniq":15,"trade":0,"nft":0,"gas":0.000529,"bal":0.000757,"days":10,"spread":0.322581,"streak":2,"rank_m":227351,"pct_m":0.241723,"gas_method":"exact"},"2025-01":{"txs":32,"uniq":17,"trade":0,"nft":0,"gas":0.000831,"bal":0.004769,"days":8,"spread":0.258065,"streak":3,"rank_m":117038,"pct_m":0.124436,"gas_method":"exact"},"2025-02":{"txs":11,"uniq":7,"trade":0,"nft":0,"gas":0.000077,"bal":0.004797,"days":3,"spread":0.107143,"streak":1,"rank_m":241480,"pct_m":0.256745,"gas_method":"exact"},"2025-03":{"txs":4,"uniq":2,"trade":0,"nft":0,"gas":0.000032,"bal":0.005934,"days":2,"spread":0.064516,"streak":2,"rank_m":314921,"pct_m":0.334829,"gas_method":"exact"},"2025-04":{"txs":1,"uniq":1,"trade":0,"nft":0,"gas":0.000006,"bal":0.005933,"days":1,"spread":0.033333,"streak":1,"rank_m":468436,"pct_m":0.498048,"gas_method":"exact"},"2025-05":{"txs":3,"uniq":2,"trade":0,"nft":0,"gas":0.000021,"bal":0.005089,"days":1,"spread":0.032258,"streak":1,"rank_m":359344,"pct_m":0.38206,"gas_method":"estimated"},"2025-06":{"txs":0,"uniq":0,"trade":0,"nft":0,"gas":0,"bal":0.005089,"days":0,"spread":0,"streak":0,"rank_m":590335,"pct_m":0.627654},"2025-07":{"txs":6,"uniq":4,"trade":0,"nft":0,"gas":0.000042,"bal":0.003321,"days":4,"spread":0.129032,"streak":2,"rank_m":350803,"pct_m":0.372979,"gas_method":"estimated"},"2025-08":{"txs":16,"uniq":10,"trade":0,"nft":0,"gas":0.000113,"bal":0.006497,"days":5,"spread":0.16129,"streak":1,"rank_m":226983,"pct_m":0.241331,"gas_method":"estimated"},"2025-09":{"txs":29,"uniq":21,"trade":3,"nft":1,"gas":0.000204,"bal":0.008331,"days":9,"spread":0.3,"streak":2,"rank_m":62186,"pct_m":0.066116,"gas_method":"estimated"},"2025-10":{"txs":42,"uniq":13,"trade":0,"nft":9,"gas":0.000296,"bal":0.010383,"days":5,"spread":0.16129,"streak":3,"rank_m":35627,"pct_m":0.037878,"gas_method":"estimated"}}}