{"wallet":"0x6e62f710d50298a379496d5e656b7a702fbc891c","rank":613318,"lifetime":{"months_active":13,"first":"2023-07","last":"2025-10","tx_sum":249,"uniq_sum":63,"trade_sum":0,"nft_sum":10,"gas_sum":0.003314,"avg_balance_eth_mean":0.000438,"streak_best_days":4,"gas_sum_filled":0.003314},"months":{"2023-07":{"txs":5,"uniq":2,"trade":0,"nft":1,"gas":0.001399,"bal":0.000005,"days":1,"spread":0.032258,"streak":1,"rank_m":25338,"pct_m":0.026939,"gas_method":"exact"},"2023-08":{"txs":6,"uniq":3,"trade":0,"nft":1,"gas":0.000416,"bal":0.000013,"days":2,"spread":0.064516,"streak":1,"rank_m":133230,"pct_m":0.141651,"gas_method":"exact"},"2023-09":{"txs":0,"uniq":0,"trade":0,"nft":0,"gas":0,"bal":0.000013,"days":0,"spread":0,"streak":0,"rank_m":300836,"pct_m":0.319853},"2023-10":{"txs":0,"uniq":0,"trade":0,"nft":0,"gas":0,"bal":0.000013,"days":0,"spread":0,"streak":0,"rank_m":320403,"pct_m":0.340657},"2023-11":{"txs":0,"uniq":0,"trade":0,"nft":0,"gas":0,"bal":0.000013,"days":0,"spread":0,"streak":0,"rank_m":337378,"pct_m":0.358705},"2023-12":{"txs":0,"uniq":0,"trade":0,"nft":0,"gas":0,"bal":0.000013,"days":0,"spread":0,"streak":0,"rank_m":361471,"pct_m":0.384321},"2024-01":{"txs":0,"uniq":0,"trade":0,"nft":0,"gas":0,"bal":0.000013,"days":0,"spread":0,"streak":0,"rank_m":380395,"pct_m":0.404442},"2024-02":{"txs":0,"uniq":0,"trade":0,"nft":0,"gas":0,"bal":0.000013,"days":0,"spread":0,"streak":0,"rank_m":426747,"pct_m":0.453724},"2024-03":{"txs":1,"uniq":1,"trade":0,"nft":1,"gas":0.000009,"bal":0.000011,"days":1,"spread":0.032258,"streak":1,"rank_m":371059,"pct_m":0.394515,"gas_method":"estimated"},"2024-04":{"txs":2,"uniq":1,"trade":0,"nft":1,"gas":0.000002,"bal":0.000012,"days":1,"spread":0.033333,"streak":1,"rank_m":458893,"pct_m":0.487902,"gas_method":"estimated"},"2024-05":{"txs":10,"uniq":4,"trade":0,"nft":1,"gas":0.000002,"bal":0.000331,"days":4,"spread":0.129032,"streak":2,"rank_m":310764,"pct_m":0.330409,"gas_method":"exact"},"2024-06":{"txs":12,"uniq":7,"trade":0,"nft":4,"gas":0.000001,"bal":0.000439,"days":5,"spread":0.166667,"streak":3,"rank_m":200627,"pct_m":0.213309,"gas_method":"exact"},"2024-07":{"txs":1,"uniq":1,"trade":0,"nft":0,"gas":0,"bal":0.000087,"days":1,"spread":0.032258,"streak":1,"rank_m":521071,"pct_m":0.554011,"gas_method":"estimated"},"2024-08":{"txs":0,"uniq":0,"trade":0,"nft":0,"gas":0,"bal":0.000087,"days":0,"spread":0,"streak":0,"rank_m":658129,"pct_m":0.699733},"2024-09":{"txs":0,"uniq":0,"trade":0,"nft":0,"gas":0,"bal":0.000087,"days":0,"spread":0,"streak":0,"rank_m":672233,"pct_m":0.714729},"2024-10":{"txs":0,"uniq":0,"trade":0,"nft":0,"gas":0,"bal":0.000087,"days":0,"spread":0,"streak":0,"rank_m":698218,"pct_m":0.742357},"2024-11":{"txs":0,"uniq":0,"trade":0,"nft":0,"gas":0,"bal":0.000087,"days":0,"spread":0,"streak":0,"rank_m":713247,"pct_m":0.758336},"2024-12":{"txs":0,"uniq":0,"trade":0,"nft":0,"gas":0,"bal":0.000087,"days":0,"spread":0,"streak":0,"rank_m":738330,"pct_m":0.785005},"2025-01":{"txs":0,"uniq":0,"trade":0,"nft":0,"gas":0,"bal":0.000087,"days":0,"spread":0,"streak":0,"rank_m":746254,"pct_m":0.79343},"2025-02":{"txs":2,"uniq":1,"trade":0,"nft":0,"gas":0.000007,"bal":0.000004,"days":1,"spread":0.035714,"streak":1,"rank_m":571551,"pct_m":0.607682,"gas_method":"exact"},"2025-03":{"txs":0,"uniq":0,"trade":0,"nft":0,"gas":0,"bal":0.000004,"days":0,"spread":0,"streak":0,"rank_m":837148,"pct_m":0.89007},"2025-04":{"txs":0,"uniq":0,"trade":0,"nft":0,"gas":0,"bal":0.000004,"days":0,"spread":0,"streak":0,"rank_m":863981,"pct_m":0.918599},"2025-05":{"txs":0,"uniq":0,"trade":0,"nft":0,"gas":0,"bal":0.000004,"days":0,"spread":0,"streak":0,"rank_m":881427,"pct_m":0.937148},"2025-06":{"txs":39,"uniq":13,"trade":0,"nft":1,"gas":0.000274,"bal":0.000014,"days":9,"spread":0.3,"streak":2,"rank_m":377784,"pct_m":0.401666,"gas_method":"estimated"},"2025-07":{"txs":66,"uniq":12,"trade":0,"nft":0,"gas":0.000465,"bal":0.000004,"days":9,"spread":0.290323,"streak":4,"rank_m":461961,"pct_m":0.491164,"gas_method":"estimated"},"2025-08":{"txs":15,"uniq":7,"trade":0,"nft":0,"gas":0.000106,"bal":0.000007,"days":2,"spread":0.064516,"streak":1,"rank_m":599388,"pct_m":0.637279,"gas_method":"estimated"},"2025-09":{"txs":61,"uniq":9,"trade":0,"nft":0,"gas":0.000429,"bal":0.004444,"days":12,"spread":0.4,"streak":2,"rank_m":154981,"pct_m":0.164778,"gas_method":"estimated"},"2025-10":{"txs":29,"uniq":2,"trade":0,"nft":0,"gas":0.000204,"bal":0.006288,"days":7,"spread":0.225806,"streak":2,"rank_m":129151,"pct_m":0.137315,"gas_method":"estimated"}}}