{"wallet":"0x6e2fe723b381f5a6baf36b62373bebb053d4aa71","rank":657528,"lifetime":{"months_active":6,"first":"2023-07","last":"2025-10","tx_sum":153,"uniq_sum":61,"trade_sum":8,"nft_sum":33,"gas_sum":0.01431,"avg_balance_eth_mean":0.001388,"streak_best_days":3,"gas_sum_filled":0.01431},"months":{"2023-07":{"txs":0,"uniq":0,"trade":0,"nft":0,"gas":0,"bal":0,"days":0,"spread":0,"streak":0,"rank_m":557681,"pct_m":0.592935},"2023-08":{"txs":91,"uniq":35,"trade":0,"nft":25,"gas":0.005447,"bal":0.007313,"days":13,"spread":0.419355,"streak":3,"rank_m":15228,"pct_m":0.01619,"gas_method":"exact"},"2023-09":{"txs":12,"uniq":5,"trade":0,"nft":2,"gas":0.000827,"bal":0.01919,"days":3,"spread":0.1,"streak":1,"rank_m":44335,"pct_m":0.047137,"gas_method":"exact"},"2023-10":{"txs":6,"uniq":4,"trade":0,"nft":0,"gas":0.000418,"bal":0.00134,"days":1,"spread":0.032258,"streak":1,"rank_m":120623,"pct_m":0.128247,"gas_method":"estimated"},"2023-11":{"txs":1,"uniq":1,"trade":0,"nft":1,"gas":0.000102,"bal":0.002142,"days":1,"spread":0.033333,"streak":1,"rank_m":103933,"pct_m":0.110502,"gas_method":"exact"},"2023-12":{"txs":0,"uniq":0,"trade":0,"nft":0,"gas":0,"bal":0.002142,"days":0,"spread":0,"streak":0,"rank_m":281562,"pct_m":0.299361},"2024-01":{"txs":0,"uniq":0,"trade":0,"nft":0,"gas":0,"bal":0.002142,"days":0,"spread":0,"streak":0,"rank_m":289859,"pct_m":0.308182},"2024-02":{"txs":0,"uniq":0,"trade":0,"nft":0,"gas":0,"bal":0.002142,"days":0,"spread":0,"streak":0,"rank_m":338193,"pct_m":0.359572},"2024-03":{"txs":42,"uniq":15,"trade":8,"nft":4,"gas":0.007494,"bal":0.002253,"days":5,"spread":0.16129,"streak":2,"rank_m":110032,"pct_m":0.116987,"gas_method":"estimated"},"2024-04":{"txs":1,"uniq":1,"trade":0,"nft":1,"gas":0.000022,"bal":0.00001,"days":1,"spread":0.033333,"streak":1,"rank_m":461242,"pct_m":0.4904,"gas_method":"estimated"},"2024-05":{"txs":0,"uniq":0,"trade":0,"nft":0,"gas":0,"bal":0.00001,"days":0,"spread":0,"streak":0,"rank_m":606231,"pct_m":0.644555},"2024-06":{"txs":0,"uniq":0,"trade":0,"nft":0,"gas":0,"bal":0.00001,"days":0,"spread":0,"streak":0,"rank_m":637121,"pct_m":0.677397},"2024-07":{"txs":0,"uniq":0,"trade":0,"nft":0,"gas":0,"bal":0.00001,"days":0,"spread":0,"streak":0,"rank_m":663776,"pct_m":0.705737},"2024-08":{"txs":0,"uniq":0,"trade":0,"nft":0,"gas":0,"bal":0.00001,"days":0,"spread":0,"streak":0,"rank_m":684698,"pct_m":0.727982},"2024-09":{"txs":0,"uniq":0,"trade":0,"nft":0,"gas":0,"bal":0.00001,"days":0,"spread":0,"streak":0,"rank_m":702576,"pct_m":0.74699},"2024-10":{"txs":0,"uniq":0,"trade":0,"nft":0,"gas":0,"bal":0.00001,"days":0,"spread":0,"streak":0,"rank_m":726040,"pct_m":0.771938},"2024-11":{"txs":0,"uniq":0,"trade":0,"nft":0,"gas":0,"bal":0.00001,"days":0,"spread":0,"streak":0,"rank_m":742971,"pct_m":0.789939},"2024-12":{"txs":0,"uniq":0,"trade":0,"nft":0,"gas":0,"bal":0.00001,"days":0,"spread":0,"streak":0,"rank_m":766231,"pct_m":0.814669},"2025-01":{"txs":0,"uniq":0,"trade":0,"nft":0,"gas":0,"bal":0.00001,"days":0,"spread":0,"streak":0,"rank_m":783803,"pct_m":0.833352},"2025-02":{"txs":0,"uniq":0,"trade":0,"nft":0,"gas":0,"bal":0.00001,"days":0,"spread":0,"streak":0,"rank_m":809771,"pct_m":0.860962},"2025-03":{"txs":0,"uniq":0,"trade":0,"nft":0,"gas":0,"bal":0.00001,"days":0,"spread":0,"streak":0,"rank_m":830269,"pct_m":0.882756},"2025-04":{"txs":0,"uniq":0,"trade":0,"nft":0,"gas":0,"bal":0.00001,"days":0,"spread":0,"streak":0,"rank_m":856787,"pct_m":0.91095},"2025-05":{"txs":0,"uniq":0,"trade":0,"nft":0,"gas":0,"bal":0.00001,"days":0,"spread":0,"streak":0,"rank_m":872962,"pct_m":0.928148},"2025-06":{"txs":0,"uniq":0,"trade":0,"nft":0,"gas":0,"bal":0.00001,"days":0,"spread":0,"streak":0,"rank_m":887030,"pct_m":0.943105},"2025-07":{"txs":0,"uniq":0,"trade":0,"nft":0,"gas":0,"bal":0.00001,"days":0,"spread":0,"streak":0,"rank_m":901688,"pct_m":0.95869},"2025-08":{"txs":0,"uniq":0,"trade":0,"nft":0,"gas":0,"bal":0.00001,"days":0,"spread":0,"streak":0,"rank_m":901667,"pct_m":0.958667},"2025-09":{"txs":0,"uniq":0,"trade":0,"nft":0,"gas":0,"bal":0.00001,"days":0,"spread":0,"streak":0,"rank_m":898364,"pct_m":0.955156},"2025-10":{"txs":0,"uniq":0,"trade":0,"nft":0,"gas":0,"bal":0.00001,"days":0,"spread":0,"streak":0,"rank_m":879959,"pct_m":0.935587}}}