{"wallet":"0x6ef4fa18ae5e5b1533f0ff3951f32dead59115e9","rank":484110,"lifetime":{"months_active":12,"first":"2023-07","last":"2025-10","tx_sum":134,"uniq_sum":77,"trade_sum":15,"nft_sum":19,"gas_sum":0.004833,"avg_balance_eth_mean":0.004352,"streak_best_days":1,"gas_sum_filled":0.004833},"months":{"2023-07":{"txs":0,"uniq":0,"trade":0,"nft":0,"gas":0,"bal":0,"days":0,"spread":0,"streak":0,"rank_m":555039,"pct_m":0.590126},"2023-08":{"txs":12,"uniq":7,"trade":0,"nft":2,"gas":0.00056,"bal":0.002076,"days":2,"spread":0.064516,"streak":1,"rank_m":100285,"pct_m":0.106624,"gas_method":"exact"},"2023-09":{"txs":22,"uniq":11,"trade":0,"nft":5,"gas":0.001428,"bal":0.004434,"days":4,"spread":0.133333,"streak":1,"rank_m":36296,"pct_m":0.038589,"gas_method":"exact"},"2023-10":{"txs":12,"uniq":5,"trade":5,"nft":1,"gas":0.000171,"bal":0.004356,"days":2,"spread":0.064516,"streak":1,"rank_m":44459,"pct_m":0.047269,"gas_method":"exact"},"2023-11":{"txs":10,"uniq":5,"trade":4,"nft":1,"gas":0.000308,"bal":0.004053,"days":2,"spread":0.066667,"streak":1,"rank_m":44495,"pct_m":0.047307,"gas_method":"exact"},"2023-12":{"txs":10,"uniq":8,"trade":0,"nft":3,"gas":0.000731,"bal":0.003062,"days":2,"spread":0.064516,"streak":1,"rank_m":74628,"pct_m":0.079345,"gas_method":"estimated"},"2024-01":{"txs":19,"uniq":11,"trade":2,"nft":3,"gas":0.000317,"bal":0.003695,"days":2,"spread":0.064516,"streak":1,"rank_m":49382,"pct_m":0.052503,"gas_method":"exact"},"2024-02":{"txs":12,"uniq":7,"trade":2,"nft":4,"gas":0.000462,"bal":0.004269,"days":3,"spread":0.103448,"streak":1,"rank_m":100558,"pct_m":0.106914,"gas_method":"estimated"},"2024-03":{"txs":5,"uniq":4,"trade":1,"nft":0,"gas":0.000288,"bal":0.007348,"days":2,"spread":0.064516,"streak":1,"rank_m":211579,"pct_m":0.224954,"gas_method":"estimated"},"2024-04":{"txs":4,"uniq":2,"trade":0,"nft":0,"gas":0.000028,"bal":0.007971,"days":1,"spread":0.033333,"streak":1,"rank_m":381207,"pct_m":0.405305,"gas_method":"estimated"},"2024-05":{"txs":4,"uniq":3,"trade":1,"nft":0,"gas":0.000009,"bal":0.01063,"days":1,"spread":0.032258,"streak":1,"rank_m":307057,"pct_m":0.326467,"gas_method":"estimated"},"2024-06":{"txs":0,"uniq":0,"trade":0,"nft":0,"gas":0,"bal":0.01063,"days":0,"spread":0,"streak":0,"rank_m":497844,"pct_m":0.529316},"2024-07":{"txs":0,"uniq":0,"trade":0,"nft":0,"gas":0,"bal":0.01063,"days":0,"spread":0,"streak":0,"rank_m":501519,"pct_m":0.533223},"2024-08":{"txs":0,"uniq":0,"trade":0,"nft":0,"gas":0,"bal":0.01063,"days":0,"spread":0,"streak":0,"rank_m":511145,"pct_m":0.543457},"2024-09":{"txs":0,"uniq":0,"trade":0,"nft":0,"gas":0,"bal":0.01063,"days":0,"spread":0,"streak":0,"rank_m":482756,"pct_m":0.513274},"2024-10":{"txs":0,"uniq":0,"trade":0,"nft":0,"gas":0,"bal":0.01063,"days":0,"spread":0,"streak":0,"rank_m":525939,"pct_m":0.559187},"2024-11":{"txs":0,"uniq":0,"trade":0,"nft":0,"gas":0,"bal":0.01063,"days":0,"spread":0,"streak":0,"rank_m":553214,"pct_m":0.588186},"2024-12":{"txs":17,"uniq":10,"trade":0,"nft":0,"gas":0.000375,"bal":0.004395,"days":2,"spread":0.064516,"streak":1,"rank_m":312267,"pct_m":0.332007,"gas_method":"exact"},"2025-01":{"txs":7,"uniq":4,"trade":0,"nft":0,"gas":0.000156,"bal":0.000178,"days":1,"spread":0.032258,"streak":1,"rank_m":477140,"pct_m":0.507303,"gas_method":"exact"},"2025-02":{"txs":0,"uniq":0,"trade":0,"nft":0,"gas":0,"bal":0.000178,"days":0,"spread":0,"streak":0,"rank_m":750131,"pct_m":0.797552},"2025-03":{"txs":0,"uniq":0,"trade":0,"nft":0,"gas":0,"bal":0.000178,"days":0,"spread":0,"streak":0,"rank_m":762928,"pct_m":0.811158},"2025-04":{"txs":0,"uniq":0,"trade":0,"nft":0,"gas":0,"bal":0.000178,"days":0,"spread":0,"streak":0,"rank_m":784219,"pct_m":0.833795},"2025-05":{"txs":0,"uniq":0,"trade":0,"nft":0,"gas":0,"bal":0.000178,"days":0,"spread":0,"streak":0,"rank_m":797212,"pct_m":0.847609},"2025-06":{"txs":0,"uniq":0,"trade":0,"nft":0,"gas":0,"bal":0.000178,"days":0,"spread":0,"streak":0,"rank_m":808642,"pct_m":0.859762},"2025-07":{"txs":0,"uniq":0,"trade":0,"nft":0,"gas":0,"bal":0.000178,"days":0,"spread":0,"streak":0,"rank_m":827415,"pct_m":0.879721},"2025-08":{"txs":0,"uniq":0,"trade":0,"nft":0,"gas":0,"bal":0.000178,"days":0,"spread":0,"streak":0,"rank_m":815610,"pct_m":0.86717},"2025-09":{"txs":0,"uniq":0,"trade":0,"nft":0,"gas":0,"bal":0.000178,"days":0,"spread":0,"streak":0,"rank_m":809480,"pct_m":0.860653},"2025-10":{"txs":0,"uniq":0,"trade":0,"nft":0,"gas":0,"bal":0.000178,"days":0,"spread":0,"streak":0,"rank_m":771260,"pct_m":0.820016}}}