{"wallet":"0x6e60a5888b8af7d220ed72b928278873779b876b","rank":46739,"lifetime":{"months_active":27,"first":"2023-07","last":"2025-10","tx_sum":382,"uniq_sum":231,"trade_sum":12,"nft_sum":45,"gas_sum":0.005895,"avg_balance_eth_mean":0.023724,"streak_best_days":10,"gas_sum_filled":0.005895},"months":{"2023-07":{"txs":0,"uniq":0,"trade":0,"nft":0,"gas":0,"bal":0,"days":0,"spread":0,"streak":0,"rank_m":557049,"pct_m":0.592263},"2023-08":{"txs":2,"uniq":1,"trade":0,"nft":0,"gas":0.001426,"bal":0.00144,"days":1,"spread":0.032258,"streak":1,"rank_m":132241,"pct_m":0.1406,"gas_method":"exact"},"2023-09":{"txs":2,"uniq":2,"trade":0,"nft":1,"gas":0.000063,"bal":0.002098,"days":2,"spread":0.066667,"streak":1,"rank_m":102333,"pct_m":0.108801,"gas_method":"exact"},"2023-10":{"txs":11,"uniq":8,"trade":0,"nft":1,"gas":0.00025,"bal":0.004329,"days":3,"spread":0.096774,"streak":1,"rank_m":67116,"pct_m":0.071358,"gas_method":"estimated"},"2023-11":{"txs":5,"uniq":4,"trade":4,"nft":2,"gas":0.000144,"bal":0.010227,"days":2,"spread":0.066667,"streak":1,"rank_m":44756,"pct_m":0.047584,"gas_method":"exact"},"2023-12":{"txs":7,"uniq":4,"trade":0,"nft":1,"gas":0.000517,"bal":0.009828,"days":3,"spread":0.096774,"streak":1,"rank_m":67249,"pct_m":0.071499,"gas_method":"estimated"},"2024-01":{"txs":14,"uniq":13,"trade":0,"nft":9,"gas":0.000472,"bal":0.012196,"days":4,"spread":0.129032,"streak":1,"rank_m":30341,"pct_m":0.032258,"gas_method":"exact"},"2024-02":{"txs":7,"uniq":7,"trade":0,"nft":1,"gas":0.000272,"bal":0.012288,"days":2,"spread":0.068966,"streak":1,"rank_m":124999,"pct_m":0.1329,"gas_method":"estimated"},"2024-03":{"txs":3,"uniq":2,"trade":5,"nft":0,"gas":0.000503,"bal":0.024231,"days":1,"spread":0.032258,"streak":1,"rank_m":193003,"pct_m":0.205203,"gas_method":"exact"},"2024-04":{"txs":12,"uniq":10,"trade":0,"nft":2,"gas":0.000086,"bal":0.018069,"days":3,"spread":0.1,"streak":1,"rank_m":245150,"pct_m":0.260647,"gas_method":"estimated"},"2024-05":{"txs":8,"uniq":7,"trade":0,"nft":2,"gas":0.000019,"bal":0.015135,"days":3,"spread":0.096774,"streak":1,"rank_m":252188,"pct_m":0.26813,"gas_method":"estimated"},"2024-06":{"txs":8,"uniq":6,"trade":0,"nft":0,"gas":0.000001,"bal":0.046885,"days":2,"spread":0.066667,"streak":1,"rank_m":249919,"pct_m":0.265717,"gas_method":"estimated"},"2024-07":{"txs":14,"uniq":10,"trade":0,"nft":8,"gas":0.000005,"bal":0.062715,"days":3,"spread":0.096774,"streak":2,"rank_m":97842,"pct_m":0.104026,"gas_method":"estimated"},"2024-08":{"txs":15,"uniq":12,"trade":0,"nft":8,"gas":0.000003,"bal":0.020207,"days":4,"spread":0.129032,"streak":1,"rank_m":128850,"pct_m":0.136995,"gas_method":"exact"},"2024-09":{"txs":2,"uniq":2,"trade":0,"nft":1,"gas":0,"bal":0.050275,"days":2,"spread":0.066667,"streak":1,"rank_m":232356,"pct_m":0.247044,"gas_method":"estimated"},"2024-10":{"txs":16,"uniq":12,"trade":1,"nft":4,"gas":0.000003,"bal":0.025854,"days":7,"spread":0.225806,"streak":2,"rank_m":75426,"pct_m":0.080193,"gas_method":"estimated"},"2024-11":{"txs":19,"uniq":14,"trade":0,"nft":1,"gas":0.000044,"bal":0.01494,"days":10,"spread":0.333333,"streak":3,"rank_m":95074,"pct_m":0.101083,"gas_method":"exact"},"2024-12":{"txs":10,"uniq":9,"trade":0,"nft":1,"gas":0.00022,"bal":0.033217,"days":5,"spread":0.16129,"streak":3,"rank_m":180910,"pct_m":0.192346,"gas_method":"exact"},"2025-01":{"txs":17,"uniq":12,"trade":0,"nft":0,"gas":0.00039,"bal":0.020433,"days":4,"spread":0.129032,"streak":1,"rank_m":199241,"pct_m":0.211836,"gas_method":"exact"},"2025-02":{"txs":10,"uniq":9,"trade":0,"nft":0,"gas":0.00007,"bal":0.019282,"days":5,"spread":0.178571,"streak":1,"rank_m":172939,"pct_m":0.183871,"gas_method":"exact"},"2025-03":{"txs":15,"uniq":10,"trade":0,"nft":0,"gas":0.000119,"bal":0.035467,"days":5,"spread":0.16129,"streak":2,"rank_m":107210,"pct_m":0.113987,"gas_method":"exact"},"2025-04":{"txs":13,"uniq":9,"trade":0,"nft":0,"gas":0.000078,"bal":0.042742,"days":5,"spread":0.166667,"streak":2,"rank_m":96258,"pct_m":0.102342,"gas_method":"exact"},"2025-05":{"txs":24,"uniq":14,"trade":1,"nft":0,"gas":0.000169,"bal":0.044548,"days":7,"spread":0.225806,"streak":2,"rank_m":31867,"pct_m":0.033881,"gas_method":"estimated"},"2025-06":{"txs":33,"uniq":14,"trade":1,"nft":0,"gas":0.000232,"bal":0.034247,"days":14,"spread":0.466667,"streak":4,"rank_m":27318,"pct_m":0.029044,"gas_method":"estimated"},"2025-07":{"txs":22,"uniq":9,"trade":0,"nft":1,"gas":0.000155,"bal":0.016825,"days":10,"spread":0.322581,"streak":1,"rank_m":108604,"pct_m":0.115469,"gas_method":"estimated"},"2025-08":{"txs":7,"uniq":4,"trade":0,"nft":0,"gas":0.000049,"bal":0.021114,"days":3,"spread":0.096774,"streak":1,"rank_m":215987,"pct_m":0.22964,"gas_method":"estimated"},"2025-09":{"txs":34,"uniq":11,"trade":0,"nft":0,"gas":0.000239,"bal":0.033955,"days":13,"spread":0.433333,"streak":4,"rank_m":34371,"pct_m":0.036543,"gas_method":"estimated"},"2025-10":{"txs":52,"uniq":16,"trade":0,"nft":2,"gas":0.000366,"bal":0.031723,"days":11,"spread":0.354839,"streak":10,"rank_m":7560,"pct_m":0.008037,"gas_method":"estimated"}}}