{"wallet":"0x6ee504f7c372d48a7cb1c464474d1d70ecdfbe60","rank":322988,"lifetime":{"months_active":19,"first":"2023-07","last":"2025-10","tx_sum":229,"uniq_sum":69,"trade_sum":5,"nft_sum":30,"gas_sum":0.002072,"avg_balance_eth_mean":0.021002,"streak_best_days":6,"gas_sum_filled":0.002072},"months":{"2023-07":{"txs":0,"uniq":0,"trade":0,"nft":0,"gas":0,"bal":0,"days":0,"spread":0,"streak":0,"rank_m":555254,"pct_m":0.590355},"2023-08":{"txs":0,"uniq":0,"trade":0,"nft":0,"gas":0,"bal":0,"days":0,"spread":0,"streak":0,"rank_m":605137,"pct_m":0.643391},"2023-09":{"txs":0,"uniq":0,"trade":0,"nft":0,"gas":0,"bal":0,"days":0,"spread":0,"streak":0,"rank_m":618467,"pct_m":0.657564},"2023-10":{"txs":43,"uniq":15,"trade":0,"nft":7,"gas":0.000427,"bal":0.038035,"days":12,"spread":0.387097,"streak":6,"rank_m":9083,"pct_m":0.009656,"gas_method":"estimated"},"2023-11":{"txs":4,"uniq":4,"trade":0,"nft":2,"gas":0.000069,"bal":0.035177,"days":3,"spread":0.1,"streak":2,"rank_m":38708,"pct_m":0.041154,"gas_method":"estimated"},"2023-12":{"txs":6,"uniq":5,"trade":0,"nft":4,"gas":0.000193,"bal":0.010296,"days":3,"spread":0.096774,"streak":2,"rank_m":43156,"pct_m":0.045883,"gas_method":"estimated"},"2024-01":{"txs":8,"uniq":3,"trade":0,"nft":3,"gas":0.000078,"bal":0.005596,"days":4,"spread":0.129032,"streak":1,"rank_m":68374,"pct_m":0.072695,"gas_method":"exact"},"2024-02":{"txs":4,"uniq":3,"trade":0,"nft":1,"gas":0.000068,"bal":0.00543,"days":2,"spread":0.068966,"streak":1,"rank_m":168828,"pct_m":0.1795,"gas_method":"estimated"},"2024-03":{"txs":16,"uniq":3,"trade":0,"nft":2,"gas":0.000407,"bal":0.015587,"days":7,"spread":0.225806,"streak":3,"rank_m":126670,"pct_m":0.134677,"gas_method":"estimated"},"2024-04":{"txs":10,"uniq":1,"trade":0,"nft":1,"gas":0.000031,"bal":0.010313,"days":7,"spread":0.233333,"streak":3,"rank_m":257726,"pct_m":0.274018,"gas_method":"estimated"},"2024-05":{"txs":10,"uniq":7,"trade":0,"nft":6,"gas":0.00001,"bal":0.008882,"days":5,"spread":0.16129,"streak":2,"rank_m":202736,"pct_m":0.215551,"gas_method":"estimated"},"2024-06":{"txs":13,"uniq":6,"trade":0,"nft":3,"gas":0.000001,"bal":0.005676,"days":7,"spread":0.233333,"streak":3,"rank_m":178587,"pct_m":0.189876,"gas_method":"estimated"},"2024-07":{"txs":3,"uniq":1,"trade":0,"nft":0,"gas":0,"bal":0.005807,"days":2,"spread":0.064516,"streak":1,"rank_m":390927,"pct_m":0.41564,"gas_method":"estimated"},"2024-08":{"txs":1,"uniq":1,"trade":0,"nft":1,"gas":0,"bal":0.012667,"days":1,"spread":0.032258,"streak":1,"rank_m":359220,"pct_m":0.381928,"gas_method":"estimated"},"2024-09":{"txs":4,"uniq":2,"trade":0,"nft":0,"gas":0.000001,"bal":0.012657,"days":2,"spread":0.066667,"streak":1,"rank_m":244557,"pct_m":0.260016,"gas_method":"exact"},"2024-10":{"txs":0,"uniq":0,"trade":0,"nft":0,"gas":0,"bal":0.012657,"days":0,"spread":0,"streak":0,"rank_m":516636,"pct_m":0.549296},"2024-11":{"txs":0,"uniq":0,"trade":0,"nft":0,"gas":0,"bal":0.012657,"days":0,"spread":0,"streak":0,"rank_m":547542,"pct_m":0.582155},"2024-12":{"txs":1,"uniq":1,"trade":0,"nft":0,"gas":0.000022,"bal":0.012407,"days":1,"spread":0.032258,"streak":1,"rank_m":499406,"pct_m":0.530976,"gas_method":"exact"},"2025-01":{"txs":1,"uniq":1,"trade":0,"nft":0,"gas":0.000026,"bal":0.011421,"days":1,"spread":0.032258,"streak":1,"rank_m":476233,"pct_m":0.506338,"gas_method":"exact"},"2025-02":{"txs":6,"uniq":5,"trade":0,"nft":0,"gas":0.000042,"bal":0.002955,"days":4,"spread":0.142857,"streak":2,"rank_m":271778,"pct_m":0.288958,"gas_method":"exact"},"2025-03":{"txs":0,"uniq":0,"trade":0,"nft":0,"gas":0,"bal":0.002955,"days":0,"spread":0,"streak":0,"rank_m":634322,"pct_m":0.674421},"2025-04":{"txs":0,"uniq":0,"trade":0,"nft":0,"gas":0,"bal":0.002955,"days":0,"spread":0,"streak":0,"rank_m":662625,"pct_m":0.704514},"2025-05":{"txs":0,"uniq":0,"trade":0,"nft":0,"gas":0,"bal":0.002955,"days":0,"spread":0,"streak":0,"rank_m":628727,"pct_m":0.668473},"2025-06":{"txs":0,"uniq":0,"trade":0,"nft":0,"gas":0,"bal":0.002955,"days":0,"spread":0,"streak":0,"rank_m":632339,"pct_m":0.672313},"2025-07":{"txs":1,"uniq":0,"trade":0,"nft":0,"gas":0.000007,"bal":0.003576,"days":1,"spread":0.032258,"streak":1,"rank_m":515789,"pct_m":0.548395,"gas_method":"estimated"},"2025-08":{"txs":1,"uniq":0,"trade":0,"nft":0,"gas":0.000007,"bal":0.15356,"days":1,"spread":0.032258,"streak":1,"rank_m":274631,"pct_m":0.291992,"gas_method":"estimated"},"2025-09":{"txs":48,"uniq":8,"trade":1,"nft":0,"gas":0.000338,"bal":0.139643,"days":9,"spread":0.3,"streak":4,"rank_m":18641,"pct_m":0.019818,"gas_method":"estimated"},"2025-10":{"txs":49,"uniq":3,"trade":4,"nft":0,"gas":0.000345,"bal":0.061227,"days":6,"spread":0.193548,"streak":2,"rank_m":19689,"pct_m":0.020933,"gas_method":"estimated"}}}