{"wallet":"0x6e4d01a565d3eb428ae22b19c87089838e0f099d","rank":413134,"lifetime":{"months_active":11,"first":"2023-07","last":"2025-10","tx_sum":152,"uniq_sum":103,"trade_sum":19,"nft_sum":28,"gas_sum":0.002376,"avg_balance_eth_mean":0.029873,"streak_best_days":2,"gas_sum_filled":0.002376},"months":{"2023-07":{"txs":0,"uniq":0,"trade":0,"nft":0,"gas":0,"bal":0,"days":0,"spread":0,"streak":0,"rank_m":557293,"pct_m":0.592523},"2023-08":{"txs":0,"uniq":0,"trade":0,"nft":0,"gas":0,"bal":0,"days":0,"spread":0,"streak":0,"rank_m":606907,"pct_m":0.645273},"2023-09":{"txs":0,"uniq":0,"trade":0,"nft":0,"gas":0,"bal":0,"days":0,"spread":0,"streak":0,"rank_m":620166,"pct_m":0.659371},"2023-10":{"txs":0,"uniq":0,"trade":0,"nft":0,"gas":0,"bal":0,"days":0,"spread":0,"streak":0,"rank_m":630886,"pct_m":0.670768},"2023-11":{"txs":0,"uniq":0,"trade":0,"nft":0,"gas":0,"bal":0,"days":0,"spread":0,"streak":0,"rank_m":640387,"pct_m":0.68087},"2023-12":{"txs":14,"uniq":7,"trade":1,"nft":2,"gas":0.000722,"bal":0.044095,"days":4,"spread":0.129032,"streak":2,"rank_m":17908,"pct_m":0.019039,"gas_method":"estimated"},"2024-01":{"txs":7,"uniq":5,"trade":2,"nft":2,"gas":0.00011,"bal":0.085104,"days":3,"spread":0.096774,"streak":1,"rank_m":44580,"pct_m":0.047397,"gas_method":"exact"},"2024-02":{"txs":24,"uniq":15,"trade":1,"nft":1,"gas":0.000377,"bal":0.08368,"days":7,"spread":0.241379,"streak":1,"rank_m":23722,"pct_m":0.025221,"gas_method":"exact"},"2024-03":{"txs":25,"uniq":17,"trade":3,"nft":4,"gas":0.001017,"bal":0.060804,"days":8,"spread":0.258065,"streak":1,"rank_m":60038,"pct_m":0.063832,"gas_method":"estimated"},"2024-04":{"txs":17,"uniq":12,"trade":6,"nft":2,"gas":0.000085,"bal":0.058873,"days":7,"spread":0.233333,"streak":1,"rank_m":128796,"pct_m":0.136937,"gas_method":"estimated"},"2024-05":{"txs":18,"uniq":12,"trade":0,"nft":1,"gas":0.00003,"bal":0.029939,"days":6,"spread":0.193548,"streak":1,"rank_m":167821,"pct_m":0.178429,"gas_method":"estimated"},"2024-06":{"txs":21,"uniq":11,"trade":4,"nft":1,"gas":0.000001,"bal":0.076321,"days":7,"spread":0.233333,"streak":1,"rank_m":78243,"pct_m":0.083188,"gas_method":"estimated"},"2024-07":{"txs":6,"uniq":5,"trade":2,"nft":0,"gas":0.000008,"bal":0.091643,"days":2,"spread":0.064516,"streak":1,"rank_m":149206,"pct_m":0.158637,"gas_method":"exact"},"2024-08":{"txs":14,"uniq":14,"trade":0,"nft":15,"gas":0.000004,"bal":0.090222,"days":4,"spread":0.129032,"streak":2,"rank_m":80008,"pct_m":0.085065,"gas_method":"exact"},"2024-09":{"txs":5,"uniq":4,"trade":0,"nft":0,"gas":0,"bal":0.071687,"days":1,"spread":0.033333,"streak":1,"rank_m":234525,"pct_m":0.24935,"gas_method":"estimated"},"2024-10":{"txs":0,"uniq":0,"trade":0,"nft":0,"gas":0,"bal":0.071687,"days":0,"spread":0,"streak":0,"rank_m":473905,"pct_m":0.503863},"2024-11":{"txs":0,"uniq":0,"trade":0,"nft":0,"gas":0,"bal":0.071687,"days":0,"spread":0,"streak":0,"rank_m":519173,"pct_m":0.551993},"2024-12":{"txs":1,"uniq":1,"trade":0,"nft":0,"gas":0.000022,"bal":0.000064,"days":1,"spread":0.032258,"streak":1,"rank_m":597910,"pct_m":0.635708,"gas_method":"exact"},"2025-01":{"txs":0,"uniq":0,"trade":0,"nft":0,"gas":0,"bal":0.000064,"days":0,"spread":0,"streak":0,"rank_m":755299,"pct_m":0.803046},"2025-02":{"txs":0,"uniq":0,"trade":0,"nft":0,"gas":0,"bal":0.000064,"days":0,"spread":0,"streak":0,"rank_m":780965,"pct_m":0.830335},"2025-03":{"txs":0,"uniq":0,"trade":0,"nft":0,"gas":0,"bal":0.000064,"days":0,"spread":0,"streak":0,"rank_m":799474,"pct_m":0.850014},"2025-04":{"txs":0,"uniq":0,"trade":0,"nft":0,"gas":0,"bal":0.000064,"days":0,"spread":0,"streak":0,"rank_m":821739,"pct_m":0.873687},"2025-05":{"txs":0,"uniq":0,"trade":0,"nft":0,"gas":0,"bal":0.000064,"days":0,"spread":0,"streak":0,"rank_m":835968,"pct_m":0.888815},"2025-06":{"txs":0,"uniq":0,"trade":0,"nft":0,"gas":0,"bal":0.000064,"days":0,"spread":0,"streak":0,"rank_m":851676,"pct_m":0.905516},"2025-07":{"txs":0,"uniq":0,"trade":0,"nft":0,"gas":0,"bal":0.000064,"days":0,"spread":0,"streak":0,"rank_m":869004,"pct_m":0.92394},"2025-08":{"txs":0,"uniq":0,"trade":0,"nft":0,"gas":0,"bal":0.000064,"days":0,"spread":0,"streak":0,"rank_m":867437,"pct_m":0.922273},"2025-09":{"txs":0,"uniq":0,"trade":0,"nft":0,"gas":0,"bal":0.000064,"days":0,"spread":0,"streak":0,"rank_m":863796,"pct_m":0.918402},"2025-10":{"txs":0,"uniq":0,"trade":0,"nft":0,"gas":0,"bal":0.000064,"days":0,"spread":0,"streak":0,"rank_m":836395,"pct_m":0.889269}}}