{"wallet":"0x6eefd1de321f1779459a66e1bbb7e33621f37b21","rank":33502,"lifetime":{"months_active":26,"first":"2023-07","last":"2025-10","tx_sum":636,"uniq_sum":303,"trade_sum":32,"nft_sum":190,"gas_sum":0.004251,"avg_balance_eth_mean":0.005291,"streak_best_days":20,"gas_sum_filled":0.004251},"months":{"2023-07":{"txs":0,"uniq":0,"trade":0,"nft":0,"gas":0,"bal":0,"days":0,"spread":0,"streak":0,"rank_m":555105,"pct_m":0.590196},"2023-08":{"txs":2,"uniq":2,"trade":0,"nft":1,"gas":0.000021,"bal":0.000668,"days":2,"spread":0.064516,"streak":1,"rank_m":141111,"pct_m":0.150031,"gas_method":"exact"},"2023-09":{"txs":0,"uniq":0,"trade":0,"nft":0,"gas":0,"bal":0.000668,"days":0,"spread":0,"streak":0,"rank_m":275437,"pct_m":0.292848},"2023-10":{"txs":4,"uniq":4,"trade":3,"nft":2,"gas":0.000467,"bal":0.00054,"days":4,"spread":0.129032,"streak":1,"rank_m":64703,"pct_m":0.068792,"gas_method":"exact"},"2023-11":{"txs":1,"uniq":1,"trade":0,"nft":2,"gas":0.000014,"bal":0.000347,"days":1,"spread":0.033333,"streak":1,"rank_m":141758,"pct_m":0.150719,"gas_method":"estimated"},"2023-12":{"txs":7,"uniq":6,"trade":8,"nft":3,"gas":0.000178,"bal":0.001971,"days":3,"spread":0.096774,"streak":1,"rank_m":71646,"pct_m":0.076174,"gas_method":"estimated"},"2024-01":{"txs":2,"uniq":1,"trade":0,"nft":0,"gas":0.000047,"bal":0.002183,"days":1,"spread":0.032258,"streak":1,"rank_m":172889,"pct_m":0.183818,"gas_method":"estimated"},"2024-02":{"txs":17,"uniq":5,"trade":0,"nft":4,"gas":0.000227,"bal":0.001194,"days":17,"spread":0.586207,"streak":8,"rank_m":88898,"pct_m":0.094517,"gas_method":"estimated"},"2024-03":{"txs":3,"uniq":3,"trade":0,"nft":3,"gas":0.000594,"bal":0.001856,"days":3,"spread":0.096774,"streak":1,"rank_m":228107,"pct_m":0.242526,"gas_method":"exact"},"2024-04":{"txs":11,"uniq":6,"trade":0,"nft":2,"gas":0.000085,"bal":0.001383,"days":7,"spread":0.233333,"streak":2,"rank_m":250842,"pct_m":0.266699,"gas_method":"exact"},"2024-05":{"txs":24,"uniq":11,"trade":0,"nft":9,"gas":0.00002,"bal":0.001151,"days":14,"spread":0.451613,"streak":5,"rank_m":176807,"pct_m":0.187983,"gas_method":"estimated"},"2024-06":{"txs":38,"uniq":13,"trade":0,"nft":11,"gas":0.000001,"bal":0.001205,"days":19,"spread":0.633333,"streak":9,"rank_m":74176,"pct_m":0.078864,"gas_method":"exact"},"2024-07":{"txs":38,"uniq":7,"trade":0,"nft":9,"gas":0.000005,"bal":0.000841,"days":26,"spread":0.83871,"streak":18,"rank_m":145182,"pct_m":0.154359,"gas_method":"estimated"},"2024-08":{"txs":73,"uniq":32,"trade":6,"nft":30,"gas":0.000009,"bal":0.002844,"days":22,"spread":0.709677,"streak":12,"rank_m":15848,"pct_m":0.016849,"gas_method":"exact"},"2024-09":{"txs":70,"uniq":34,"trade":1,"nft":28,"gas":0.000003,"bal":0.005377,"days":23,"spread":0.766667,"streak":12,"rank_m":29230,"pct_m":0.031077,"gas_method":"estimated"},"2024-10":{"txs":138,"uniq":54,"trade":3,"nft":59,"gas":0.000006,"bal":0.008419,"days":27,"spread":0.870968,"streak":18,"rank_m":7420,"pct_m":0.007888,"gas_method":"exact"},"2024-11":{"txs":27,"uniq":17,"trade":0,"nft":5,"gas":0.000062,"bal":0.004046,"days":13,"spread":0.433333,"streak":4,"rank_m":91640,"pct_m":0.097432,"gas_method":"exact"},"2024-12":{"txs":34,"uniq":20,"trade":0,"nft":9,"gas":0.00075,"bal":0.005964,"days":10,"spread":0.322581,"streak":2,"rank_m":112923,"pct_m":0.120061,"gas_method":"exact"},"2025-01":{"txs":39,"uniq":11,"trade":0,"nft":1,"gas":0.001013,"bal":0.006291,"days":9,"spread":0.290323,"streak":2,"rank_m":103286,"pct_m":0.109814,"gas_method":"exact"},"2025-02":{"txs":14,"uniq":12,"trade":0,"nft":0,"gas":0.000099,"bal":0.000717,"days":7,"spread":0.25,"streak":4,"rank_m":179054,"pct_m":0.190372,"gas_method":"exact"},"2025-03":{"txs":13,"uniq":10,"trade":0,"nft":1,"gas":0.000103,"bal":0.005016,"days":6,"spread":0.193548,"streak":2,"rank_m":137904,"pct_m":0.146621,"gas_method":"exact"},"2025-04":{"txs":22,"uniq":18,"trade":11,"nft":2,"gas":0.000133,"bal":0.001289,"days":8,"spread":0.266667,"streak":1,"rank_m":121921,"pct_m":0.129628,"gas_method":"exact"},"2025-05":{"txs":10,"uniq":6,"trade":0,"nft":0,"gas":0.00007,"bal":0.001316,"days":4,"spread":0.129032,"streak":1,"rank_m":327519,"pct_m":0.348223,"gas_method":"estimated"},"2025-06":{"txs":8,"uniq":6,"trade":0,"nft":1,"gas":0.000056,"bal":0.016518,"days":1,"spread":0.033333,"streak":1,"rank_m":214341,"pct_m":0.22789,"gas_method":"estimated"},"2025-07":{"txs":7,"uniq":6,"trade":0,"nft":1,"gas":0.000049,"bal":0.019856,"days":3,"spread":0.096774,"streak":1,"rank_m":193670,"pct_m":0.205912,"gas_method":"estimated"},"2025-08":{"txs":25,"uniq":9,"trade":0,"nft":3,"gas":0.000176,"bal":0.019811,"days":12,"spread":0.387097,"streak":3,"rank_m":45403,"pct_m":0.048272,"gas_method":"estimated"},"2025-09":{"txs":6,"uniq":6,"trade":0,"nft":2,"gas":0.000042,"bal":0.018951,"days":3,"spread":0.1,"streak":1,"rank_m":171233,"pct_m":0.182057,"gas_method":"estimated"},"2025-10":{"txs":3,"uniq":3,"trade":0,"nft":2,"gas":0.000021,"bal":0.017738,"days":3,"spread":0.096774,"streak":1,"rank_m":106508,"pct_m":0.11324,"gas_method":"estimated"}}}