{"wallet":"0x6e6bebc1e4d4b7db8bab925a3a2091b555850e1b","rank":390990,"lifetime":{"months_active":19,"first":"2023-07","last":"2025-10","tx_sum":168,"uniq_sum":62,"trade_sum":8,"nft_sum":17,"gas_sum":0.00198,"avg_balance_eth_mean":0.006011,"streak_best_days":4,"gas_sum_filled":0.00198},"months":{"2023-07":{"txs":0,"uniq":0,"trade":0,"nft":0,"gas":0,"bal":0,"days":0,"spread":0,"streak":0,"rank_m":556895,"pct_m":0.5921},"2023-08":{"txs":9,"uniq":4,"trade":0,"nft":2,"gas":0.000538,"bal":0.005614,"days":3,"spread":0.096774,"streak":1,"rank_m":96841,"pct_m":0.102962,"gas_method":"exact"},"2023-09":{"txs":2,"uniq":2,"trade":0,"nft":1,"gas":0.000088,"bal":0.010398,"days":2,"spread":0.066667,"streak":1,"rank_m":86143,"pct_m":0.091588,"gas_method":"exact"},"2023-10":{"txs":0,"uniq":0,"trade":0,"nft":0,"gas":0,"bal":0.010398,"days":0,"spread":0,"streak":0,"rank_m":229280,"pct_m":0.243774},"2023-11":{"txs":0,"uniq":0,"trade":0,"nft":0,"gas":0,"bal":0.010398,"days":0,"spread":0,"streak":0,"rank_m":225908,"pct_m":0.240188},"2023-12":{"txs":0,"uniq":0,"trade":0,"nft":0,"gas":0,"bal":0.010398,"days":0,"spread":0,"streak":0,"rank_m":241718,"pct_m":0.256998},"2024-01":{"txs":0,"uniq":0,"trade":0,"nft":0,"gas":0,"bal":0.010398,"days":0,"spread":0,"streak":0,"rank_m":250421,"pct_m":0.266251},"2024-02":{"txs":4,"uniq":3,"trade":0,"nft":2,"gas":0.000152,"bal":0.010373,"days":2,"spread":0.068966,"streak":2,"rank_m":125690,"pct_m":0.133635,"gas_method":"estimated"},"2024-03":{"txs":5,"uniq":3,"trade":0,"nft":1,"gas":0.000197,"bal":0.006403,"days":3,"spread":0.096774,"streak":2,"rank_m":194280,"pct_m":0.206561,"gas_method":"exact"},"2024-04":{"txs":10,"uniq":8,"trade":2,"nft":1,"gas":0.000031,"bal":0.008464,"days":6,"spread":0.2,"streak":2,"rank_m":174796,"pct_m":0.185845,"gas_method":"exact"},"2024-05":{"txs":1,"uniq":1,"trade":0,"nft":0,"gas":0.000002,"bal":0.002551,"days":1,"spread":0.032258,"streak":1,"rank_m":446019,"pct_m":0.474214,"gas_method":"estimated"},"2024-06":{"txs":1,"uniq":1,"trade":0,"nft":0,"gas":0,"bal":0.00188,"days":1,"spread":0.033333,"streak":1,"rank_m":463907,"pct_m":0.493233,"gas_method":"estimated"},"2024-07":{"txs":1,"uniq":1,"trade":0,"nft":1,"gas":0,"bal":0.002942,"days":1,"spread":0.032258,"streak":1,"rank_m":416848,"pct_m":0.443199,"gas_method":"estimated"},"2024-08":{"txs":3,"uniq":3,"trade":0,"nft":4,"gas":0.000001,"bal":0.00259,"days":3,"spread":0.096774,"streak":2,"rank_m":321174,"pct_m":0.341477,"gas_method":"estimated"},"2024-09":{"txs":4,"uniq":3,"trade":0,"nft":3,"gas":0,"bal":0.001001,"days":1,"spread":0.033333,"streak":1,"rank_m":361828,"pct_m":0.384701,"gas_method":"estimated"},"2024-10":{"txs":5,"uniq":4,"trade":0,"nft":2,"gas":0.000001,"bal":0.002025,"days":2,"spread":0.064516,"streak":2,"rank_m":335244,"pct_m":0.356436,"gas_method":"estimated"},"2024-11":{"txs":2,"uniq":1,"trade":0,"nft":0,"gas":0.000002,"bal":0.002369,"days":1,"spread":0.033333,"streak":1,"rank_m":468648,"pct_m":0.498274,"gas_method":"exact"},"2024-12":{"txs":1,"uniq":1,"trade":0,"nft":0,"gas":0.000022,"bal":0.002443,"days":1,"spread":0.032258,"streak":1,"rank_m":539070,"pct_m":0.573148,"gas_method":"exact"},"2025-01":{"txs":7,"uniq":5,"trade":0,"nft":0,"gas":0.000156,"bal":0.00296,"days":5,"spread":0.16129,"streak":3,"rank_m":309202,"pct_m":0.328748,"gas_method":"exact"},"2025-02":{"txs":0,"uniq":0,"trade":0,"nft":0,"gas":0,"bal":0.00296,"days":0,"spread":0,"streak":0,"rank_m":644285,"pct_m":0.685014},"2025-03":{"txs":2,"uniq":2,"trade":2,"nft":0,"gas":0.000016,"bal":0.00212,"days":1,"spread":0.032258,"streak":1,"rank_m":371068,"pct_m":0.394525,"gas_method":"exact"},"2025-04":{"txs":7,"uniq":7,"trade":0,"nft":0,"gas":0.000042,"bal":0.001396,"days":2,"spread":0.066667,"streak":1,"rank_m":328997,"pct_m":0.349794,"gas_method":"exact"},"2025-05":{"txs":0,"uniq":0,"trade":0,"nft":0,"gas":0,"bal":0.001396,"days":0,"spread":0,"streak":0,"rank_m":681020,"pct_m":0.724072},"2025-06":{"txs":27,"uniq":5,"trade":0,"nft":0,"gas":0.00019,"bal":0.007813,"days":9,"spread":0.3,"streak":4,"rank_m":162379,"pct_m":0.172643,"gas_method":"estimated"},"2025-07":{"txs":72,"uniq":5,"trade":4,"nft":0,"gas":0.000507,"bal":0.01156,"days":10,"spread":0.322581,"streak":3,"rank_m":60990,"pct_m":0.064845,"gas_method":"estimated"},"2025-08":{"txs":0,"uniq":0,"trade":0,"nft":0,"gas":0,"bal":0.01156,"days":0,"spread":0,"streak":0,"rank_m":515249,"pct_m":0.547821},"2025-09":{"txs":5,"uniq":3,"trade":0,"nft":0,"gas":0.000035,"bal":0.012955,"days":1,"spread":0.033333,"streak":1,"rank_m":295444,"pct_m":0.31412,"gas_method":"estimated"},"2025-10":{"txs":0,"uniq":0,"trade":0,"nft":0,"gas":0,"bal":0.012955,"days":0,"spread":0,"streak":0,"rank_m":406829,"pct_m":0.432547}}}