{"wallet":"0x6e902246da17f782978565a0cdf80f0a81931fc7","rank":350117,"lifetime":{"months_active":21,"first":"2023-07","last":"2025-10","tx_sum":183,"uniq_sum":91,"trade_sum":7,"nft_sum":19,"gas_sum":0.002542,"avg_balance_eth_mean":0.000972,"streak_best_days":5,"gas_sum_filled":0.002542},"months":{"2023-07":{"txs":0,"uniq":0,"trade":0,"nft":0,"gas":0,"bal":0,"days":0,"spread":0,"streak":0,"rank_m":556390,"pct_m":0.591563},"2023-08":{"txs":9,"uniq":8,"trade":0,"nft":5,"gas":0.001073,"bal":0.000143,"days":4,"spread":0.129032,"streak":2,"rank_m":92683,"pct_m":0.098541,"gas_method":"exact"},"2023-09":{"txs":3,"uniq":3,"trade":0,"nft":2,"gas":0.000062,"bal":0.000631,"days":2,"spread":0.066667,"streak":1,"rank_m":101746,"pct_m":0.108177,"gas_method":"exact"},"2023-10":{"txs":9,"uniq":4,"trade":1,"nft":0,"gas":0.00011,"bal":0.000566,"days":2,"spread":0.064516,"streak":1,"rank_m":96187,"pct_m":0.102267,"gas_method":"estimated"},"2023-11":{"txs":13,"uniq":6,"trade":1,"nft":0,"gas":0.000212,"bal":0.00018,"days":5,"spread":0.166667,"streak":2,"rank_m":48633,"pct_m":0.051706,"gas_method":"exact"},"2023-12":{"txs":0,"uniq":0,"trade":0,"nft":0,"gas":0,"bal":0.00018,"days":0,"spread":0,"streak":0,"rank_m":339692,"pct_m":0.361166},"2024-01":{"txs":0,"uniq":0,"trade":0,"nft":0,"gas":0,"bal":0.00018,"days":0,"spread":0,"streak":0,"rank_m":354938,"pct_m":0.377375},"2024-02":{"txs":15,"uniq":7,"trade":0,"nft":4,"gas":0.000314,"bal":0.000245,"days":1,"spread":0.034483,"streak":1,"rank_m":196665,"pct_m":0.209097,"gas_method":"estimated"},"2024-03":{"txs":0,"uniq":0,"trade":0,"nft":0,"gas":0,"bal":0.000245,"days":0,"spread":0,"streak":0,"rank_m":470977,"pct_m":0.50075},"2024-04":{"txs":22,"uniq":3,"trade":0,"nft":0,"gas":0.000008,"bal":0.000367,"days":9,"spread":0.3,"streak":5,"rank_m":271353,"pct_m":0.288506,"gas_method":"exact"},"2024-05":{"txs":20,"uniq":1,"trade":0,"nft":0,"gas":0.000026,"bal":0.000125,"days":7,"spread":0.225806,"streak":3,"rank_m":389716,"pct_m":0.414352,"gas_method":"estimated"},"2024-06":{"txs":5,"uniq":4,"trade":0,"nft":1,"gas":0,"bal":0.000289,"days":1,"spread":0.033333,"streak":1,"rank_m":445651,"pct_m":0.473823,"gas_method":"estimated"},"2024-07":{"txs":5,"uniq":2,"trade":0,"nft":0,"gas":0.000001,"bal":0.00104,"days":1,"spread":0.032258,"streak":1,"rank_m":450236,"pct_m":0.478698,"gas_method":"estimated"},"2024-08":{"txs":9,"uniq":6,"trade":1,"nft":3,"gas":0.000001,"bal":0.001253,"days":3,"spread":0.096774,"streak":1,"rank_m":310611,"pct_m":0.330246,"gas_method":"estimated"},"2024-09":{"txs":6,"uniq":5,"trade":0,"nft":2,"gas":0,"bal":0.001956,"days":4,"spread":0.133333,"streak":3,"rank_m":235198,"pct_m":0.250066,"gas_method":"estimated"},"2024-10":{"txs":1,"uniq":1,"trade":0,"nft":1,"gas":0,"bal":0.001792,"days":1,"spread":0.032258,"streak":1,"rank_m":448903,"pct_m":0.477281,"gas_method":"estimated"},"2024-11":{"txs":10,"uniq":6,"trade":0,"nft":0,"gas":0.000023,"bal":0.001723,"days":4,"spread":0.133333,"streak":2,"rank_m":294028,"pct_m":0.312615,"gas_method":"exact"},"2024-12":{"txs":6,"uniq":5,"trade":0,"nft":1,"gas":0.000132,"bal":0.00178,"days":3,"spread":0.096774,"streak":2,"rank_m":347633,"pct_m":0.369609,"gas_method":"exact"},"2025-01":{"txs":15,"uniq":9,"trade":0,"nft":0,"gas":0.000338,"bal":0.000957,"days":5,"spread":0.16129,"streak":1,"rank_m":300853,"pct_m":0.319871,"gas_method":"exact"},"2025-02":{"txs":1,"uniq":1,"trade":0,"nft":0,"gas":0.000007,"bal":0.000219,"days":1,"spread":0.035714,"streak":1,"rank_m":543366,"pct_m":0.577715,"gas_method":"exact"},"2025-03":{"txs":5,"uniq":4,"trade":2,"nft":0,"gas":0.00004,"bal":0.000182,"days":2,"spread":0.064516,"streak":1,"rank_m":363468,"pct_m":0.386445,"gas_method":"exact"},"2025-04":{"txs":8,"uniq":6,"trade":2,"nft":0,"gas":0.000048,"bal":0.000748,"days":3,"spread":0.1,"streak":1,"rank_m":286099,"pct_m":0.304185,"gas_method":"exact"},"2025-05":{"txs":8,"uniq":4,"trade":0,"nft":0,"gas":0.000056,"bal":0.002163,"days":6,"spread":0.193548,"streak":2,"rank_m":267435,"pct_m":0.284341,"gas_method":"estimated"},"2025-06":{"txs":11,"uniq":4,"trade":0,"nft":0,"gas":0.000077,"bal":0.001649,"days":4,"spread":0.133333,"streak":1,"rank_m":399866,"pct_m":0.425144,"gas_method":"estimated"},"2025-07":{"txs":0,"uniq":0,"trade":0,"nft":0,"gas":0,"bal":0.001649,"days":0,"spread":0,"streak":0,"rank_m":689634,"pct_m":0.73323},"2025-08":{"txs":2,"uniq":2,"trade":0,"nft":0,"gas":0.000014,"bal":0.002316,"days":1,"spread":0.032258,"streak":1,"rank_m":451480,"pct_m":0.480021,"gas_method":"estimated"},"2025-09":{"txs":0,"uniq":0,"trade":0,"nft":0,"gas":0,"bal":0.002316,"days":0,"spread":0,"streak":0,"rank_m":634594,"pct_m":0.674711},"2025-10":{"txs":0,"uniq":0,"trade":0,"nft":0,"gas":0,"bal":0.002316,"days":0,"spread":0,"streak":0,"rank_m":562324,"pct_m":0.597872}}}