{"wallet":"0x6e904656cc690d46355222ed22202b6add661791","rank":126858,"lifetime":{"months_active":20,"first":"2023-07","last":"2025-10","tx_sum":544,"uniq_sum":128,"trade_sum":2,"nft_sum":32,"gas_sum":0.001588,"avg_balance_eth_mean":0.002867,"streak_best_days":140,"gas_sum_filled":0.001588},"months":{"2023-07":{"txs":0,"uniq":0,"trade":0,"nft":0,"gas":0,"bal":0,"days":0,"spread":0,"streak":0,"rank_m":556387,"pct_m":0.59156},"2023-08":{"txs":0,"uniq":0,"trade":0,"nft":0,"gas":0,"bal":0,"days":0,"spread":0,"streak":0,"rank_m":606104,"pct_m":0.64442},"2023-09":{"txs":0,"uniq":0,"trade":0,"nft":0,"gas":0,"bal":0,"days":0,"spread":0,"streak":0,"rank_m":619401,"pct_m":0.658557},"2023-10":{"txs":0,"uniq":0,"trade":0,"nft":0,"gas":0,"bal":0,"days":0,"spread":0,"streak":0,"rank_m":630152,"pct_m":0.669988},"2023-11":{"txs":0,"uniq":0,"trade":0,"nft":0,"gas":0,"bal":0,"days":0,"spread":0,"streak":0,"rank_m":639674,"pct_m":0.680112},"2023-12":{"txs":0,"uniq":0,"trade":0,"nft":0,"gas":0,"bal":0,"days":0,"spread":0,"streak":0,"rank_m":651136,"pct_m":0.692298},"2024-01":{"txs":0,"uniq":0,"trade":0,"nft":0,"gas":0,"bal":0,"days":0,"spread":0,"streak":0,"rank_m":661357,"pct_m":0.703166},"2024-02":{"txs":29,"uniq":5,"trade":0,"nft":2,"gas":0.000021,"bal":0.000475,"days":11,"spread":0.37931,"streak":11,"rank_m":114899,"pct_m":0.122162,"gas_method":"estimated"},"2024-03":{"txs":67,"uniq":5,"trade":0,"nft":2,"gas":0.000973,"bal":0.003889,"days":31,"spread":1,"streak":31,"rank_m":54751,"pct_m":0.058211,"gas_method":"exact"},"2024-04":{"txs":66,"uniq":13,"trade":0,"nft":0,"gas":0.000028,"bal":0.00219,"days":29,"spread":0.966667,"streak":23,"rank_m":106929,"pct_m":0.113688,"gas_method":"exact"},"2024-05":{"txs":56,"uniq":9,"trade":0,"nft":0,"gas":0.000009,"bal":0.001758,"days":31,"spread":1,"streak":31,"rank_m":111450,"pct_m":0.118495,"gas_method":"exact"},"2024-06":{"txs":30,"uniq":2,"trade":0,"nft":0,"gas":0.000001,"bal":0.001163,"days":21,"spread":0.7,"streak":10,"rank_m":175817,"pct_m":0.186931,"gas_method":"exact"},"2024-07":{"txs":62,"uniq":13,"trade":0,"nft":12,"gas":0.000002,"bal":0.001754,"days":31,"spread":1,"streak":31,"rank_m":40255,"pct_m":0.042799,"gas_method":"exact"},"2024-08":{"txs":57,"uniq":18,"trade":0,"nft":11,"gas":0.000002,"bal":0.003369,"days":31,"spread":1,"streak":31,"rank_m":35011,"pct_m":0.037223,"gas_method":"exact"},"2024-09":{"txs":47,"uniq":11,"trade":0,"nft":4,"gas":0.000002,"bal":0.007305,"days":30,"spread":1,"streak":30,"rank_m":18058,"pct_m":0.019199,"gas_method":"exact"},"2024-10":{"txs":49,"uniq":7,"trade":0,"nft":0,"gas":0.000001,"bal":0.004514,"days":31,"spread":1,"streak":31,"rank_m":79008,"pct_m":0.084002,"gas_method":"exact"},"2024-11":{"txs":20,"uniq":10,"trade":0,"nft":0,"gas":0.000046,"bal":0.004746,"days":12,"spread":0.4,"streak":7,"rank_m":141267,"pct_m":0.150197,"gas_method":"exact"},"2024-12":{"txs":7,"uniq":5,"trade":0,"nft":0,"gas":0.000132,"bal":0.002306,"days":4,"spread":0.129032,"streak":1,"rank_m":394658,"pct_m":0.419606,"gas_method":"exact"},"2025-01":{"txs":0,"uniq":0,"trade":0,"nft":0,"gas":0,"bal":0.002306,"days":0,"spread":0,"streak":0,"rank_m":638884,"pct_m":0.679272},"2025-02":{"txs":5,"uniq":3,"trade":0,"nft":0,"gas":0.000035,"bal":0.001295,"days":2,"spread":0.071429,"streak":1,"rank_m":386844,"pct_m":0.411298,"gas_method":"exact"},"2025-03":{"txs":8,"uniq":4,"trade":0,"nft":0,"gas":0.000063,"bal":0.001293,"days":1,"spread":0.032258,"streak":1,"rank_m":354382,"pct_m":0.376784,"gas_method":"exact"},"2025-04":{"txs":15,"uniq":8,"trade":2,"nft":0,"gas":0.000091,"bal":0.001336,"days":7,"spread":0.233333,"streak":2,"rank_m":146195,"pct_m":0.155436,"gas_method":"exact"},"2025-05":{"txs":11,"uniq":6,"trade":0,"nft":0,"gas":0.000077,"bal":0.001503,"days":3,"spread":0.096774,"streak":2,"rank_m":292721,"pct_m":0.311225,"gas_method":"estimated"},"2025-06":{"txs":2,"uniq":2,"trade":0,"nft":0,"gas":0.000014,"bal":0.001433,"days":1,"spread":0.033333,"streak":1,"rank_m":500821,"pct_m":0.532481,"gas_method":"estimated"},"2025-07":{"txs":2,"uniq":0,"trade":0,"nft":0,"gas":0.000014,"bal":0.005052,"days":2,"spread":0.064516,"streak":1,"rank_m":449845,"pct_m":0.478282,"gas_method":"estimated"},"2025-08":{"txs":1,"uniq":1,"trade":0,"nft":0,"gas":0.000007,"bal":0.008717,"days":1,"spread":0.032258,"streak":1,"rank_m":367563,"pct_m":0.390798,"gas_method":"estimated"},"2025-09":{"txs":5,"uniq":3,"trade":0,"nft":0,"gas":0.000035,"bal":0.010424,"days":2,"spread":0.066667,"streak":1,"rank_m":292565,"pct_m":0.311059,"gas_method":"estimated"},"2025-10":{"txs":5,"uniq":3,"trade":0,"nft":1,"gas":0.000035,"bal":0.013462,"days":2,"spread":0.064516,"streak":2,"rank_m":102410,"pct_m":0.108883,"gas_method":"estimated"}}}