{"wallet":"0x6ea116073bc4fbbb95b6efed2002fa9c8919db85","rank":254454,"lifetime":{"months_active":21,"first":"2023-07","last":"2025-10","tx_sum":209,"uniq_sum":105,"trade_sum":30,"nft_sum":26,"gas_sum":0.001486,"avg_balance_eth_mean":0.003479,"streak_best_days":5,"gas_sum_filled":0.001486},"months":{"2023-07":{"txs":0,"uniq":0,"trade":0,"nft":0,"gas":0,"bal":0,"days":0,"spread":0,"streak":0,"rank_m":556171,"pct_m":0.59133},"2023-08":{"txs":0,"uniq":0,"trade":0,"nft":0,"gas":0,"bal":0,"days":0,"spread":0,"streak":0,"rank_m":605910,"pct_m":0.644213},"2023-09":{"txs":3,"uniq":2,"trade":0,"nft":1,"gas":0.000069,"bal":0.003228,"days":1,"spread":0.033333,"streak":1,"rank_m":113477,"pct_m":0.12065,"gas_method":"estimated"},"2023-10":{"txs":13,"uniq":8,"trade":0,"nft":0,"gas":0.000079,"bal":0.008719,"days":3,"spread":0.096774,"streak":1,"rank_m":63163,"pct_m":0.067155,"gas_method":"estimated"},"2023-11":{"txs":6,"uniq":6,"trade":0,"nft":4,"gas":0.000063,"bal":0.004281,"days":4,"spread":0.133333,"streak":2,"rank_m":47568,"pct_m":0.050574,"gas_method":"estimated"},"2023-12":{"txs":2,"uniq":2,"trade":0,"nft":2,"gas":0.00004,"bal":0.005695,"days":2,"spread":0.064516,"streak":1,"rank_m":99028,"pct_m":0.105287,"gas_method":"estimated"},"2024-01":{"txs":5,"uniq":4,"trade":0,"nft":2,"gas":0.00002,"bal":0.004289,"days":4,"spread":0.129032,"streak":1,"rank_m":81616,"pct_m":0.086775,"gas_method":"exact"},"2024-02":{"txs":2,"uniq":2,"trade":0,"nft":3,"gas":0.000021,"bal":0.001712,"days":2,"spread":0.068966,"streak":1,"rank_m":196501,"pct_m":0.208922,"gas_method":"estimated"},"2024-03":{"txs":6,"uniq":6,"trade":0,"nft":6,"gas":0.000094,"bal":0.000845,"days":6,"spread":0.193548,"streak":4,"rank_m":203421,"pct_m":0.21628,"gas_method":"estimated"},"2024-04":{"txs":1,"uniq":1,"trade":0,"nft":0,"gas":0.000002,"bal":0.000212,"days":1,"spread":0.033333,"streak":1,"rank_m":464291,"pct_m":0.493641,"gas_method":"estimated"},"2024-05":{"txs":2,"uniq":1,"trade":0,"nft":1,"gas":0.000001,"bal":0.000045,"days":1,"spread":0.032258,"streak":1,"rank_m":477365,"pct_m":0.507542,"gas_method":"estimated"},"2024-06":{"txs":10,"uniq":7,"trade":0,"nft":0,"gas":0,"bal":0.0009,"days":4,"spread":0.133333,"streak":3,"rank_m":339669,"pct_m":0.361141,"gas_method":"estimated"},"2024-07":{"txs":4,"uniq":3,"trade":0,"nft":2,"gas":0.000002,"bal":0,"days":1,"spread":0.032258,"streak":1,"rank_m":393407,"pct_m":0.418276,"gas_method":"exact"},"2024-08":{"txs":0,"uniq":0,"trade":0,"nft":0,"gas":0,"bal":0,"days":0,"spread":0,"streak":0,"rank_m":693950,"pct_m":0.737819},"2024-09":{"txs":0,"uniq":0,"trade":0,"nft":0,"gas":0,"bal":0,"days":0,"spread":0,"streak":0,"rank_m":713738,"pct_m":0.758858},"2024-10":{"txs":0,"uniq":0,"trade":0,"nft":0,"gas":0,"bal":0,"days":0,"spread":0,"streak":0,"rank_m":737785,"pct_m":0.784425},"2024-11":{"txs":0,"uniq":0,"trade":0,"nft":0,"gas":0,"bal":0,"days":0,"spread":0,"streak":0,"rank_m":756193,"pct_m":0.803997},"2024-12":{"txs":4,"uniq":3,"trade":0,"nft":0,"gas":0.000066,"bal":0.000001,"days":1,"spread":0.032258,"streak":1,"rank_m":562665,"pct_m":0.598234,"gas_method":"exact"},"2025-01":{"txs":0,"uniq":0,"trade":0,"nft":0,"gas":0,"bal":0.000001,"days":0,"spread":0,"streak":0,"rank_m":797955,"pct_m":0.848399},"2025-02":{"txs":39,"uniq":12,"trade":13,"nft":0,"gas":0.000253,"bal":0.005361,"days":11,"spread":0.392857,"streak":5,"rank_m":39259,"pct_m":0.04174,"gas_method":"exact"},"2025-03":{"txs":28,"uniq":8,"trade":12,"nft":0,"gas":0.000205,"bal":0.010894,"days":10,"spread":0.322581,"streak":2,"rank_m":58441,"pct_m":0.062134,"gas_method":"exact"},"2025-04":{"txs":13,"uniq":9,"trade":5,"nft":0,"gas":0.000072,"bal":0.008014,"days":7,"spread":0.233333,"streak":2,"rank_m":87014,"pct_m":0.092514,"gas_method":"exact"},"2025-05":{"txs":12,"uniq":7,"trade":0,"nft":0,"gas":0.000084,"bal":0.015115,"days":6,"spread":0.193548,"streak":1,"rank_m":113379,"pct_m":0.120546,"gas_method":"estimated"},"2025-06":{"txs":1,"uniq":0,"trade":0,"nft":0,"gas":0.000007,"bal":0.000513,"days":1,"spread":0.033333,"streak":1,"rank_m":623866,"pct_m":0.663304,"gas_method":"estimated"},"2025-07":{"txs":4,"uniq":3,"trade":0,"nft":0,"gas":0.000028,"bal":0.006019,"days":3,"spread":0.096774,"streak":1,"rank_m":353744,"pct_m":0.376106,"gas_method":"estimated"},"2025-08":{"txs":9,"uniq":3,"trade":0,"nft":2,"gas":0.000063,"bal":0.012417,"days":5,"spread":0.16129,"streak":2,"rank_m":168125,"pct_m":0.178752,"gas_method":"estimated"},"2025-09":{"txs":22,"uniq":9,"trade":0,"nft":2,"gas":0.000155,"bal":0.008563,"days":7,"spread":0.233333,"streak":2,"rank_m":101902,"pct_m":0.108343,"gas_method":"estimated"},"2025-10":{"txs":23,"uniq":9,"trade":0,"nft":1,"gas":0.000162,"bal":0.000597,"days":5,"spread":0.16129,"streak":2,"rank_m":181877,"pct_m":0.193374,"gas_method":"estimated"}}}