{"wallet":"0x6e442155b6d2921d2ea69a54edae5205ed70b74c","rank":209584,"lifetime":{"months_active":22,"first":"2023-07","last":"2025-10","tx_sum":307,"uniq_sum":193,"trade_sum":7,"nft_sum":109,"gas_sum":0.003575,"avg_balance_eth_mean":0.00226,"streak_best_days":0,"gas_sum_filled":0.003575},"months":{"2023-07":{"txs":3,"uniq":2,"trade":0,"nft":1,"gas":0.000251,"bal":0.000368,"days":1,"spread":0.032258,"streak":0,"rank_m":85761,"pct_m":0.091182,"gas_method":"estimated"},"2023-08":{"txs":8,"uniq":8,"trade":0,"nft":6,"gas":0.000901,"bal":0.002722,"days":4,"spread":0.129032,"streak":0,"rank_m":142273,"pct_m":0.151266,"gas_method":"exact"},"2023-09":{"txs":4,"uniq":3,"trade":0,"nft":1,"gas":0.000204,"bal":0.000762,"days":2,"spread":0.066667,"streak":0,"rank_m":146005,"pct_m":0.155234,"gas_method":"exact"},"2023-10":{"txs":6,"uniq":5,"trade":0,"nft":3,"gas":0.000039,"bal":0.003772,"days":3,"spread":0.096774,"streak":0,"rank_m":133964,"pct_m":0.142432,"gas_method":"estimated"},"2023-11":{"txs":7,"uniq":5,"trade":1,"nft":3,"gas":0.000079,"bal":0.010071,"days":5,"spread":0.166667,"streak":0,"rank_m":101330,"pct_m":0.107735,"gas_method":"estimated"},"2023-12":{"txs":10,"uniq":10,"trade":0,"nft":10,"gas":0.000242,"bal":0.006719,"days":8,"spread":0.258065,"streak":0,"rank_m":83031,"pct_m":0.088279,"gas_method":"exact"},"2024-01":{"txs":7,"uniq":7,"trade":0,"nft":6,"gas":0.000014,"bal":0.004023,"days":4,"spread":0.129032,"streak":0,"rank_m":132216,"pct_m":0.140573,"gas_method":"exact"},"2024-02":{"txs":28,"uniq":16,"trade":0,"nft":12,"gas":0.000313,"bal":0.002453,"days":8,"spread":0.275862,"streak":0,"rank_m":133723,"pct_m":0.142176,"gas_method":"estimated"},"2024-03":{"txs":30,"uniq":20,"trade":6,"nft":12,"gas":0.000503,"bal":0.00278,"days":12,"spread":0.387097,"streak":0,"rank_m":154237,"pct_m":0.163986,"gas_method":"estimated"},"2024-04":{"txs":73,"uniq":28,"trade":0,"nft":21,"gas":0.000089,"bal":0.005252,"days":14,"spread":0.466667,"streak":0,"rank_m":133709,"pct_m":0.142161,"gas_method":"exact"},"2024-05":{"txs":37,"uniq":26,"trade":0,"nft":19,"gas":0.000024,"bal":0.013227,"days":18,"spread":0.580645,"streak":0,"rank_m":95525,"pct_m":0.101563,"gas_method":"exact"},"2024-06":{"txs":8,"uniq":6,"trade":0,"nft":5,"gas":0,"bal":0.00329,"days":3,"spread":0.1,"streak":0,"rank_m":297389,"pct_m":0.316188,"gas_method":"exact"},"2024-07":{"txs":1,"uniq":1,"trade":0,"nft":2,"gas":0,"bal":0.002637,"days":1,"spread":0.032258,"streak":0,"rank_m":456099,"pct_m":0.484932,"gas_method":"estimated"},"2024-08":{"txs":3,"uniq":3,"trade":0,"nft":5,"gas":0,"bal":0.002374,"days":2,"spread":0.064516,"streak":0,"rank_m":417074,"pct_m":0.443439,"gas_method":"estimated"},"2024-09":{"txs":12,"uniq":10,"trade":0,"nft":3,"gas":0,"bal":0.001682,"days":6,"spread":0.2,"streak":0,"rank_m":273102,"pct_m":0.290366,"gas_method":"estimated"},"2024-10":{"txs":3,"uniq":3,"trade":0,"nft":0,"gas":0,"bal":0.000019,"days":2,"spread":0.064516,"streak":0,"rank_m":582752,"pct_m":0.619591,"gas_method":"estimated"},"2024-11":{"txs":0,"uniq":0,"trade":0,"nft":0,"gas":0,"bal":0.000019,"days":0,"spread":0,"streak":0,"rank_m":737187,"pct_m":0.783789},"2024-12":{"txs":29,"uniq":26,"trade":0,"nft":0,"gas":0.000639,"bal":0.000065,"days":2,"spread":0.064516,"streak":0,"rank_m":387885,"pct_m":0.412405,"gas_method":"exact"},"2025-01":{"txs":4,"uniq":3,"trade":0,"nft":0,"gas":0.000104,"bal":0.000032,"days":2,"spread":0.064516,"streak":0,"rank_m":544728,"pct_m":0.579163,"gas_method":"exact"},"2025-02":{"txs":2,"uniq":1,"trade":0,"nft":0,"gas":0.000007,"bal":0.000708,"days":1,"spread":0.035714,"streak":0,"rank_m":559527,"pct_m":0.594898,"gas_method":"exact"},"2025-03":{"txs":1,"uniq":1,"trade":0,"nft":0,"gas":0.000008,"bal":0.000271,"days":1,"spread":0.032258,"streak":0,"rank_m":561948,"pct_m":0.597472,"gas_method":"exact"},"2025-04":{"txs":30,"uniq":8,"trade":0,"nft":0,"gas":0.000151,"bal":0.00004,"days":1,"spread":0.033333,"streak":0,"rank_m":412269,"pct_m":0.438331,"gas_method":"exact"},"2025-05":{"txs":1,"uniq":1,"trade":0,"nft":0,"gas":0.000007,"bal":0,"days":1,"spread":0.032258,"streak":0,"rank_m":755800,"pct_m":0.803579,"gas_method":"estimated"},"2025-06":{"txs":0,"uniq":0,"trade":0,"nft":0,"gas":0,"bal":0,"days":0,"spread":0,"streak":0,"rank_m":912087,"pct_m":0.969746},"2025-07":{"txs":0,"uniq":0,"trade":0,"nft":0,"gas":0,"bal":0,"days":0,"spread":0,"streak":0,"rank_m":923759,"pct_m":0.982156},"2025-08":{"txs":0,"uniq":0,"trade":0,"nft":0,"gas":0,"bal":0,"days":0,"spread":0,"streak":0,"rank_m":926869,"pct_m":0.985463},"2025-09":{"txs":0,"uniq":0,"trade":0,"nft":0,"gas":0,"bal":0,"days":0,"spread":0,"streak":0,"rank_m":927465,"pct_m":0.986096},"2025-10":{"txs":0,"uniq":0,"trade":0,"nft":0,"gas":0,"bal":0,"days":0,"spread":0,"streak":0,"rank_m":919429,"pct_m":0.977552}}}