{"wallet":"0x6e75095f60c20e9f9f16ce638fa0aa986c730e7d","rank":59304,"lifetime":{"months_active":22,"first":"2023-07","last":"2025-10","tx_sum":411,"uniq_sum":142,"trade_sum":5,"nft_sum":56,"gas_sum":0.002755,"avg_balance_eth_mean":0.019066,"streak_best_days":62,"gas_sum_filled":0.002755},"months":{"2023-07":{"txs":0,"uniq":0,"trade":0,"nft":0,"gas":0,"bal":0,"days":0,"spread":0,"streak":0,"rank_m":556773,"pct_m":0.59197},"2023-08":{"txs":0,"uniq":0,"trade":0,"nft":0,"gas":0,"bal":0,"days":0,"spread":0,"streak":0,"rank_m":606447,"pct_m":0.644784},"2023-09":{"txs":0,"uniq":0,"trade":0,"nft":0,"gas":0,"bal":0,"days":0,"spread":0,"streak":0,"rank_m":619730,"pct_m":0.658907},"2023-10":{"txs":0,"uniq":0,"trade":0,"nft":0,"gas":0,"bal":0,"days":0,"spread":0,"streak":0,"rank_m":630465,"pct_m":0.670321},"2023-11":{"txs":7,"uniq":5,"trade":0,"nft":1,"gas":0.000086,"bal":0.00046,"days":5,"spread":0.166667,"streak":2,"rank_m":91127,"pct_m":0.096887,"gas_method":"estimated"},"2023-12":{"txs":2,"uniq":2,"trade":0,"nft":2,"gas":0.000046,"bal":0.000057,"days":1,"spread":0.032258,"streak":1,"rank_m":172447,"pct_m":0.183348,"gas_method":"estimated"},"2024-01":{"txs":37,"uniq":4,"trade":2,"nft":0,"gas":0.000309,"bal":0.001453,"days":27,"spread":0.870968,"streak":27,"rank_m":26080,"pct_m":0.027728,"gas_method":"exact"},"2024-02":{"txs":28,"uniq":9,"trade":0,"nft":6,"gas":0.000051,"bal":0.002076,"days":21,"spread":0.724138,"streak":11,"rank_m":35448,"pct_m":0.037688,"gas_method":"exact"},"2024-03":{"txs":69,"uniq":18,"trade":0,"nft":9,"gas":0.001078,"bal":0.003694,"days":31,"spread":1,"streak":31,"rank_m":25304,"pct_m":0.026903,"gas_method":"exact"},"2024-04":{"txs":81,"uniq":25,"trade":0,"nft":15,"gas":0.000646,"bal":0.012289,"days":24,"spread":0.8,"streak":20,"rank_m":21157,"pct_m":0.022493,"gas_method":"exact"},"2024-05":{"txs":27,"uniq":8,"trade":0,"nft":3,"gas":0.000002,"bal":0.008744,"days":18,"spread":0.580645,"streak":4,"rank_m":92294,"pct_m":0.098128,"gas_method":"exact"},"2024-06":{"txs":71,"uniq":19,"trade":2,"nft":5,"gas":0,"bal":0.020988,"days":26,"spread":0.866667,"streak":21,"rank_m":9483,"pct_m":0.010081,"gas_method":"exact"},"2024-07":{"txs":29,"uniq":9,"trade":0,"nft":7,"gas":0,"bal":0.006562,"days":16,"spread":0.516129,"streak":4,"rank_m":56449,"pct_m":0.060017,"gas_method":"exact"},"2024-08":{"txs":8,"uniq":5,"trade":0,"nft":1,"gas":0.000001,"bal":0.003903,"days":4,"spread":0.129032,"streak":1,"rank_m":311516,"pct_m":0.331208,"gas_method":"estimated"},"2024-09":{"txs":2,"uniq":2,"trade":0,"nft":1,"gas":0,"bal":0.003387,"days":2,"spread":0.066667,"streak":2,"rank_m":304016,"pct_m":0.323234,"gas_method":"estimated"},"2024-10":{"txs":8,"uniq":6,"trade":1,"nft":5,"gas":0,"bal":0.002739,"days":3,"spread":0.096774,"streak":1,"rank_m":273701,"pct_m":0.291003,"gas_method":"estimated"},"2024-11":{"txs":6,"uniq":5,"trade":0,"nft":0,"gas":0.000011,"bal":0.004849,"days":4,"spread":0.133333,"streak":1,"rank_m":335397,"pct_m":0.356599,"gas_method":"exact"},"2024-12":{"txs":6,"uniq":3,"trade":0,"nft":0,"gas":0.000066,"bal":0.029941,"days":4,"spread":0.129032,"streak":1,"rank_m":374147,"pct_m":0.397799,"gas_method":"exact"},"2025-01":{"txs":13,"uniq":7,"trade":0,"nft":1,"gas":0.000338,"bal":0.057798,"days":6,"spread":0.193548,"streak":1,"rank_m":170616,"pct_m":0.181401,"gas_method":"exact"},"2025-02":{"txs":4,"uniq":4,"trade":0,"nft":0,"gas":0.000028,"bal":0.048891,"days":4,"spread":0.142857,"streak":2,"rank_m":236755,"pct_m":0.251721,"gas_method":"exact"},"2025-03":{"txs":4,"uniq":2,"trade":0,"nft":0,"gas":0.000032,"bal":0.043545,"days":3,"spread":0.096774,"streak":1,"rank_m":283813,"pct_m":0.301754,"gas_method":"exact"},"2025-04":{"txs":2,"uniq":2,"trade":0,"nft":0,"gas":0.000012,"bal":0.041438,"days":2,"spread":0.066667,"streak":1,"rank_m":361194,"pct_m":0.384027,"gas_method":"exact"},"2025-05":{"txs":2,"uniq":2,"trade":0,"nft":0,"gas":0.000014,"bal":0.041371,"days":1,"spread":0.032258,"streak":1,"rank_m":222899,"pct_m":0.236989,"gas_method":"estimated"},"2025-06":{"txs":0,"uniq":0,"trade":0,"nft":0,"gas":0,"bal":0.041371,"days":0,"spread":0,"streak":0,"rank_m":439244,"pct_m":0.467011},"2025-07":{"txs":0,"uniq":0,"trade":0,"nft":0,"gas":0,"bal":0.041371,"days":0,"spread":0,"streak":0,"rank_m":457236,"pct_m":0.48614},"2025-08":{"txs":1,"uniq":1,"trade":0,"nft":0,"gas":0.000007,"bal":0.040409,"days":1,"spread":0.032258,"streak":1,"rank_m":278944,"pct_m":0.296577,"gas_method":"estimated"},"2025-09":{"txs":1,"uniq":1,"trade":0,"nft":0,"gas":0.000007,"bal":0.038568,"days":1,"spread":0.033333,"streak":1,"rank_m":286562,"pct_m":0.304677,"gas_method":"estimated"},"2025-10":{"txs":3,"uniq":3,"trade":0,"nft":0,"gas":0.000021,"bal":0.037954,"days":1,"spread":0.032258,"streak":1,"rank_m":132683,"pct_m":0.14107,"gas_method":"estimated"}}}