{"wallet":"0x6e3d1e26ea0e1526b7b5249fc253e6374b4e4c09","rank":70003,"lifetime":{"months_active":18,"first":"2023-07","last":"2025-10","tx_sum":576,"uniq_sum":302,"trade_sum":30,"nft_sum":91,"gas_sum":0.002522,"avg_balance_eth_mean":0.008163,"streak_best_days":8,"gas_sum_filled":0.002522},"months":{"2023-07":{"txs":0,"uniq":0,"trade":0,"nft":0,"gas":0,"bal":0,"days":0,"spread":0,"streak":0,"rank_m":557500,"pct_m":0.592743},"2023-08":{"txs":0,"uniq":0,"trade":0,"nft":0,"gas":0,"bal":0,"days":0,"spread":0,"streak":0,"rank_m":607092,"pct_m":0.64547},"2023-09":{"txs":0,"uniq":0,"trade":0,"nft":0,"gas":0,"bal":0,"days":0,"spread":0,"streak":0,"rank_m":620345,"pct_m":0.659561},"2023-10":{"txs":0,"uniq":0,"trade":0,"nft":0,"gas":0,"bal":0,"days":0,"spread":0,"streak":0,"rank_m":631057,"pct_m":0.67095},"2023-11":{"txs":0,"uniq":0,"trade":0,"nft":0,"gas":0,"bal":0,"days":0,"spread":0,"streak":0,"rank_m":640555,"pct_m":0.681048},"2023-12":{"txs":0,"uniq":0,"trade":0,"nft":0,"gas":0,"bal":0,"days":0,"spread":0,"streak":0,"rank_m":651973,"pct_m":0.693188},"2024-01":{"txs":0,"uniq":0,"trade":0,"nft":0,"gas":0,"bal":0,"days":0,"spread":0,"streak":0,"rank_m":662157,"pct_m":0.704016},"2024-02":{"txs":10,"uniq":6,"trade":3,"nft":4,"gas":0.000104,"bal":0.000629,"days":2,"spread":0.068966,"streak":1,"rank_m":162558,"pct_m":0.172834,"gas_method":"estimated"},"2024-03":{"txs":27,"uniq":11,"trade":0,"nft":7,"gas":0.000584,"bal":0.002953,"days":7,"spread":0.225806,"streak":2,"rank_m":93484,"pct_m":0.099393,"gas_method":"exact"},"2024-04":{"txs":112,"uniq":38,"trade":6,"nft":16,"gas":0.000216,"bal":0.002349,"days":21,"spread":0.7,"streak":8,"rank_m":66309,"pct_m":0.0705,"gas_method":"estimated"},"2024-05":{"txs":40,"uniq":22,"trade":3,"nft":7,"gas":0.000026,"bal":0.006529,"days":14,"spread":0.451613,"streak":3,"rank_m":69690,"pct_m":0.074095,"gas_method":"estimated"},"2024-06":{"txs":43,"uniq":21,"trade":0,"nft":6,"gas":0.000001,"bal":0.003861,"days":13,"spread":0.433333,"streak":4,"rank_m":100179,"pct_m":0.106511,"gas_method":"estimated"},"2024-07":{"txs":51,"uniq":31,"trade":4,"nft":5,"gas":0.000002,"bal":0.002827,"days":12,"spread":0.387097,"streak":3,"rank_m":36059,"pct_m":0.038338,"gas_method":"exact"},"2024-08":{"txs":40,"uniq":21,"trade":4,"nft":12,"gas":0.000008,"bal":0.004035,"days":12,"spread":0.387097,"streak":2,"rank_m":43865,"pct_m":0.046637,"gas_method":"exact"},"2024-09":{"txs":36,"uniq":19,"trade":1,"nft":18,"gas":0.000001,"bal":0.005357,"days":11,"spread":0.366667,"streak":5,"rank_m":49249,"pct_m":0.052361,"gas_method":"estimated"},"2024-10":{"txs":35,"uniq":18,"trade":3,"nft":9,"gas":0.000002,"bal":0.005963,"days":12,"spread":0.387097,"streak":3,"rank_m":68806,"pct_m":0.073155,"gas_method":"estimated"},"2024-11":{"txs":68,"uniq":44,"trade":5,"nft":3,"gas":0.000152,"bal":0.01866,"days":14,"spread":0.466667,"streak":7,"rank_m":17187,"pct_m":0.018272,"gas_method":"exact"},"2024-12":{"txs":50,"uniq":34,"trade":1,"nft":1,"gas":0.001102,"bal":0.01499,"days":15,"spread":0.483871,"streak":4,"rank_m":38647,"pct_m":0.041089,"gas_method":"exact"},"2025-01":{"txs":19,"uniq":14,"trade":0,"nft":3,"gas":0.00001,"bal":0.017884,"days":8,"spread":0.258065,"streak":3,"rank_m":150014,"pct_m":0.159497,"gas_method":"exact"},"2025-02":{"txs":10,"uniq":9,"trade":0,"nft":0,"gas":0.000063,"bal":0.005281,"days":5,"spread":0.178571,"streak":3,"rank_m":172217,"pct_m":0.183103,"gas_method":"exact"},"2025-03":{"txs":15,"uniq":8,"trade":0,"nft":0,"gas":0.000111,"bal":0.019816,"days":4,"spread":0.129032,"streak":2,"rank_m":132756,"pct_m":0.141147,"gas_method":"exact"},"2025-04":{"txs":1,"uniq":1,"trade":0,"nft":0,"gas":0.000006,"bal":0.030449,"days":1,"spread":0.033333,"streak":1,"rank_m":425565,"pct_m":0.452467,"gas_method":"exact"},"2025-05":{"txs":1,"uniq":1,"trade":0,"nft":0,"gas":0.000007,"bal":0.030429,"days":1,"spread":0.032258,"streak":1,"rank_m":264654,"pct_m":0.281384,"gas_method":"estimated"},"2025-06":{"txs":1,"uniq":1,"trade":0,"nft":0,"gas":0.000007,"bal":0.024547,"days":1,"spread":0.033333,"streak":1,"rank_m":294615,"pct_m":0.313239,"gas_method":"estimated"},"2025-07":{"txs":0,"uniq":0,"trade":0,"nft":0,"gas":0,"bal":0.024547,"days":0,"spread":0,"streak":0,"rank_m":483758,"pct_m":0.514339},"2025-08":{"txs":17,"uniq":3,"trade":0,"nft":0,"gas":0.00012,"bal":0.002485,"days":2,"spread":0.064516,"streak":1,"rank_m":373461,"pct_m":0.397069,"gas_method":"estimated"},"2025-09":{"txs":0,"uniq":0,"trade":0,"nft":0,"gas":0,"bal":0.002485,"days":0,"spread":0,"streak":0,"rank_m":630187,"pct_m":0.670025},"2025-10":{"txs":0,"uniq":0,"trade":0,"nft":0,"gas":0,"bal":0.002485,"days":0,"spread":0,"streak":0,"rank_m":556942,"pct_m":0.59215}}}