{"wallet":"0x6e22a3a987e53496cad7a0d7c7285885d3fe7cd3","rank":72324,"lifetime":{"months_active":25,"first":"2023-07","last":"2025-10","tx_sum":761,"uniq_sum":321,"trade_sum":27,"nft_sum":154,"gas_sum":0.001826,"avg_balance_eth_mean":0.001228,"streak_best_days":30,"gas_sum_filled":0.001826},"months":{"2023-07":{"txs":0,"uniq":0,"trade":0,"nft":0,"gas":0,"bal":0,"days":0,"spread":0,"streak":0,"rank_m":557856,"pct_m":0.593121},"2023-08":{"txs":3,"uniq":2,"trade":0,"nft":1,"gas":0.00011,"bal":0.000628,"days":3,"spread":0.096774,"streak":2,"rank_m":125845,"pct_m":0.1338,"gas_method":"exact"},"2023-09":{"txs":1,"uniq":1,"trade":0,"nft":3,"gas":0.000038,"bal":0.00283,"days":1,"spread":0.033333,"streak":1,"rank_m":107513,"pct_m":0.114309,"gas_method":"exact"},"2023-10":{"txs":10,"uniq":6,"trade":0,"nft":4,"gas":0.000022,"bal":0.002629,"days":7,"spread":0.225806,"streak":2,"rank_m":53076,"pct_m":0.05643,"gas_method":"estimated"},"2023-11":{"txs":14,"uniq":11,"trade":0,"nft":6,"gas":0.000054,"bal":0.003808,"days":7,"spread":0.233333,"streak":2,"rank_m":33347,"pct_m":0.035454,"gas_method":"estimated"},"2023-12":{"txs":8,"uniq":7,"trade":0,"nft":3,"gas":0.000058,"bal":0.001601,"days":3,"spread":0.096774,"streak":1,"rank_m":84030,"pct_m":0.089341,"gas_method":"estimated"},"2024-01":{"txs":5,"uniq":5,"trade":3,"nft":1,"gas":0.000417,"bal":0.001333,"days":3,"spread":0.096774,"streak":1,"rank_m":73770,"pct_m":0.078433,"gas_method":"exact"},"2024-02":{"txs":27,"uniq":10,"trade":2,"nft":5,"gas":0.000103,"bal":0.001811,"days":4,"spread":0.137931,"streak":2,"rank_m":79567,"pct_m":0.084596,"gas_method":"estimated"},"2024-03":{"txs":1,"uniq":1,"trade":0,"nft":1,"gas":0.000006,"bal":0.00382,"days":1,"spread":0.032258,"streak":1,"rank_m":305555,"pct_m":0.32487,"gas_method":"estimated"},"2024-04":{"txs":62,"uniq":24,"trade":0,"nft":11,"gas":0.000044,"bal":0.001538,"days":12,"spread":0.4,"streak":6,"rank_m":134029,"pct_m":0.142501,"gas_method":"estimated"},"2024-05":{"txs":80,"uniq":21,"trade":0,"nft":7,"gas":0.000021,"bal":0.001841,"days":30,"spread":0.967742,"streak":17,"rank_m":47088,"pct_m":0.050064,"gas_method":"exact"},"2024-06":{"txs":56,"uniq":17,"trade":3,"nft":5,"gas":0.000001,"bal":0.000373,"days":15,"spread":0.5,"streak":13,"rank_m":72037,"pct_m":0.07659,"gas_method":"exact"},"2024-07":{"txs":20,"uniq":12,"trade":4,"nft":4,"gas":0.000001,"bal":0.000108,"days":5,"spread":0.16129,"streak":2,"rank_m":157444,"pct_m":0.167396,"gas_method":"exact"},"2024-08":{"txs":98,"uniq":44,"trade":3,"nft":37,"gas":0.000001,"bal":0.000516,"days":16,"spread":0.516129,"streak":4,"rank_m":54990,"pct_m":0.058465,"gas_method":"exact"},"2024-09":{"txs":65,"uniq":29,"trade":0,"nft":27,"gas":0.000001,"bal":0.000848,"days":17,"spread":0.566667,"streak":3,"rank_m":49214,"pct_m":0.052324,"gas_method":"exact"},"2024-10":{"txs":92,"uniq":37,"trade":5,"nft":31,"gas":0.000004,"bal":0.000746,"days":23,"spread":0.741935,"streak":9,"rank_m":38774,"pct_m":0.041224,"gas_method":"exact"},"2024-11":{"txs":56,"uniq":19,"trade":0,"nft":2,"gas":0.000124,"bal":0.001256,"days":13,"spread":0.433333,"streak":5,"rank_m":90214,"pct_m":0.095916,"gas_method":"exact"},"2024-12":{"txs":66,"uniq":29,"trade":7,"nft":4,"gas":0.000006,"bal":0.000279,"days":13,"spread":0.419355,"streak":4,"rank_m":195550,"pct_m":0.207911,"gas_method":"exact"},"2025-01":{"txs":12,"uniq":7,"trade":0,"nft":0,"gas":0.000234,"bal":0.000802,"days":4,"spread":0.129032,"streak":1,"rank_m":347384,"pct_m":0.369344,"gas_method":"exact"},"2025-02":{"txs":17,"uniq":8,"trade":0,"nft":1,"gas":0.000106,"bal":0.000578,"days":9,"spread":0.321429,"streak":5,"rank_m":159700,"pct_m":0.169795,"gas_method":"exact"},"2025-03":{"txs":6,"uniq":4,"trade":0,"nft":0,"gas":0.00004,"bal":0.000665,"days":2,"spread":0.064516,"streak":1,"rank_m":377594,"pct_m":0.401464,"gas_method":"exact"},"2025-04":{"txs":1,"uniq":1,"trade":0,"nft":0,"gas":0.000006,"bal":0.000766,"days":1,"spread":0.033333,"streak":1,"rank_m":524002,"pct_m":0.557127,"gas_method":"exact"},"2025-05":{"txs":0,"uniq":0,"trade":0,"nft":0,"gas":0,"bal":0.000766,"days":0,"spread":0,"streak":0,"rank_m":724301,"pct_m":0.770089},"2025-06":{"txs":4,"uniq":2,"trade":0,"nft":0,"gas":0.000028,"bal":0.000671,"days":2,"spread":0.066667,"streak":1,"rank_m":528339,"pct_m":0.561738,"gas_method":"estimated"},"2025-07":{"txs":2,"uniq":2,"trade":0,"nft":0,"gas":0.000014,"bal":0.000663,"days":1,"spread":0.032258,"streak":1,"rank_m":562567,"pct_m":0.59813,"gas_method":"estimated"},"2025-08":{"txs":0,"uniq":0,"trade":0,"nft":0,"gas":0,"bal":0.000663,"days":0,"spread":0,"streak":0,"rank_m":731242,"pct_m":0.777468},"2025-09":{"txs":39,"uniq":15,"trade":0,"nft":1,"gas":0.000274,"bal":0.001913,"days":9,"spread":0.3,"streak":5,"rank_m":132334,"pct_m":0.140699,"gas_method":"estimated"},"2025-10":{"txs":16,"uniq":7,"trade":0,"nft":0,"gas":0.000113,"bal":0.000937,"days":4,"spread":0.129032,"streak":1,"rank_m":268525,"pct_m":0.2855,"gas_method":"estimated"}}}