{"wallet":"0x6ee9209ef6e3624fc7f5829be6eb1b729d6f80ee","rank":416169,"lifetime":{"months_active":21,"first":"2023-07","last":"2025-10","tx_sum":109,"uniq_sum":78,"trade_sum":1,"nft_sum":41,"gas_sum":0.016783,"avg_balance_eth_mean":0.002931,"streak_best_days":5,"gas_sum_filled":0.016783},"months":{"2023-07":{"txs":0,"uniq":0,"trade":0,"nft":0,"gas":0,"bal":0,"days":0,"spread":0,"streak":0,"rank_m":555192,"pct_m":0.590289},"2023-08":{"txs":16,"uniq":14,"trade":0,"nft":9,"gas":0.002603,"bal":0.004688,"days":8,"spread":0.258065,"streak":4,"rank_m":41896,"pct_m":0.044544,"gas_method":"exact"},"2023-09":{"txs":2,"uniq":2,"trade":0,"nft":1,"gas":0.000072,"bal":0.000688,"days":2,"spread":0.066667,"streak":1,"rank_m":111133,"pct_m":0.118158,"gas_method":"exact"},"2023-10":{"txs":4,"uniq":3,"trade":0,"nft":2,"gas":0.000089,"bal":0.003149,"days":1,"spread":0.032258,"streak":1,"rank_m":98935,"pct_m":0.105188,"gas_method":"estimated"},"2023-11":{"txs":5,"uniq":1,"trade":0,"nft":0,"gas":0.012442,"bal":0.002383,"days":1,"spread":0.033333,"streak":1,"rank_m":95156,"pct_m":0.10117,"gas_method":"exact"},"2023-12":{"txs":0,"uniq":0,"trade":0,"nft":0,"gas":0,"bal":0.002383,"days":0,"spread":0,"streak":0,"rank_m":277594,"pct_m":0.295142},"2024-01":{"txs":9,"uniq":3,"trade":0,"nft":0,"gas":0.000607,"bal":0.002067,"days":5,"spread":0.16129,"streak":5,"rank_m":102369,"pct_m":0.108839,"gas_method":"estimated"},"2024-02":{"txs":2,"uniq":2,"trade":0,"nft":1,"gas":0.000076,"bal":0.001198,"days":2,"spread":0.068966,"streak":1,"rank_m":221275,"pct_m":0.235262,"gas_method":"estimated"},"2024-03":{"txs":2,"uniq":2,"trade":0,"nft":2,"gas":0.000114,"bal":0.001094,"days":2,"spread":0.064516,"streak":1,"rank_m":306676,"pct_m":0.326062,"gas_method":"estimated"},"2024-04":{"txs":3,"uniq":3,"trade":0,"nft":2,"gas":0.000021,"bal":0.001198,"days":3,"spread":0.1,"streak":1,"rank_m":391441,"pct_m":0.416186,"gas_method":"estimated"},"2024-05":{"txs":3,"uniq":3,"trade":0,"nft":3,"gas":0.000007,"bal":0.000482,"days":1,"spread":0.032258,"streak":1,"rank_m":429477,"pct_m":0.456627,"gas_method":"estimated"},"2024-06":{"txs":1,"uniq":1,"trade":0,"nft":4,"gas":0,"bal":0.001253,"days":1,"spread":0.033333,"streak":1,"rank_m":428940,"pct_m":0.456056,"gas_method":"estimated"},"2024-07":{"txs":1,"uniq":1,"trade":0,"nft":1,"gas":0,"bal":0.004424,"days":1,"spread":0.032258,"streak":1,"rank_m":402557,"pct_m":0.428005,"gas_method":"estimated"},"2024-08":{"txs":9,"uniq":4,"trade":0,"nft":4,"gas":0.000002,"bal":0.006532,"days":4,"spread":0.129032,"streak":2,"rank_m":237612,"pct_m":0.252632,"gas_method":"estimated"},"2024-09":{"txs":7,"uniq":7,"trade":0,"nft":4,"gas":0.000001,"bal":0.008489,"days":5,"spread":0.166667,"streak":2,"rank_m":100865,"pct_m":0.10724,"gas_method":"exact"},"2024-10":{"txs":1,"uniq":1,"trade":0,"nft":2,"gas":0,"bal":0.008248,"days":1,"spread":0.032258,"streak":1,"rank_m":374478,"pct_m":0.398151,"gas_method":"estimated"},"2024-11":{"txs":1,"uniq":1,"trade":0,"nft":0,"gas":0.000002,"bal":0.007648,"days":1,"spread":0.033333,"streak":1,"rank_m":447029,"pct_m":0.475288,"gas_method":"exact"},"2024-12":{"txs":7,"uniq":6,"trade":0,"nft":4,"gas":0.000154,"bal":0.006341,"days":6,"spread":0.193548,"streak":2,"rank_m":264680,"pct_m":0.281411,"gas_method":"exact"},"2025-01":{"txs":18,"uniq":14,"trade":1,"nft":2,"gas":0.000468,"bal":0.003505,"days":6,"spread":0.193548,"streak":1,"rank_m":183856,"pct_m":0.195478,"gas_method":"exact"},"2025-02":{"txs":3,"uniq":3,"trade":0,"nft":0,"gas":0.000021,"bal":0.001002,"days":3,"spread":0.107143,"streak":1,"rank_m":413598,"pct_m":0.439744,"gas_method":"exact"},"2025-03":{"txs":0,"uniq":0,"trade":0,"nft":0,"gas":0,"bal":0.001002,"days":0,"spread":0,"streak":0,"rank_m":684601,"pct_m":0.727879},"2025-04":{"txs":1,"uniq":1,"trade":0,"nft":0,"gas":0.000006,"bal":0.000839,"days":1,"spread":0.033333,"streak":1,"rank_m":521326,"pct_m":0.554282,"gas_method":"exact"},"2025-05":{"txs":0,"uniq":0,"trade":0,"nft":0,"gas":0,"bal":0.000839,"days":0,"spread":0,"streak":0,"rank_m":718004,"pct_m":0.763394},"2025-06":{"txs":0,"uniq":0,"trade":0,"nft":0,"gas":0,"bal":0.000839,"days":0,"spread":0,"streak":0,"rank_m":718457,"pct_m":0.763875},"2025-07":{"txs":0,"uniq":0,"trade":0,"nft":0,"gas":0,"bal":0.000839,"days":0,"spread":0,"streak":0,"rank_m":738333,"pct_m":0.785008},"2025-08":{"txs":0,"uniq":0,"trade":0,"nft":0,"gas":0,"bal":0.000839,"days":0,"spread":0,"streak":0,"rank_m":718503,"pct_m":0.763924},"2025-09":{"txs":12,"uniq":6,"trade":0,"nft":0,"gas":0.000084,"bal":0.000711,"days":2,"spread":0.066667,"streak":1,"rank_m":427602,"pct_m":0.454633,"gas_method":"estimated"},"2025-10":{"txs":2,"uniq":0,"trade":0,"nft":0,"gas":0.000014,"bal":0.009397,"days":1,"spread":0.032258,"streak":1,"rank_m":266491,"pct_m":0.283337,"gas_method":"estimated"}}}