{"wallet":"0x6e1c24586d0dfeb608e0442a8a1ce772afec03a6","rank":9244,"lifetime":{"months_active":21,"first":"2023-07","last":"2025-10","tx_sum":931,"uniq_sum":287,"trade_sum":55,"nft_sum":241,"gas_sum":0.009319,"avg_balance_eth_mean":0.030835,"streak_best_days":71,"gas_sum_filled":0.009319},"months":{"2023-07":{"txs":0,"uniq":0,"trade":0,"nft":0,"gas":0,"bal":0,"days":0,"spread":0,"streak":0,"rank_m":557934,"pct_m":0.593204},"2023-08":{"txs":10,"uniq":6,"trade":0,"nft":2,"gas":0.000696,"bal":0.050796,"days":3,"spread":0.096774,"streak":1,"rank_m":82201,"pct_m":0.087397,"gas_method":"exact"},"2023-09":{"txs":61,"uniq":7,"trade":0,"nft":2,"gas":0.001764,"bal":0.16277,"days":16,"spread":0.533333,"streak":6,"rank_m":8721,"pct_m":0.009271,"gas_method":"exact"},"2023-10":{"txs":53,"uniq":2,"trade":0,"nft":1,"gas":0.000076,"bal":0.046567,"days":21,"spread":0.677419,"streak":7,"rank_m":17603,"pct_m":0.018715,"gas_method":"exact"},"2023-11":{"txs":4,"uniq":2,"trade":0,"nft":1,"gas":0.000042,"bal":0.044696,"days":2,"spread":0.066667,"streak":1,"rank_m":62504,"pct_m":0.066454,"gas_method":"estimated"},"2023-12":{"txs":1,"uniq":1,"trade":0,"nft":2,"gas":0.00002,"bal":0.03909,"days":1,"spread":0.032258,"streak":1,"rank_m":98973,"pct_m":0.105229,"gas_method":"estimated"},"2024-01":{"txs":0,"uniq":0,"trade":0,"nft":0,"gas":0,"bal":0.03909,"days":0,"spread":0,"streak":0,"rank_m":234539,"pct_m":0.249365},"2024-02":{"txs":77,"uniq":29,"trade":6,"nft":17,"gas":0.003484,"bal":0.028371,"days":18,"spread":0.62069,"streak":4,"rank_m":1649,"pct_m":0.001752,"gas_method":"exact"},"2024-03":{"txs":38,"uniq":25,"trade":6,"nft":24,"gas":0.000246,"bal":0.042771,"days":14,"spread":0.451613,"streak":4,"rank_m":13247,"pct_m":0.014083,"gas_method":"exact"},"2024-04":{"txs":82,"uniq":22,"trade":17,"nft":12,"gas":0.000144,"bal":0.036629,"days":30,"spread":1,"streak":30,"rank_m":6146,"pct_m":0.006533,"gas_method":"exact"},"2024-05":{"txs":93,"uniq":31,"trade":2,"nft":37,"gas":0.000034,"bal":0.010997,"days":31,"spread":1,"streak":31,"rank_m":7976,"pct_m":0.008479,"gas_method":"exact"},"2024-06":{"txs":120,"uniq":37,"trade":3,"nft":48,"gas":0.000001,"bal":0.013814,"days":28,"spread":0.933333,"streak":12,"rank_m":5705,"pct_m":0.006065,"gas_method":"exact"},"2024-07":{"txs":77,"uniq":28,"trade":1,"nft":43,"gas":0.000003,"bal":0.014624,"days":25,"spread":0.806452,"streak":12,"rank_m":6307,"pct_m":0.006705,"gas_method":"exact"},"2024-08":{"txs":69,"uniq":14,"trade":0,"nft":31,"gas":0.000003,"bal":0.017095,"days":19,"spread":0.612903,"streak":8,"rank_m":14186,"pct_m":0.015082,"gas_method":"exact"},"2024-09":{"txs":32,"uniq":11,"trade":0,"nft":17,"gas":0,"bal":0.015602,"days":8,"spread":0.266667,"streak":3,"rank_m":26723,"pct_m":0.028411,"gas_method":"exact"},"2024-10":{"txs":2,"uniq":2,"trade":0,"nft":1,"gas":0,"bal":0.015735,"days":1,"spread":0.032258,"streak":1,"rank_m":340441,"pct_m":0.361962,"gas_method":"estimated"},"2024-11":{"txs":11,"uniq":8,"trade":0,"nft":0,"gas":0.000025,"bal":0.019125,"days":2,"spread":0.066667,"streak":1,"rank_m":262411,"pct_m":0.278999,"gas_method":"exact"},"2024-12":{"txs":1,"uniq":1,"trade":0,"nft":0,"gas":0.000022,"bal":0.032922,"days":1,"spread":0.032258,"streak":1,"rank_m":480890,"pct_m":0.51129,"gas_method":"exact"},"2025-01":{"txs":72,"uniq":14,"trade":0,"nft":0,"gas":0.00187,"bal":0.031147,"days":6,"spread":0.193548,"streak":3,"rank_m":57574,"pct_m":0.061213,"gas_method":"exact"},"2025-02":{"txs":58,"uniq":9,"trade":8,"nft":3,"gas":0.000408,"bal":0.030409,"days":7,"spread":0.25,"streak":2,"rank_m":32217,"pct_m":0.034253,"gas_method":"exact"},"2025-03":{"txs":14,"uniq":3,"trade":2,"nft":0,"gas":0.000111,"bal":0.027924,"days":1,"spread":0.032258,"streak":1,"rank_m":203542,"pct_m":0.216408,"gas_method":"exact"},"2025-04":{"txs":24,"uniq":14,"trade":1,"nft":0,"gas":0.000145,"bal":0.028606,"days":3,"spread":0.1,"streak":3,"rank_m":47993,"pct_m":0.051026,"gas_method":"exact"},"2025-05":{"txs":32,"uniq":21,"trade":9,"nft":0,"gas":0.000225,"bal":0.019102,"days":1,"spread":0.032258,"streak":1,"rank_m":86141,"pct_m":0.091586,"gas_method":"estimated"},"2025-06":{"txs":0,"uniq":0,"trade":0,"nft":0,"gas":0,"bal":0.019102,"days":0,"spread":0,"streak":0,"rank_m":481363,"pct_m":0.511793},"2025-07":{"txs":0,"uniq":0,"trade":0,"nft":0,"gas":0,"bal":0.019102,"days":0,"spread":0,"streak":0,"rank_m":499946,"pct_m":0.53155},"2025-08":{"txs":0,"uniq":0,"trade":0,"nft":0,"gas":0,"bal":0.019102,"days":0,"spread":0,"streak":0,"rank_m":475494,"pct_m":0.505553},"2025-09":{"txs":0,"uniq":0,"trade":0,"nft":0,"gas":0,"bal":0.019102,"days":0,"spread":0,"streak":0,"rank_m":471557,"pct_m":0.501367},"2025-10":{"txs":0,"uniq":0,"trade":0,"nft":0,"gas":0,"bal":0.019102,"days":0,"spread":0,"streak":0,"rank_m":378026,"pct_m":0.401923}}}