{"wallet":"0x6e6dfbd557bcc90a5f743ab2bcfd24f7454992c9","rank":21393,"lifetime":{"months_active":25,"first":"2023-07","last":"2025-10","tx_sum":924,"uniq_sum":383,"trade_sum":66,"nft_sum":81,"gas_sum":0.010579,"avg_balance_eth_mean":0.010933,"streak_best_days":9,"gas_sum_filled":0.010579},"months":{"2023-07":{"txs":0,"uniq":0,"trade":0,"nft":0,"gas":0,"bal":0,"days":0,"spread":0,"streak":0,"rank_m":556864,"pct_m":0.592067},"2023-08":{"txs":0,"uniq":0,"trade":0,"nft":0,"gas":0,"bal":0,"days":0,"spread":0,"streak":0,"rank_m":606527,"pct_m":0.644869},"2023-09":{"txs":0,"uniq":0,"trade":0,"nft":0,"gas":0,"bal":0,"days":0,"spread":0,"streak":0,"rank_m":619808,"pct_m":0.65899},"2023-10":{"txs":36,"uniq":15,"trade":4,"nft":4,"gas":0.000266,"bal":0.002008,"days":5,"spread":0.16129,"streak":2,"rank_m":37970,"pct_m":0.040369,"gas_method":"estimated"},"2023-11":{"txs":69,"uniq":22,"trade":15,"nft":7,"gas":0.000883,"bal":0.007442,"days":10,"spread":0.333333,"streak":3,"rank_m":10270,"pct_m":0.010918,"gas_method":"estimated"},"2023-12":{"txs":9,"uniq":8,"trade":1,"nft":0,"gas":0.000216,"bal":0.0044,"days":2,"spread":0.064516,"streak":1,"rank_m":62787,"pct_m":0.066755,"gas_method":"estimated"},"2024-01":{"txs":15,"uniq":12,"trade":3,"nft":3,"gas":0.000335,"bal":0.003473,"days":3,"spread":0.096774,"streak":1,"rank_m":64343,"pct_m":0.06841,"gas_method":"estimated"},"2024-02":{"txs":11,"uniq":8,"trade":0,"nft":4,"gas":0.000139,"bal":0.008026,"days":7,"spread":0.241379,"streak":3,"rank_m":57429,"pct_m":0.061058,"gas_method":"estimated"},"2024-03":{"txs":76,"uniq":34,"trade":6,"nft":18,"gas":0.002947,"bal":0.013129,"days":12,"spread":0.387097,"streak":3,"rank_m":11894,"pct_m":0.012645,"gas_method":"exact"},"2024-04":{"txs":22,"uniq":14,"trade":0,"nft":8,"gas":0.000047,"bal":0.005828,"days":9,"spread":0.3,"streak":3,"rank_m":127408,"pct_m":0.135461,"gas_method":"exact"},"2024-05":{"txs":33,"uniq":11,"trade":0,"nft":6,"gas":0.000026,"bal":0.003262,"days":10,"spread":0.322581,"streak":3,"rank_m":151059,"pct_m":0.160608,"gas_method":"estimated"},"2024-06":{"txs":29,"uniq":17,"trade":0,"nft":8,"gas":0.000001,"bal":0.004975,"days":10,"spread":0.333333,"streak":3,"rank_m":109149,"pct_m":0.116048,"gas_method":"estimated"},"2024-07":{"txs":47,"uniq":23,"trade":1,"nft":12,"gas":0.000006,"bal":0.0022,"days":13,"spread":0.419355,"streak":3,"rank_m":89855,"pct_m":0.095534,"gas_method":"estimated"},"2024-08":{"txs":16,"uniq":13,"trade":2,"nft":3,"gas":0.000001,"bal":0.002068,"days":6,"spread":0.193548,"streak":2,"rank_m":181885,"pct_m":0.193382,"gas_method":"estimated"},"2024-09":{"txs":12,"uniq":9,"trade":0,"nft":1,"gas":0,"bal":0.008206,"days":7,"spread":0.233333,"streak":1,"rank_m":155071,"pct_m":0.164873,"gas_method":"estimated"},"2024-10":{"txs":58,"uniq":18,"trade":0,"nft":5,"gas":0.000004,"bal":0.005063,"days":8,"spread":0.258065,"streak":3,"rank_m":96101,"pct_m":0.102175,"gas_method":"estimated"},"2024-11":{"txs":29,"uniq":11,"trade":0,"nft":1,"gas":0.000064,"bal":0.032134,"days":7,"spread":0.233333,"streak":4,"rank_m":77014,"pct_m":0.081882,"gas_method":"exact"},"2024-12":{"txs":124,"uniq":33,"trade":19,"nft":0,"gas":0.002712,"bal":0.011846,"days":18,"spread":0.580645,"streak":6,"rank_m":17578,"pct_m":0.018688,"gas_method":"exact"},"2025-01":{"txs":31,"uniq":17,"trade":0,"nft":1,"gas":0.000805,"bal":0.0069,"days":5,"spread":0.16129,"streak":3,"rank_m":105741,"pct_m":0.112425,"gas_method":"exact"},"2025-02":{"txs":21,"uniq":14,"trade":5,"nft":0,"gas":0.000141,"bal":0.00094,"days":4,"spread":0.142857,"streak":2,"rank_m":148078,"pct_m":0.157438,"gas_method":"exact"},"2025-03":{"txs":3,"uniq":2,"trade":0,"nft":0,"gas":0.000024,"bal":0.000779,"days":1,"spread":0.032258,"streak":1,"rank_m":438939,"pct_m":0.466687,"gas_method":"exact"},"2025-04":{"txs":24,"uniq":11,"trade":0,"nft":0,"gas":0.000139,"bal":0.044936,"days":9,"spread":0.3,"streak":2,"rank_m":44486,"pct_m":0.047297,"gas_method":"exact"},"2025-05":{"txs":32,"uniq":16,"trade":0,"nft":0,"gas":0.000225,"bal":0.005581,"days":8,"spread":0.258065,"streak":3,"rank_m":96026,"pct_m":0.102095,"gas_method":"estimated"},"2025-06":{"txs":51,"uniq":26,"trade":2,"nft":0,"gas":0.000359,"bal":0.001906,"days":11,"spread":0.366667,"streak":3,"rank_m":126752,"pct_m":0.134764,"gas_method":"estimated"},"2025-07":{"txs":43,"uniq":24,"trade":0,"nft":0,"gas":0.000303,"bal":0.038802,"days":11,"spread":0.354839,"streak":5,"rank_m":28322,"pct_m":0.030111,"gas_method":"estimated"},"2025-08":{"txs":25,"uniq":13,"trade":8,"nft":0,"gas":0.000176,"bal":0.003779,"days":5,"spread":0.16129,"streak":2,"rank_m":144030,"pct_m":0.153134,"gas_method":"estimated"},"2025-09":{"txs":37,"uniq":11,"trade":0,"nft":0,"gas":0.00026,"bal":0.084188,"days":7,"spread":0.233333,"streak":2,"rank_m":43079,"pct_m":0.045801,"gas_method":"estimated"},"2025-10":{"txs":71,"uniq":1,"trade":0,"nft":0,"gas":0.0005,"bal":0.004262,"days":7,"spread":0.225806,"streak":4,"rank_m":146610,"pct_m":0.155877,"gas_method":"estimated"}}}