{"wallet":"0x6ea012a3249ccc35d020dd4124b739956966699e","rank":85786,"lifetime":{"months_active":26,"first":"2023-07","last":"2025-10","tx_sum":312,"uniq_sum":203,"trade_sum":2,"nft_sum":88,"gas_sum":0.006163,"avg_balance_eth_mean":0.006763,"streak_best_days":17,"gas_sum_filled":0.006163},"months":{"2023-07":{"txs":0,"uniq":0,"trade":0,"nft":0,"gas":0,"bal":0,"days":0,"spread":0,"streak":0,"rank_m":556187,"pct_m":0.591347},"2023-08":{"txs":28,"uniq":20,"trade":0,"nft":16,"gas":0.003014,"bal":0.004312,"days":16,"spread":0.516129,"streak":4,"rank_m":27098,"pct_m":0.02881,"gas_method":"exact"},"2023-09":{"txs":17,"uniq":8,"trade":0,"nft":4,"gas":0.00119,"bal":0.003787,"days":11,"spread":0.366667,"streak":3,"rank_m":27073,"pct_m":0.028783,"gas_method":"exact"},"2023-10":{"txs":13,"uniq":2,"trade":0,"nft":1,"gas":0.000085,"bal":0.002211,"days":12,"spread":0.387097,"streak":3,"rank_m":46936,"pct_m":0.049902,"gas_method":"exact"},"2023-11":{"txs":3,"uniq":2,"trade":0,"nft":3,"gas":0.000045,"bal":0.001369,"days":2,"spread":0.066667,"streak":1,"rank_m":104000,"pct_m":0.110574,"gas_method":"estimated"},"2023-12":{"txs":9,"uniq":6,"trade":0,"nft":8,"gas":0.000115,"bal":0.003388,"days":4,"spread":0.129032,"streak":2,"rank_m":35331,"pct_m":0.037563,"gas_method":"exact"},"2024-01":{"txs":4,"uniq":2,"trade":0,"nft":4,"gas":0.000037,"bal":0.003333,"days":4,"spread":0.129032,"streak":1,"rank_m":88784,"pct_m":0.094396,"gas_method":"exact"},"2024-02":{"txs":9,"uniq":6,"trade":0,"nft":5,"gas":0.000311,"bal":0.003016,"days":6,"spread":0.206897,"streak":1,"rank_m":85668,"pct_m":0.091083,"gas_method":"exact"},"2024-03":{"txs":12,"uniq":9,"trade":0,"nft":6,"gas":0.000268,"bal":0.001005,"days":7,"spread":0.225806,"streak":3,"rank_m":176050,"pct_m":0.187178,"gas_method":"estimated"},"2024-04":{"txs":6,"uniq":6,"trade":0,"nft":3,"gas":0.000016,"bal":0.001534,"days":3,"spread":0.1,"streak":1,"rank_m":360085,"pct_m":0.382848,"gas_method":"estimated"},"2024-05":{"txs":19,"uniq":11,"trade":0,"nft":9,"gas":0.000017,"bal":0.001446,"days":9,"spread":0.290323,"streak":3,"rank_m":198587,"pct_m":0.21114,"gas_method":"estimated"},"2024-06":{"txs":39,"uniq":17,"trade":0,"nft":10,"gas":0.000001,"bal":0.003947,"days":12,"spread":0.4,"streak":3,"rank_m":106523,"pct_m":0.113256,"gas_method":"estimated"},"2024-07":{"txs":19,"uniq":5,"trade":0,"nft":7,"gas":0.000002,"bal":0.009552,"days":4,"spread":0.129032,"streak":1,"rank_m":148292,"pct_m":0.157666,"gas_method":"exact"},"2024-08":{"txs":10,"uniq":8,"trade":1,"nft":3,"gas":0.000001,"bal":0.008332,"days":4,"spread":0.129032,"streak":1,"rank_m":166806,"pct_m":0.17735,"gas_method":"exact"},"2024-09":{"txs":3,"uniq":3,"trade":0,"nft":3,"gas":0,"bal":0.008146,"days":3,"spread":0.1,"streak":2,"rank_m":211708,"pct_m":0.225091,"gas_method":"estimated"},"2024-10":{"txs":1,"uniq":1,"trade":0,"nft":4,"gas":0,"bal":0.008075,"days":1,"spread":0.032258,"streak":1,"rank_m":363334,"pct_m":0.386302,"gas_method":"estimated"},"2024-11":{"txs":9,"uniq":8,"trade":1,"nft":0,"gas":0.000021,"bal":0.010611,"days":6,"spread":0.2,"streak":2,"rank_m":176807,"pct_m":0.187983,"gas_method":"exact"},"2024-12":{"txs":11,"uniq":7,"trade":0,"nft":1,"gas":0.000243,"bal":0.011569,"days":4,"spread":0.129032,"streak":2,"rank_m":238567,"pct_m":0.253648,"gas_method":"exact"},"2025-01":{"txs":4,"uniq":4,"trade":0,"nft":0,"gas":0.000104,"bal":0.009851,"days":2,"spread":0.064516,"streak":1,"rank_m":385595,"pct_m":0.40997,"gas_method":"exact"},"2025-02":{"txs":20,"uniq":18,"trade":0,"nft":0,"gas":0.000141,"bal":0.009935,"days":9,"spread":0.321429,"streak":5,"rank_m":67357,"pct_m":0.071614,"gas_method":"exact"},"2025-03":{"txs":25,"uniq":25,"trade":0,"nft":0,"gas":0.000198,"bal":0.010419,"days":17,"spread":0.548387,"streak":12,"rank_m":46732,"pct_m":0.049685,"gas_method":"exact"},"2025-04":{"txs":3,"uniq":2,"trade":0,"nft":0,"gas":0.000018,"bal":0.010376,"days":2,"spread":0.066667,"streak":1,"rank_m":373277,"pct_m":0.396874,"gas_method":"exact"},"2025-05":{"txs":8,"uniq":6,"trade":0,"nft":0,"gas":0.000056,"bal":0.010366,"days":3,"spread":0.096774,"streak":2,"rank_m":150771,"pct_m":0.160301,"gas_method":"estimated"},"2025-06":{"txs":0,"uniq":0,"trade":0,"nft":0,"gas":0,"bal":0.010366,"days":0,"spread":0,"streak":0,"rank_m":531213,"pct_m":0.564794},"2025-07":{"txs":7,"uniq":4,"trade":0,"nft":0,"gas":0.000049,"bal":0.010349,"days":2,"spread":0.064516,"streak":2,"rank_m":269669,"pct_m":0.286716,"gas_method":"estimated"},"2025-08":{"txs":11,"uniq":7,"trade":0,"nft":0,"gas":0.000077,"bal":0.010714,"days":3,"spread":0.096774,"streak":1,"rank_m":227681,"pct_m":0.242073,"gas_method":"estimated"},"2025-09":{"txs":12,"uniq":8,"trade":0,"nft":0,"gas":0.000084,"bal":0.010803,"days":3,"spread":0.1,"streak":1,"rank_m":215041,"pct_m":0.228634,"gas_method":"estimated"},"2025-10":{"txs":10,"uniq":8,"trade":0,"nft":1,"gas":0.00007,"bal":0.010563,"days":1,"spread":0.032258,"streak":1,"rank_m":120774,"pct_m":0.128408,"gas_method":"estimated"}}}