{"wallet":"0x6eb1a2401c11b3ee5271da3ba4448e2617732f1e","rank":53503,"lifetime":{"months_active":26,"first":"2023-07","last":"2025-10","tx_sum":492,"uniq_sum":235,"trade_sum":12,"nft_sum":90,"gas_sum":0.00475,"avg_balance_eth_mean":0.005341,"streak_best_days":18,"gas_sum_filled":0.00475},"months":{"2023-07":{"txs":0,"uniq":0,"trade":0,"nft":0,"gas":0,"bal":0,"days":0,"spread":0,"streak":0,"rank_m":555954,"pct_m":0.591099},"2023-08":{"txs":39,"uniq":24,"trade":0,"nft":20,"gas":0.001296,"bal":0.003276,"days":16,"spread":0.516129,"streak":11,"rank_m":26507,"pct_m":0.028182,"gas_method":"exact"},"2023-09":{"txs":6,"uniq":5,"trade":0,"nft":4,"gas":0.000108,"bal":0.002717,"days":4,"spread":0.133333,"streak":1,"rank_m":64348,"pct_m":0.068415,"gas_method":"exact"},"2023-10":{"txs":3,"uniq":3,"trade":0,"nft":4,"gas":0.000025,"bal":0.002363,"days":3,"spread":0.096774,"streak":1,"rank_m":71997,"pct_m":0.076547,"gas_method":"exact"},"2023-11":{"txs":5,"uniq":3,"trade":0,"nft":2,"gas":0.000062,"bal":0.001291,"days":5,"spread":0.166667,"streak":2,"rank_m":77531,"pct_m":0.082431,"gas_method":"estimated"},"2023-12":{"txs":4,"uniq":4,"trade":0,"nft":4,"gas":0.000097,"bal":0.000264,"days":4,"spread":0.129032,"streak":2,"rank_m":76014,"pct_m":0.080818,"gas_method":"exact"},"2024-01":{"txs":0,"uniq":0,"trade":0,"nft":0,"gas":0,"bal":0.000264,"days":0,"spread":0,"streak":0,"rank_m":347899,"pct_m":0.369891},"2024-02":{"txs":1,"uniq":1,"trade":0,"nft":2,"gas":0.000012,"bal":0.000213,"days":1,"spread":0.034483,"streak":1,"rank_m":258191,"pct_m":0.274512,"gas_method":"estimated"},"2024-03":{"txs":17,"uniq":13,"trade":1,"nft":4,"gas":0.000313,"bal":0.001175,"days":4,"spread":0.129032,"streak":1,"rank_m":191742,"pct_m":0.203862,"gas_method":"estimated"},"2024-04":{"txs":37,"uniq":11,"trade":0,"nft":5,"gas":0.000084,"bal":0.000759,"days":10,"spread":0.333333,"streak":8,"rank_m":215473,"pct_m":0.229094,"gas_method":"estimated"},"2024-05":{"txs":25,"uniq":12,"trade":0,"nft":4,"gas":0.000001,"bal":0.000512,"days":13,"spread":0.419355,"streak":10,"rank_m":143254,"pct_m":0.152309,"gas_method":"exact"},"2024-06":{"txs":10,"uniq":7,"trade":0,"nft":4,"gas":0,"bal":0.000988,"days":6,"spread":0.2,"streak":2,"rank_m":267925,"pct_m":0.284862,"gas_method":"estimated"},"2024-07":{"txs":7,"uniq":3,"trade":0,"nft":3,"gas":0.000005,"bal":0.000401,"days":6,"spread":0.193548,"streak":3,"rank_m":229200,"pct_m":0.243688,"gas_method":"exact"},"2024-08":{"txs":17,"uniq":16,"trade":0,"nft":13,"gas":0.000001,"bal":0.000959,"days":4,"spread":0.129032,"streak":1,"rank_m":276736,"pct_m":0.29423,"gas_method":"estimated"},"2024-09":{"txs":16,"uniq":12,"trade":0,"nft":6,"gas":0.000003,"bal":0.003263,"days":6,"spread":0.2,"streak":1,"rank_m":102513,"pct_m":0.108993,"gas_method":"exact"},"2024-10":{"txs":11,"uniq":9,"trade":2,"nft":6,"gas":0.000001,"bal":0.013211,"days":6,"spread":0.193548,"streak":1,"rank_m":133813,"pct_m":0.142271,"gas_method":"estimated"},"2024-11":{"txs":6,"uniq":6,"trade":1,"nft":1,"gas":0.000014,"bal":0.010906,"days":4,"spread":0.133333,"streak":1,"rank_m":246053,"pct_m":0.261607,"gas_method":"exact"},"2024-12":{"txs":27,"uniq":18,"trade":0,"nft":1,"gas":0.000595,"bal":0.008876,"days":8,"spread":0.258065,"streak":2,"rank_m":127262,"pct_m":0.135306,"gas_method":"exact"},"2025-01":{"txs":16,"uniq":8,"trade":0,"nft":1,"gas":0.000416,"bal":0.010896,"days":10,"spread":0.322581,"streak":2,"rank_m":139921,"pct_m":0.148765,"gas_method":"exact"},"2025-02":{"txs":13,"uniq":12,"trade":0,"nft":2,"gas":0.000091,"bal":0.013358,"days":7,"spread":0.25,"streak":4,"rank_m":77854,"pct_m":0.082775,"gas_method":"exact"},"2025-03":{"txs":10,"uniq":6,"trade":3,"nft":2,"gas":0.000071,"bal":0.00658,"days":4,"spread":0.129032,"streak":2,"rank_m":153745,"pct_m":0.163463,"gas_method":"exact"},"2025-04":{"txs":6,"uniq":5,"trade":2,"nft":0,"gas":0.000036,"bal":0.007597,"days":4,"spread":0.133333,"streak":1,"rank_m":212734,"pct_m":0.226182,"gas_method":"exact"},"2025-05":{"txs":9,"uniq":5,"trade":0,"nft":0,"gas":0.000063,"bal":0.011048,"days":5,"spread":0.16129,"streak":1,"rank_m":160689,"pct_m":0.170846,"gas_method":"estimated"},"2025-06":{"txs":59,"uniq":20,"trade":1,"nft":0,"gas":0.000415,"bal":0.008521,"days":8,"spread":0.266667,"streak":2,"rank_m":72274,"pct_m":0.076842,"gas_method":"estimated"},"2025-07":{"txs":25,"uniq":7,"trade":0,"nft":0,"gas":0.000176,"bal":0.008558,"days":6,"spread":0.193548,"streak":2,"rank_m":196406,"pct_m":0.208821,"gas_method":"estimated"},"2025-08":{"txs":36,"uniq":12,"trade":2,"nft":0,"gas":0.000253,"bal":0.010289,"days":11,"spread":0.354839,"streak":1,"rank_m":73236,"pct_m":0.077865,"gas_method":"estimated"},"2025-09":{"txs":51,"uniq":8,"trade":0,"nft":0,"gas":0.000359,"bal":0.010733,"days":16,"spread":0.533333,"streak":6,"rank_m":62485,"pct_m":0.066434,"gas_method":"estimated"},"2025-10":{"txs":36,"uniq":5,"trade":0,"nft":2,"gas":0.000253,"bal":0.010523,"days":11,"spread":0.354839,"streak":3,"rank_m":35897,"pct_m":0.038165,"gas_method":"estimated"}}}