{"wallet":"0x6ed274ff7c1c0c3adedb7436b868552023f65a78","rank":29059,"lifetime":{"months_active":20,"first":"2023-07","last":"2025-10","tx_sum":1313,"uniq_sum":314,"trade_sum":128,"nft_sum":89,"gas_sum":0.008055,"avg_balance_eth_mean":0.00263,"streak_best_days":53,"gas_sum_filled":0.008055},"months":{"2023-07":{"txs":0,"uniq":0,"trade":0,"nft":0,"gas":0,"bal":0,"days":0,"spread":0,"streak":0,"rank_m":555510,"pct_m":0.590627},"2023-08":{"txs":0,"uniq":0,"trade":0,"nft":0,"gas":0,"bal":0,"days":0,"spread":0,"streak":0,"rank_m":605343,"pct_m":0.64361},"2023-09":{"txs":0,"uniq":0,"trade":0,"nft":0,"gas":0,"bal":0,"days":0,"spread":0,"streak":0,"rank_m":618666,"pct_m":0.657776},"2023-10":{"txs":0,"uniq":0,"trade":0,"nft":0,"gas":0,"bal":0,"days":0,"spread":0,"streak":0,"rank_m":629441,"pct_m":0.669232},"2023-11":{"txs":0,"uniq":0,"trade":0,"nft":0,"gas":0,"bal":0,"days":0,"spread":0,"streak":0,"rank_m":638983,"pct_m":0.679377},"2023-12":{"txs":0,"uniq":0,"trade":0,"nft":0,"gas":0,"bal":0,"days":0,"spread":0,"streak":0,"rank_m":650472,"pct_m":0.691592},"2024-01":{"txs":0,"uniq":0,"trade":0,"nft":0,"gas":0,"bal":0,"days":0,"spread":0,"streak":0,"rank_m":660720,"pct_m":0.702488},"2024-02":{"txs":0,"uniq":0,"trade":0,"nft":0,"gas":0,"bal":0,"days":0,"spread":0,"streak":0,"rank_m":682798,"pct_m":0.725962},"2024-03":{"txs":140,"uniq":36,"trade":6,"nft":36,"gas":0.002189,"bal":0.015313,"days":18,"spread":0.580645,"streak":12,"rank_m":11121,"pct_m":0.011823,"gas_method":"estimated"},"2024-04":{"txs":117,"uniq":41,"trade":0,"nft":17,"gas":0.001078,"bal":0.007581,"days":23,"spread":0.766667,"streak":15,"rank_m":20589,"pct_m":0.02189,"gas_method":"exact"},"2024-05":{"txs":122,"uniq":48,"trade":0,"nft":12,"gas":0.000019,"bal":0.014772,"days":22,"spread":0.709677,"streak":6,"rank_m":13875,"pct_m":0.014751,"gas_method":"exact"},"2024-06":{"txs":49,"uniq":18,"trade":0,"nft":5,"gas":0.000001,"bal":0.001043,"days":11,"spread":0.366667,"streak":4,"rank_m":91559,"pct_m":0.097346,"gas_method":"exact"},"2024-07":{"txs":27,"uniq":11,"trade":0,"nft":4,"gas":0.000003,"bal":0.001146,"days":10,"spread":0.322581,"streak":5,"rank_m":98341,"pct_m":0.104557,"gas_method":"exact"},"2024-08":{"txs":12,"uniq":6,"trade":0,"nft":3,"gas":0.000001,"bal":0.001224,"days":7,"spread":0.225806,"streak":1,"rank_m":301874,"pct_m":0.320957,"gas_method":"estimated"},"2024-09":{"txs":12,"uniq":4,"trade":0,"nft":2,"gas":0,"bal":0.001316,"days":6,"spread":0.2,"streak":3,"rank_m":228760,"pct_m":0.243221,"gas_method":"estimated"},"2024-10":{"txs":225,"uniq":17,"trade":0,"nft":3,"gas":0.000007,"bal":0.005946,"days":25,"spread":0.806452,"streak":18,"rank_m":23122,"pct_m":0.024583,"gas_method":"exact"},"2024-11":{"txs":305,"uniq":32,"trade":5,"nft":6,"gas":0.000699,"bal":0.007799,"days":30,"spread":1,"streak":30,"rank_m":10158,"pct_m":0.010799,"gas_method":"exact"},"2024-12":{"txs":92,"uniq":16,"trade":0,"nft":1,"gas":0.002028,"bal":0.007295,"days":18,"spread":0.580645,"streak":5,"rank_m":49467,"pct_m":0.052593,"gas_method":"exact"},"2025-01":{"txs":29,"uniq":10,"trade":3,"nft":0,"gas":0.000753,"bal":0.004137,"days":14,"spread":0.451613,"streak":4,"rank_m":82421,"pct_m":0.08763,"gas_method":"exact"},"2025-02":{"txs":66,"uniq":19,"trade":80,"nft":0,"gas":0.000465,"bal":0.001046,"days":21,"spread":0.75,"streak":11,"rank_m":40765,"pct_m":0.043341,"gas_method":"exact"},"2025-03":{"txs":20,"uniq":8,"trade":13,"nft":0,"gas":0.000158,"bal":0.000713,"days":5,"spread":0.16129,"streak":1,"rank_m":197708,"pct_m":0.210206,"gas_method":"exact"},"2025-04":{"txs":28,"uniq":12,"trade":12,"nft":0,"gas":0.000169,"bal":0.000695,"days":11,"spread":0.366667,"streak":7,"rank_m":78422,"pct_m":0.083379,"gas_method":"exact"},"2025-05":{"txs":16,"uniq":5,"trade":6,"nft":0,"gas":0.000113,"bal":0.000618,"days":9,"spread":0.290323,"streak":3,"rank_m":197454,"pct_m":0.209936,"gas_method":"estimated"},"2025-06":{"txs":4,"uniq":3,"trade":0,"nft":0,"gas":0.000028,"bal":0.000664,"days":3,"spread":0.1,"streak":1,"rank_m":508657,"pct_m":0.540812,"gas_method":"estimated"},"2025-07":{"txs":4,"uniq":2,"trade":1,"nft":0,"gas":0.000028,"bal":0.000774,"days":2,"spread":0.064516,"streak":1,"rank_m":428813,"pct_m":0.455921,"gas_method":"estimated"},"2025-08":{"txs":7,"uniq":5,"trade":0,"nft":0,"gas":0.000049,"bal":0.000467,"days":4,"spread":0.129032,"streak":1,"rank_m":469700,"pct_m":0.499392,"gas_method":"estimated"},"2025-09":{"txs":34,"uniq":18,"trade":2,"nft":0,"gas":0.000239,"bal":0.00052,"days":4,"spread":0.133333,"streak":2,"rank_m":242174,"pct_m":0.257483,"gas_method":"estimated"},"2025-10":{"txs":4,"uniq":3,"trade":0,"nft":0,"gas":0.000028,"bal":0.000562,"days":2,"spread":0.064516,"streak":2,"rank_m":342618,"pct_m":0.364277,"gas_method":"estimated"}}}