{"wallet":"0x6e5c026be9eed261b90f46903db438bad3cb2439","rank":130379,"lifetime":{"months_active":17,"first":"2023-07","last":"2025-10","tx_sum":483,"uniq_sum":65,"trade_sum":30,"nft_sum":22,"gas_sum":0.005667,"avg_balance_eth_mean":0.022396,"streak_best_days":9,"gas_sum_filled":0.005667},"months":{"2023-07":{"txs":0,"uniq":0,"trade":0,"nft":0,"gas":0,"bal":0,"days":0,"spread":0,"streak":0,"rank_m":557106,"pct_m":0.592324},"2023-08":{"txs":0,"uniq":0,"trade":0,"nft":0,"gas":0,"bal":0,"days":0,"spread":0,"streak":0,"rank_m":606743,"pct_m":0.645099},"2023-09":{"txs":0,"uniq":0,"trade":0,"nft":0,"gas":0,"bal":0,"days":0,"spread":0,"streak":0,"rank_m":620014,"pct_m":0.659209},"2023-10":{"txs":0,"uniq":0,"trade":0,"nft":0,"gas":0,"bal":0,"days":0,"spread":0,"streak":0,"rank_m":630740,"pct_m":0.670613},"2023-11":{"txs":0,"uniq":0,"trade":0,"nft":0,"gas":0,"bal":0,"days":0,"spread":0,"streak":0,"rank_m":640244,"pct_m":0.680718},"2023-12":{"txs":13,"uniq":2,"trade":0,"nft":1,"gas":0.000941,"bal":0.009208,"days":1,"spread":0.032258,"streak":1,"rank_m":87772,"pct_m":0.09332,"gas_method":"estimated"},"2024-01":{"txs":1,"uniq":1,"trade":0,"nft":1,"gas":0.000037,"bal":0.01281,"days":1,"spread":0.032258,"streak":1,"rank_m":122115,"pct_m":0.129834,"gas_method":"exact"},"2024-02":{"txs":21,"uniq":4,"trade":0,"nft":6,"gas":0.0008,"bal":0.010942,"days":6,"spread":0.206897,"streak":4,"rank_m":49938,"pct_m":0.053094,"gas_method":"estimated"},"2024-03":{"txs":10,"uniq":2,"trade":0,"nft":4,"gas":0.000923,"bal":0.000731,"days":3,"spread":0.096774,"streak":2,"rank_m":204788,"pct_m":0.217733,"gas_method":"exact"},"2024-04":{"txs":3,"uniq":2,"trade":0,"nft":1,"gas":0.000021,"bal":0.030889,"days":2,"spread":0.066667,"streak":1,"rank_m":322807,"pct_m":0.343213,"gas_method":"estimated"},"2024-05":{"txs":15,"uniq":5,"trade":0,"nft":5,"gas":0.000035,"bal":0.037844,"days":5,"spread":0.16129,"streak":2,"rank_m":156066,"pct_m":0.165931,"gas_method":"estimated"},"2024-06":{"txs":0,"uniq":0,"trade":0,"nft":0,"gas":0,"bal":0.037844,"days":0,"spread":0,"streak":0,"rank_m":472590,"pct_m":0.502465},"2024-07":{"txs":0,"uniq":0,"trade":0,"nft":0,"gas":0,"bal":0.037844,"days":0,"spread":0,"streak":0,"rank_m":469290,"pct_m":0.498956},"2024-08":{"txs":0,"uniq":0,"trade":0,"nft":0,"gas":0,"bal":0.037844,"days":0,"spread":0,"streak":0,"rank_m":475624,"pct_m":0.505691},"2024-09":{"txs":0,"uniq":0,"trade":0,"nft":0,"gas":0,"bal":0.037844,"days":0,"spread":0,"streak":0,"rank_m":441559,"pct_m":0.469472},"2024-10":{"txs":2,"uniq":1,"trade":0,"nft":1,"gas":0,"bal":0.026981,"days":1,"spread":0.032258,"streak":1,"rank_m":337535,"pct_m":0.358872,"gas_method":"estimated"},"2024-11":{"txs":0,"uniq":0,"trade":0,"nft":0,"gas":0,"bal":0.026981,"days":0,"spread":0,"streak":0,"rank_m":531462,"pct_m":0.565059},"2024-12":{"txs":5,"uniq":3,"trade":0,"nft":0,"gas":0.00011,"bal":0.011353,"days":2,"spread":0.064516,"streak":1,"rank_m":406850,"pct_m":0.432569,"gas_method":"exact"},"2025-01":{"txs":1,"uniq":0,"trade":0,"nft":0,"gas":0.000081,"bal":0.049406,"days":1,"spread":0.032258,"streak":1,"rank_m":487999,"pct_m":0.518848,"gas_method":"estimated"},"2025-02":{"txs":0,"uniq":0,"trade":0,"nft":0,"gas":0,"bal":0.049406,"days":0,"spread":0,"streak":0,"rank_m":551997,"pct_m":0.586892},"2025-03":{"txs":1,"uniq":1,"trade":0,"nft":0,"gas":0.000008,"bal":0.078539,"days":1,"spread":0.032258,"streak":1,"rank_m":376062,"pct_m":0.399835,"gas_method":"exact"},"2025-04":{"txs":182,"uniq":14,"trade":5,"nft":2,"gas":0.001099,"bal":0.078533,"days":14,"spread":0.466667,"streak":9,"rank_m":2306,"pct_m":0.002451,"gas_method":"exact"},"2025-05":{"txs":10,"uniq":6,"trade":3,"nft":0,"gas":0.00007,"bal":0.004609,"days":3,"spread":0.096774,"streak":1,"rank_m":175644,"pct_m":0.186747,"gas_method":"estimated"},"2025-06":{"txs":2,"uniq":2,"trade":0,"nft":0,"gas":0.000014,"bal":0.004008,"days":1,"spread":0.033333,"streak":1,"rank_m":422568,"pct_m":0.449281,"gas_method":"estimated"},"2025-07":{"txs":14,"uniq":6,"trade":0,"nft":1,"gas":0.000099,"bal":0.00672,"days":6,"spread":0.193548,"streak":2,"rank_m":194530,"pct_m":0.206827,"gas_method":"estimated"},"2025-08":{"txs":10,"uniq":5,"trade":0,"nft":0,"gas":0.00007,"bal":0.015482,"days":8,"spread":0.258065,"streak":2,"rank_m":155754,"pct_m":0.165599,"gas_method":"estimated"},"2025-09":{"txs":179,"uniq":10,"trade":22,"nft":0,"gas":0.00126,"bal":0.0112,"days":8,"spread":0.266667,"streak":2,"rank_m":37846,"pct_m":0.040237,"gas_method":"estimated"},"2025-10":{"txs":14,"uniq":1,"trade":0,"nft":0,"gas":0.000099,"bal":0.010058,"days":4,"spread":0.129032,"streak":2,"rank_m":137214,"pct_m":0.145887,"gas_method":"estimated"}}}