{"wallet":"0x6eef4727a390d11b020c0094fdd6052241ec991b","rank":225585,"lifetime":{"months_active":24,"first":"2023-07","last":"2025-10","tx_sum":255,"uniq_sum":186,"trade_sum":1,"nft_sum":35,"gas_sum":0.001951,"avg_balance_eth_mean":0.006491,"streak_best_days":2,"gas_sum_filled":0.001951},"months":{"2023-07":{"txs":0,"uniq":0,"trade":0,"nft":0,"gas":0,"bal":0,"days":0,"spread":0,"streak":0,"rank_m":555116,"pct_m":0.590208},"2023-08":{"txs":3,"uniq":1,"trade":0,"nft":0,"gas":0.000215,"bal":0.011914,"days":2,"spread":0.064516,"streak":1,"rank_m":122061,"pct_m":0.129776,"gas_method":"exact"},"2023-09":{"txs":0,"uniq":0,"trade":0,"nft":0,"gas":0,"bal":0.011914,"days":0,"spread":0,"streak":0,"rank_m":235439,"pct_m":0.250322},"2023-10":{"txs":1,"uniq":1,"trade":0,"nft":0,"gas":0.000008,"bal":0.028452,"days":1,"spread":0.032258,"streak":1,"rank_m":103992,"pct_m":0.110565,"gas_method":"estimated"},"2023-11":{"txs":2,"uniq":2,"trade":0,"nft":0,"gas":0.000116,"bal":0.009696,"days":2,"spread":0.066667,"streak":2,"rank_m":65476,"pct_m":0.069614,"gas_method":"exact"},"2023-12":{"txs":0,"uniq":0,"trade":0,"nft":0,"gas":0,"bal":0.009696,"days":0,"spread":0,"streak":0,"rank_m":242697,"pct_m":0.258039},"2024-01":{"txs":6,"uniq":4,"trade":0,"nft":0,"gas":0.000295,"bal":0.003759,"days":1,"spread":0.032258,"streak":1,"rank_m":102837,"pct_m":0.109337,"gas_method":"exact"},"2024-02":{"txs":0,"uniq":0,"trade":0,"nft":0,"gas":0,"bal":0.003759,"days":0,"spread":0,"streak":0,"rank_m":320251,"pct_m":0.340496},"2024-03":{"txs":6,"uniq":4,"trade":0,"nft":1,"gas":0.000123,"bal":0.003106,"days":2,"spread":0.064516,"streak":1,"rank_m":261857,"pct_m":0.27841,"gas_method":"estimated"},"2024-04":{"txs":3,"uniq":3,"trade":0,"nft":2,"gas":0.000008,"bal":0.002611,"days":2,"spread":0.066667,"streak":1,"rank_m":380058,"pct_m":0.404083,"gas_method":"estimated"},"2024-05":{"txs":2,"uniq":1,"trade":0,"nft":0,"gas":0.000002,"bal":0.002294,"days":1,"spread":0.032258,"streak":1,"rank_m":444538,"pct_m":0.47264,"gas_method":"estimated"},"2024-06":{"txs":5,"uniq":4,"trade":0,"nft":3,"gas":0,"bal":0.001764,"days":3,"spread":0.1,"streak":1,"rank_m":351126,"pct_m":0.373322,"gas_method":"estimated"},"2024-07":{"txs":20,"uniq":15,"trade":0,"nft":5,"gas":0.000009,"bal":0.001267,"days":4,"spread":0.129032,"streak":1,"rank_m":160962,"pct_m":0.171137,"gas_method":"exact"},"2024-08":{"txs":31,"uniq":20,"trade":0,"nft":5,"gas":0.000003,"bal":0.001663,"days":4,"spread":0.129032,"streak":1,"rank_m":234554,"pct_m":0.249381,"gas_method":"estimated"},"2024-09":{"txs":32,"uniq":25,"trade":0,"nft":7,"gas":0.000004,"bal":0.002871,"days":12,"spread":0.4,"streak":1,"rank_m":60152,"pct_m":0.063954,"gas_method":"exact"},"2024-10":{"txs":21,"uniq":18,"trade":0,"nft":8,"gas":0.000001,"bal":0.001142,"days":11,"spread":0.354839,"streak":1,"rank_m":203053,"pct_m":0.215889,"gas_method":"estimated"},"2024-11":{"txs":32,"uniq":21,"trade":1,"nft":1,"gas":0.000074,"bal":0.001803,"days":13,"spread":0.433333,"streak":1,"rank_m":130600,"pct_m":0.138855,"gas_method":"exact"},"2024-12":{"txs":18,"uniq":13,"trade":0,"nft":0,"gas":0.000375,"bal":0.001258,"days":10,"spread":0.322581,"streak":1,"rank_m":265367,"pct_m":0.282142,"gas_method":"exact"},"2025-01":{"txs":11,"uniq":7,"trade":0,"nft":0,"gas":0.000286,"bal":0.003608,"days":8,"spread":0.258065,"streak":1,"rank_m":271347,"pct_m":0.2885,"gas_method":"exact"},"2025-02":{"txs":8,"uniq":7,"trade":0,"nft":0,"gas":0.000056,"bal":0.00225,"days":6,"spread":0.214286,"streak":2,"rank_m":226412,"pct_m":0.240724,"gas_method":"exact"},"2025-03":{"txs":7,"uniq":7,"trade":0,"nft":0,"gas":0.000055,"bal":0.001657,"days":4,"spread":0.129032,"streak":1,"rank_m":289046,"pct_m":0.307318,"gas_method":"exact"},"2025-04":{"txs":8,"uniq":6,"trade":0,"nft":0,"gas":0.000048,"bal":0.000989,"days":5,"spread":0.166667,"streak":2,"rank_m":259616,"pct_m":0.276027,"gas_method":"exact"},"2025-05":{"txs":5,"uniq":4,"trade":0,"nft":0,"gas":0.000035,"bal":0.000939,"days":5,"spread":0.16129,"streak":2,"rank_m":359010,"pct_m":0.381705,"gas_method":"estimated"},"2025-06":{"txs":4,"uniq":3,"trade":0,"nft":0,"gas":0.000028,"bal":0.002611,"days":3,"spread":0.1,"streak":1,"rank_m":407053,"pct_m":0.432785,"gas_method":"estimated"},"2025-07":{"txs":10,"uniq":7,"trade":0,"nft":2,"gas":0.00007,"bal":0.02025,"days":3,"spread":0.096774,"streak":1,"rank_m":172881,"pct_m":0.183809,"gas_method":"estimated"},"2025-08":{"txs":2,"uniq":2,"trade":0,"nft":0,"gas":0.000014,"bal":0.02866,"days":1,"spread":0.032258,"streak":1,"rank_m":273984,"pct_m":0.291304,"gas_method":"estimated"},"2025-09":{"txs":13,"uniq":7,"trade":0,"nft":1,"gas":0.000091,"bal":0.020832,"days":4,"spread":0.133333,"streak":1,"rank_m":128922,"pct_m":0.137071,"gas_method":"estimated"},"2025-10":{"txs":5,"uniq":4,"trade":0,"nft":0,"gas":0.000035,"bal":0.000985,"days":4,"spread":0.129032,"streak":1,"rank_m":300187,"pct_m":0.319163,"gas_method":"estimated"}}}