{"wallet":"0x6eb861b9a15f512255e6c0d6d6dab64362bae4cf","rank":418964,"lifetime":{"months_active":13,"first":"2023-07","last":"2025-10","tx_sum":249,"uniq_sum":102,"trade_sum":13,"nft_sum":31,"gas_sum":0.005136,"avg_balance_eth_mean":0.000253,"streak_best_days":2,"gas_sum_filled":0.005136},"months":{"2023-07":{"txs":0,"uniq":0,"trade":0,"nft":0,"gas":0,"bal":0,"days":0,"spread":0,"streak":0,"rank_m":555859,"pct_m":0.590998},"2023-08":{"txs":0,"uniq":0,"trade":0,"nft":0,"gas":0,"bal":0,"days":0,"spread":0,"streak":0,"rank_m":605643,"pct_m":0.643929},"2023-09":{"txs":0,"uniq":0,"trade":0,"nft":0,"gas":0,"bal":0,"days":0,"spread":0,"streak":0,"rank_m":618961,"pct_m":0.658089},"2023-10":{"txs":0,"uniq":0,"trade":0,"nft":0,"gas":0,"bal":0,"days":0,"spread":0,"streak":0,"rank_m":629726,"pct_m":0.669535},"2023-11":{"txs":0,"uniq":0,"trade":0,"nft":0,"gas":0,"bal":0,"days":0,"spread":0,"streak":0,"rank_m":639258,"pct_m":0.679669},"2023-12":{"txs":0,"uniq":0,"trade":0,"nft":0,"gas":0,"bal":0,"days":0,"spread":0,"streak":0,"rank_m":650738,"pct_m":0.691875},"2024-01":{"txs":23,"uniq":13,"trade":0,"nft":0,"gas":0.004232,"bal":0.000017,"days":3,"spread":0.096774,"streak":2,"rank_m":77529,"pct_m":0.082429,"gas_method":"exact"},"2024-02":{"txs":3,"uniq":2,"trade":0,"nft":2,"gas":0.000071,"bal":0.000377,"days":2,"spread":0.068966,"streak":2,"rank_m":213560,"pct_m":0.22706,"gas_method":"estimated"},"2024-03":{"txs":4,"uniq":3,"trade":0,"nft":1,"gas":0.000054,"bal":0.000078,"days":3,"spread":0.096774,"streak":2,"rank_m":264390,"pct_m":0.281103,"gas_method":"exact"},"2024-04":{"txs":132,"uniq":32,"trade":11,"nft":16,"gas":0.000574,"bal":0.000455,"days":6,"spread":0.2,"streak":2,"rank_m":176049,"pct_m":0.187177,"gas_method":"estimated"},"2024-05":{"txs":11,"uniq":9,"trade":0,"nft":3,"gas":0.00001,"bal":0.00204,"days":6,"spread":0.193548,"streak":1,"rank_m":230897,"pct_m":0.245493,"gas_method":"exact"},"2024-06":{"txs":16,"uniq":7,"trade":0,"nft":3,"gas":0.000001,"bal":0.001042,"days":8,"spread":0.266667,"streak":2,"rank_m":246658,"pct_m":0.26225,"gas_method":"estimated"},"2024-07":{"txs":13,"uniq":10,"trade":2,"nft":3,"gas":0.000005,"bal":0.001097,"days":5,"spread":0.16129,"streak":2,"rank_m":135441,"pct_m":0.144002,"gas_method":"exact"},"2024-08":{"txs":7,"uniq":7,"trade":0,"nft":2,"gas":0.000001,"bal":0.001033,"days":3,"spread":0.096774,"streak":1,"rank_m":360031,"pct_m":0.38279,"gas_method":"estimated"},"2024-09":{"txs":18,"uniq":4,"trade":0,"nft":0,"gas":0.000001,"bal":0.00062,"days":3,"spread":0.1,"streak":1,"rank_m":368696,"pct_m":0.392003,"gas_method":"estimated"},"2024-10":{"txs":10,"uniq":6,"trade":0,"nft":1,"gas":0.000001,"bal":0.000079,"days":2,"spread":0.064516,"streak":2,"rank_m":421719,"pct_m":0.448378,"gas_method":"estimated"},"2024-11":{"txs":0,"uniq":0,"trade":0,"nft":0,"gas":0,"bal":0.000079,"days":0,"spread":0,"streak":0,"rank_m":715793,"pct_m":0.761043},"2024-12":{"txs":5,"uniq":5,"trade":0,"nft":0,"gas":0.00011,"bal":0.000159,"days":2,"spread":0.064516,"streak":1,"rank_m":494690,"pct_m":0.525962,"gas_method":"exact"},"2025-01":{"txs":3,"uniq":2,"trade":0,"nft":0,"gas":0.000052,"bal":0.000001,"days":1,"spread":0.032258,"streak":1,"rank_m":559888,"pct_m":0.595282,"gas_method":"exact"},"2025-02":{"txs":0,"uniq":0,"trade":0,"nft":0,"gas":0,"bal":0.000001,"days":0,"spread":0,"streak":0,"rank_m":824304,"pct_m":0.876414},"2025-03":{"txs":4,"uniq":2,"trade":0,"nft":0,"gas":0.000024,"bal":0,"days":1,"spread":0.032258,"streak":1,"rank_m":492355,"pct_m":0.52348,"gas_method":"exact"},"2025-04":{"txs":0,"uniq":0,"trade":0,"nft":0,"gas":0,"bal":0,"days":0,"spread":0,"streak":0,"rank_m":884245,"pct_m":0.940144},"2025-05":{"txs":0,"uniq":0,"trade":0,"nft":0,"gas":0,"bal":0,"days":0,"spread":0,"streak":0,"rank_m":901261,"pct_m":0.958236},"2025-06":{"txs":0,"uniq":0,"trade":0,"nft":0,"gas":0,"bal":0,"days":0,"spread":0,"streak":0,"rank_m":912160,"pct_m":0.969824},"2025-07":{"txs":0,"uniq":0,"trade":0,"nft":0,"gas":0,"bal":0,"days":0,"spread":0,"streak":0,"rank_m":923873,"pct_m":0.982277},"2025-08":{"txs":0,"uniq":0,"trade":0,"nft":0,"gas":0,"bal":0,"days":0,"spread":0,"streak":0,"rank_m":926987,"pct_m":0.985588},"2025-09":{"txs":0,"uniq":0,"trade":0,"nft":0,"gas":0,"bal":0,"days":0,"spread":0,"streak":0,"rank_m":927557,"pct_m":0.986194},"2025-10":{"txs":0,"uniq":0,"trade":0,"nft":0,"gas":0,"bal":0,"days":0,"spread":0,"streak":0,"rank_m":919540,"pct_m":0.97767}}}