{"wallet":"0x6efb9a519b49a0cf4ea4025c3abbb9f62a90d039","rank":562316,"lifetime":{"months_active":11,"first":"2023-07","last":"2025-10","tx_sum":156,"uniq_sum":73,"trade_sum":1,"nft_sum":34,"gas_sum":0.001316,"avg_balance_eth_mean":0.023973,"streak_best_days":3,"gas_sum_filled":0.001316},"months":{"2023-07":{"txs":0,"uniq":0,"trade":0,"nft":0,"gas":0,"bal":0,"days":0,"spread":0,"streak":0,"rank_m":554943,"pct_m":0.590024},"2023-08":{"txs":0,"uniq":0,"trade":0,"nft":0,"gas":0,"bal":0,"days":0,"spread":0,"streak":0,"rank_m":604867,"pct_m":0.643104},"2023-09":{"txs":0,"uniq":0,"trade":0,"nft":0,"gas":0,"bal":0,"days":0,"spread":0,"streak":0,"rank_m":618212,"pct_m":0.657293},"2023-10":{"txs":0,"uniq":0,"trade":0,"nft":0,"gas":0,"bal":0,"days":0,"spread":0,"streak":0,"rank_m":629001,"pct_m":0.668764},"2023-11":{"txs":0,"uniq":0,"trade":0,"nft":0,"gas":0,"bal":0,"days":0,"spread":0,"streak":0,"rank_m":638559,"pct_m":0.678926},"2023-12":{"txs":18,"uniq":2,"trade":0,"nft":0,"gas":0.000312,"bal":0.030311,"days":2,"spread":0.064516,"streak":2,"rank_m":55381,"pct_m":0.058881,"gas_method":"estimated"},"2024-01":{"txs":2,"uniq":2,"trade":0,"nft":2,"gas":0.000032,"bal":0.075073,"days":1,"spread":0.032258,"streak":1,"rank_m":100886,"pct_m":0.107263,"gas_method":"estimated"},"2024-02":{"txs":0,"uniq":0,"trade":0,"nft":0,"gas":0,"bal":0.075073,"days":0,"spread":0,"streak":0,"rank_m":290838,"pct_m":0.309223},"2024-03":{"txs":32,"uniq":13,"trade":0,"nft":6,"gas":0.000437,"bal":0.063961,"days":8,"spread":0.258065,"streak":3,"rank_m":50026,"pct_m":0.053187,"gas_method":"estimated"},"2024-04":{"txs":23,"uniq":15,"trade":0,"nft":5,"gas":0.000121,"bal":0.0722,"days":11,"spread":0.366667,"streak":2,"rank_m":86409,"pct_m":0.091871,"gas_method":"exact"},"2024-05":{"txs":39,"uniq":14,"trade":0,"nft":10,"gas":0.000188,"bal":0.02735,"days":9,"spread":0.290323,"streak":2,"rank_m":46649,"pct_m":0.049597,"gas_method":"exact"},"2024-06":{"txs":24,"uniq":15,"trade":0,"nft":5,"gas":0.000001,"bal":0.023891,"days":7,"spread":0.233333,"streak":2,"rank_m":62323,"pct_m":0.066262,"gas_method":"exact"},"2024-07":{"txs":6,"uniq":3,"trade":1,"nft":2,"gas":0.000001,"bal":0.021028,"days":4,"spread":0.129032,"streak":2,"rank_m":157475,"pct_m":0.167429,"gas_method":"estimated"},"2024-08":{"txs":1,"uniq":1,"trade":0,"nft":1,"gas":0,"bal":0.019254,"days":1,"spread":0.032258,"streak":1,"rank_m":344676,"pct_m":0.366465,"gas_method":"estimated"},"2024-09":{"txs":1,"uniq":1,"trade":0,"nft":1,"gas":0,"bal":0.019208,"days":1,"spread":0.033333,"streak":1,"rank_m":290450,"pct_m":0.308811,"gas_method":"estimated"},"2024-10":{"txs":0,"uniq":0,"trade":0,"nft":0,"gas":0,"bal":0.019208,"days":0,"spread":0,"streak":0,"rank_m":500944,"pct_m":0.532612},"2024-11":{"txs":0,"uniq":0,"trade":0,"nft":0,"gas":0,"bal":0.019208,"days":0,"spread":0,"streak":0,"rank_m":537485,"pct_m":0.571463},"2024-12":{"txs":9,"uniq":6,"trade":0,"nft":0,"gas":0.000198,"bal":0.018688,"days":1,"spread":0.032258,"streak":1,"rank_m":353841,"pct_m":0.376209,"gas_method":"exact"},"2025-01":{"txs":1,"uniq":1,"trade":0,"nft":0,"gas":0.000026,"bal":0.018679,"days":1,"spread":0.032258,"streak":1,"rank_m":463385,"pct_m":0.492678,"gas_method":"exact"},"2025-02":{"txs":0,"uniq":0,"trade":0,"nft":1,"gas":0,"bal":0.018679,"days":0,"spread":0,"streak":0,"rank_m":509035,"pct_m":0.541214},"2025-03":{"txs":0,"uniq":0,"trade":0,"nft":0,"gas":0,"bal":0.018679,"days":0,"spread":0,"streak":0,"rank_m":557033,"pct_m":0.592246},"2025-04":{"txs":0,"uniq":0,"trade":0,"nft":1,"gas":0,"bal":0.018679,"days":0,"spread":0,"streak":0,"rank_m":521996,"pct_m":0.554994},"2025-05":{"txs":0,"uniq":0,"trade":0,"nft":0,"gas":0,"bal":0.018679,"days":0,"spread":0,"streak":0,"rank_m":482915,"pct_m":0.513443},"2025-06":{"txs":0,"uniq":0,"trade":0,"nft":0,"gas":0,"bal":0.018679,"days":0,"spread":0,"streak":0,"rank_m":482308,"pct_m":0.512797},"2025-07":{"txs":0,"uniq":0,"trade":0,"nft":0,"gas":0,"bal":0.018679,"days":0,"spread":0,"streak":0,"rank_m":501018,"pct_m":0.53269},"2025-08":{"txs":0,"uniq":0,"trade":0,"nft":0,"gas":0,"bal":0.018679,"days":0,"spread":0,"streak":0,"rank_m":476569,"pct_m":0.506696},"2025-09":{"txs":0,"uniq":0,"trade":0,"nft":0,"gas":0,"bal":0.018679,"days":0,"spread":0,"streak":0,"rank_m":472457,"pct_m":0.502324},"2025-10":{"txs":0,"uniq":0,"trade":0,"nft":0,"gas":0,"bal":0.018679,"days":0,"spread":0,"streak":0,"rank_m":378938,"pct_m":0.402893}}}