{"wallet":"0x6eba5f38def0777051bbafa8f738103ff312fb34","rank":160533,"lifetime":{"months_active":26,"first":"2023-07","last":"2025-10","tx_sum":238,"uniq_sum":153,"trade_sum":5,"nft_sum":62,"gas_sum":0.002514,"avg_balance_eth_mean":0.004797,"streak_best_days":8,"gas_sum_filled":0.002514},"months":{"2023-07":{"txs":0,"uniq":0,"trade":0,"nft":0,"gas":0,"bal":0,"days":0,"spread":0,"streak":0,"rank_m":555828,"pct_m":0.590965},"2023-08":{"txs":9,"uniq":6,"trade":0,"nft":3,"gas":0.000439,"bal":0.000012,"days":1,"spread":0.032258,"streak":1,"rank_m":125026,"pct_m":0.132929,"gas_method":"exact"},"2023-09":{"txs":3,"uniq":3,"trade":0,"nft":0,"gas":0.000154,"bal":0.000329,"days":1,"spread":0.033333,"streak":1,"rank_m":118024,"pct_m":0.125484,"gas_method":"exact"},"2023-10":{"txs":7,"uniq":4,"trade":1,"nft":0,"gas":0.000241,"bal":0.000162,"days":1,"spread":0.032258,"streak":1,"rank_m":87102,"pct_m":0.092607,"gas_method":"exact"},"2023-11":{"txs":4,"uniq":1,"trade":0,"nft":0,"gas":0.000155,"bal":0.000204,"days":2,"spread":0.066667,"streak":1,"rank_m":154455,"pct_m":0.164218,"gas_method":"estimated"},"2023-12":{"txs":0,"uniq":0,"trade":0,"nft":0,"gas":0,"bal":0.000204,"days":0,"spread":0,"streak":0,"rank_m":337644,"pct_m":0.358988},"2024-01":{"txs":2,"uniq":2,"trade":0,"nft":1,"gas":0.000135,"bal":0.000587,"days":1,"spread":0.032258,"streak":1,"rank_m":169228,"pct_m":0.179925,"gas_method":"estimated"},"2024-02":{"txs":4,"uniq":2,"trade":0,"nft":3,"gas":0.000152,"bal":0.001948,"days":2,"spread":0.068966,"streak":1,"rank_m":186884,"pct_m":0.198697,"gas_method":"estimated"},"2024-03":{"txs":2,"uniq":1,"trade":0,"nft":2,"gas":0.000114,"bal":0.009292,"days":1,"spread":0.032258,"streak":1,"rank_m":270030,"pct_m":0.2871,"gas_method":"estimated"},"2024-04":{"txs":26,"uniq":6,"trade":0,"nft":7,"gas":0.000183,"bal":0.008313,"days":7,"spread":0.233333,"streak":4,"rank_m":175597,"pct_m":0.186697,"gas_method":"estimated"},"2024-05":{"txs":2,"uniq":2,"trade":0,"nft":0,"gas":0.000005,"bal":0.006237,"days":2,"spread":0.064516,"streak":1,"rank_m":395705,"pct_m":0.42072,"gas_method":"estimated"},"2024-06":{"txs":8,"uniq":6,"trade":0,"nft":1,"gas":0.000001,"bal":0.00577,"days":3,"spread":0.1,"streak":1,"rank_m":292077,"pct_m":0.31054,"gas_method":"estimated"},"2024-07":{"txs":22,"uniq":18,"trade":0,"nft":18,"gas":0.000008,"bal":0.004978,"days":6,"spread":0.193548,"streak":2,"rank_m":117174,"pct_m":0.12458,"gas_method":"estimated"},"2024-08":{"txs":24,"uniq":18,"trade":0,"nft":22,"gas":0.000006,"bal":0.00427,"days":7,"spread":0.225806,"streak":3,"rank_m":123326,"pct_m":0.131121,"gas_method":"estimated"},"2024-09":{"txs":13,"uniq":7,"trade":0,"nft":2,"gas":0.000002,"bal":0.005401,"days":8,"spread":0.266667,"streak":3,"rank_m":135707,"pct_m":0.144285,"gas_method":"estimated"},"2024-10":{"txs":11,"uniq":6,"trade":0,"nft":1,"gas":0.000002,"bal":0.00775,"days":6,"spread":0.193548,"streak":3,"rank_m":192350,"pct_m":0.204509,"gas_method":"estimated"},"2024-11":{"txs":4,"uniq":3,"trade":1,"nft":0,"gas":0.000007,"bal":0.003886,"days":4,"spread":0.133333,"streak":2,"rank_m":297559,"pct_m":0.316369,"gas_method":"exact"},"2024-12":{"txs":6,"uniq":6,"trade":0,"nft":0,"gas":0.000132,"bal":0.003115,"days":3,"spread":0.096774,"streak":1,"rank_m":396041,"pct_m":0.421077,"gas_method":"exact"},"2025-01":{"txs":12,"uniq":3,"trade":0,"nft":0,"gas":0.000286,"bal":0.000194,"days":9,"spread":0.290323,"streak":5,"rank_m":326483,"pct_m":0.347121,"gas_method":"exact"},"2025-02":{"txs":10,"uniq":3,"trade":1,"nft":0,"gas":0.000028,"bal":0.000487,"days":3,"spread":0.107143,"streak":1,"rank_m":337235,"pct_m":0.358553,"gas_method":"exact"},"2025-03":{"txs":4,"uniq":2,"trade":0,"nft":0,"gas":0.000032,"bal":0.001066,"days":4,"spread":0.129032,"streak":2,"rank_m":347213,"pct_m":0.369162,"gas_method":"exact"},"2025-04":{"txs":24,"uniq":24,"trade":2,"nft":0,"gas":0.000145,"bal":0.000379,"days":9,"spread":0.3,"streak":8,"rank_m":105837,"pct_m":0.112527,"gas_method":"exact"},"2025-05":{"txs":7,"uniq":5,"trade":0,"nft":0,"gas":0.000049,"bal":0.007,"days":3,"spread":0.096774,"streak":1,"rank_m":226805,"pct_m":0.241142,"gas_method":"estimated"},"2025-06":{"txs":5,"uniq":5,"trade":0,"nft":0,"gas":0.000035,"bal":0.01655,"days":5,"spread":0.166667,"streak":3,"rank_m":171837,"pct_m":0.182699,"gas_method":"estimated"},"2025-07":{"txs":8,"uniq":8,"trade":0,"nft":0,"gas":0.000056,"bal":0.016352,"days":3,"spread":0.096774,"streak":2,"rank_m":187857,"pct_m":0.199732,"gas_method":"estimated"},"2025-08":{"txs":6,"uniq":3,"trade":0,"nft":0,"gas":0.000042,"bal":0.012637,"days":4,"spread":0.129032,"streak":1,"rank_m":249873,"pct_m":0.265668,"gas_method":"estimated"},"2025-09":{"txs":10,"uniq":8,"trade":0,"nft":2,"gas":0.00007,"bal":0.007465,"days":6,"spread":0.2,"streak":2,"rank_m":145276,"pct_m":0.154459,"gas_method":"estimated"},"2025-10":{"txs":5,"uniq":1,"trade":0,"nft":0,"gas":0.000035,"bal":0.009739,"days":2,"spread":0.064516,"streak":1,"rank_m":204386,"pct_m":0.217306,"gas_method":"estimated"}}}