{"wallet":"0x6ecc89cf09588e0833944a92c98506e7371165f0","rank":346014,"lifetime":{"months_active":21,"first":"2023-07","last":"2025-10","tx_sum":143,"uniq_sum":62,"trade_sum":3,"nft_sum":19,"gas_sum":0.001813,"avg_balance_eth_mean":0.017109,"streak_best_days":9,"gas_sum_filled":0.001813},"months":{"2023-07":{"txs":0,"uniq":0,"trade":0,"nft":0,"gas":0,"bal":0,"days":0,"spread":0,"streak":0,"rank_m":555591,"pct_m":0.590713},"2023-08":{"txs":2,"uniq":1,"trade":0,"nft":1,"gas":0.000316,"bal":0.001133,"days":1,"spread":0.032258,"streak":1,"rank_m":137817,"pct_m":0.146528,"gas_method":"exact"},"2023-09":{"txs":12,"uniq":6,"trade":0,"nft":1,"gas":0.000253,"bal":0.006216,"days":3,"spread":0.1,"streak":1,"rank_m":57415,"pct_m":0.061044,"gas_method":"exact"},"2023-10":{"txs":6,"uniq":1,"trade":0,"nft":0,"gas":0.000059,"bal":0.008513,"days":3,"spread":0.096774,"streak":1,"rank_m":73857,"pct_m":0.078525,"gas_method":"exact"},"2023-11":{"txs":10,"uniq":3,"trade":0,"nft":0,"gas":0.000189,"bal":0.001508,"days":2,"spread":0.066667,"streak":1,"rank_m":110408,"pct_m":0.117387,"gas_method":"estimated"},"2023-12":{"txs":2,"uniq":1,"trade":0,"nft":0,"gas":0.000071,"bal":0.000981,"days":1,"spread":0.032258,"streak":1,"rank_m":174488,"pct_m":0.185518,"gas_method":"estimated"},"2024-01":{"txs":17,"uniq":4,"trade":0,"nft":1,"gas":0.0002,"bal":0.000675,"days":14,"spread":0.451613,"streak":9,"rank_m":56871,"pct_m":0.060465,"gas_method":"exact"},"2024-02":{"txs":25,"uniq":11,"trade":3,"nft":3,"gas":0.000466,"bal":0.001082,"days":7,"spread":0.241379,"streak":1,"rank_m":93702,"pct_m":0.099625,"gas_method":"estimated"},"2024-03":{"txs":2,"uniq":1,"trade":0,"nft":2,"gas":0.000056,"bal":0.000625,"days":2,"spread":0.064516,"streak":1,"rank_m":324834,"pct_m":0.345368,"gas_method":"estimated"},"2024-04":{"txs":8,"uniq":6,"trade":0,"nft":2,"gas":0.000028,"bal":0.000335,"days":1,"spread":0.033333,"streak":1,"rank_m":407431,"pct_m":0.433187,"gas_method":"estimated"},"2024-05":{"txs":4,"uniq":3,"trade":0,"nft":3,"gas":0.000005,"bal":0.000153,"days":3,"spread":0.096774,"streak":1,"rank_m":421033,"pct_m":0.447649,"gas_method":"estimated"},"2024-06":{"txs":2,"uniq":2,"trade":0,"nft":1,"gas":0,"bal":0.000323,"days":1,"spread":0.033333,"streak":1,"rank_m":405155,"pct_m":0.430767,"gas_method":"exact"},"2024-07":{"txs":39,"uniq":11,"trade":0,"nft":4,"gas":0.000057,"bal":0.000806,"days":2,"spread":0.064516,"streak":1,"rank_m":191071,"pct_m":0.203149,"gas_method":"exact"},"2024-08":{"txs":1,"uniq":1,"trade":0,"nft":1,"gas":0,"bal":0.000739,"days":1,"spread":0.032258,"streak":1,"rank_m":469734,"pct_m":0.499429,"gas_method":"estimated"},"2024-09":{"txs":0,"uniq":0,"trade":0,"nft":0,"gas":0,"bal":0.000739,"days":0,"spread":0,"streak":0,"rank_m":594408,"pct_m":0.631984},"2024-10":{"txs":2,"uniq":1,"trade":0,"nft":0,"gas":0,"bal":0.000692,"days":2,"spread":0.064516,"streak":1,"rank_m":503689,"pct_m":0.53553,"gas_method":"estimated"},"2024-11":{"txs":0,"uniq":0,"trade":0,"nft":0,"gas":0,"bal":0.000692,"days":0,"spread":0,"streak":0,"rank_m":642949,"pct_m":0.683594},"2024-12":{"txs":0,"uniq":0,"trade":0,"nft":0,"gas":0,"bal":0.000692,"days":0,"spread":0,"streak":0,"rank_m":682550,"pct_m":0.725698},"2025-01":{"txs":2,"uniq":2,"trade":0,"nft":0,"gas":0.000052,"bal":0.050686,"days":1,"spread":0.032258,"streak":1,"rank_m":418528,"pct_m":0.444985,"gas_method":"exact"},"2025-02":{"txs":0,"uniq":0,"trade":0,"nft":0,"gas":0,"bal":0.050686,"days":0,"spread":0,"streak":0,"rank_m":551326,"pct_m":0.586179},"2025-03":{"txs":0,"uniq":0,"trade":0,"nft":0,"gas":0,"bal":0.050686,"days":0,"spread":0,"streak":0,"rank_m":528661,"pct_m":0.562081},"2025-04":{"txs":2,"uniq":2,"trade":0,"nft":0,"gas":0.000012,"bal":0.049681,"days":2,"spread":0.066667,"streak":1,"rank_m":358548,"pct_m":0.381214,"gas_method":"exact"},"2025-05":{"txs":0,"uniq":0,"trade":0,"nft":0,"gas":0,"bal":0.049681,"days":0,"spread":0,"streak":0,"rank_m":429637,"pct_m":0.456797},"2025-06":{"txs":1,"uniq":1,"trade":0,"nft":0,"gas":0.000007,"bal":0.049666,"days":1,"spread":0.033333,"streak":1,"rank_m":266903,"pct_m":0.283775,"gas_method":"estimated"},"2025-07":{"txs":1,"uniq":1,"trade":0,"nft":0,"gas":0.000007,"bal":0.049607,"days":1,"spread":0.032258,"streak":1,"rank_m":297662,"pct_m":0.316478,"gas_method":"estimated"},"2025-08":{"txs":2,"uniq":2,"trade":0,"nft":0,"gas":0.000014,"bal":0.050359,"days":1,"spread":0.032258,"streak":1,"rank_m":254046,"pct_m":0.270105,"gas_method":"estimated"},"2025-09":{"txs":1,"uniq":1,"trade":0,"nft":0,"gas":0.000007,"bal":0.011358,"days":1,"spread":0.033333,"streak":1,"rank_m":344152,"pct_m":0.365907,"gas_method":"estimated"},"2025-10":{"txs":2,"uniq":1,"trade":0,"nft":0,"gas":0.000014,"bal":0.040746,"days":1,"spread":0.032258,"streak":1,"rank_m":158965,"pct_m":0.169013,"gas_method":"estimated"}}}