{"wallet":"0x6e4f0a061ff2de7083904b3d77c9c9bf3a028006","rank":507351,"lifetime":{"months_active":21,"first":"2023-07","last":"2025-10","tx_sum":122,"uniq_sum":104,"trade_sum":5,"nft_sum":36,"gas_sum":0.002629,"avg_balance_eth_mean":0.000591,"streak_best_days":2,"gas_sum_filled":0.002629},"months":{"2023-07":{"txs":3,"uniq":2,"trade":0,"nft":2,"gas":0.000306,"bal":0.000344,"days":1,"spread":0.032258,"streak":1,"rank_m":25654,"pct_m":0.027275,"gas_method":"estimated"},"2023-08":{"txs":19,"uniq":13,"trade":0,"nft":4,"gas":0.001247,"bal":0.000685,"days":6,"spread":0.193548,"streak":2,"rank_m":70861,"pct_m":0.07534,"gas_method":"exact"},"2023-09":{"txs":3,"uniq":2,"trade":0,"nft":0,"gas":0.000061,"bal":0.00077,"days":2,"spread":0.066667,"streak":1,"rank_m":114377,"pct_m":0.121607,"gas_method":"exact"},"2023-10":{"txs":8,"uniq":5,"trade":0,"nft":2,"gas":0.000031,"bal":0.000561,"days":3,"spread":0.096774,"streak":1,"rank_m":77962,"pct_m":0.08289,"gas_method":"exact"},"2023-11":{"txs":1,"uniq":1,"trade":0,"nft":0,"gas":0.000014,"bal":0.000669,"days":1,"spread":0.033333,"streak":1,"rank_m":157935,"pct_m":0.167918,"gas_method":"estimated"},"2023-12":{"txs":0,"uniq":0,"trade":0,"nft":0,"gas":0,"bal":0.000669,"days":0,"spread":0,"streak":0,"rank_m":315060,"pct_m":0.334976},"2024-01":{"txs":1,"uniq":1,"trade":0,"nft":1,"gas":0.000024,"bal":0.000461,"days":1,"spread":0.032258,"streak":1,"rank_m":180939,"pct_m":0.192377,"gas_method":"estimated"},"2024-02":{"txs":1,"uniq":1,"trade":0,"nft":1,"gas":0.000014,"bal":0.000559,"days":1,"spread":0.034483,"streak":1,"rank_m":256899,"pct_m":0.273139,"gas_method":"estimated"},"2024-03":{"txs":13,"uniq":12,"trade":0,"nft":12,"gas":0.000266,"bal":0.000993,"days":5,"spread":0.16129,"streak":2,"rank_m":182647,"pct_m":0.194192,"gas_method":"estimated"},"2024-04":{"txs":2,"uniq":2,"trade":0,"nft":2,"gas":0.000005,"bal":0.000362,"days":1,"spread":0.033333,"streak":1,"rank_m":431918,"pct_m":0.459222,"gas_method":"estimated"},"2024-05":{"txs":2,"uniq":2,"trade":0,"nft":2,"gas":0.000002,"bal":0.000229,"days":2,"spread":0.064516,"streak":2,"rank_m":424152,"pct_m":0.450965,"gas_method":"estimated"},"2024-06":{"txs":1,"uniq":1,"trade":0,"nft":1,"gas":0,"bal":0.000183,"days":1,"spread":0.033333,"streak":1,"rank_m":483849,"pct_m":0.514436,"gas_method":"estimated"},"2024-07":{"txs":0,"uniq":0,"trade":0,"nft":0,"gas":0,"bal":0.000183,"days":0,"spread":0,"streak":0,"rank_m":626536,"pct_m":0.666143},"2024-08":{"txs":8,"uniq":8,"trade":1,"nft":6,"gas":0.000001,"bal":0.00032,"days":5,"spread":0.16129,"streak":1,"rank_m":333647,"pct_m":0.354738,"gas_method":"estimated"},"2024-09":{"txs":0,"uniq":0,"trade":0,"nft":0,"gas":0,"bal":0.00032,"days":0,"spread":0,"streak":0,"rank_m":628187,"pct_m":0.667899},"2024-10":{"txs":9,"uniq":9,"trade":1,"nft":3,"gas":0.000001,"bal":0.000742,"days":3,"spread":0.096774,"streak":1,"rank_m":319137,"pct_m":0.339311,"gas_method":"estimated"},"2024-11":{"txs":7,"uniq":4,"trade":1,"nft":0,"gas":0.000016,"bal":0.000782,"days":3,"spread":0.1,"streak":1,"rank_m":339364,"pct_m":0.360817,"gas_method":"exact"},"2024-12":{"txs":10,"uniq":10,"trade":1,"nft":0,"gas":0.00022,"bal":0.000614,"days":6,"spread":0.193548,"streak":1,"rank_m":308208,"pct_m":0.327691,"gas_method":"exact"},"2025-01":{"txs":10,"uniq":10,"trade":1,"nft":0,"gas":0.00026,"bal":0.001515,"days":3,"spread":0.096774,"streak":2,"rank_m":255060,"pct_m":0.271183,"gas_method":"exact"},"2025-02":{"txs":13,"uniq":11,"trade":0,"nft":0,"gas":0.000084,"bal":0.00111,"days":6,"spread":0.214286,"streak":2,"rank_m":199999,"pct_m":0.212641,"gas_method":"exact"},"2025-03":{"txs":3,"uniq":3,"trade":0,"nft":0,"gas":0.000024,"bal":0.001141,"days":1,"spread":0.032258,"streak":1,"rank_m":420508,"pct_m":0.447091,"gas_method":"exact"},"2025-04":{"txs":3,"uniq":2,"trade":0,"nft":0,"gas":0.000018,"bal":0.000974,"days":2,"spread":0.066667,"streak":1,"rank_m":446724,"pct_m":0.474964,"gas_method":"exact"},"2025-05":{"txs":3,"uniq":3,"trade":0,"nft":0,"gas":0.000021,"bal":0.000589,"days":1,"spread":0.032258,"streak":1,"rank_m":515733,"pct_m":0.548335,"gas_method":"estimated"},"2025-06":{"txs":2,"uniq":2,"trade":0,"nft":0,"gas":0.000014,"bal":0.000356,"days":1,"spread":0.033333,"streak":1,"rank_m":584069,"pct_m":0.620992,"gas_method":"estimated"},"2025-07":{"txs":0,"uniq":0,"trade":0,"nft":0,"gas":0,"bal":0.000356,"days":0,"spread":0,"streak":0,"rank_m":788513,"pct_m":0.83836},"2025-08":{"txs":0,"uniq":0,"trade":0,"nft":0,"gas":0,"bal":0.000356,"days":0,"spread":0,"streak":0,"rank_m":768289,"pct_m":0.816858},"2025-09":{"txs":0,"uniq":0,"trade":0,"nft":0,"gas":0,"bal":0.000356,"days":0,"spread":0,"streak":0,"rank_m":757075,"pct_m":0.804935},"2025-10":{"txs":0,"uniq":0,"trade":0,"nft":0,"gas":0,"bal":0.000356,"days":0,"spread":0,"streak":0,"rank_m":702860,"pct_m":0.747292}}}