{"wallet":"0x6efbffb64b406b234927f39c71a7597ca10770e3","rank":672577,"lifetime":{"months_active":19,"first":"2023-07","last":"2025-10","tx_sum":125,"uniq_sum":86,"trade_sum":2,"nft_sum":58,"gas_sum":0.000393,"avg_balance_eth_mean":0.000544,"streak_best_days":4,"gas_sum_filled":0.000393},"months":{"2023-07":{"txs":0,"uniq":0,"trade":0,"nft":0,"gas":0,"bal":0,"days":0,"spread":0,"streak":0,"rank_m":554938,"pct_m":0.590019},"2023-08":{"txs":0,"uniq":0,"trade":0,"nft":0,"gas":0,"bal":0,"days":0,"spread":0,"streak":0,"rank_m":604863,"pct_m":0.6431},"2023-09":{"txs":3,"uniq":1,"trade":0,"nft":1,"gas":0.000081,"bal":0.000035,"days":1,"spread":0.033333,"streak":1,"rank_m":141222,"pct_m":0.150149,"gas_method":"estimated"},"2023-10":{"txs":0,"uniq":0,"trade":0,"nft":0,"gas":0,"bal":0.000035,"days":0,"spread":0,"streak":0,"rank_m":315379,"pct_m":0.335316},"2023-11":{"txs":0,"uniq":0,"trade":0,"nft":0,"gas":0,"bal":0.000035,"days":0,"spread":0,"streak":0,"rank_m":331244,"pct_m":0.352183},"2023-12":{"txs":0,"uniq":0,"trade":0,"nft":0,"gas":0,"bal":0.000035,"days":0,"spread":0,"streak":0,"rank_m":355199,"pct_m":0.377653},"2024-01":{"txs":1,"uniq":1,"trade":0,"nft":0,"gas":0.000022,"bal":0.000162,"days":1,"spread":0.032258,"streak":1,"rank_m":202399,"pct_m":0.215193,"gas_method":"estimated"},"2024-02":{"txs":3,"uniq":2,"trade":0,"nft":2,"gas":0.000037,"bal":0.000082,"days":2,"spread":0.068966,"streak":1,"rank_m":246340,"pct_m":0.261912,"gas_method":"estimated"},"2024-03":{"txs":0,"uniq":0,"trade":0,"nft":0,"gas":0,"bal":0.000082,"days":0,"spread":0,"streak":0,"rank_m":486588,"pct_m":0.517348},"2024-04":{"txs":0,"uniq":0,"trade":0,"nft":0,"gas":0,"bal":0.000082,"days":0,"spread":0,"streak":0,"rank_m":556099,"pct_m":0.591253},"2024-05":{"txs":21,"uniq":13,"trade":0,"nft":8,"gas":0.000016,"bal":0.00161,"days":6,"spread":0.193548,"streak":2,"rank_m":215557,"pct_m":0.229183,"gas_method":"estimated"},"2024-06":{"txs":4,"uniq":4,"trade":0,"nft":5,"gas":0,"bal":0.001519,"days":2,"spread":0.066667,"streak":1,"rank_m":366083,"pct_m":0.389225,"gas_method":"estimated"},"2024-07":{"txs":24,"uniq":8,"trade":0,"nft":7,"gas":0.000003,"bal":0.001414,"days":7,"spread":0.225806,"streak":2,"rank_m":191879,"pct_m":0.204008,"gas_method":"estimated"},"2024-08":{"txs":21,"uniq":16,"trade":0,"nft":14,"gas":0.000002,"bal":0.001281,"days":11,"spread":0.354839,"streak":3,"rank_m":175343,"pct_m":0.186427,"gas_method":"estimated"},"2024-09":{"txs":7,"uniq":6,"trade":0,"nft":6,"gas":0,"bal":0.000158,"days":3,"spread":0.1,"streak":1,"rank_m":340726,"pct_m":0.362265,"gas_method":"estimated"},"2024-10":{"txs":9,"uniq":9,"trade":0,"nft":9,"gas":0.000001,"bal":0.000818,"days":6,"spread":0.193548,"streak":2,"rank_m":264961,"pct_m":0.28171,"gas_method":"estimated"},"2024-11":{"txs":8,"uniq":5,"trade":0,"nft":3,"gas":0.000018,"bal":0.000201,"days":6,"spread":0.2,"streak":3,"rank_m":297246,"pct_m":0.316036,"gas_method":"exact"},"2024-12":{"txs":1,"uniq":1,"trade":1,"nft":0,"gas":0.000022,"bal":0.000058,"days":1,"spread":0.032258,"streak":1,"rank_m":538556,"pct_m":0.572601,"gas_method":"exact"},"2025-01":{"txs":2,"uniq":2,"trade":0,"nft":0,"gas":0.000052,"bal":0.000015,"days":2,"spread":0.064516,"streak":1,"rank_m":545886,"pct_m":0.580395,"gas_method":"exact"},"2025-02":{"txs":9,"uniq":8,"trade":0,"nft":1,"gas":0.000056,"bal":0.000672,"days":5,"spread":0.178571,"streak":3,"rank_m":217831,"pct_m":0.231601,"gas_method":"exact"},"2025-03":{"txs":1,"uniq":1,"trade":0,"nft":0,"gas":0.000008,"bal":0.001087,"days":1,"spread":0.032258,"streak":1,"rank_m":473271,"pct_m":0.503189,"gas_method":"exact"},"2025-04":{"txs":2,"uniq":2,"trade":0,"nft":0,"gas":0.000012,"bal":0.001083,"days":1,"spread":0.033333,"streak":1,"rank_m":480505,"pct_m":0.51088,"gas_method":"exact"},"2025-05":{"txs":0,"uniq":0,"trade":0,"nft":0,"gas":0,"bal":0.001083,"days":0,"spread":0,"streak":0,"rank_m":698479,"pct_m":0.742634},"2025-06":{"txs":1,"uniq":1,"trade":0,"nft":0,"gas":0.000007,"bal":0.001065,"days":1,"spread":0.033333,"streak":1,"rank_m":541200,"pct_m":0.575412,"gas_method":"estimated"},"2025-07":{"txs":4,"uniq":3,"trade":1,"nft":0,"gas":0.000028,"bal":0.001041,"days":1,"spread":0.032258,"streak":1,"rank_m":419149,"pct_m":0.445646,"gas_method":"estimated"},"2025-08":{"txs":1,"uniq":1,"trade":0,"nft":1,"gas":0.000007,"bal":0.000693,"days":1,"spread":0.032258,"streak":1,"rank_m":467747,"pct_m":0.497316,"gas_method":"estimated"},"2025-09":{"txs":3,"uniq":2,"trade":0,"nft":1,"gas":0.000021,"bal":0.00044,"days":3,"spread":0.1,"streak":1,"rank_m":422649,"pct_m":0.449367,"gas_method":"estimated"},"2025-10":{"txs":0,"uniq":0,"trade":0,"nft":0,"gas":0,"bal":0.00044,"days":0,"spread":0,"streak":0,"rank_m":685838,"pct_m":0.729194}}}