{"wallet":"0x6895002d6ef058dc52777c3a38405f738006a6f0","rank":390051,"lifetime":{"months_active":21,"first":"2023-07","last":"2025-10","tx_sum":260,"uniq_sum":92,"trade_sum":4,"nft_sum":40,"gas_sum":0.001555,"avg_balance_eth_mean":0.003992,"streak_best_days":2,"gas_sum_filled":0.001555},"months":{"2023-07":{"txs":0,"uniq":0,"trade":0,"nft":0,"gas":0,"bal":0,"days":0,"spread":0,"streak":0,"rank_m":577208,"pct_m":0.613697},"2023-08":{"txs":0,"uniq":0,"trade":0,"nft":0,"gas":0,"bal":0,"days":0,"spread":0,"streak":0,"rank_m":624215,"pct_m":0.663675},"2023-09":{"txs":0,"uniq":0,"trade":0,"nft":0,"gas":0,"bal":0,"days":0,"spread":0,"streak":0,"rank_m":636799,"pct_m":0.677055},"2023-10":{"txs":5,"uniq":5,"trade":0,"nft":2,"gas":0.00004,"bal":0.000121,"days":1,"spread":0.032258,"streak":1,"rank_m":127995,"pct_m":0.136086,"gas_method":"estimated"},"2023-11":{"txs":0,"uniq":0,"trade":0,"nft":0,"gas":0,"bal":0.000121,"days":0,"spread":0,"streak":0,"rank_m":328757,"pct_m":0.349539},"2023-12":{"txs":1,"uniq":1,"trade":0,"nft":1,"gas":0.000026,"bal":0.000581,"days":1,"spread":0.032258,"streak":1,"rank_m":173787,"pct_m":0.184772,"gas_method":"estimated"},"2024-01":{"txs":0,"uniq":0,"trade":0,"nft":0,"gas":0,"bal":0.000581,"days":0,"spread":0,"streak":0,"rank_m":336391,"pct_m":0.357656},"2024-02":{"txs":2,"uniq":1,"trade":0,"nft":1,"gas":0.000027,"bal":0.002386,"days":2,"spread":0.068966,"streak":2,"rank_m":191208,"pct_m":0.203295,"gas_method":"estimated"},"2024-03":{"txs":1,"uniq":1,"trade":0,"nft":1,"gas":0.00002,"bal":0.009998,"days":1,"spread":0.032258,"streak":1,"rank_m":281034,"pct_m":0.298799,"gas_method":"estimated"},"2024-04":{"txs":3,"uniq":3,"trade":0,"nft":2,"gas":0.000008,"bal":0.009707,"days":2,"spread":0.066667,"streak":1,"rank_m":339528,"pct_m":0.360991,"gas_method":"estimated"},"2024-05":{"txs":2,"uniq":1,"trade":0,"nft":1,"gas":0.000002,"bal":0.00926,"days":1,"spread":0.032258,"streak":1,"rank_m":384757,"pct_m":0.409079,"gas_method":"estimated"},"2024-06":{"txs":16,"uniq":8,"trade":0,"nft":5,"gas":0.000001,"bal":0.005617,"days":1,"spread":0.033333,"streak":1,"rank_m":265538,"pct_m":0.282324,"gas_method":"estimated"},"2024-07":{"txs":0,"uniq":0,"trade":0,"nft":0,"gas":0,"bal":0.005617,"days":0,"spread":0,"streak":0,"rank_m":528520,"pct_m":0.561931},"2024-08":{"txs":18,"uniq":18,"trade":0,"nft":19,"gas":0.000002,"bal":0.00282,"days":3,"spread":0.096774,"streak":1,"rank_m":229519,"pct_m":0.244028,"gas_method":"estimated"},"2024-09":{"txs":11,"uniq":5,"trade":0,"nft":3,"gas":0,"bal":0.002019,"days":3,"spread":0.1,"streak":1,"rank_m":260084,"pct_m":0.276525,"gas_method":"estimated"},"2024-10":{"txs":5,"uniq":4,"trade":0,"nft":3,"gas":0,"bal":0.005589,"days":5,"spread":0.16129,"streak":1,"rank_m":273058,"pct_m":0.290319,"gas_method":"estimated"},"2024-11":{"txs":1,"uniq":1,"trade":0,"nft":0,"gas":0.000002,"bal":0.004614,"days":1,"spread":0.033333,"streak":1,"rank_m":460022,"pct_m":0.489103,"gas_method":"exact"},"2024-12":{"txs":1,"uniq":1,"trade":0,"nft":1,"gas":0.000022,"bal":0.004452,"days":1,"spread":0.032258,"streak":1,"rank_m":474752,"pct_m":0.504764,"gas_method":"exact"},"2025-01":{"txs":2,"uniq":1,"trade":0,"nft":0,"gas":0.000052,"bal":0.004038,"days":1,"spread":0.032258,"streak":1,"rank_m":487622,"pct_m":0.518447,"gas_method":"exact"},"2025-02":{"txs":3,"uniq":2,"trade":0,"nft":0,"gas":0.000021,"bal":0.003839,"days":2,"spread":0.071429,"streak":2,"rank_m":367838,"pct_m":0.391091,"gas_method":"exact"},"2025-03":{"txs":2,"uniq":1,"trade":0,"nft":0,"gas":0.000016,"bal":0.00352,"days":1,"spread":0.032258,"streak":1,"rank_m":424877,"pct_m":0.451736,"gas_method":"exact"},"2025-04":{"txs":0,"uniq":0,"trade":0,"nft":0,"gas":0,"bal":0.00352,"days":0,"spread":0,"streak":0,"rank_m":659017,"pct_m":0.700678},"2025-05":{"txs":1,"uniq":1,"trade":0,"nft":0,"gas":0.000007,"bal":0.003115,"days":1,"spread":0.032258,"streak":1,"rank_m":436290,"pct_m":0.46387,"gas_method":"estimated"},"2025-06":{"txs":48,"uniq":11,"trade":4,"nft":0,"gas":0.000338,"bal":0.007706,"days":13,"spread":0.433333,"streak":2,"rank_m":73957,"pct_m":0.078631,"gas_method":"estimated"},"2025-07":{"txs":45,"uniq":9,"trade":0,"nft":0,"gas":0.000317,"bal":0.005344,"days":14,"spread":0.451613,"streak":2,"rank_m":168885,"pct_m":0.17956,"gas_method":"estimated"},"2025-08":{"txs":34,"uniq":8,"trade":0,"nft":1,"gas":0.000239,"bal":0.006129,"days":9,"spread":0.290323,"streak":2,"rank_m":123286,"pct_m":0.131079,"gas_method":"estimated"},"2025-09":{"txs":48,"uniq":8,"trade":0,"nft":0,"gas":0.000338,"bal":0.005543,"days":11,"spread":0.366667,"streak":2,"rank_m":150498,"pct_m":0.160011,"gas_method":"estimated"},"2025-10":{"txs":11,"uniq":2,"trade":0,"nft":0,"gas":0.000077,"bal":0.005538,"days":4,"spread":0.129032,"streak":2,"rank_m":178492,"pct_m":0.189775,"gas_method":"estimated"}}}