{"wallet":"0x685923672ff953b17d2d537e855ed715d21d1b99","rank":259772,"lifetime":{"months_active":21,"first":"2023-07","last":"2025-10","tx_sum":249,"uniq_sum":161,"trade_sum":2,"nft_sum":81,"gas_sum":0.001442,"avg_balance_eth_mean":0.00639,"streak_best_days":2,"gas_sum_filled":0.001442},"months":{"2023-07":{"txs":0,"uniq":0,"trade":0,"nft":0,"gas":0,"bal":0,"days":0,"spread":0,"streak":0,"rank_m":578068,"pct_m":0.614611},"2023-08":{"txs":4,"uniq":2,"trade":0,"nft":0,"gas":0.000565,"bal":0.000043,"days":2,"spread":0.064516,"streak":1,"rank_m":139530,"pct_m":0.14835,"gas_method":"exact"},"2023-09":{"txs":0,"uniq":0,"trade":0,"nft":0,"gas":0,"bal":0.000043,"days":0,"spread":0,"streak":0,"rank_m":302885,"pct_m":0.322032},"2023-10":{"txs":0,"uniq":0,"trade":0,"nft":0,"gas":0,"bal":0.000043,"days":0,"spread":0,"streak":0,"rank_m":321626,"pct_m":0.341957},"2023-11":{"txs":0,"uniq":0,"trade":0,"nft":0,"gas":0,"bal":0.000043,"days":0,"spread":0,"streak":0,"rank_m":337232,"pct_m":0.35855},"2023-12":{"txs":0,"uniq":0,"trade":0,"nft":0,"gas":0,"bal":0.000043,"days":0,"spread":0,"streak":0,"rank_m":360735,"pct_m":0.383539},"2024-01":{"txs":1,"uniq":1,"trade":0,"nft":0,"gas":0.000041,"bal":0.000208,"days":1,"spread":0.032258,"streak":1,"rank_m":178810,"pct_m":0.190113,"gas_method":"exact"},"2024-02":{"txs":0,"uniq":0,"trade":0,"nft":0,"gas":0,"bal":0.000208,"days":0,"spread":0,"streak":0,"rank_m":406053,"pct_m":0.431722},"2024-03":{"txs":2,"uniq":1,"trade":0,"nft":0,"gas":0.000078,"bal":0.002401,"days":1,"spread":0.032258,"streak":1,"rank_m":328198,"pct_m":0.348945,"gas_method":"estimated"},"2024-04":{"txs":0,"uniq":0,"trade":0,"nft":0,"gas":0,"bal":0.002401,"days":0,"spread":0,"streak":0,"rank_m":484504,"pct_m":0.515132},"2024-05":{"txs":2,"uniq":1,"trade":0,"nft":1,"gas":0.000003,"bal":0.002892,"days":1,"spread":0.032258,"streak":1,"rank_m":422703,"pct_m":0.449424,"gas_method":"estimated"},"2024-06":{"txs":33,"uniq":16,"trade":0,"nft":5,"gas":0.000002,"bal":0.006966,"days":4,"spread":0.133333,"streak":1,"rank_m":159470,"pct_m":0.16955,"gas_method":"estimated"},"2024-07":{"txs":35,"uniq":22,"trade":0,"nft":14,"gas":0.000008,"bal":0.019759,"days":3,"spread":0.096774,"streak":1,"rank_m":98985,"pct_m":0.105242,"gas_method":"estimated"},"2024-08":{"txs":53,"uniq":45,"trade":0,"nft":48,"gas":0.000009,"bal":0.014432,"days":6,"spread":0.193548,"streak":2,"rank_m":52491,"pct_m":0.055808,"gas_method":"estimated"},"2024-09":{"txs":25,"uniq":13,"trade":0,"nft":12,"gas":0.000002,"bal":0.009195,"days":2,"spread":0.066667,"streak":1,"rank_m":138299,"pct_m":0.147041,"gas_method":"estimated"},"2024-10":{"txs":9,"uniq":5,"trade":2,"nft":1,"gas":0.000001,"bal":0.008749,"days":4,"spread":0.129032,"streak":1,"rank_m":204727,"pct_m":0.217668,"gas_method":"estimated"},"2024-11":{"txs":5,"uniq":4,"trade":0,"nft":0,"gas":0.000011,"bal":0.009573,"days":3,"spread":0.1,"streak":1,"rank_m":337297,"pct_m":0.358619,"gas_method":"exact"},"2024-12":{"txs":7,"uniq":6,"trade":0,"nft":0,"gas":0.000154,"bal":0.008609,"days":3,"spread":0.096774,"streak":1,"rank_m":359601,"pct_m":0.382333,"gas_method":"exact"},"2025-01":{"txs":3,"uniq":2,"trade":0,"nft":0,"gas":0.000078,"bal":0.007958,"days":1,"spread":0.032258,"streak":1,"rank_m":443411,"pct_m":0.471441,"gas_method":"exact"},"2025-02":{"txs":6,"uniq":4,"trade":0,"nft":0,"gas":0.000042,"bal":0.007819,"days":3,"spread":0.107143,"streak":1,"rank_m":295067,"pct_m":0.313719,"gas_method":"exact"},"2025-03":{"txs":5,"uniq":4,"trade":0,"nft":0,"gas":0.00004,"bal":0.007287,"days":3,"spread":0.096774,"streak":1,"rank_m":295151,"pct_m":0.313809,"gas_method":"exact"},"2025-04":{"txs":7,"uniq":6,"trade":0,"nft":0,"gas":0.000042,"bal":0.007038,"days":4,"spread":0.133333,"streak":1,"rank_m":245687,"pct_m":0.261218,"gas_method":"exact"},"2025-05":{"txs":10,"uniq":6,"trade":0,"nft":0,"gas":0.00007,"bal":0.007135,"days":4,"spread":0.129032,"streak":1,"rank_m":192652,"pct_m":0.20483,"gas_method":"estimated"},"2025-06":{"txs":7,"uniq":5,"trade":0,"nft":0,"gas":0.000049,"bal":0.008019,"days":2,"spread":0.066667,"streak":1,"rank_m":290691,"pct_m":0.309067,"gas_method":"estimated"},"2025-07":{"txs":4,"uniq":3,"trade":0,"nft":0,"gas":0.000028,"bal":0.008085,"days":1,"spread":0.032258,"streak":1,"rank_m":363279,"pct_m":0.386244,"gas_method":"estimated"},"2025-08":{"txs":14,"uniq":6,"trade":0,"nft":0,"gas":0.000099,"bal":0.008507,"days":4,"spread":0.129032,"streak":1,"rank_m":239210,"pct_m":0.254331,"gas_method":"estimated"},"2025-09":{"txs":14,"uniq":7,"trade":0,"nft":0,"gas":0.000099,"bal":0.012492,"days":4,"spread":0.133333,"streak":1,"rank_m":196227,"pct_m":0.208631,"gas_method":"estimated"},"2025-10":{"txs":3,"uniq":2,"trade":0,"nft":0,"gas":0.000021,"bal":0.018967,"days":1,"spread":0.032258,"streak":1,"rank_m":171844,"pct_m":0.182707,"gas_method":"estimated"}}}