{"wallet":"0x683885c317aa651e35c445e6258dd009db6a0c54","rank":547590,"lifetime":{"months_active":19,"first":"2023-07","last":"2025-10","tx_sum":120,"uniq_sum":93,"trade_sum":1,"nft_sum":45,"gas_sum":0.002655,"avg_balance_eth_mean":0.000607,"streak_best_days":5,"gas_sum_filled":0.002655},"months":{"2023-07":{"txs":0,"uniq":0,"trade":0,"nft":0,"gas":0,"bal":0,"days":0,"spread":0,"streak":0,"rank_m":578531,"pct_m":0.615103},"2023-08":{"txs":10,"uniq":7,"trade":0,"nft":2,"gas":0.000999,"bal":0.000004,"days":3,"spread":0.096774,"streak":2,"rank_m":104010,"pct_m":0.110584,"gas_method":"exact"},"2023-09":{"txs":12,"uniq":8,"trade":0,"nft":6,"gas":0.000253,"bal":0.00456,"days":8,"spread":0.266667,"streak":3,"rank_m":32801,"pct_m":0.034874,"gas_method":"exact"},"2023-10":{"txs":4,"uniq":4,"trade":0,"nft":2,"gas":0.000066,"bal":0.000038,"days":1,"spread":0.032258,"streak":1,"rank_m":107103,"pct_m":0.113873,"gas_method":"exact"},"2023-11":{"txs":2,"uniq":1,"trade":0,"nft":0,"gas":0.00006,"bal":0.000279,"days":1,"spread":0.033333,"streak":1,"rank_m":161995,"pct_m":0.172235,"gas_method":"estimated"},"2023-12":{"txs":8,"uniq":7,"trade":0,"nft":0,"gas":0.000452,"bal":0.004708,"days":3,"spread":0.096774,"streak":2,"rank_m":68756,"pct_m":0.073102,"gas_method":"estimated"},"2024-01":{"txs":15,"uniq":10,"trade":0,"nft":4,"gas":0.000258,"bal":0.002296,"days":12,"spread":0.387097,"streak":5,"rank_m":28468,"pct_m":0.030267,"gas_method":"exact"},"2024-02":{"txs":11,"uniq":9,"trade":0,"nft":4,"gas":0.000039,"bal":0.001592,"days":6,"spread":0.206897,"streak":2,"rank_m":79056,"pct_m":0.084053,"gas_method":"exact"},"2024-03":{"txs":6,"uniq":3,"trade":0,"nft":1,"gas":0.000267,"bal":0.001136,"days":3,"spread":0.096774,"streak":2,"rank_m":268147,"pct_m":0.285098,"gas_method":"estimated"},"2024-04":{"txs":6,"uniq":5,"trade":0,"nft":2,"gas":0.000033,"bal":0.000541,"days":4,"spread":0.133333,"streak":2,"rank_m":367851,"pct_m":0.391105,"gas_method":"estimated"},"2024-05":{"txs":11,"uniq":10,"trade":0,"nft":7,"gas":0.00002,"bal":0.000273,"days":9,"spread":0.290323,"streak":4,"rank_m":263009,"pct_m":0.279635,"gas_method":"estimated"},"2024-06":{"txs":7,"uniq":6,"trade":0,"nft":5,"gas":0,"bal":0.000266,"days":4,"spread":0.133333,"streak":1,"rank_m":362554,"pct_m":0.385473,"gas_method":"estimated"},"2024-07":{"txs":10,"uniq":8,"trade":0,"nft":7,"gas":0.000003,"bal":0.000232,"days":1,"spread":0.032258,"streak":1,"rank_m":379605,"pct_m":0.403602,"gas_method":"estimated"},"2024-08":{"txs":4,"uniq":3,"trade":0,"nft":3,"gas":0.000001,"bal":0.000207,"days":1,"spread":0.032258,"streak":1,"rank_m":456170,"pct_m":0.485007,"gas_method":"estimated"},"2024-09":{"txs":1,"uniq":1,"trade":0,"nft":1,"gas":0,"bal":0.000213,"days":1,"spread":0.033333,"streak":1,"rank_m":457742,"pct_m":0.486678,"gas_method":"estimated"},"2024-10":{"txs":1,"uniq":1,"trade":0,"nft":0,"gas":0,"bal":0.000149,"days":1,"spread":0.032258,"streak":1,"rank_m":565618,"pct_m":0.601374,"gas_method":"estimated"},"2024-11":{"txs":0,"uniq":0,"trade":0,"nft":0,"gas":0,"bal":0.000149,"days":0,"spread":0,"streak":0,"rank_m":701421,"pct_m":0.745762},"2024-12":{"txs":8,"uniq":6,"trade":1,"nft":1,"gas":0.000176,"bal":0.00012,"days":3,"spread":0.096774,"streak":2,"rank_m":369676,"pct_m":0.393045,"gas_method":"exact"},"2025-01":{"txs":0,"uniq":0,"trade":0,"nft":0,"gas":0,"bal":0.00012,"days":0,"spread":0,"streak":0,"rank_m":740584,"pct_m":0.787401},"2025-02":{"txs":1,"uniq":1,"trade":0,"nft":0,"gas":0.000007,"bal":0.000014,"days":1,"spread":0.035714,"streak":1,"rank_m":578034,"pct_m":0.614575,"gas_method":"exact"},"2025-03":{"txs":0,"uniq":0,"trade":0,"nft":0,"gas":0,"bal":0.000014,"days":0,"spread":0,"streak":0,"rank_m":830568,"pct_m":0.883074},"2025-04":{"txs":0,"uniq":0,"trade":0,"nft":0,"gas":0,"bal":0.000014,"days":0,"spread":0,"streak":0,"rank_m":856708,"pct_m":0.910866},"2025-05":{"txs":1,"uniq":1,"trade":0,"nft":0,"gas":0.000007,"bal":0.000013,"days":1,"spread":0.032258,"streak":1,"rank_m":695674,"pct_m":0.739652,"gas_method":"estimated"},"2025-06":{"txs":0,"uniq":0,"trade":0,"nft":0,"gas":0,"bal":0.000013,"days":0,"spread":0,"streak":0,"rank_m":887095,"pct_m":0.943174},"2025-07":{"txs":0,"uniq":0,"trade":0,"nft":0,"gas":0,"bal":0.000013,"days":0,"spread":0,"streak":0,"rank_m":901503,"pct_m":0.958493},"2025-08":{"txs":0,"uniq":0,"trade":0,"nft":0,"gas":0,"bal":0.000013,"days":0,"spread":0,"streak":0,"rank_m":901463,"pct_m":0.958451},"2025-09":{"txs":0,"uniq":0,"trade":0,"nft":0,"gas":0,"bal":0.000013,"days":0,"spread":0,"streak":0,"rank_m":898099,"pct_m":0.954874},"2025-10":{"txs":2,"uniq":2,"trade":0,"nft":0,"gas":0.000014,"bal":0.000008,"days":2,"spread":0.064516,"streak":1,"rank_m":542394,"pct_m":0.576682,"gas_method":"estimated"}}}