{"wallet":"0x685ecd205ee018ee2e25b0cb431391f0d5942390","rank":6728,"lifetime":{"months_active":27,"first":"2023-07","last":"2025-10","tx_sum":1204,"uniq_sum":588,"trade_sum":22,"nft_sum":339,"gas_sum":0.021031,"avg_balance_eth_mean":0.917187,"streak_best_days":12,"gas_sum_filled":0.021031},"months":{"2023-07":{"txs":0,"uniq":0,"trade":0,"nft":0,"gas":0,"bal":0,"days":0,"spread":0,"streak":0,"rank_m":577989,"pct_m":0.614527},"2023-08":{"txs":180,"uniq":77,"trade":3,"nft":55,"gas":0.015131,"bal":0.12112,"days":25,"spread":0.806452,"streak":12,"rank_m":642,"pct_m":0.000682,"gas_method":"exact"},"2023-09":{"txs":35,"uniq":16,"trade":0,"nft":10,"gas":0.00125,"bal":0.119679,"days":14,"spread":0.466667,"streak":4,"rank_m":5021,"pct_m":0.005337,"gas_method":"exact"},"2023-10":{"txs":2,"uniq":2,"trade":0,"nft":1,"gas":0.000008,"bal":0.046455,"days":2,"spread":0.064516,"streak":1,"rank_m":74646,"pct_m":0.079364,"gas_method":"estimated"},"2023-11":{"txs":21,"uniq":11,"trade":0,"nft":1,"gas":0.000076,"bal":0.004879,"days":7,"spread":0.233333,"streak":2,"rank_m":23918,"pct_m":0.025429,"gas_method":"exact"},"2023-12":{"txs":25,"uniq":12,"trade":0,"nft":14,"gas":0.000098,"bal":0.004349,"days":7,"spread":0.225806,"streak":2,"rank_m":17852,"pct_m":0.01898,"gas_method":"exact"},"2024-01":{"txs":29,"uniq":13,"trade":0,"nft":13,"gas":0.000136,"bal":0.009343,"days":9,"spread":0.290323,"streak":2,"rank_m":15916,"pct_m":0.016921,"gas_method":"exact"},"2024-02":{"txs":49,"uniq":34,"trade":3,"nft":34,"gas":0.000158,"bal":0.012426,"days":18,"spread":0.62069,"streak":8,"rank_m":4801,"pct_m":0.005103,"gas_method":"exact"},"2024-03":{"txs":97,"uniq":46,"trade":0,"nft":21,"gas":0.000411,"bal":0.108845,"days":19,"spread":0.612903,"streak":12,"rank_m":4971,"pct_m":0.005284,"gas_method":"exact"},"2024-04":{"txs":131,"uniq":69,"trade":0,"nft":58,"gas":0.000166,"bal":0.256974,"days":22,"spread":0.733333,"streak":8,"rank_m":10334,"pct_m":0.010986,"gas_method":"estimated"},"2024-05":{"txs":108,"uniq":48,"trade":1,"nft":35,"gas":0.000017,"bal":0.295227,"days":22,"spread":0.709677,"streak":8,"rank_m":3468,"pct_m":0.003686,"gas_method":"exact"},"2024-06":{"txs":74,"uniq":33,"trade":2,"nft":32,"gas":0.000001,"bal":0.3111,"days":19,"spread":0.633333,"streak":6,"rank_m":5098,"pct_m":0.005419,"gas_method":"exact"},"2024-07":{"txs":46,"uniq":25,"trade":0,"nft":23,"gas":0.000002,"bal":0.32982,"days":14,"spread":0.451613,"streak":5,"rank_m":7705,"pct_m":0.008191,"gas_method":"exact"},"2024-08":{"txs":29,"uniq":20,"trade":0,"nft":20,"gas":0.000001,"bal":0.304991,"days":16,"spread":0.516129,"streak":6,"rank_m":15050,"pct_m":0.016,"gas_method":"exact"},"2024-09":{"txs":2,"uniq":2,"trade":0,"nft":2,"gas":0,"bal":0.254823,"days":2,"spread":0.066667,"streak":1,"rank_m":204550,"pct_m":0.21748,"gas_method":"estimated"},"2024-10":{"txs":13,"uniq":10,"trade":0,"nft":9,"gas":0.000001,"bal":0.612298,"days":9,"spread":0.290323,"streak":1,"rank_m":73773,"pct_m":0.078436,"gas_method":"exact"},"2024-11":{"txs":7,"uniq":5,"trade":2,"nft":3,"gas":0.000014,"bal":2.073355,"days":6,"spread":0.2,"streak":1,"rank_m":177759,"pct_m":0.188995,"gas_method":"exact"},"2024-12":{"txs":30,"uniq":15,"trade":0,"nft":1,"gas":0.000661,"bal":2.086587,"days":8,"spread":0.258065,"streak":2,"rank_m":81742,"pct_m":0.086908,"gas_method":"exact"},"2025-01":{"txs":34,"uniq":24,"trade":1,"nft":2,"gas":0.000857,"bal":1.710982,"days":13,"spread":0.419355,"streak":5,"rank_m":21859,"pct_m":0.02324,"gas_method":"exact"},"2025-02":{"txs":42,"uniq":22,"trade":0,"nft":1,"gas":0.000296,"bal":1.703115,"days":11,"spread":0.392857,"streak":5,"rank_m":12386,"pct_m":0.013168,"gas_method":"exact"},"2025-03":{"txs":7,"uniq":6,"trade":0,"nft":0,"gas":0.000055,"bal":1.741814,"days":5,"spread":0.16129,"streak":1,"rank_m":173856,"pct_m":0.184846,"gas_method":"exact"},"2025-04":{"txs":6,"uniq":4,"trade":0,"nft":0,"gas":0.000024,"bal":1.742281,"days":4,"spread":0.133333,"streak":2,"rank_m":190599,"pct_m":0.202647,"gas_method":"exact"},"2025-05":{"txs":11,"uniq":8,"trade":0,"nft":0,"gas":0.000077,"bal":1.702653,"days":6,"spread":0.193548,"streak":1,"rank_m":51136,"pct_m":0.054368,"gas_method":"estimated"},"2025-06":{"txs":102,"uniq":29,"trade":3,"nft":0,"gas":0.000718,"bal":1.748461,"days":13,"spread":0.433333,"streak":4,"rank_m":5041,"pct_m":0.005359,"gas_method":"estimated"},"2025-07":{"txs":49,"uniq":27,"trade":0,"nft":2,"gas":0.000345,"bal":1.854575,"days":9,"spread":0.290323,"streak":2,"rank_m":17391,"pct_m":0.018489,"gas_method":"estimated"},"2025-08":{"txs":51,"uniq":18,"trade":7,"nft":2,"gas":0.000359,"bal":2.05317,"days":19,"spread":0.612903,"streak":5,"rank_m":4440,"pct_m":0.00472,"gas_method":"estimated"},"2025-09":{"txs":20,"uniq":10,"trade":0,"nft":0,"gas":0.000141,"bal":2.236404,"days":10,"spread":0.333333,"streak":2,"rank_m":34717,"pct_m":0.036911,"gas_method":"estimated"},"2025-10":{"txs":4,"uniq":2,"trade":0,"nft":0,"gas":0.000028,"bal":2.235496,"days":3,"spread":0.096774,"streak":1,"rank_m":73902,"pct_m":0.078573,"gas_method":"estimated"}}}