{"wallet":"0x682714177d44338b9e52dea20248312420496d29","rank":367654,"lifetime":{"months_active":9,"first":"2023-07","last":"2025-10","tx_sum":369,"uniq_sum":90,"trade_sum":12,"nft_sum":1,"gas_sum":0.045336,"avg_balance_eth_mean":0.000659,"streak_best_days":3,"gas_sum_filled":0.045336},"months":{"2023-07":{"txs":154,"uniq":18,"trade":0,"nft":0,"gas":0.042706,"bal":0.002036,"days":2,"spread":0.064516,"streak":2,"rank_m":4192,"pct_m":0.004456,"gas_method":"exact"},"2023-08":{"txs":17,"uniq":25,"trade":1,"nft":0,"gas":0.001127,"bal":0.001055,"days":7,"spread":0.225806,"streak":2,"rank_m":53747,"pct_m":0.057144,"gas_method":"exact"},"2023-09":{"txs":0,"uniq":0,"trade":0,"nft":0,"gas":0,"bal":0.001055,"days":0,"spread":0,"streak":0,"rank_m":274993,"pct_m":0.292376},"2023-10":{"txs":0,"uniq":0,"trade":0,"nft":0,"gas":0,"bal":0.001055,"days":0,"spread":0,"streak":0,"rank_m":282224,"pct_m":0.300065},"2023-11":{"txs":0,"uniq":0,"trade":0,"nft":0,"gas":0,"bal":0.001055,"days":0,"spread":0,"streak":0,"rank_m":289875,"pct_m":0.308199},"2023-12":{"txs":0,"uniq":0,"trade":0,"nft":0,"gas":0,"bal":0.001055,"days":0,"spread":0,"streak":0,"rank_m":307828,"pct_m":0.327287},"2024-01":{"txs":0,"uniq":0,"trade":0,"nft":0,"gas":0,"bal":0.001055,"days":0,"spread":0,"streak":0,"rank_m":318011,"pct_m":0.338114},"2024-02":{"txs":0,"uniq":0,"trade":0,"nft":0,"gas":0,"bal":0.001055,"days":0,"spread":0,"streak":0,"rank_m":365979,"pct_m":0.389114},"2024-03":{"txs":72,"uniq":15,"trade":2,"nft":0,"gas":0.001056,"bal":0.000082,"days":4,"spread":0.129032,"streak":3,"rank_m":174611,"pct_m":0.185648,"gas_method":"estimated"},"2024-04":{"txs":47,"uniq":14,"trade":0,"nft":0,"gas":0.000085,"bal":0.001191,"days":4,"spread":0.133333,"streak":2,"rank_m":294673,"pct_m":0.313301,"gas_method":"estimated"},"2024-05":{"txs":0,"uniq":0,"trade":0,"nft":0,"gas":0,"bal":0.001191,"days":0,"spread":0,"streak":0,"rank_m":532169,"pct_m":0.565811},"2024-06":{"txs":1,"uniq":1,"trade":0,"nft":0,"gas":0,"bal":0.001165,"days":1,"spread":0.033333,"streak":1,"rank_m":478662,"pct_m":0.508921,"gas_method":"estimated"},"2024-07":{"txs":0,"uniq":0,"trade":0,"nft":0,"gas":0,"bal":0.001165,"days":0,"spread":0,"streak":0,"rank_m":567925,"pct_m":0.603827},"2024-08":{"txs":0,"uniq":0,"trade":0,"nft":0,"gas":0,"bal":0.001165,"days":0,"spread":0,"streak":0,"rank_m":583932,"pct_m":0.620846},"2024-09":{"txs":0,"uniq":0,"trade":0,"nft":0,"gas":0,"bal":0.001165,"days":0,"spread":0,"streak":0,"rank_m":577124,"pct_m":0.613607},"2024-10":{"txs":0,"uniq":0,"trade":0,"nft":0,"gas":0,"bal":0.001165,"days":0,"spread":0,"streak":0,"rank_m":617713,"pct_m":0.656762},"2024-11":{"txs":14,"uniq":6,"trade":0,"nft":1,"gas":0.000025,"bal":0.000008,"days":4,"spread":0.133333,"streak":3,"rank_m":317093,"pct_m":0.337138,"gas_method":"exact"},"2024-12":{"txs":0,"uniq":0,"trade":0,"nft":0,"gas":0,"bal":0.000008,"days":0,"spread":0,"streak":0,"rank_m":771044,"pct_m":0.819787},"2025-01":{"txs":0,"uniq":0,"trade":0,"nft":0,"gas":0,"bal":0.000008,"days":0,"spread":0,"streak":0,"rank_m":789101,"pct_m":0.838985},"2025-02":{"txs":25,"uniq":3,"trade":0,"nft":0,"gas":0.000127,"bal":0.000483,"days":3,"spread":0.107143,"streak":1,"rank_m":298908,"pct_m":0.317803,"gas_method":"exact"},"2025-03":{"txs":24,"uniq":5,"trade":9,"nft":0,"gas":0.00015,"bal":0.000182,"days":2,"spread":0.064516,"streak":2,"rank_m":247323,"pct_m":0.262957,"gas_method":"exact"},"2025-04":{"txs":15,"uniq":3,"trade":0,"nft":0,"gas":0.00006,"bal":0.000006,"days":1,"spread":0.033333,"streak":1,"rank_m":440794,"pct_m":0.468659,"gas_method":"exact"},"2025-05":{"txs":0,"uniq":0,"trade":0,"nft":0,"gas":0,"bal":0.000006,"days":0,"spread":0,"streak":0,"rank_m":881204,"pct_m":0.936911},"2025-06":{"txs":0,"uniq":0,"trade":0,"nft":0,"gas":0,"bal":0.000006,"days":0,"spread":0,"streak":0,"rank_m":894629,"pct_m":0.951184},"2025-07":{"txs":0,"uniq":0,"trade":0,"nft":0,"gas":0,"bal":0.000006,"days":0,"spread":0,"streak":0,"rank_m":908005,"pct_m":0.965406},"2025-08":{"txs":0,"uniq":0,"trade":0,"nft":0,"gas":0,"bal":0.000006,"days":0,"spread":0,"streak":0,"rank_m":909030,"pct_m":0.966496},"2025-09":{"txs":0,"uniq":0,"trade":0,"nft":0,"gas":0,"bal":0.000006,"days":0,"spread":0,"streak":0,"rank_m":906338,"pct_m":0.963634},"2025-10":{"txs":0,"uniq":0,"trade":0,"nft":0,"gas":0,"bal":0.000006,"days":0,"spread":0,"streak":0,"rank_m":891099,"pct_m":0.947431}}}