{"wallet":"0x6807c8d09d3165ea1436f733d280c31873736694","rank":426627,"lifetime":{"months_active":20,"first":"2023-07","last":"2025-10","tx_sum":153,"uniq_sum":72,"trade_sum":7,"nft_sum":4,"gas_sum":0.002635,"avg_balance_eth_mean":0.037848,"streak_best_days":3,"gas_sum_filled":0.002635},"months":{"2023-07":{"txs":0,"uniq":0,"trade":0,"nft":0,"gas":0,"bal":0,"days":0,"spread":0,"streak":0,"rank_m":579238,"pct_m":0.615855},"2023-08":{"txs":0,"uniq":0,"trade":0,"nft":0,"gas":0,"bal":0,"days":0,"spread":0,"streak":0,"rank_m":625993,"pct_m":0.665566},"2023-09":{"txs":25,"uniq":15,"trade":0,"nft":0,"gas":0.001393,"bal":0.000522,"days":1,"spread":0.033333,"streak":1,"rank_m":109044,"pct_m":0.115936,"gas_method":"estimated"},"2023-10":{"txs":5,"uniq":4,"trade":0,"nft":0,"gas":0.000074,"bal":0.002517,"days":1,"spread":0.032258,"streak":1,"rank_m":112776,"pct_m":0.119904,"gas_method":"estimated"},"2023-11":{"txs":3,"uniq":2,"trade":0,"nft":0,"gas":0.000076,"bal":0.002638,"days":1,"spread":0.033333,"streak":1,"rank_m":123668,"pct_m":0.131485,"gas_method":"estimated"},"2023-12":{"txs":5,"uniq":4,"trade":0,"nft":0,"gas":0.000239,"bal":0.006606,"days":1,"spread":0.032258,"streak":1,"rank_m":107638,"pct_m":0.114442,"gas_method":"estimated"},"2024-01":{"txs":1,"uniq":1,"trade":0,"nft":2,"gas":0.000045,"bal":0.00791,"days":1,"spread":0.032258,"streak":1,"rank_m":129089,"pct_m":0.137249,"gas_method":"estimated"},"2024-02":{"txs":2,"uniq":2,"trade":0,"nft":0,"gas":0.00005,"bal":0.007793,"days":1,"spread":0.034483,"streak":1,"rank_m":200779,"pct_m":0.213471,"gas_method":"estimated"},"2024-03":{"txs":1,"uniq":1,"trade":0,"nft":2,"gas":0.000038,"bal":0.007429,"days":1,"spread":0.032258,"streak":1,"rank_m":280904,"pct_m":0.298661,"gas_method":"estimated"},"2024-04":{"txs":13,"uniq":8,"trade":4,"nft":0,"gas":0.00006,"bal":0.007235,"days":1,"spread":0.033333,"streak":1,"rank_m":273662,"pct_m":0.290961,"gas_method":"estimated"},"2024-05":{"txs":3,"uniq":2,"trade":0,"nft":0,"gas":0.000005,"bal":0.006887,"days":1,"spread":0.032258,"streak":1,"rank_m":401856,"pct_m":0.427259,"gas_method":"estimated"},"2024-06":{"txs":1,"uniq":1,"trade":0,"nft":0,"gas":0,"bal":0.006831,"days":1,"spread":0.033333,"streak":1,"rank_m":420464,"pct_m":0.447044,"gas_method":"estimated"},"2024-07":{"txs":4,"uniq":2,"trade":0,"nft":0,"gas":0.000001,"bal":0.062141,"days":2,"spread":0.064516,"streak":2,"rank_m":250685,"pct_m":0.266532,"gas_method":"estimated"},"2024-08":{"txs":0,"uniq":0,"trade":0,"nft":0,"gas":0,"bal":0.062141,"days":0,"spread":0,"streak":0,"rank_m":471456,"pct_m":0.501259},"2024-09":{"txs":0,"uniq":0,"trade":0,"nft":0,"gas":0,"bal":0.062141,"days":0,"spread":0,"streak":0,"rank_m":436547,"pct_m":0.464144},"2024-10":{"txs":0,"uniq":0,"trade":0,"nft":0,"gas":0,"bal":0.062141,"days":0,"spread":0,"streak":0,"rank_m":479317,"pct_m":0.509617},"2024-11":{"txs":3,"uniq":3,"trade":0,"nft":0,"gas":0.000007,"bal":0.048175,"days":1,"spread":0.033333,"streak":1,"rank_m":366377,"pct_m":0.389538,"gas_method":"exact"},"2024-12":{"txs":1,"uniq":1,"trade":1,"nft":0,"gas":0.000022,"bal":0.106102,"days":1,"spread":0.032258,"streak":1,"rank_m":404366,"pct_m":0.429928,"gas_method":"exact"},"2025-01":{"txs":1,"uniq":1,"trade":0,"nft":0,"gas":0.000026,"bal":0.105988,"days":1,"spread":0.032258,"streak":1,"rank_m":442128,"pct_m":0.470077,"gas_method":"exact"},"2025-02":{"txs":1,"uniq":1,"trade":0,"nft":0,"gas":0.000007,"bal":0.065838,"days":1,"spread":0.035714,"streak":1,"rank_m":412290,"pct_m":0.438353,"gas_method":"exact"},"2025-03":{"txs":0,"uniq":0,"trade":0,"nft":0,"gas":0,"bal":0.065838,"days":0,"spread":0,"streak":0,"rank_m":527473,"pct_m":0.560818},"2025-04":{"txs":0,"uniq":0,"trade":0,"nft":0,"gas":0,"bal":0.065838,"days":0,"spread":0,"streak":0,"rank_m":564145,"pct_m":0.599808},"2025-05":{"txs":0,"uniq":0,"trade":0,"nft":0,"gas":0,"bal":0.065838,"days":0,"spread":0,"streak":0,"rank_m":424354,"pct_m":0.45118},"2025-06":{"txs":45,"uniq":13,"trade":2,"nft":0,"gas":0.000317,"bal":0.050789,"days":12,"spread":0.4,"streak":3,"rank_m":24650,"pct_m":0.026207,"gas_method":"estimated"},"2025-07":{"txs":15,"uniq":4,"trade":0,"nft":0,"gas":0.000106,"bal":0.045459,"days":6,"spread":0.193548,"streak":1,"rank_m":162169,"pct_m":0.17242,"gas_method":"estimated"},"2025-08":{"txs":5,"uniq":2,"trade":0,"nft":0,"gas":0.000035,"bal":0.045339,"days":4,"spread":0.129032,"streak":1,"rank_m":202810,"pct_m":0.21563,"gas_method":"estimated"},"2025-09":{"txs":15,"uniq":4,"trade":0,"nft":0,"gas":0.000106,"bal":0.045189,"days":3,"spread":0.1,"streak":1,"rank_m":164410,"pct_m":0.174803,"gas_method":"estimated"},"2025-10":{"txs":4,"uniq":1,"trade":0,"nft":0,"gas":0.000028,"bal":0.044413,"days":4,"spread":0.129032,"streak":1,"rank_m":110464,"pct_m":0.117446,"gas_method":"estimated"}}}