{"wallet":"0x681fcae9553d349f16761cf2e5b27305bbae6efc","rank":111812,"lifetime":{"months_active":19,"first":"2023-07","last":"2025-10","tx_sum":275,"uniq_sum":114,"trade_sum":4,"nft_sum":32,"gas_sum":0.004043,"avg_balance_eth_mean":0.008197,"streak_best_days":106,"gas_sum_filled":0.004043},"months":{"2023-07":{"txs":0,"uniq":0,"trade":0,"nft":0,"gas":0,"bal":0,"days":0,"spread":0,"streak":0,"rank_m":578907,"pct_m":0.615503},"2023-08":{"txs":10,"uniq":5,"trade":0,"nft":3,"gas":0.000247,"bal":0.00235,"days":3,"spread":0.096774,"streak":3,"rank_m":91750,"pct_m":0.097549,"gas_method":"exact"},"2023-09":{"txs":1,"uniq":1,"trade":0,"nft":1,"gas":0.000043,"bal":0.011717,"days":1,"spread":0.033333,"streak":1,"rank_m":104302,"pct_m":0.110895,"gas_method":"exact"},"2023-10":{"txs":0,"uniq":0,"trade":0,"nft":0,"gas":0,"bal":0.011717,"days":0,"spread":0,"streak":0,"rank_m":234448,"pct_m":0.249268},"2023-11":{"txs":0,"uniq":0,"trade":0,"nft":0,"gas":0,"bal":0.011717,"days":0,"spread":0,"streak":0,"rank_m":230936,"pct_m":0.245534},"2023-12":{"txs":2,"uniq":2,"trade":0,"nft":2,"gas":0.000138,"bal":0.01646,"days":2,"spread":0.064516,"streak":1,"rank_m":73262,"pct_m":0.077892,"gas_method":"exact"},"2024-01":{"txs":0,"uniq":0,"trade":0,"nft":0,"gas":0,"bal":0.01646,"days":0,"spread":0,"streak":0,"rank_m":250021,"pct_m":0.265826},"2024-02":{"txs":5,"uniq":5,"trade":0,"nft":3,"gas":0.000283,"bal":0.016459,"days":3,"spread":0.103448,"streak":1,"rank_m":97862,"pct_m":0.104048,"gas_method":"exact"},"2024-03":{"txs":3,"uniq":3,"trade":0,"nft":1,"gas":0.000095,"bal":0.015721,"days":3,"spread":0.096774,"streak":1,"rank_m":210494,"pct_m":0.2238,"gas_method":"exact"},"2024-04":{"txs":6,"uniq":5,"trade":0,"nft":3,"gas":0.000047,"bal":0.015332,"days":3,"spread":0.1,"streak":1,"rank_m":283653,"pct_m":0.301584,"gas_method":"estimated"},"2024-05":{"txs":5,"uniq":5,"trade":0,"nft":5,"gas":0.000013,"bal":0.013837,"days":5,"spread":0.16129,"streak":1,"rank_m":241418,"pct_m":0.256679,"gas_method":"estimated"},"2024-06":{"txs":6,"uniq":6,"trade":0,"nft":4,"gas":0.000001,"bal":0.005778,"days":4,"spread":0.133333,"streak":2,"rank_m":227949,"pct_m":0.242358,"gas_method":"estimated"},"2024-07":{"txs":3,"uniq":3,"trade":0,"nft":3,"gas":0.000001,"bal":0.000613,"days":3,"spread":0.096774,"streak":1,"rank_m":391910,"pct_m":0.416685,"gas_method":"estimated"},"2024-08":{"txs":2,"uniq":2,"trade":0,"nft":1,"gas":0.000001,"bal":0.000465,"days":2,"spread":0.064516,"streak":2,"rank_m":431217,"pct_m":0.458477,"gas_method":"estimated"},"2024-09":{"txs":0,"uniq":0,"trade":0,"nft":0,"gas":0,"bal":0.000465,"days":0,"spread":0,"streak":0,"rank_m":615532,"pct_m":0.654444},"2024-10":{"txs":15,"uniq":9,"trade":1,"nft":4,"gas":0.000003,"bal":0.002473,"days":7,"spread":0.225806,"streak":2,"rank_m":179647,"pct_m":0.191003,"gas_method":"estimated"},"2024-11":{"txs":14,"uniq":10,"trade":0,"nft":2,"gas":0.000032,"bal":0.005604,"days":10,"spread":0.333333,"streak":3,"rank_m":146749,"pct_m":0.156025,"gas_method":"exact"},"2024-12":{"txs":60,"uniq":15,"trade":0,"nft":0,"gas":0.001301,"bal":0.026826,"days":31,"spread":1,"streak":31,"rank_m":32287,"pct_m":0.034327,"gas_method":"exact"},"2025-01":{"txs":43,"uniq":7,"trade":0,"nft":0,"gas":0.001117,"bal":0.012292,"days":31,"spread":1,"streak":31,"rank_m":50628,"pct_m":0.053828,"gas_method":"exact"},"2025-02":{"txs":36,"uniq":5,"trade":0,"nft":0,"gas":0.000253,"bal":0.008467,"days":28,"spread":1,"streak":28,"rank_m":54869,"pct_m":0.058337,"gas_method":"exact"},"2025-03":{"txs":25,"uniq":9,"trade":2,"nft":0,"gas":0.000198,"bal":0.008174,"days":13,"spread":0.419355,"streak":13,"rank_m":50408,"pct_m":0.053594,"gas_method":"exact"},"2025-04":{"txs":4,"uniq":4,"trade":1,"nft":0,"gas":0.000024,"bal":0.007692,"days":2,"spread":0.066667,"streak":1,"rank_m":291621,"pct_m":0.310056,"gas_method":"exact"},"2025-05":{"txs":0,"uniq":0,"trade":0,"nft":0,"gas":0,"bal":0.007692,"days":0,"spread":0,"streak":0,"rank_m":560102,"pct_m":0.595509},"2025-06":{"txs":30,"uniq":13,"trade":0,"nft":0,"gas":0.000211,"bal":0.005496,"days":11,"spread":0.366667,"streak":3,"rank_m":157235,"pct_m":0.167174,"gas_method":"estimated"},"2025-07":{"txs":5,"uniq":5,"trade":0,"nft":0,"gas":0.000035,"bal":0.001426,"days":2,"spread":0.064516,"streak":1,"rank_m":449316,"pct_m":0.47772,"gas_method":"estimated"},"2025-08":{"txs":0,"uniq":0,"trade":0,"nft":0,"gas":0,"bal":0.001426,"days":0,"spread":0,"streak":0,"rank_m":684427,"pct_m":0.727694},"2025-09":{"txs":0,"uniq":0,"trade":0,"nft":0,"gas":0,"bal":0.001426,"days":0,"spread":0,"streak":0,"rank_m":667964,"pct_m":0.71019},"2025-10":{"txs":0,"uniq":0,"trade":0,"nft":0,"gas":0,"bal":0.001426,"days":0,"spread":0,"streak":0,"rank_m":601914,"pct_m":0.639965}}}