{"wallet":"0x686b0c1a7e6d1166da53d8d3b2d5dfcc7b65b031","rank":199824,"lifetime":{"months_active":19,"first":"2023-07","last":"2025-10","tx_sum":250,"uniq_sum":148,"trade_sum":6,"nft_sum":101,"gas_sum":0.002573,"avg_balance_eth_mean":0.009571,"streak_best_days":3,"gas_sum_filled":0.002573},"months":{"2023-07":{"txs":0,"uniq":0,"trade":0,"nft":0,"gas":0,"bal":0,"days":0,"spread":0,"streak":0,"rank_m":577798,"pct_m":0.614324},"2023-08":{"txs":0,"uniq":0,"trade":0,"nft":0,"gas":0,"bal":0,"days":0,"spread":0,"streak":0,"rank_m":624736,"pct_m":0.664229},"2023-09":{"txs":13,"uniq":4,"trade":0,"nft":1,"gas":0.000454,"bal":0.000351,"days":3,"spread":0.1,"streak":1,"rank_m":80108,"pct_m":0.085171,"gas_method":"exact"},"2023-10":{"txs":7,"uniq":6,"trade":0,"nft":0,"gas":0.000131,"bal":0.000294,"days":1,"spread":0.032258,"streak":1,"rank_m":134375,"pct_m":0.142869,"gas_method":"estimated"},"2023-11":{"txs":2,"uniq":1,"trade":0,"nft":0,"gas":0.000065,"bal":0.000949,"days":1,"spread":0.033333,"streak":1,"rank_m":150567,"pct_m":0.160084,"gas_method":"estimated"},"2023-12":{"txs":14,"uniq":4,"trade":0,"nft":2,"gas":0.000335,"bal":0.000439,"days":3,"spread":0.096774,"streak":1,"rank_m":76668,"pct_m":0.081514,"gas_method":"exact"},"2024-01":{"txs":6,"uniq":4,"trade":0,"nft":1,"gas":0.000111,"bal":0.001446,"days":4,"spread":0.129032,"streak":1,"rank_m":90578,"pct_m":0.096303,"gas_method":"exact"},"2024-02":{"txs":11,"uniq":3,"trade":0,"nft":0,"gas":0.000353,"bal":0.004019,"days":3,"spread":0.103448,"streak":1,"rank_m":162351,"pct_m":0.172613,"gas_method":"estimated"},"2024-03":{"txs":3,"uniq":2,"trade":0,"nft":0,"gas":0.000144,"bal":0.005992,"days":1,"spread":0.032258,"streak":1,"rank_m":294126,"pct_m":0.312719,"gas_method":"estimated"},"2024-04":{"txs":7,"uniq":5,"trade":0,"nft":1,"gas":0.000041,"bal":0.009575,"days":3,"spread":0.1,"streak":1,"rank_m":315557,"pct_m":0.335505,"gas_method":"estimated"},"2024-05":{"txs":0,"uniq":0,"trade":0,"nft":0,"gas":0,"bal":0.009575,"days":0,"spread":0,"streak":0,"rank_m":491273,"pct_m":0.522329},"2024-06":{"txs":0,"uniq":0,"trade":0,"nft":0,"gas":0,"bal":0.009575,"days":0,"spread":0,"streak":0,"rank_m":504468,"pct_m":0.536358},"2024-07":{"txs":7,"uniq":2,"trade":0,"nft":0,"gas":0,"bal":0.011688,"days":3,"spread":0.096774,"streak":1,"rank_m":269328,"pct_m":0.286353,"gas_method":"exact"},"2024-08":{"txs":72,"uniq":56,"trade":0,"nft":61,"gas":0.000016,"bal":0.010243,"days":2,"spread":0.064516,"streak":1,"rank_m":117507,"pct_m":0.124934,"gas_method":"estimated"},"2024-09":{"txs":18,"uniq":11,"trade":0,"nft":14,"gas":0.000002,"bal":0.01433,"days":4,"spread":0.133333,"streak":2,"rank_m":74186,"pct_m":0.078875,"gas_method":"estimated"},"2024-10":{"txs":24,"uniq":16,"trade":0,"nft":19,"gas":0.000004,"bal":0.011181,"days":4,"spread":0.129032,"streak":1,"rank_m":132354,"pct_m":0.14072,"gas_method":"estimated"},"2024-11":{"txs":2,"uniq":1,"trade":0,"nft":0,"gas":0.000002,"bal":0.01025,"days":1,"spread":0.033333,"streak":1,"rank_m":436765,"pct_m":0.464375,"gas_method":"exact"},"2024-12":{"txs":5,"uniq":5,"trade":0,"nft":0,"gas":0.00011,"bal":0.00964,"days":2,"spread":0.064516,"streak":1,"rank_m":398290,"pct_m":0.423468,"gas_method":"exact"},"2025-01":{"txs":29,"uniq":13,"trade":0,"nft":1,"gas":0.000597,"bal":0.01132,"days":8,"spread":0.258065,"streak":1,"rank_m":129248,"pct_m":0.137418,"gas_method":"exact"},"2025-02":{"txs":7,"uniq":6,"trade":0,"nft":0,"gas":0.000049,"bal":0.01348,"days":2,"spread":0.071429,"streak":2,"rank_m":230153,"pct_m":0.244702,"gas_method":"exact"},"2025-03":{"txs":0,"uniq":0,"trade":0,"nft":0,"gas":0,"bal":0.01348,"days":0,"spread":0,"streak":0,"rank_m":571692,"pct_m":0.607832},"2025-04":{"txs":3,"uniq":3,"trade":0,"nft":0,"gas":0.000018,"bal":0.013392,"days":2,"spread":0.066667,"streak":2,"rank_m":312456,"pct_m":0.332208,"gas_method":"exact"},"2025-05":{"txs":0,"uniq":0,"trade":0,"nft":0,"gas":0,"bal":0.013392,"days":0,"spread":0,"streak":0,"rank_m":511939,"pct_m":0.544302},"2025-06":{"txs":0,"uniq":0,"trade":0,"nft":0,"gas":0,"bal":0.013392,"days":0,"spread":0,"streak":0,"rank_m":511881,"pct_m":0.54424},"2025-07":{"txs":1,"uniq":1,"trade":2,"nft":0,"gas":0.000007,"bal":0.01274,"days":1,"spread":0.032258,"streak":1,"rank_m":310006,"pct_m":0.329603,"gas_method":"estimated"},"2025-08":{"txs":0,"uniq":0,"trade":0,"nft":0,"gas":0,"bal":0.01274,"days":0,"spread":0,"streak":0,"rank_m":510451,"pct_m":0.54272},"2025-09":{"txs":19,"uniq":5,"trade":4,"nft":1,"gas":0.000134,"bal":0.027254,"days":3,"spread":0.1,"streak":1,"rank_m":114403,"pct_m":0.121634,"gas_method":"estimated"},"2025-10":{"txs":0,"uniq":0,"trade":0,"nft":0,"gas":0,"bal":0.027254,"days":0,"spread":0,"streak":0,"rank_m":360678,"pct_m":0.383478}}}