{"wallet":"0x685ce560284bf49cb378c0155428d255e72a7619","rank":446076,"lifetime":{"months_active":20,"first":"2023-07","last":"2025-10","tx_sum":242,"uniq_sum":154,"trade_sum":2,"nft_sum":57,"gas_sum":0.000854,"avg_balance_eth_mean":0.000169,"streak_best_days":4,"gas_sum_filled":0.000854},"months":{"2023-07":{"txs":0,"uniq":0,"trade":0,"nft":0,"gas":0,"bal":0,"days":0,"spread":0,"streak":0,"rank_m":578022,"pct_m":0.614562},"2023-08":{"txs":0,"uniq":0,"trade":0,"nft":0,"gas":0,"bal":0,"days":0,"spread":0,"streak":0,"rank_m":624937,"pct_m":0.664443},"2023-09":{"txs":0,"uniq":0,"trade":0,"nft":0,"gas":0,"bal":0,"days":0,"spread":0,"streak":0,"rank_m":637495,"pct_m":0.677795},"2023-10":{"txs":0,"uniq":0,"trade":0,"nft":0,"gas":0,"bal":0,"days":0,"spread":0,"streak":0,"rank_m":647621,"pct_m":0.688561},"2023-11":{"txs":0,"uniq":0,"trade":0,"nft":0,"gas":0,"bal":0,"days":0,"spread":0,"streak":0,"rank_m":656595,"pct_m":0.698102},"2023-12":{"txs":3,"uniq":1,"trade":0,"nft":0,"gas":0.000042,"bal":0.000014,"days":1,"spread":0.032258,"streak":1,"rank_m":195087,"pct_m":0.207419,"gas_method":"estimated"},"2024-01":{"txs":0,"uniq":0,"trade":0,"nft":0,"gas":0,"bal":0.000014,"days":0,"spread":0,"streak":0,"rank_m":386198,"pct_m":0.410612},"2024-02":{"txs":2,"uniq":1,"trade":1,"nft":0,"gas":0.000015,"bal":0.000024,"days":1,"spread":0.034483,"streak":1,"rank_m":253609,"pct_m":0.269641,"gas_method":"estimated"},"2024-03":{"txs":16,"uniq":9,"trade":0,"nft":5,"gas":0.000178,"bal":0.000103,"days":5,"spread":0.16129,"streak":2,"rank_m":232343,"pct_m":0.24703,"gas_method":"estimated"},"2024-04":{"txs":14,"uniq":7,"trade":0,"nft":0,"gas":0.000019,"bal":0.000136,"days":4,"spread":0.133333,"streak":2,"rank_m":386985,"pct_m":0.411448,"gas_method":"estimated"},"2024-05":{"txs":20,"uniq":12,"trade":0,"nft":4,"gas":0.000009,"bal":0.000081,"days":8,"spread":0.258065,"streak":2,"rank_m":285825,"pct_m":0.303893,"gas_method":"estimated"},"2024-06":{"txs":36,"uniq":21,"trade":1,"nft":9,"gas":0,"bal":0.000265,"days":12,"spread":0.4,"streak":4,"rank_m":104441,"pct_m":0.111042,"gas_method":"exact"},"2024-07":{"txs":16,"uniq":12,"trade":0,"nft":6,"gas":0.000001,"bal":0.000282,"days":10,"spread":0.322581,"streak":3,"rank_m":145104,"pct_m":0.154276,"gas_method":"exact"},"2024-08":{"txs":29,"uniq":27,"trade":0,"nft":20,"gas":0.000001,"bal":0.000611,"days":8,"spread":0.258065,"streak":3,"rank_m":190445,"pct_m":0.202483,"gas_method":"estimated"},"2024-09":{"txs":19,"uniq":11,"trade":0,"nft":4,"gas":0,"bal":0.000229,"days":5,"spread":0.166667,"streak":2,"rank_m":248871,"pct_m":0.264603,"gas_method":"estimated"},"2024-10":{"txs":13,"uniq":8,"trade":0,"nft":7,"gas":0,"bal":0.0004,"days":6,"spread":0.193548,"streak":1,"rank_m":317688,"pct_m":0.33777,"gas_method":"estimated"},"2024-11":{"txs":7,"uniq":4,"trade":0,"nft":2,"gas":0.000016,"bal":0.000065,"days":4,"spread":0.133333,"streak":1,"rank_m":378642,"pct_m":0.402578,"gas_method":"exact"},"2024-12":{"txs":7,"uniq":5,"trade":0,"nft":0,"gas":0.000132,"bal":0.000218,"days":2,"spread":0.064516,"streak":2,"rank_m":444946,"pct_m":0.473073,"gas_method":"exact"},"2025-01":{"txs":6,"uniq":3,"trade":0,"nft":0,"gas":0.000104,"bal":0.000189,"days":3,"spread":0.096774,"streak":1,"rank_m":473519,"pct_m":0.503453,"gas_method":"exact"},"2025-02":{"txs":19,"uniq":13,"trade":0,"nft":0,"gas":0.00012,"bal":0.000534,"days":8,"spread":0.285714,"streak":4,"rank_m":166577,"pct_m":0.177107,"gas_method":"exact"},"2025-03":{"txs":10,"uniq":4,"trade":0,"nft":0,"gas":0.000063,"bal":0.0003,"days":4,"spread":0.129032,"streak":2,"rank_m":317295,"pct_m":0.337353,"gas_method":"exact"},"2025-04":{"txs":3,"uniq":3,"trade":0,"nft":0,"gas":0,"bal":0.000229,"days":2,"spread":0.066667,"streak":1,"rank_m":512409,"pct_m":0.544801,"gas_method":"exact"},"2025-05":{"txs":2,"uniq":1,"trade":0,"nft":0,"gas":0.000014,"bal":0.000019,"days":1,"spread":0.032258,"streak":1,"rank_m":683272,"pct_m":0.726466,"gas_method":"estimated"},"2025-06":{"txs":3,"uniq":3,"trade":0,"nft":0,"gas":0.000021,"bal":0.00012,"days":2,"spread":0.066667,"streak":1,"rank_m":606233,"pct_m":0.644557,"gas_method":"estimated"},"2025-07":{"txs":13,"uniq":6,"trade":0,"nft":0,"gas":0.000091,"bal":0.000697,"days":5,"spread":0.16129,"streak":1,"rank_m":441259,"pct_m":0.469153,"gas_method":"estimated"},"2025-08":{"txs":4,"uniq":3,"trade":0,"nft":0,"gas":0.000028,"bal":0.000064,"days":3,"spread":0.096774,"streak":2,"rank_m":584247,"pct_m":0.621181,"gas_method":"estimated"},"2025-09":{"txs":0,"uniq":0,"trade":0,"nft":0,"gas":0,"bal":0.000064,"days":0,"spread":0,"streak":0,"rank_m":866933,"pct_m":0.921738},"2025-10":{"txs":0,"uniq":0,"trade":0,"nft":0,"gas":0,"bal":0.000064,"days":0,"spread":0,"streak":0,"rank_m":840897,"pct_m":0.894056}}}