{"wallet":"0x6806cac70ac3b27926b441f815b8db4454034869","rank":196882,"lifetime":{"months_active":9,"first":"2023-07","last":"2025-10","tx_sum":596,"uniq_sum":42,"trade_sum":136,"nft_sum":1,"gas_sum":0.001421,"avg_balance_eth_mean":0.009597,"streak_best_days":34,"gas_sum_filled":0.001421},"months":{"2023-07":{"txs":0,"uniq":0,"trade":0,"nft":0,"gas":0,"bal":0,"days":0,"spread":0,"streak":0,"rank_m":579252,"pct_m":0.61587},"2023-08":{"txs":0,"uniq":0,"trade":0,"nft":0,"gas":0,"bal":0,"days":0,"spread":0,"streak":0,"rank_m":626006,"pct_m":0.66558},"2023-09":{"txs":0,"uniq":0,"trade":0,"nft":0,"gas":0,"bal":0,"days":0,"spread":0,"streak":0,"rank_m":638515,"pct_m":0.678879},"2023-10":{"txs":0,"uniq":0,"trade":0,"nft":0,"gas":0,"bal":0,"days":0,"spread":0,"streak":0,"rank_m":648609,"pct_m":0.689612},"2023-11":{"txs":7,"uniq":2,"trade":0,"nft":0,"gas":0.000013,"bal":0.000023,"days":4,"spread":0.133333,"streak":2,"rank_m":138408,"pct_m":0.147157,"gas_method":"estimated"},"2023-12":{"txs":9,"uniq":1,"trade":0,"nft":0,"gas":0.00003,"bal":0.006018,"days":3,"spread":0.096774,"streak":1,"rank_m":100567,"pct_m":0.106924,"gas_method":"estimated"},"2024-01":{"txs":1,"uniq":1,"trade":0,"nft":0,"gas":0.000016,"bal":0.005948,"days":1,"spread":0.032258,"streak":1,"rank_m":151476,"pct_m":0.161051,"gas_method":"exact"},"2024-02":{"txs":30,"uniq":4,"trade":0,"nft":0,"gas":0.000053,"bal":0.005489,"days":5,"spread":0.172414,"streak":4,"rank_m":92600,"pct_m":0.098453,"gas_method":"estimated"},"2024-03":{"txs":112,"uniq":6,"trade":22,"nft":0,"gas":0.001012,"bal":0.009382,"days":18,"spread":0.580645,"streak":11,"rank_m":19314,"pct_m":0.020534,"gas_method":"exact"},"2024-04":{"txs":233,"uniq":11,"trade":45,"nft":1,"gas":0.000164,"bal":0.047926,"days":29,"spread":0.966667,"streak":17,"rank_m":8465,"pct_m":0.008999,"gas_method":"exact"},"2024-05":{"txs":126,"uniq":5,"trade":69,"nft":0,"gas":0.000129,"bal":0.104551,"days":27,"spread":0.870968,"streak":17,"rank_m":9814,"pct_m":0.010433,"gas_method":"exact"},"2024-06":{"txs":35,"uniq":5,"trade":0,"nft":0,"gas":0.000003,"bal":0.022176,"days":8,"spread":0.266667,"streak":4,"rank_m":95925,"pct_m":0.101988,"gas_method":"exact"},"2024-07":{"txs":43,"uniq":7,"trade":0,"nft":0,"gas":0.000001,"bal":0.004201,"days":12,"spread":0.387097,"streak":5,"rank_m":165601,"pct_m":0.176069,"gas_method":"estimated"},"2024-08":{"txs":0,"uniq":0,"trade":0,"nft":0,"gas":0,"bal":0.004201,"days":0,"spread":0,"streak":0,"rank_m":548247,"pct_m":0.582905},"2024-09":{"txs":0,"uniq":0,"trade":0,"nft":0,"gas":0,"bal":0.004201,"days":0,"spread":0,"streak":0,"rank_m":526816,"pct_m":0.560119},"2024-10":{"txs":0,"uniq":0,"trade":0,"nft":0,"gas":0,"bal":0.004201,"days":0,"spread":0,"streak":0,"rank_m":572672,"pct_m":0.608874},"2024-11":{"txs":0,"uniq":0,"trade":0,"nft":0,"gas":0,"bal":0.004201,"days":0,"spread":0,"streak":0,"rank_m":584360,"pct_m":0.621301},"2024-12":{"txs":0,"uniq":0,"trade":0,"nft":0,"gas":0,"bal":0.004201,"days":0,"spread":0,"streak":0,"rank_m":636962,"pct_m":0.677228},"2025-01":{"txs":0,"uniq":0,"trade":0,"nft":0,"gas":0,"bal":0.004201,"days":0,"spread":0,"streak":0,"rank_m":624571,"pct_m":0.664054},"2025-02":{"txs":0,"uniq":0,"trade":0,"nft":0,"gas":0,"bal":0.004201,"days":0,"spread":0,"streak":0,"rank_m":633888,"pct_m":0.67396},"2025-03":{"txs":0,"uniq":0,"trade":0,"nft":0,"gas":0,"bal":0.004201,"days":0,"spread":0,"streak":0,"rank_m":621952,"pct_m":0.661269},"2025-04":{"txs":0,"uniq":0,"trade":0,"nft":0,"gas":0,"bal":0.004201,"days":0,"spread":0,"streak":0,"rank_m":651399,"pct_m":0.692578},"2025-05":{"txs":0,"uniq":0,"trade":0,"nft":0,"gas":0,"bal":0.004201,"days":0,"spread":0,"streak":0,"rank_m":607421,"pct_m":0.64582},"2025-06":{"txs":0,"uniq":0,"trade":0,"nft":0,"gas":0,"bal":0.004201,"days":0,"spread":0,"streak":0,"rank_m":609060,"pct_m":0.647562},"2025-07":{"txs":0,"uniq":0,"trade":0,"nft":0,"gas":0,"bal":0.004201,"days":0,"spread":0,"streak":0,"rank_m":627839,"pct_m":0.667529},"2025-08":{"txs":0,"uniq":0,"trade":0,"nft":0,"gas":0,"bal":0.004201,"days":0,"spread":0,"streak":0,"rank_m":609987,"pct_m":0.648548},"2025-09":{"txs":0,"uniq":0,"trade":0,"nft":0,"gas":0,"bal":0.004201,"days":0,"spread":0,"streak":0,"rank_m":595882,"pct_m":0.633551},"2025-10":{"txs":0,"uniq":0,"trade":0,"nft":0,"gas":0,"bal":0.004201,"days":0,"spread":0,"streak":0,"rank_m":516241,"pct_m":0.548876}}}