{"wallet":"0x687219d939760a181a4895c276becce785d03224","rank":78256,"lifetime":{"months_active":16,"first":"2023-07","last":"2025-10","tx_sum":568,"uniq_sum":224,"trade_sum":10,"nft_sum":159,"gas_sum":0.001398,"avg_balance_eth_mean":0.014234,"streak_best_days":17,"gas_sum_filled":0.001398},"months":{"2023-07":{"txs":0,"uniq":0,"trade":0,"nft":0,"gas":0,"bal":0,"days":0,"spread":0,"streak":0,"rank_m":577705,"pct_m":0.614225},"2023-08":{"txs":0,"uniq":0,"trade":0,"nft":0,"gas":0,"bal":0,"days":0,"spread":0,"streak":0,"rank_m":624649,"pct_m":0.664137},"2023-09":{"txs":0,"uniq":0,"trade":0,"nft":0,"gas":0,"bal":0,"days":0,"spread":0,"streak":0,"rank_m":637218,"pct_m":0.677501},"2023-10":{"txs":0,"uniq":0,"trade":0,"nft":0,"gas":0,"bal":0,"days":0,"spread":0,"streak":0,"rank_m":647351,"pct_m":0.688274},"2023-11":{"txs":0,"uniq":0,"trade":0,"nft":0,"gas":0,"bal":0,"days":0,"spread":0,"streak":0,"rank_m":656333,"pct_m":0.697824},"2023-12":{"txs":0,"uniq":0,"trade":0,"nft":0,"gas":0,"bal":0,"days":0,"spread":0,"streak":0,"rank_m":667190,"pct_m":0.709367},"2024-01":{"txs":1,"uniq":0,"trade":0,"nft":0,"gas":0.000007,"bal":0.012,"days":1,"spread":0.032258,"streak":1,"rank_m":157295,"pct_m":0.167238,"gas_method":"estimated"},"2024-02":{"txs":2,"uniq":1,"trade":0,"nft":0,"gas":0.000008,"bal":0.013023,"days":2,"spread":0.068966,"streak":1,"rank_m":187629,"pct_m":0.199489,"gas_method":"estimated"},"2024-03":{"txs":3,"uniq":3,"trade":0,"nft":2,"gas":0.000018,"bal":0.005349,"days":3,"spread":0.096774,"streak":1,"rank_m":243914,"pct_m":0.259333,"gas_method":"estimated"},"2024-04":{"txs":95,"uniq":39,"trade":1,"nft":23,"gas":0.000247,"bal":0.015451,"days":17,"spread":0.566667,"streak":7,"rank_m":17644,"pct_m":0.018758,"gas_method":"exact"},"2024-05":{"txs":149,"uniq":57,"trade":0,"nft":39,"gas":0.000201,"bal":0.013444,"days":20,"spread":0.645161,"streak":5,"rank_m":9640,"pct_m":0.010248,"gas_method":"exact"},"2024-06":{"txs":145,"uniq":48,"trade":2,"nft":47,"gas":0.000001,"bal":0.008233,"days":23,"spread":0.766667,"streak":12,"rank_m":25133,"pct_m":0.026721,"gas_method":"estimated"},"2024-07":{"txs":45,"uniq":11,"trade":0,"nft":10,"gas":0.000003,"bal":0.006042,"days":26,"spread":0.83871,"streak":17,"rank_m":29025,"pct_m":0.030859,"gas_method":"exact"},"2024-08":{"txs":30,"uniq":21,"trade":0,"nft":17,"gas":0.000002,"bal":0.011577,"days":11,"spread":0.354839,"streak":2,"rank_m":49139,"pct_m":0.052244,"gas_method":"exact"},"2024-09":{"txs":18,"uniq":11,"trade":0,"nft":12,"gas":0,"bal":0.006665,"days":9,"spread":0.3,"streak":3,"rank_m":49793,"pct_m":0.05294,"gas_method":"exact"},"2024-10":{"txs":13,"uniq":8,"trade":0,"nft":7,"gas":0,"bal":0.004866,"days":8,"spread":0.258065,"streak":2,"rank_m":163702,"pct_m":0.17405,"gas_method":"estimated"},"2024-11":{"txs":26,"uniq":6,"trade":5,"nft":1,"gas":0.00006,"bal":0.010395,"days":15,"spread":0.5,"streak":12,"rank_m":67708,"pct_m":0.071987,"gas_method":"exact"},"2024-12":{"txs":35,"uniq":13,"trade":2,"nft":0,"gas":0.000772,"bal":0.025643,"days":22,"spread":0.709677,"streak":6,"rank_m":41805,"pct_m":0.044447,"gas_method":"exact"},"2025-01":{"txs":2,"uniq":2,"trade":0,"nft":0,"gas":0.000052,"bal":0.026525,"days":2,"spread":0.064516,"streak":1,"rank_m":410240,"pct_m":0.436173,"gas_method":"exact"},"2025-02":{"txs":0,"uniq":0,"trade":0,"nft":0,"gas":0,"bal":0.026525,"days":0,"spread":0,"streak":0,"rank_m":568602,"pct_m":0.604547},"2025-03":{"txs":0,"uniq":0,"trade":0,"nft":0,"gas":0,"bal":0.026525,"days":0,"spread":0,"streak":0,"rank_m":549426,"pct_m":0.584158},"2025-04":{"txs":1,"uniq":1,"trade":0,"nft":0,"gas":0.000006,"bal":0.026524,"days":1,"spread":0.033333,"streak":1,"rank_m":429408,"pct_m":0.456553,"gas_method":"exact"},"2025-05":{"txs":0,"uniq":0,"trade":0,"nft":0,"gas":0,"bal":0.026524,"days":0,"spread":0,"streak":0,"rank_m":465277,"pct_m":0.49469},"2025-06":{"txs":0,"uniq":0,"trade":0,"nft":0,"gas":0,"bal":0.026524,"days":0,"spread":0,"streak":0,"rank_m":464934,"pct_m":0.494325},"2025-07":{"txs":1,"uniq":1,"trade":0,"nft":1,"gas":0.000007,"bal":0.026509,"days":1,"spread":0.032258,"streak":1,"rank_m":294652,"pct_m":0.313278,"gas_method":"estimated"},"2025-08":{"txs":2,"uniq":2,"trade":0,"nft":0,"gas":0.000014,"bal":0.02674,"days":1,"spread":0.032258,"streak":1,"rank_m":277870,"pct_m":0.295435,"gas_method":"estimated"},"2025-09":{"txs":0,"uniq":0,"trade":0,"nft":0,"gas":0,"bal":0.02674,"days":0,"spread":0,"streak":0,"rank_m":455103,"pct_m":0.483873},"2025-10":{"txs":0,"uniq":0,"trade":0,"nft":0,"gas":0,"bal":0.02674,"days":0,"spread":0,"streak":0,"rank_m":361678,"pct_m":0.384541}}}