{"wallet":"0x68181566e921a1df25d34c3fef8ed362368074c6","rank":787085,"lifetime":{"months_active":10,"first":"2023-07","last":"2025-10","tx_sum":169,"uniq_sum":51,"trade_sum":1,"nft_sum":10,"gas_sum":0.001629,"avg_balance_eth_mean":0.00309,"streak_best_days":2,"gas_sum_filled":0.001629},"months":{"2023-07":{"txs":0,"uniq":0,"trade":0,"nft":0,"gas":0,"bal":0,"days":0,"spread":0,"streak":0,"rank_m":579011,"pct_m":0.615614},"2023-08":{"txs":0,"uniq":0,"trade":0,"nft":0,"gas":0,"bal":0,"days":0,"spread":0,"streak":0,"rank_m":625800,"pct_m":0.665361},"2023-09":{"txs":0,"uniq":0,"trade":0,"nft":0,"gas":0,"bal":0,"days":0,"spread":0,"streak":0,"rank_m":638316,"pct_m":0.678668},"2023-10":{"txs":57,"uniq":20,"trade":0,"nft":7,"gas":0.000839,"bal":0.001035,"days":2,"spread":0.064516,"streak":1,"rank_m":67109,"pct_m":0.07135,"gas_method":"estimated"},"2023-11":{"txs":0,"uniq":0,"trade":0,"nft":0,"gas":0,"bal":0.001035,"days":0,"spread":0,"streak":0,"rank_m":290460,"pct_m":0.308821},"2023-12":{"txs":0,"uniq":0,"trade":0,"nft":0,"gas":0,"bal":0.001035,"days":0,"spread":0,"streak":0,"rank_m":308381,"pct_m":0.327875},"2024-01":{"txs":0,"uniq":0,"trade":0,"nft":0,"gas":0,"bal":0.001035,"days":0,"spread":0,"streak":0,"rank_m":318627,"pct_m":0.338769},"2024-02":{"txs":0,"uniq":0,"trade":0,"nft":0,"gas":0,"bal":0.001035,"days":0,"spread":0,"streak":0,"rank_m":366637,"pct_m":0.389814},"2024-03":{"txs":0,"uniq":0,"trade":0,"nft":0,"gas":0,"bal":0.001035,"days":0,"spread":0,"streak":0,"rank_m":439381,"pct_m":0.467157},"2024-04":{"txs":0,"uniq":0,"trade":0,"nft":0,"gas":0,"bal":0.001035,"days":0,"spread":0,"streak":0,"rank_m":513433,"pct_m":0.54589},"2024-05":{"txs":0,"uniq":0,"trade":0,"nft":0,"gas":0,"bal":0.001035,"days":0,"spread":0,"streak":0,"rank_m":537812,"pct_m":0.57181},"2024-06":{"txs":0,"uniq":0,"trade":0,"nft":0,"gas":0,"bal":0.001035,"days":0,"spread":0,"streak":0,"rank_m":553850,"pct_m":0.588862},"2024-07":{"txs":0,"uniq":0,"trade":0,"nft":0,"gas":0,"bal":0.001035,"days":0,"spread":0,"streak":0,"rank_m":570482,"pct_m":0.606546},"2024-08":{"txs":0,"uniq":0,"trade":0,"nft":0,"gas":0,"bal":0.001035,"days":0,"spread":0,"streak":0,"rank_m":586886,"pct_m":0.623987},"2024-09":{"txs":1,"uniq":1,"trade":0,"nft":1,"gas":0,"bal":0.001101,"days":1,"spread":0.033333,"streak":1,"rank_m":412098,"pct_m":0.438149,"gas_method":"estimated"},"2024-10":{"txs":1,"uniq":1,"trade":0,"nft":1,"gas":0,"bal":0.000909,"days":1,"spread":0.032258,"streak":1,"rank_m":476709,"pct_m":0.506844,"gas_method":"estimated"},"2024-11":{"txs":0,"uniq":0,"trade":0,"nft":0,"gas":0,"bal":0.000909,"days":0,"spread":0,"streak":0,"rank_m":636781,"pct_m":0.677036},"2024-12":{"txs":1,"uniq":1,"trade":0,"nft":0,"gas":0.000022,"bal":0.000317,"days":1,"spread":0.032258,"streak":1,"rank_m":580574,"pct_m":0.617276,"gas_method":"exact"},"2025-01":{"txs":0,"uniq":0,"trade":0,"nft":0,"gas":0,"bal":0.000317,"days":0,"spread":0,"streak":0,"rank_m":710753,"pct_m":0.755684},"2025-02":{"txs":2,"uniq":2,"trade":1,"nft":0,"gas":0.000014,"bal":0.000587,"days":1,"spread":0.035714,"streak":1,"rank_m":435688,"pct_m":0.46323,"gas_method":"exact"},"2025-03":{"txs":0,"uniq":0,"trade":0,"nft":0,"gas":0,"bal":0.000587,"days":0,"spread":0,"streak":0,"rank_m":715855,"pct_m":0.761109},"2025-04":{"txs":0,"uniq":0,"trade":0,"nft":0,"gas":0,"bal":0.000587,"days":0,"spread":0,"streak":0,"rank_m":737966,"pct_m":0.784618},"2025-05":{"txs":0,"uniq":0,"trade":0,"nft":0,"gas":0,"bal":0.000587,"days":0,"spread":0,"streak":0,"rank_m":739571,"pct_m":0.786324},"2025-06":{"txs":24,"uniq":9,"trade":0,"nft":0,"gas":0.000169,"bal":0.007403,"days":7,"spread":0.233333,"streak":2,"rank_m":181016,"pct_m":0.192458,"gas_method":"estimated"},"2025-07":{"txs":22,"uniq":6,"trade":0,"nft":0,"gas":0.000155,"bal":0.015059,"days":7,"spread":0.225806,"streak":2,"rank_m":155987,"pct_m":0.165847,"gas_method":"estimated"},"2025-08":{"txs":18,"uniq":6,"trade":0,"nft":1,"gas":0.000127,"bal":0.016908,"days":8,"spread":0.258065,"streak":1,"rank_m":122433,"pct_m":0.130172,"gas_method":"estimated"},"2025-09":{"txs":20,"uniq":4,"trade":0,"nft":0,"gas":0.000141,"bal":0.015657,"days":7,"spread":0.233333,"streak":1,"rank_m":173466,"pct_m":0.184431,"gas_method":"estimated"},"2025-10":{"txs":23,"uniq":1,"trade":0,"nft":0,"gas":0.000162,"bal":0.014206,"days":5,"spread":0.16129,"streak":1,"rank_m":115064,"pct_m":0.122337,"gas_method":"estimated"}}}