{"wallet":"0x684b263f4435ddb9adfee04867ce47789e452c6b","rank":256734,"lifetime":{"months_active":16,"first":"2023-07","last":"2025-10","tx_sum":218,"uniq_sum":128,"trade_sum":2,"nft_sum":78,"gas_sum":0.002348,"avg_balance_eth_mean":0.016291,"streak_best_days":6,"gas_sum_filled":0.002348},"months":{"2023-07":{"txs":0,"uniq":0,"trade":0,"nft":0,"gas":0,"bal":0,"days":0,"spread":0,"streak":0,"rank_m":578260,"pct_m":0.614815},"2023-08":{"txs":0,"uniq":0,"trade":0,"nft":0,"gas":0,"bal":0,"days":0,"spread":0,"streak":0,"rank_m":625143,"pct_m":0.664662},"2023-09":{"txs":0,"uniq":0,"trade":0,"nft":0,"gas":0,"bal":0,"days":0,"spread":0,"streak":0,"rank_m":637695,"pct_m":0.678008},"2023-10":{"txs":60,"uniq":23,"trade":0,"nft":8,"gas":0.000883,"bal":0.012543,"days":13,"spread":0.419355,"streak":6,"rank_m":11050,"pct_m":0.011747,"gas_method":"estimated"},"2023-11":{"txs":18,"uniq":8,"trade":0,"nft":2,"gas":0.000678,"bal":0.028385,"days":10,"spread":0.333333,"streak":3,"rank_m":8866,"pct_m":0.009425,"gas_method":"exact"},"2023-12":{"txs":4,"uniq":4,"trade":0,"nft":3,"gas":0.000191,"bal":0.027701,"days":4,"spread":0.129032,"streak":1,"rank_m":50137,"pct_m":0.053305,"gas_method":"estimated"},"2024-01":{"txs":8,"uniq":7,"trade":0,"nft":7,"gas":0.00005,"bal":0.026926,"days":7,"spread":0.225806,"streak":1,"rank_m":40097,"pct_m":0.042631,"gas_method":"exact"},"2024-02":{"txs":9,"uniq":8,"trade":0,"nft":6,"gas":0.000025,"bal":0.026841,"days":7,"spread":0.241379,"streak":2,"rank_m":44354,"pct_m":0.047157,"gas_method":"exact"},"2024-03":{"txs":4,"uniq":4,"trade":0,"nft":3,"gas":0.000151,"bal":0.026531,"days":4,"spread":0.129032,"streak":1,"rank_m":182783,"pct_m":0.194337,"gas_method":"estimated"},"2024-04":{"txs":6,"uniq":6,"trade":0,"nft":4,"gas":0.000028,"bal":0.029017,"days":5,"spread":0.166667,"streak":1,"rank_m":239093,"pct_m":0.254207,"gas_method":"estimated"},"2024-05":{"txs":12,"uniq":9,"trade":0,"nft":6,"gas":0.000018,"bal":0.027179,"days":9,"spread":0.290323,"streak":2,"rank_m":120055,"pct_m":0.127644,"gas_method":"estimated"},"2024-06":{"txs":16,"uniq":7,"trade":0,"nft":5,"gas":0.000001,"bal":0.025395,"days":7,"spread":0.233333,"streak":2,"rank_m":111041,"pct_m":0.11806,"gas_method":"estimated"},"2024-07":{"txs":5,"uniq":5,"trade":0,"nft":2,"gas":0.000001,"bal":0.023804,"days":4,"spread":0.129032,"streak":1,"rank_m":205940,"pct_m":0.218958,"gas_method":"estimated"},"2024-08":{"txs":36,"uniq":29,"trade":0,"nft":30,"gas":0.000006,"bal":0.022801,"days":7,"spread":0.225806,"streak":4,"rank_m":39447,"pct_m":0.04194,"gas_method":"estimated"},"2024-09":{"txs":0,"uniq":0,"trade":0,"nft":0,"gas":0,"bal":0.022801,"days":0,"spread":0,"streak":0,"rank_m":456652,"pct_m":0.48552},"2024-10":{"txs":2,"uniq":2,"trade":0,"nft":1,"gas":0,"bal":0.02074,"days":2,"spread":0.064516,"streak":1,"rank_m":311630,"pct_m":0.33133,"gas_method":"estimated"},"2024-11":{"txs":0,"uniq":0,"trade":0,"nft":1,"gas":0,"bal":0.02074,"days":0,"spread":0,"streak":0,"rank_m":498343,"pct_m":0.529846},"2024-12":{"txs":2,"uniq":2,"trade":0,"nft":0,"gas":0.000044,"bal":0.015246,"days":2,"spread":0.064516,"streak":1,"rank_m":451843,"pct_m":0.480406,"gas_method":"exact"},"2025-01":{"txs":1,"uniq":1,"trade":0,"nft":0,"gas":0.000026,"bal":0.014265,"days":1,"spread":0.032258,"streak":1,"rank_m":470584,"pct_m":0.500332,"gas_method":"exact"},"2025-02":{"txs":1,"uniq":1,"trade":0,"nft":0,"gas":0.000007,"bal":0.013624,"days":1,"spread":0.035714,"streak":1,"rank_m":438496,"pct_m":0.466216,"gas_method":"exact"},"2025-03":{"txs":0,"uniq":0,"trade":0,"nft":0,"gas":0,"bal":0.013624,"days":0,"spread":0,"streak":0,"rank_m":571341,"pct_m":0.607459},"2025-04":{"txs":0,"uniq":0,"trade":0,"nft":0,"gas":0,"bal":0.013624,"days":0,"spread":0,"streak":0,"rank_m":604802,"pct_m":0.643035},"2025-05":{"txs":0,"uniq":0,"trade":0,"nft":0,"gas":0,"bal":0.013624,"days":0,"spread":0,"streak":0,"rank_m":510613,"pct_m":0.542892},"2025-06":{"txs":34,"uniq":12,"trade":2,"nft":0,"gas":0.000239,"bal":0.006146,"days":12,"spread":0.4,"streak":2,"rank_m":100522,"pct_m":0.106876,"gas_method":"estimated"},"2025-07":{"txs":0,"uniq":0,"trade":0,"nft":0,"gas":0,"bal":0.006146,"days":0,"spread":0,"streak":0,"rank_m":596611,"pct_m":0.634326},"2025-08":{"txs":0,"uniq":0,"trade":0,"nft":0,"gas":0,"bal":0.006146,"days":0,"spread":0,"streak":0,"rank_m":576540,"pct_m":0.612987},"2025-09":{"txs":0,"uniq":0,"trade":0,"nft":0,"gas":0,"bal":0.006146,"days":0,"spread":0,"streak":0,"rank_m":564952,"pct_m":0.600666},"2025-10":{"txs":0,"uniq":0,"trade":0,"nft":0,"gas":0,"bal":0.006146,"days":0,"spread":0,"streak":0,"rank_m":479222,"pct_m":0.509516}}}