{"wallet":"0x68ad76e971baff35270c25ab973534abd6ee7dd9","rank":326751,"lifetime":{"months_active":11,"first":"2023-07","last":"2025-10","tx_sum":162,"uniq_sum":95,"trade_sum":23,"nft_sum":26,"gas_sum":0.002765,"avg_balance_eth_mean":0.043472,"streak_best_days":2,"gas_sum_filled":0.002765},"months":{"2023-07":{"txs":0,"uniq":0,"trade":0,"nft":0,"gas":0,"bal":0,"days":0,"spread":0,"streak":0,"rank_m":576855,"pct_m":0.613321},"2023-08":{"txs":0,"uniq":0,"trade":0,"nft":0,"gas":0,"bal":0,"days":0,"spread":0,"streak":0,"rank_m":623911,"pct_m":0.663352},"2023-09":{"txs":0,"uniq":0,"trade":0,"nft":0,"gas":0,"bal":0,"days":0,"spread":0,"streak":0,"rank_m":636506,"pct_m":0.676743},"2023-10":{"txs":0,"uniq":0,"trade":0,"nft":0,"gas":0,"bal":0,"days":0,"spread":0,"streak":0,"rank_m":646665,"pct_m":0.687545},"2023-11":{"txs":0,"uniq":0,"trade":0,"nft":0,"gas":0,"bal":0,"days":0,"spread":0,"streak":0,"rank_m":655664,"pct_m":0.697113},"2023-12":{"txs":19,"uniq":10,"trade":1,"nft":1,"gas":0.000608,"bal":0.053358,"days":5,"spread":0.16129,"streak":1,"rank_m":19712,"pct_m":0.020957,"gas_method":"estimated"},"2024-01":{"txs":16,"uniq":11,"trade":1,"nft":2,"gas":0.000053,"bal":0.101963,"days":6,"spread":0.193548,"streak":1,"rank_m":25298,"pct_m":0.026896,"gas_method":"exact"},"2024-02":{"txs":21,"uniq":11,"trade":5,"nft":2,"gas":0.000287,"bal":0.08047,"days":7,"spread":0.241379,"streak":2,"rank_m":15952,"pct_m":0.016959,"gas_method":"exact"},"2024-03":{"txs":25,"uniq":15,"trade":1,"nft":4,"gas":0.001612,"bal":0.11703,"days":9,"spread":0.290323,"streak":2,"rank_m":34380,"pct_m":0.036552,"gas_method":"exact"},"2024-04":{"txs":14,"uniq":10,"trade":0,"nft":3,"gas":0.000082,"bal":0.055279,"days":7,"spread":0.233333,"streak":2,"rank_m":141114,"pct_m":0.150034,"gas_method":"exact"},"2024-05":{"txs":14,"uniq":6,"trade":2,"nft":2,"gas":0.000014,"bal":0.116267,"days":6,"spread":0.193548,"streak":1,"rank_m":135273,"pct_m":0.143824,"gas_method":"estimated"},"2024-06":{"txs":19,"uniq":8,"trade":8,"nft":1,"gas":0.000001,"bal":0.075377,"days":7,"spread":0.233333,"streak":1,"rank_m":87681,"pct_m":0.093223,"gas_method":"estimated"},"2024-07":{"txs":16,"uniq":7,"trade":5,"nft":0,"gas":0.000003,"bal":0.11517,"days":4,"spread":0.129032,"streak":1,"rank_m":97892,"pct_m":0.104079,"gas_method":"estimated"},"2024-08":{"txs":10,"uniq":10,"trade":0,"nft":11,"gas":0.000001,"bal":0.114136,"days":4,"spread":0.129032,"streak":2,"rank_m":108281,"pct_m":0.115125,"gas_method":"exact"},"2024-09":{"txs":0,"uniq":0,"trade":0,"nft":0,"gas":0,"bal":0.114136,"days":0,"spread":0,"streak":0,"rank_m":427382,"pct_m":0.454399},"2024-10":{"txs":3,"uniq":3,"trade":0,"nft":0,"gas":0,"bal":0.090746,"days":1,"spread":0.032258,"streak":1,"rank_m":309208,"pct_m":0.328754,"gas_method":"estimated"},"2024-11":{"txs":0,"uniq":0,"trade":0,"nft":0,"gas":0,"bal":0.090746,"days":0,"spread":0,"streak":0,"rank_m":519377,"pct_m":0.55221},"2024-12":{"txs":0,"uniq":0,"trade":0,"nft":0,"gas":0,"bal":0.090746,"days":0,"spread":0,"streak":0,"rank_m":577974,"pct_m":0.614511},"2025-01":{"txs":5,"uniq":4,"trade":0,"nft":0,"gas":0.000104,"bal":0.000178,"days":1,"spread":0.032258,"streak":1,"rank_m":499636,"pct_m":0.531221,"gas_method":"exact"},"2025-02":{"txs":0,"uniq":0,"trade":0,"nft":0,"gas":0,"bal":0.000178,"days":0,"spread":0,"streak":0,"rank_m":753991,"pct_m":0.801656},"2025-03":{"txs":0,"uniq":0,"trade":0,"nft":0,"gas":0,"bal":0.000178,"days":0,"spread":0,"streak":0,"rank_m":766048,"pct_m":0.814475},"2025-04":{"txs":0,"uniq":0,"trade":0,"nft":0,"gas":0,"bal":0.000178,"days":0,"spread":0,"streak":0,"rank_m":786951,"pct_m":0.836699},"2025-05":{"txs":0,"uniq":0,"trade":0,"nft":0,"gas":0,"bal":0.000178,"days":0,"spread":0,"streak":0,"rank_m":799510,"pct_m":0.850052},"2025-06":{"txs":0,"uniq":0,"trade":0,"nft":0,"gas":0,"bal":0.000178,"days":0,"spread":0,"streak":0,"rank_m":811341,"pct_m":0.862631},"2025-07":{"txs":0,"uniq":0,"trade":0,"nft":0,"gas":0,"bal":0.000178,"days":0,"spread":0,"streak":0,"rank_m":829846,"pct_m":0.882306},"2025-08":{"txs":0,"uniq":0,"trade":0,"nft":0,"gas":0,"bal":0.000178,"days":0,"spread":0,"streak":0,"rank_m":818390,"pct_m":0.870126},"2025-09":{"txs":0,"uniq":0,"trade":0,"nft":0,"gas":0,"bal":0.000178,"days":0,"spread":0,"streak":0,"rank_m":812418,"pct_m":0.863776},"2025-10":{"txs":0,"uniq":0,"trade":0,"nft":0,"gas":0,"bal":0.000178,"days":0,"spread":0,"streak":0,"rank_m":775570,"pct_m":0.824599}}}