{"wallet":"0x683457fef05a9c18258dbb78b698d8cb41a7d936","rank":580787,"lifetime":{"months_active":11,"first":"2023-07","last":"2025-10","tx_sum":125,"uniq_sum":83,"trade_sum":12,"nft_sum":54,"gas_sum":0.001215,"avg_balance_eth_mean":0.007539,"streak_best_days":3,"gas_sum_filled":0.001215},"months":{"2023-07":{"txs":0,"uniq":0,"trade":0,"nft":0,"gas":0,"bal":0,"days":0,"spread":0,"streak":0,"rank_m":578593,"pct_m":0.615169},"2023-08":{"txs":0,"uniq":0,"trade":0,"nft":0,"gas":0,"bal":0,"days":0,"spread":0,"streak":0,"rank_m":625441,"pct_m":0.664979},"2023-09":{"txs":0,"uniq":0,"trade":0,"nft":0,"gas":0,"bal":0,"days":0,"spread":0,"streak":0,"rank_m":637975,"pct_m":0.678305},"2023-10":{"txs":2,"uniq":2,"trade":0,"nft":0,"gas":0.000016,"bal":0.008379,"days":1,"spread":0.032258,"streak":1,"rank_m":106583,"pct_m":0.11332,"gas_method":"estimated"},"2023-11":{"txs":0,"uniq":0,"trade":0,"nft":0,"gas":0,"bal":0.008379,"days":0,"spread":0,"streak":0,"rank_m":237474,"pct_m":0.252486},"2023-12":{"txs":2,"uniq":1,"trade":0,"nft":0,"gas":0.000052,"bal":0.008027,"days":1,"spread":0.032258,"streak":1,"rank_m":134197,"pct_m":0.14268,"gas_method":"estimated"},"2024-01":{"txs":0,"uniq":0,"trade":0,"nft":0,"gas":0,"bal":0.008027,"days":0,"spread":0,"streak":0,"rank_m":262961,"pct_m":0.279584},"2024-02":{"txs":31,"uniq":11,"trade":3,"nft":0,"gas":0.000423,"bal":0.00712,"days":1,"spread":0.034483,"streak":1,"rank_m":89170,"pct_m":0.094806,"gas_method":"estimated"},"2024-03":{"txs":23,"uniq":12,"trade":9,"nft":0,"gas":0.000471,"bal":0.003848,"days":2,"spread":0.064516,"streak":1,"rank_m":160177,"pct_m":0.170302,"gas_method":"estimated"},"2024-04":{"txs":0,"uniq":0,"trade":0,"nft":0,"gas":0,"bal":0.003848,"days":0,"spread":0,"streak":0,"rank_m":479325,"pct_m":0.509626},"2024-05":{"txs":0,"uniq":0,"trade":0,"nft":0,"gas":0,"bal":0.003848,"days":0,"spread":0,"streak":0,"rank_m":507304,"pct_m":0.539374},"2024-06":{"txs":0,"uniq":0,"trade":0,"nft":0,"gas":0,"bal":0.003848,"days":0,"spread":0,"streak":0,"rank_m":527017,"pct_m":0.560333},"2024-07":{"txs":0,"uniq":0,"trade":0,"nft":0,"gas":0,"bal":0.003848,"days":0,"spread":0,"streak":0,"rank_m":539531,"pct_m":0.573638},"2024-08":{"txs":49,"uniq":45,"trade":0,"nft":50,"gas":0.000005,"bal":0.002575,"days":7,"spread":0.225806,"streak":3,"rank_m":104102,"pct_m":0.110682,"gas_method":"estimated"},"2024-09":{"txs":3,"uniq":3,"trade":0,"nft":3,"gas":0.000001,"bal":0.001531,"days":2,"spread":0.066667,"streak":1,"rank_m":264557,"pct_m":0.281281,"gas_method":"exact"},"2024-10":{"txs":2,"uniq":1,"trade":0,"nft":1,"gas":0.000002,"bal":0.001047,"days":1,"spread":0.032258,"streak":1,"rank_m":398789,"pct_m":0.423999,"gas_method":"exact"},"2024-11":{"txs":0,"uniq":0,"trade":0,"nft":0,"gas":0,"bal":0.001047,"days":0,"spread":0,"streak":0,"rank_m":630239,"pct_m":0.67008},"2024-12":{"txs":4,"uniq":3,"trade":0,"nft":0,"gas":0.000066,"bal":0.014251,"days":3,"spread":0.096774,"streak":1,"rank_m":410519,"pct_m":0.43647,"gas_method":"exact"},"2025-01":{"txs":6,"uniq":3,"trade":0,"nft":0,"gas":0.000156,"bal":0.023788,"days":2,"spread":0.064516,"streak":1,"rank_m":347873,"pct_m":0.369864,"gas_method":"exact"},"2025-02":{"txs":0,"uniq":0,"trade":0,"nft":0,"gas":0,"bal":0.023788,"days":0,"spread":0,"streak":0,"rank_m":571423,"pct_m":0.607546},"2025-03":{"txs":2,"uniq":1,"trade":0,"nft":0,"gas":0.000016,"bal":0.010925,"days":2,"spread":0.064516,"streak":2,"rank_m":339618,"pct_m":0.361087,"gas_method":"exact"},"2025-04":{"txs":0,"uniq":0,"trade":0,"nft":0,"gas":0,"bal":0.010925,"days":0,"spread":0,"streak":0,"rank_m":613803,"pct_m":0.652605},"2025-05":{"txs":1,"uniq":1,"trade":0,"nft":0,"gas":0.000007,"bal":0.01034,"days":1,"spread":0.032258,"streak":1,"rank_m":334068,"pct_m":0.355186,"gas_method":"estimated"},"2025-06":{"txs":0,"uniq":0,"trade":0,"nft":0,"gas":0,"bal":0.01034,"days":0,"spread":0,"streak":0,"rank_m":535277,"pct_m":0.569115},"2025-07":{"txs":0,"uniq":0,"trade":0,"nft":0,"gas":0,"bal":0.01034,"days":0,"spread":0,"streak":0,"rank_m":553125,"pct_m":0.588091},"2025-08":{"txs":0,"uniq":0,"trade":0,"nft":0,"gas":0,"bal":0.01034,"days":0,"spread":0,"streak":0,"rank_m":530301,"pct_m":0.563824},"2025-09":{"txs":0,"uniq":0,"trade":0,"nft":0,"gas":0,"bal":0.01034,"days":0,"spread":0,"streak":0,"rank_m":522757,"pct_m":0.555804},"2025-10":{"txs":0,"uniq":0,"trade":0,"nft":0,"gas":0,"bal":0.01034,"days":0,"spread":0,"streak":0,"rank_m":432623,"pct_m":0.459971}}}