{"wallet":"0x68551fd27be3e5cf50c2d44ed602dcd511261116","rank":185019,"lifetime":{"months_active":17,"first":"2023-07","last":"2025-10","tx_sum":204,"uniq_sum":101,"trade_sum":50,"nft_sum":9,"gas_sum":0.00173,"avg_balance_eth_mean":0.005941,"streak_best_days":13,"gas_sum_filled":0.00173},"months":{"2023-07":{"txs":0,"uniq":0,"trade":0,"nft":0,"gas":0,"bal":0,"days":0,"spread":0,"streak":0,"rank_m":578128,"pct_m":0.614675},"2023-08":{"txs":0,"uniq":0,"trade":0,"nft":0,"gas":0,"bal":0,"days":0,"spread":0,"streak":0,"rank_m":625027,"pct_m":0.664539},"2023-09":{"txs":0,"uniq":0,"trade":0,"nft":0,"gas":0,"bal":0,"days":0,"spread":0,"streak":0,"rank_m":637580,"pct_m":0.677885},"2023-10":{"txs":0,"uniq":0,"trade":0,"nft":0,"gas":0,"bal":0,"days":0,"spread":0,"streak":0,"rank_m":647703,"pct_m":0.688648},"2023-11":{"txs":0,"uniq":0,"trade":0,"nft":0,"gas":0,"bal":0,"days":0,"spread":0,"streak":0,"rank_m":656674,"pct_m":0.698186},"2023-12":{"txs":15,"uniq":7,"trade":0,"nft":1,"gas":0.000389,"bal":0.002073,"days":6,"spread":0.193548,"streak":2,"rank_m":60264,"pct_m":0.064073,"gas_method":"estimated"},"2024-01":{"txs":5,"uniq":4,"trade":0,"nft":1,"gas":0.000305,"bal":0.001575,"days":1,"spread":0.032258,"streak":1,"rank_m":107500,"pct_m":0.114295,"gas_method":"exact"},"2024-02":{"txs":1,"uniq":1,"trade":0,"nft":1,"gas":0.000014,"bal":0.001485,"days":1,"spread":0.034483,"streak":1,"rank_m":238728,"pct_m":0.253819,"gas_method":"estimated"},"2024-03":{"txs":0,"uniq":0,"trade":0,"nft":0,"gas":0,"bal":0.001485,"days":0,"spread":0,"streak":0,"rank_m":427398,"pct_m":0.454416},"2024-04":{"txs":20,"uniq":6,"trade":8,"nft":1,"gas":0.00005,"bal":0.001351,"days":3,"spread":0.1,"streak":1,"rank_m":302031,"pct_m":0.321124,"gas_method":"estimated"},"2024-05":{"txs":24,"uniq":5,"trade":10,"nft":1,"gas":0.00002,"bal":0.000959,"days":3,"spread":0.096774,"streak":1,"rank_m":295212,"pct_m":0.313874,"gas_method":"estimated"},"2024-06":{"txs":0,"uniq":0,"trade":0,"nft":0,"gas":0,"bal":0.000959,"days":0,"spread":0,"streak":0,"rank_m":557984,"pct_m":0.593257},"2024-07":{"txs":0,"uniq":0,"trade":0,"nft":0,"gas":0,"bal":0.000959,"days":0,"spread":0,"streak":0,"rank_m":572785,"pct_m":0.608994},"2024-08":{"txs":1,"uniq":0,"trade":0,"nft":0,"gas":0,"bal":0.004051,"days":1,"spread":0.032258,"streak":1,"rank_m":455347,"pct_m":0.484132,"gas_method":"estimated"},"2024-09":{"txs":16,"uniq":11,"trade":4,"nft":1,"gas":0.000001,"bal":0.012111,"days":2,"spread":0.066667,"streak":1,"rank_m":124349,"pct_m":0.132209,"gas_method":"estimated"},"2024-10":{"txs":14,"uniq":8,"trade":0,"nft":1,"gas":0.000001,"bal":0.005749,"days":11,"spread":0.354839,"streak":4,"rank_m":159257,"pct_m":0.169324,"gas_method":"estimated"},"2024-11":{"txs":29,"uniq":12,"trade":10,"nft":1,"gas":0.000067,"bal":0.006299,"days":16,"spread":0.533333,"streak":6,"rank_m":57392,"pct_m":0.061019,"gas_method":"exact"},"2024-12":{"txs":15,"uniq":10,"trade":0,"nft":0,"gas":0.000331,"bal":0.0103,"days":11,"spread":0.354839,"streak":11,"rank_m":157793,"pct_m":0.167767,"gas_method":"exact"},"2025-01":{"txs":6,"uniq":3,"trade":0,"nft":0,"gas":0.000156,"bal":0.008297,"days":4,"spread":0.129032,"streak":2,"rank_m":320450,"pct_m":0.340707,"gas_method":"exact"},"2025-02":{"txs":10,"uniq":8,"trade":0,"nft":0,"gas":0.00007,"bal":0.009634,"days":8,"spread":0.285714,"streak":1,"rank_m":178711,"pct_m":0.190008,"gas_method":"exact"},"2025-03":{"txs":10,"uniq":7,"trade":2,"nft":0,"gas":0.000079,"bal":0.009799,"days":8,"spread":0.258065,"streak":2,"rank_m":117473,"pct_m":0.124898,"gas_method":"exact"},"2025-04":{"txs":15,"uniq":7,"trade":8,"nft":0,"gas":0.000085,"bal":0.005669,"days":11,"spread":0.366667,"streak":2,"rank_m":83083,"pct_m":0.088334,"gas_method":"exact"},"2025-05":{"txs":7,"uniq":4,"trade":4,"nft":0,"gas":0.000049,"bal":0.012398,"days":5,"spread":0.16129,"streak":1,"rank_m":122573,"pct_m":0.130321,"gas_method":"estimated"},"2025-06":{"txs":0,"uniq":0,"trade":0,"nft":0,"gas":0,"bal":0.012398,"days":0,"spread":0,"streak":0,"rank_m":518484,"pct_m":0.55126},"2025-07":{"txs":0,"uniq":0,"trade":0,"nft":0,"gas":0,"bal":0.012398,"days":0,"spread":0,"streak":0,"rank_m":535608,"pct_m":0.569467},"2025-08":{"txs":15,"uniq":7,"trade":4,"nft":1,"gas":0.000106,"bal":0.015429,"days":7,"spread":0.225806,"streak":3,"rank_m":73517,"pct_m":0.078164,"gas_method":"estimated"},"2025-09":{"txs":1,"uniq":1,"trade":0,"nft":0,"gas":0.000007,"bal":0.015491,"days":1,"spread":0.033333,"streak":1,"rank_m":325332,"pct_m":0.345898,"gas_method":"estimated"},"2025-10":{"txs":0,"uniq":0,"trade":0,"nft":0,"gas":0,"bal":0.015491,"days":0,"spread":0,"streak":0,"rank_m":397979,"pct_m":0.423137}}}