{"wallet":"0x6851d54046fd180ac8b861f9d58132744bf40e99","rank":205961,"lifetime":{"months_active":12,"first":"2023-07","last":"2025-10","tx_sum":199,"uniq_sum":94,"trade_sum":14,"nft_sum":68,"gas_sum":0.012212,"avg_balance_eth_mean":0.167145,"streak_best_days":4,"gas_sum_filled":0.012212},"months":{"2023-07":{"txs":0,"uniq":0,"trade":0,"nft":0,"gas":0,"bal":0,"days":0,"spread":0,"streak":0,"rank_m":578181,"pct_m":0.614731},"2023-08":{"txs":0,"uniq":0,"trade":0,"nft":0,"gas":0,"bal":0,"days":0,"spread":0,"streak":0,"rank_m":625075,"pct_m":0.66459},"2023-09":{"txs":0,"uniq":0,"trade":0,"nft":0,"gas":0,"bal":0,"days":0,"spread":0,"streak":0,"rank_m":637629,"pct_m":0.677937},"2023-10":{"txs":0,"uniq":0,"trade":0,"nft":0,"gas":0,"bal":0,"days":0,"spread":0,"streak":0,"rank_m":647748,"pct_m":0.688696},"2023-11":{"txs":0,"uniq":0,"trade":0,"nft":0,"gas":0,"bal":0,"days":0,"spread":0,"streak":0,"rank_m":656719,"pct_m":0.698234},"2023-12":{"txs":0,"uniq":0,"trade":0,"nft":0,"gas":0,"bal":0,"days":0,"spread":0,"streak":0,"rank_m":667566,"pct_m":0.709767},"2024-01":{"txs":0,"uniq":0,"trade":0,"nft":0,"gas":0,"bal":0,"days":0,"spread":0,"streak":0,"rank_m":677195,"pct_m":0.720005},"2024-02":{"txs":54,"uniq":23,"trade":7,"nft":16,"gas":0.000563,"bal":0.033335,"days":4,"spread":0.137931,"streak":1,"rank_m":30396,"pct_m":0.032317,"gas_method":"estimated"},"2024-03":{"txs":74,"uniq":29,"trade":1,"nft":23,"gas":0.011568,"bal":0.810374,"days":10,"spread":0.322581,"streak":3,"rank_m":8892,"pct_m":0.009453,"gas_method":"exact"},"2024-04":{"txs":11,"uniq":8,"trade":3,"nft":6,"gas":0.000021,"bal":0.783078,"days":7,"spread":0.233333,"streak":2,"rank_m":121108,"pct_m":0.128763,"gas_method":"estimated"},"2024-05":{"txs":23,"uniq":11,"trade":1,"nft":10,"gas":0.000015,"bal":0.315783,"days":8,"spread":0.258065,"streak":2,"rank_m":63629,"pct_m":0.06765,"gas_method":"estimated"},"2024-06":{"txs":17,"uniq":8,"trade":2,"nft":2,"gas":0,"bal":0.237505,"days":4,"spread":0.133333,"streak":2,"rank_m":82644,"pct_m":0.087868,"gas_method":"estimated"},"2024-07":{"txs":7,"uniq":4,"trade":0,"nft":4,"gas":0.000002,"bal":0.254653,"days":5,"spread":0.16129,"streak":1,"rank_m":143610,"pct_m":0.152688,"gas_method":"exact"},"2024-08":{"txs":0,"uniq":0,"trade":0,"nft":0,"gas":0,"bal":0.254653,"days":0,"spread":0,"streak":0,"rank_m":458163,"pct_m":0.487126},"2024-09":{"txs":5,"uniq":5,"trade":0,"nft":3,"gas":0,"bal":0.252333,"days":2,"spread":0.066667,"streak":1,"rank_m":155957,"pct_m":0.165815,"gas_method":"estimated"},"2024-10":{"txs":3,"uniq":3,"trade":0,"nft":3,"gas":0.000001,"bal":0.228042,"days":2,"spread":0.064516,"streak":1,"rank_m":224575,"pct_m":0.238771,"gas_method":"exact"},"2024-11":{"txs":0,"uniq":0,"trade":0,"nft":0,"gas":0,"bal":0.228042,"days":0,"spread":0,"streak":0,"rank_m":513472,"pct_m":0.545932},"2024-12":{"txs":2,"uniq":1,"trade":0,"nft":0,"gas":0.000022,"bal":0.142359,"days":2,"spread":0.064516,"streak":1,"rank_m":447961,"pct_m":0.476279,"gas_method":"exact"},"2025-01":{"txs":0,"uniq":0,"trade":0,"nft":0,"gas":0,"bal":0.142359,"days":0,"spread":0,"streak":0,"rank_m":558155,"pct_m":0.593439},"2025-02":{"txs":0,"uniq":0,"trade":0,"nft":0,"gas":0,"bal":0.142359,"days":0,"spread":0,"streak":0,"rank_m":540923,"pct_m":0.575118},"2025-03":{"txs":0,"uniq":0,"trade":0,"nft":0,"gas":0,"bal":0.142359,"days":0,"spread":0,"streak":0,"rank_m":515729,"pct_m":0.548331},"2025-04":{"txs":1,"uniq":1,"trade":0,"nft":0,"gas":0.000006,"bal":0.122139,"days":1,"spread":0.033333,"streak":1,"rank_m":409964,"pct_m":0.43588,"gas_method":"exact"},"2025-05":{"txs":0,"uniq":0,"trade":0,"nft":0,"gas":0,"bal":0.122139,"days":0,"spread":0,"streak":0,"rank_m":406204,"pct_m":0.431882},"2025-06":{"txs":0,"uniq":0,"trade":0,"nft":0,"gas":0,"bal":0.122139,"days":0,"spread":0,"streak":0,"rank_m":409361,"pct_m":0.435239},"2025-07":{"txs":0,"uniq":0,"trade":0,"nft":0,"gas":0,"bal":0.122139,"days":0,"spread":0,"streak":0,"rank_m":428428,"pct_m":0.455511},"2025-08":{"txs":0,"uniq":0,"trade":0,"nft":0,"gas":0,"bal":0.122139,"days":0,"spread":0,"streak":0,"rank_m":407428,"pct_m":0.433184},"2025-09":{"txs":1,"uniq":1,"trade":0,"nft":0,"gas":0.000007,"bal":0.102138,"days":1,"spread":0.033333,"streak":1,"rank_m":265812,"pct_m":0.282615,"gas_method":"estimated"},"2025-10":{"txs":1,"uniq":0,"trade":0,"nft":1,"gas":0.000007,"bal":0,"days":1,"spread":0.032258,"streak":1,"rank_m":509335,"pct_m":0.541533,"gas_method":"estimated"}}}