{"wallet":"0x68ac2b542bf5577f42a4e94901657abd04a65e42","rank":108353,"lifetime":{"months_active":16,"first":"2023-07","last":"2025-10","tx_sum":414,"uniq_sum":163,"trade_sum":10,"nft_sum":50,"gas_sum":0.010023,"avg_balance_eth_mean":0.006839,"streak_best_days":7,"gas_sum_filled":0.010023},"months":{"2023-07":{"txs":0,"uniq":0,"trade":0,"nft":0,"gas":0,"bal":0,"days":0,"spread":0,"streak":0,"rank_m":576877,"pct_m":0.613345},"2023-08":{"txs":2,"uniq":1,"trade":0,"nft":0,"gas":0.000023,"bal":0.003995,"days":1,"spread":0.032258,"streak":1,"rank_m":142473,"pct_m":0.151479,"gas_method":"exact"},"2023-09":{"txs":3,"uniq":1,"trade":0,"nft":1,"gas":0.000016,"bal":0.007991,"days":2,"spread":0.066667,"streak":1,"rank_m":96838,"pct_m":0.102959,"gas_method":"exact"},"2023-10":{"txs":0,"uniq":0,"trade":0,"nft":0,"gas":0,"bal":0.007991,"days":0,"spread":0,"streak":0,"rank_m":240055,"pct_m":0.25523},"2023-11":{"txs":2,"uniq":1,"trade":0,"nft":0,"gas":0.000033,"bal":0.00504,"days":1,"spread":0.033333,"streak":1,"rank_m":120834,"pct_m":0.128472,"gas_method":"estimated"},"2023-12":{"txs":11,"uniq":5,"trade":0,"nft":0,"gas":0.000338,"bal":0.012844,"days":5,"spread":0.16129,"streak":2,"rank_m":46442,"pct_m":0.049377,"gas_method":"estimated"},"2024-01":{"txs":2,"uniq":2,"trade":0,"nft":0,"gas":0.000039,"bal":0.005038,"days":2,"spread":0.064516,"streak":1,"rank_m":123624,"pct_m":0.131438,"gas_method":"exact"},"2024-02":{"txs":23,"uniq":12,"trade":1,"nft":2,"gas":0.000167,"bal":0.024688,"days":10,"spread":0.344828,"streak":3,"rank_m":15065,"pct_m":0.016016,"gas_method":"exact"},"2024-03":{"txs":150,"uniq":43,"trade":5,"nft":15,"gas":0.007863,"bal":0.00185,"days":12,"spread":0.387097,"streak":4,"rank_m":25386,"pct_m":0.02699,"gas_method":"exact"},"2024-04":{"txs":64,"uniq":24,"trade":0,"nft":17,"gas":0.000191,"bal":0.006764,"days":12,"spread":0.4,"streak":7,"rank_m":78492,"pct_m":0.083453,"gas_method":"estimated"},"2024-05":{"txs":67,"uniq":26,"trade":0,"nft":15,"gas":0.000364,"bal":0.005974,"days":11,"spread":0.354839,"streak":5,"rank_m":36845,"pct_m":0.039173,"gas_method":"exact"},"2024-06":{"txs":0,"uniq":0,"trade":0,"nft":0,"gas":0,"bal":0.005974,"days":0,"spread":0,"streak":0,"rank_m":517019,"pct_m":0.549703},"2024-07":{"txs":4,"uniq":2,"trade":0,"nft":0,"gas":0.000001,"bal":0.004489,"days":2,"spread":0.064516,"streak":1,"rank_m":388426,"pct_m":0.41298,"gas_method":"estimated"},"2024-08":{"txs":3,"uniq":3,"trade":0,"nft":0,"gas":0.000003,"bal":0.012037,"days":1,"spread":0.032258,"streak":1,"rank_m":313142,"pct_m":0.332937,"gas_method":"exact"},"2024-09":{"txs":0,"uniq":0,"trade":0,"nft":0,"gas":0,"bal":0.012037,"days":0,"spread":0,"streak":0,"rank_m":479751,"pct_m":0.510079},"2024-10":{"txs":0,"uniq":0,"trade":0,"nft":0,"gas":0,"bal":0.012037,"days":0,"spread":0,"streak":0,"rank_m":522324,"pct_m":0.555343},"2024-11":{"txs":34,"uniq":18,"trade":1,"nft":0,"gas":0.000069,"bal":0.010352,"days":5,"spread":0.166667,"streak":3,"rank_m":84954,"pct_m":0.090324,"gas_method":"exact"},"2024-12":{"txs":28,"uniq":12,"trade":1,"nft":0,"gas":0.000617,"bal":0.007754,"days":6,"spread":0.193548,"streak":4,"rank_m":122242,"pct_m":0.129969,"gas_method":"exact"},"2025-01":{"txs":8,"uniq":5,"trade":0,"nft":0,"gas":0.000208,"bal":0.005435,"days":2,"spread":0.064516,"streak":1,"rank_m":352956,"pct_m":0.375268,"gas_method":"exact"},"2025-02":{"txs":0,"uniq":0,"trade":0,"nft":0,"gas":0,"bal":0.005435,"days":0,"spread":0,"streak":0,"rank_m":624014,"pct_m":0.663462},"2025-03":{"txs":0,"uniq":0,"trade":0,"nft":0,"gas":0,"bal":0.005435,"days":0,"spread":0,"streak":0,"rank_m":610327,"pct_m":0.64891},"2025-04":{"txs":0,"uniq":0,"trade":0,"nft":0,"gas":0,"bal":0.005435,"days":0,"spread":0,"streak":0,"rank_m":641023,"pct_m":0.681546},"2025-05":{"txs":0,"uniq":0,"trade":0,"nft":0,"gas":0,"bal":0.005435,"days":0,"spread":0,"streak":0,"rank_m":587788,"pct_m":0.624946},"2025-06":{"txs":0,"uniq":0,"trade":0,"nft":0,"gas":0,"bal":0.005435,"days":0,"spread":0,"streak":0,"rank_m":587689,"pct_m":0.62484},"2025-07":{"txs":5,"uniq":2,"trade":0,"nft":0,"gas":0.000035,"bal":0.002977,"days":2,"spread":0.064516,"streak":1,"rank_m":430867,"pct_m":0.458104,"gas_method":"estimated"},"2025-08":{"txs":0,"uniq":0,"trade":0,"nft":0,"gas":0,"bal":0.002977,"days":0,"spread":0,"streak":0,"rank_m":635533,"pct_m":0.675709},"2025-09":{"txs":8,"uniq":6,"trade":2,"nft":0,"gas":0.000056,"bal":0.003042,"days":3,"spread":0.1,"streak":2,"rank_m":238691,"pct_m":0.253779,"gas_method":"estimated"},"2025-10":{"txs":0,"uniq":0,"trade":0,"nft":0,"gas":0,"bal":0.003042,"days":0,"spread":0,"streak":0,"rank_m":545732,"pct_m":0.580231}}}