{"wallet":"0x68cdc553db906114be482e5ab36293f607df6300","rank":237006,"lifetime":{"months_active":22,"first":"2023-07","last":"2025-10","tx_sum":228,"uniq_sum":135,"trade_sum":4,"nft_sum":49,"gas_sum":0.003752,"avg_balance_eth_mean":0.003905,"streak_best_days":2,"gas_sum_filled":0.003752},"months":{"2023-07":{"txs":3,"uniq":2,"trade":0,"nft":1,"gas":0.000281,"bal":0.000338,"days":1,"spread":0.032258,"streak":1,"rank_m":35582,"pct_m":0.03783,"gas_method":"estimated"},"2023-08":{"txs":14,"uniq":8,"trade":0,"nft":4,"gas":0.001592,"bal":0.004121,"days":5,"spread":0.16129,"streak":1,"rank_m":73116,"pct_m":0.077737,"gas_method":"exact"},"2023-09":{"txs":10,"uniq":7,"trade":0,"nft":1,"gas":0.000661,"bal":0.002931,"days":3,"spread":0.1,"streak":2,"rank_m":51512,"pct_m":0.054767,"gas_method":"exact"},"2023-10":{"txs":94,"uniq":45,"trade":2,"nft":19,"gas":0.000057,"bal":0.00459,"days":6,"spread":0.193548,"streak":2,"rank_m":12880,"pct_m":0.013693,"gas_method":"exact"},"2023-11":{"txs":4,"uniq":3,"trade":0,"nft":2,"gas":0.000051,"bal":0.004045,"days":3,"spread":0.1,"streak":1,"rank_m":75973,"pct_m":0.080775,"gas_method":"estimated"},"2023-12":{"txs":5,"uniq":4,"trade":0,"nft":3,"gas":0.000119,"bal":0.003534,"days":4,"spread":0.129032,"streak":2,"rank_m":63182,"pct_m":0.067175,"gas_method":"estimated"},"2024-01":{"txs":3,"uniq":3,"trade":0,"nft":1,"gas":0.000078,"bal":0.002328,"days":3,"spread":0.096774,"streak":1,"rank_m":101953,"pct_m":0.108397,"gas_method":"exact"},"2024-02":{"txs":6,"uniq":6,"trade":0,"nft":1,"gas":0.000039,"bal":0.001066,"days":3,"spread":0.103448,"streak":1,"rank_m":150571,"pct_m":0.160089,"gas_method":"exact"},"2024-03":{"txs":6,"uniq":2,"trade":0,"nft":2,"gas":0.000113,"bal":0.001459,"days":2,"spread":0.064516,"streak":1,"rank_m":287721,"pct_m":0.305909,"gas_method":"estimated"},"2024-04":{"txs":6,"uniq":4,"trade":0,"nft":2,"gas":0.000014,"bal":0.001504,"days":4,"spread":0.133333,"streak":2,"rank_m":347877,"pct_m":0.369868,"gas_method":"estimated"},"2024-05":{"txs":5,"uniq":3,"trade":0,"nft":4,"gas":0.000019,"bal":0.000622,"days":3,"spread":0.096774,"streak":1,"rank_m":332794,"pct_m":0.353831,"gas_method":"exact"},"2024-06":{"txs":8,"uniq":5,"trade":0,"nft":3,"gas":0,"bal":0.001808,"days":4,"spread":0.133333,"streak":1,"rank_m":316274,"pct_m":0.336267,"gas_method":"estimated"},"2024-07":{"txs":5,"uniq":1,"trade":0,"nft":2,"gas":0.000001,"bal":0.006945,"days":2,"spread":0.064516,"streak":1,"rank_m":329195,"pct_m":0.350005,"gas_method":"estimated"},"2024-08":{"txs":0,"uniq":0,"trade":0,"nft":0,"gas":0,"bal":0.006945,"days":0,"spread":0,"streak":0,"rank_m":531470,"pct_m":0.565067},"2024-09":{"txs":0,"uniq":0,"trade":0,"nft":0,"gas":0,"bal":0.006945,"days":0,"spread":0,"streak":0,"rank_m":505528,"pct_m":0.537485},"2024-10":{"txs":6,"uniq":6,"trade":0,"nft":3,"gas":0,"bal":0.006439,"days":3,"spread":0.096774,"streak":1,"rank_m":268253,"pct_m":0.28521,"gas_method":"estimated"},"2024-11":{"txs":8,"uniq":7,"trade":0,"nft":0,"gas":0.000018,"bal":0.005209,"days":6,"spread":0.2,"streak":2,"rank_m":259323,"pct_m":0.275716,"gas_method":"exact"},"2024-12":{"txs":19,"uniq":10,"trade":0,"nft":0,"gas":0.000419,"bal":0.003768,"days":8,"spread":0.258065,"streak":2,"rank_m":224190,"pct_m":0.238362,"gas_method":"exact"},"2025-01":{"txs":9,"uniq":6,"trade":0,"nft":0,"gas":0.000182,"bal":0.002006,"days":2,"spread":0.064516,"streak":1,"rank_m":374338,"pct_m":0.398002,"gas_method":"exact"},"2025-02":{"txs":5,"uniq":4,"trade":0,"nft":0,"gas":0.000028,"bal":0.000761,"days":4,"spread":0.142857,"streak":2,"rank_m":346440,"pct_m":0.36834,"gas_method":"exact"},"2025-03":{"txs":3,"uniq":3,"trade":1,"nft":0,"gas":0.000024,"bal":0.000694,"days":1,"spread":0.032258,"streak":1,"rank_m":389145,"pct_m":0.413745,"gas_method":"exact"},"2025-04":{"txs":7,"uniq":5,"trade":1,"nft":0,"gas":0.000042,"bal":0.002624,"days":1,"spread":0.033333,"streak":1,"rank_m":312730,"pct_m":0.332499,"gas_method":"exact"},"2025-05":{"txs":0,"uniq":0,"trade":0,"nft":0,"gas":0,"bal":0.002624,"days":0,"spread":0,"streak":0,"rank_m":639689,"pct_m":0.680128},"2025-06":{"txs":0,"uniq":0,"trade":0,"nft":0,"gas":0,"bal":0.002624,"days":0,"spread":0,"streak":0,"rank_m":643725,"pct_m":0.684419},"2025-07":{"txs":0,"uniq":0,"trade":0,"nft":0,"gas":0,"bal":0.002624,"days":0,"spread":0,"streak":0,"rank_m":663073,"pct_m":0.70499},"2025-08":{"txs":1,"uniq":0,"trade":0,"nft":0,"gas":0.000007,"bal":0.010348,"days":1,"spread":0.032258,"streak":1,"rank_m":386550,"pct_m":0.410986,"gas_method":"estimated"},"2025-09":{"txs":1,"uniq":1,"trade":0,"nft":1,"gas":0.000007,"bal":0.010218,"days":1,"spread":0.033333,"streak":1,"rank_m":316056,"pct_m":0.336035,"gas_method":"estimated"},"2025-10":{"txs":0,"uniq":0,"trade":0,"nft":0,"gas":0,"bal":0.010218,"days":0,"spread":0,"streak":0,"rank_m":433392,"pct_m":0.460789}}}