{"wallet":"0x68da47390e3f84794b58313f8af1281a092d31e6","rank":266518,"lifetime":{"months_active":15,"first":"2023-07","last":"2025-10","tx_sum":165,"uniq_sum":98,"trade_sum":0,"nft_sum":71,"gas_sum":0.004168,"avg_balance_eth_mean":0.02058,"streak_best_days":12,"gas_sum_filled":0.004168},"months":{"2023-07":{"txs":0,"uniq":0,"trade":0,"nft":0,"gas":0,"bal":0,"days":0,"spread":0,"streak":0,"rank_m":576206,"pct_m":0.612631},"2023-08":{"txs":52,"uniq":39,"trade":0,"nft":34,"gas":0.002385,"bal":0.006028,"days":18,"spread":0.580645,"streak":12,"rank_m":13979,"pct_m":0.014862,"gas_method":"exact"},"2023-09":{"txs":24,"uniq":13,"trade":0,"nft":12,"gas":0.000719,"bal":0.002208,"days":11,"spread":0.366667,"streak":2,"rank_m":27023,"pct_m":0.02873,"gas_method":"exact"},"2023-10":{"txs":0,"uniq":0,"trade":0,"nft":0,"gas":0,"bal":0.002208,"days":0,"spread":0,"streak":0,"rank_m":266162,"pct_m":0.282987},"2023-11":{"txs":0,"uniq":0,"trade":0,"nft":0,"gas":0,"bal":0.002208,"days":0,"spread":0,"streak":0,"rank_m":269837,"pct_m":0.286894},"2023-12":{"txs":5,"uniq":1,"trade":0,"nft":9,"gas":0.000368,"bal":0.002323,"days":1,"spread":0.032258,"streak":1,"rank_m":117427,"pct_m":0.124849,"gas_method":"estimated"},"2024-01":{"txs":1,"uniq":1,"trade":0,"nft":1,"gas":0.000069,"bal":0.002109,"days":1,"spread":0.032258,"streak":1,"rank_m":157384,"pct_m":0.167332,"gas_method":"estimated"},"2024-02":{"txs":1,"uniq":1,"trade":0,"nft":0,"gas":0.000039,"bal":0.00207,"days":1,"spread":0.034483,"streak":1,"rank_m":246407,"pct_m":0.261983,"gas_method":"estimated"},"2024-03":{"txs":1,"uniq":1,"trade":0,"nft":1,"gas":0.000058,"bal":0.001916,"days":1,"spread":0.032258,"streak":1,"rank_m":323720,"pct_m":0.344184,"gas_method":"estimated"},"2024-04":{"txs":15,"uniq":9,"trade":0,"nft":7,"gas":0.000107,"bal":0.002978,"days":4,"spread":0.133333,"streak":1,"rank_m":287822,"pct_m":0.306016,"gas_method":"estimated"},"2024-05":{"txs":34,"uniq":9,"trade":0,"nft":0,"gas":0.000081,"bal":0.00521,"days":1,"spread":0.032258,"streak":1,"rank_m":312725,"pct_m":0.332494,"gas_method":"estimated"},"2024-06":{"txs":2,"uniq":2,"trade":0,"nft":2,"gas":0,"bal":0.011081,"days":2,"spread":0.066667,"streak":1,"rank_m":323402,"pct_m":0.343846,"gas_method":"estimated"},"2024-07":{"txs":6,"uniq":5,"trade":0,"nft":3,"gas":0.000002,"bal":0.012545,"days":3,"spread":0.096774,"streak":1,"rank_m":198855,"pct_m":0.211425,"gas_method":"exact"},"2024-08":{"txs":4,"uniq":3,"trade":0,"nft":2,"gas":0.000001,"bal":0.012471,"days":2,"spread":0.064516,"streak":1,"rank_m":297082,"pct_m":0.315862,"gas_method":"estimated"},"2024-09":{"txs":1,"uniq":0,"trade":0,"nft":0,"gas":0,"bal":0.012148,"days":1,"spread":0.033333,"streak":1,"rank_m":358570,"pct_m":0.381237,"gas_method":"estimated"},"2024-10":{"txs":4,"uniq":3,"trade":0,"nft":0,"gas":0.000003,"bal":0.016417,"days":2,"spread":0.064516,"streak":1,"rank_m":279445,"pct_m":0.29711,"gas_method":"exact"},"2024-11":{"txs":0,"uniq":0,"trade":0,"nft":0,"gas":0,"bal":0.016417,"days":0,"spread":0,"streak":0,"rank_m":543372,"pct_m":0.577722},"2024-12":{"txs":7,"uniq":6,"trade":0,"nft":0,"gas":0.000154,"bal":0.028201,"days":5,"spread":0.16129,"streak":2,"rank_m":282097,"pct_m":0.29993,"gas_method":"exact"},"2025-01":{"txs":8,"uniq":5,"trade":0,"nft":0,"gas":0.000182,"bal":0.043771,"days":3,"spread":0.096774,"streak":1,"rank_m":292431,"pct_m":0.310917,"gas_method":"exact"},"2025-02":{"txs":0,"uniq":0,"trade":0,"nft":0,"gas":0,"bal":0.043771,"days":0,"spread":0,"streak":0,"rank_m":556882,"pct_m":0.592086},"2025-03":{"txs":0,"uniq":0,"trade":0,"nft":0,"gas":0,"bal":0.043771,"days":0,"spread":0,"streak":0,"rank_m":535487,"pct_m":0.569338},"2025-04":{"txs":0,"uniq":0,"trade":0,"nft":0,"gas":0,"bal":0.043771,"days":0,"spread":0,"streak":0,"rank_m":571099,"pct_m":0.607202},"2025-05":{"txs":0,"uniq":0,"trade":0,"nft":0,"gas":0,"bal":0.043771,"days":0,"spread":0,"streak":0,"rank_m":439142,"pct_m":0.466903},"2025-06":{"txs":0,"uniq":0,"trade":0,"nft":0,"gas":0,"bal":0.043771,"days":0,"spread":0,"streak":0,"rank_m":441020,"pct_m":0.468899},"2025-07":{"txs":0,"uniq":0,"trade":0,"nft":0,"gas":0,"bal":0.043771,"days":0,"spread":0,"streak":0,"rank_m":458760,"pct_m":0.487761},"2025-08":{"txs":0,"uniq":0,"trade":0,"nft":0,"gas":0,"bal":0.043771,"days":0,"spread":0,"streak":0,"rank_m":435464,"pct_m":0.462992},"2025-09":{"txs":0,"uniq":0,"trade":0,"nft":0,"gas":0,"bal":0.043771,"days":0,"spread":0,"streak":0,"rank_m":431852,"pct_m":0.459152},"2025-10":{"txs":0,"uniq":0,"trade":0,"nft":0,"gas":0,"bal":0.043771,"days":0,"spread":0,"streak":0,"rank_m":337531,"pct_m":0.358868}}}