{"wallet":"0x6d8d4fa094944966622c5dceb5120a950bbdd9cc","rank":202879,"lifetime":{"months_active":18,"first":"2023-07","last":"2025-10","tx_sum":158,"uniq_sum":94,"trade_sum":16,"nft_sum":19,"gas_sum":0.004402,"avg_balance_eth_mean":0.866914,"streak_best_days":4,"gas_sum_filled":0.004402},"months":{"2023-07":{"txs":7,"uniq":3,"trade":0,"nft":1,"gas":0.000104,"bal":0.040111,"days":2,"spread":0.064516,"streak":1,"rank_m":11779,"pct_m":0.012523,"gas_method":"exact"},"2023-08":{"txs":26,"uniq":18,"trade":1,"nft":7,"gas":0.001862,"bal":1.696623,"days":6,"spread":0.193548,"streak":3,"rank_m":25912,"pct_m":0.027549,"gas_method":"exact"},"2023-09":{"txs":27,"uniq":16,"trade":3,"nft":2,"gas":0.000667,"bal":0.242837,"days":3,"spread":0.1,"streak":1,"rank_m":19928,"pct_m":0.021187,"gas_method":"exact"},"2023-10":{"txs":3,"uniq":2,"trade":0,"nft":0,"gas":0.000048,"bal":0.077456,"days":1,"spread":0.032258,"streak":1,"rank_m":86244,"pct_m":0.091695,"gas_method":"estimated"},"2023-11":{"txs":3,"uniq":3,"trade":0,"nft":0,"gas":0.000171,"bal":0.007751,"days":1,"spread":0.033333,"streak":1,"rank_m":80357,"pct_m":0.085436,"gas_method":"exact"},"2023-12":{"txs":0,"uniq":0,"trade":0,"nft":0,"gas":0,"bal":0.007751,"days":0,"spread":0,"streak":0,"rank_m":248985,"pct_m":0.264724},"2024-01":{"txs":0,"uniq":0,"trade":0,"nft":0,"gas":0,"bal":0.007751,"days":0,"spread":0,"streak":0,"rank_m":257871,"pct_m":0.274172},"2024-02":{"txs":12,"uniq":7,"trade":1,"nft":5,"gas":0.000325,"bal":1.47683,"days":1,"spread":0.034483,"streak":1,"rank_m":82142,"pct_m":0.087334,"gas_method":"estimated"},"2024-03":{"txs":22,"uniq":9,"trade":1,"nft":1,"gas":0.000894,"bal":2.345553,"days":12,"spread":0.387097,"streak":4,"rank_m":36726,"pct_m":0.039047,"gas_method":"estimated"},"2024-04":{"txs":0,"uniq":0,"trade":0,"nft":0,"gas":0,"bal":2.345553,"days":0,"spread":0,"streak":0,"rank_m":434072,"pct_m":0.461512},"2024-05":{"txs":1,"uniq":1,"trade":0,"nft":2,"gas":0.000002,"bal":0.677992,"days":1,"spread":0.032258,"streak":1,"rank_m":311520,"pct_m":0.331213,"gas_method":"estimated"},"2024-06":{"txs":0,"uniq":0,"trade":0,"nft":0,"gas":0,"bal":0.677992,"days":0,"spread":0,"streak":0,"rank_m":452775,"pct_m":0.481397},"2024-07":{"txs":4,"uniq":1,"trade":0,"nft":0,"gas":0.000001,"bal":0.277984,"days":1,"spread":0.032258,"streak":1,"rank_m":305041,"pct_m":0.324324,"gas_method":"estimated"},"2024-08":{"txs":13,"uniq":9,"trade":0,"nft":1,"gas":0.000002,"bal":0.265176,"days":1,"spread":0.032258,"streak":1,"rank_m":208694,"pct_m":0.221886,"gas_method":"estimated"},"2024-09":{"txs":1,"uniq":1,"trade":0,"nft":0,"gas":0,"bal":0.513941,"days":1,"spread":0.033333,"streak":1,"rank_m":276537,"pct_m":0.294018,"gas_method":"estimated"},"2024-10":{"txs":0,"uniq":0,"trade":0,"nft":0,"gas":0,"bal":0.513941,"days":0,"spread":0,"streak":0,"rank_m":457923,"pct_m":0.486871},"2024-11":{"txs":0,"uniq":0,"trade":0,"nft":0,"gas":0,"bal":0.513941,"days":0,"spread":0,"streak":0,"rank_m":508967,"pct_m":0.541142},"2024-12":{"txs":4,"uniq":3,"trade":1,"nft":0,"gas":0.000066,"bal":0.174249,"days":2,"spread":0.064516,"streak":1,"rank_m":334954,"pct_m":0.356128,"gas_method":"exact"},"2025-01":{"txs":2,"uniq":1,"trade":0,"nft":0,"gas":0.000026,"bal":0.811105,"days":1,"spread":0.032258,"streak":1,"rank_m":429981,"pct_m":0.457162,"gas_method":"exact"},"2025-02":{"txs":8,"uniq":2,"trade":0,"nft":0,"gas":0.000056,"bal":2.764114,"days":3,"spread":0.107143,"streak":2,"rank_m":199530,"pct_m":0.212143,"gas_method":"exact"},"2025-03":{"txs":2,"uniq":2,"trade":3,"nft":0,"gas":0.000016,"bal":3.191618,"days":1,"spread":0.032258,"streak":1,"rank_m":268124,"pct_m":0.285073,"gas_method":"exact"},"2025-04":{"txs":0,"uniq":0,"trade":0,"nft":0,"gas":0,"bal":3.191618,"days":0,"spread":0,"streak":0,"rank_m":538823,"pct_m":0.572885},"2025-05":{"txs":4,"uniq":2,"trade":2,"nft":0,"gas":0.000028,"bal":1.691886,"days":1,"spread":0.032258,"streak":1,"rank_m":144534,"pct_m":0.15367,"gas_method":"estimated"},"2025-06":{"txs":15,"uniq":11,"trade":4,"nft":0,"gas":0.000106,"bal":0.283957,"days":3,"spread":0.1,"streak":2,"rank_m":60277,"pct_m":0.064087,"gas_method":"estimated"},"2025-07":{"txs":0,"uniq":0,"trade":0,"nft":0,"gas":0,"bal":0.283957,"days":0,"spread":0,"streak":0,"rank_m":411596,"pct_m":0.437615},"2025-08":{"txs":4,"uniq":3,"trade":0,"nft":0,"gas":0.000028,"bal":0.063964,"days":1,"spread":0.032258,"streak":1,"rank_m":228821,"pct_m":0.243286,"gas_method":"estimated"},"2025-09":{"txs":0,"uniq":0,"trade":0,"nft":0,"gas":0,"bal":0.063964,"days":0,"spread":0,"streak":0,"rank_m":417073,"pct_m":0.443438},"2025-10":{"txs":0,"uniq":0,"trade":0,"nft":0,"gas":0,"bal":0.063964,"days":0,"spread":0,"streak":0,"rank_m":320491,"pct_m":0.340751}}}