{"wallet":"0x6dc16020fe9b0fdb228ca960b6701ca0a71738e6","rank":696129,"lifetime":{"months_active":13,"first":"2023-07","last":"2025-10","tx_sum":130,"uniq_sum":79,"trade_sum":2,"nft_sum":14,"gas_sum":0.000755,"avg_balance_eth_mean":0.003541,"streak_best_days":2,"gas_sum_filled":0.000755},"months":{"2023-07":{"txs":0,"uniq":0,"trade":0,"nft":0,"gas":0,"bal":0,"days":0,"spread":0,"streak":0,"rank_m":559242,"pct_m":0.594595},"2023-08":{"txs":0,"uniq":0,"trade":0,"nft":0,"gas":0,"bal":0,"days":0,"spread":0,"streak":0,"rank_m":608629,"pct_m":0.647104},"2023-09":{"txs":5,"uniq":5,"trade":0,"nft":2,"gas":0.000063,"bal":0.002928,"days":2,"spread":0.066667,"streak":1,"rank_m":88850,"pct_m":0.094466,"gas_method":"estimated"},"2023-10":{"txs":26,"uniq":14,"trade":0,"nft":5,"gas":0.000105,"bal":0.011538,"days":7,"spread":0.225806,"streak":1,"rank_m":21145,"pct_m":0.022481,"gas_method":"exact"},"2023-11":{"txs":15,"uniq":9,"trade":1,"nft":1,"gas":0.000087,"bal":0.014727,"days":5,"spread":0.166667,"streak":1,"rank_m":26297,"pct_m":0.027958,"gas_method":"estimated"},"2023-12":{"txs":18,"uniq":9,"trade":0,"nft":1,"gas":0.000196,"bal":0.009938,"days":5,"spread":0.16129,"streak":1,"rank_m":41777,"pct_m":0.044417,"gas_method":"estimated"},"2024-01":{"txs":7,"uniq":5,"trade":0,"nft":0,"gas":0.000018,"bal":0.008508,"days":4,"spread":0.129032,"streak":1,"rank_m":83751,"pct_m":0.089044,"gas_method":"exact"},"2024-02":{"txs":12,"uniq":7,"trade":0,"nft":3,"gas":0.000069,"bal":0.026148,"days":7,"spread":0.241379,"streak":2,"rank_m":52343,"pct_m":0.055651,"gas_method":"estimated"},"2024-03":{"txs":11,"uniq":6,"trade":0,"nft":0,"gas":0.000094,"bal":0.001191,"days":1,"spread":0.032258,"streak":1,"rank_m":298139,"pct_m":0.316986,"gas_method":"estimated"},"2024-04":{"txs":17,"uniq":9,"trade":0,"nft":2,"gas":0.000018,"bal":0.002417,"days":4,"spread":0.133333,"streak":1,"rank_m":309496,"pct_m":0.329061,"gas_method":"estimated"},"2024-05":{"txs":4,"uniq":3,"trade":1,"nft":0,"gas":0.000001,"bal":0.002301,"days":2,"spread":0.064516,"streak":1,"rank_m":352527,"pct_m":0.374812,"gas_method":"estimated"},"2024-06":{"txs":0,"uniq":0,"trade":0,"nft":0,"gas":0,"bal":0.002301,"days":0,"spread":0,"streak":0,"rank_m":534732,"pct_m":0.568536},"2024-07":{"txs":7,"uniq":6,"trade":0,"nft":0,"gas":0,"bal":0.001814,"days":1,"spread":0.032258,"streak":1,"rank_m":398202,"pct_m":0.423374,"gas_method":"estimated"},"2024-08":{"txs":0,"uniq":0,"trade":0,"nft":0,"gas":0,"bal":0.001814,"days":0,"spread":0,"streak":0,"rank_m":570431,"pct_m":0.606491},"2024-09":{"txs":0,"uniq":0,"trade":0,"nft":0,"gas":0,"bal":0.001814,"days":0,"spread":0,"streak":0,"rank_m":556793,"pct_m":0.591991},"2024-10":{"txs":0,"uniq":0,"trade":0,"nft":0,"gas":0,"bal":0.001814,"days":0,"spread":0,"streak":0,"rank_m":599456,"pct_m":0.637351},"2024-11":{"txs":1,"uniq":1,"trade":0,"nft":0,"gas":0.000002,"bal":0.000882,"days":1,"spread":0.033333,"streak":1,"rank_m":493419,"pct_m":0.524611,"gas_method":"exact"},"2024-12":{"txs":5,"uniq":3,"trade":0,"nft":0,"gas":0.000088,"bal":0.000723,"days":3,"spread":0.096774,"streak":2,"rank_m":445344,"pct_m":0.473497,"gas_method":"exact"},"2025-01":{"txs":0,"uniq":0,"trade":0,"nft":0,"gas":0,"bal":0.000723,"days":0,"spread":0,"streak":0,"rank_m":678151,"pct_m":0.721021},"2025-02":{"txs":0,"uniq":0,"trade":0,"nft":0,"gas":0,"bal":0.000723,"days":0,"spread":0,"streak":0,"rank_m":698779,"pct_m":0.742953},"2025-03":{"txs":0,"uniq":0,"trade":0,"nft":0,"gas":0,"bal":0.000723,"days":0,"spread":0,"streak":0,"rank_m":703155,"pct_m":0.747606},"2025-04":{"txs":0,"uniq":0,"trade":0,"nft":0,"gas":0,"bal":0.000723,"days":0,"spread":0,"streak":0,"rank_m":726756,"pct_m":0.772699},"2025-05":{"txs":0,"uniq":0,"trade":0,"nft":0,"gas":0,"bal":0.000723,"days":0,"spread":0,"streak":0,"rank_m":727386,"pct_m":0.773369},"2025-06":{"txs":0,"uniq":0,"trade":0,"nft":0,"gas":0,"bal":0.000723,"days":0,"spread":0,"streak":0,"rank_m":728065,"pct_m":0.774091},"2025-07":{"txs":0,"uniq":0,"trade":0,"nft":0,"gas":0,"bal":0.000723,"days":0,"spread":0,"streak":0,"rank_m":748815,"pct_m":0.796152},"2025-08":{"txs":0,"uniq":0,"trade":0,"nft":0,"gas":0,"bal":0.000723,"days":0,"spread":0,"streak":0,"rank_m":727501,"pct_m":0.773491},"2025-09":{"txs":2,"uniq":2,"trade":0,"nft":0,"gas":0.000014,"bal":0.001261,"days":1,"spread":0.033333,"streak":1,"rank_m":484245,"pct_m":0.514857,"gas_method":"estimated"},"2025-10":{"txs":0,"uniq":0,"trade":0,"nft":0,"gas":0,"bal":0.001261,"days":0,"spread":0,"streak":0,"rank_m":607410,"pct_m":0.645808}}}