{"wallet":"0x6d014b137aab66d3df189ce85159d558e72efd34","rank":493359,"lifetime":{"months_active":9,"first":"2023-07","last":"2025-10","tx_sum":234,"uniq_sum":71,"trade_sum":3,"nft_sum":10,"gas_sum":0.00412,"avg_balance_eth_mean":0.002488,"streak_best_days":20,"gas_sum_filled":0.00412},"months":{"2023-07":{"txs":0,"uniq":0,"trade":0,"nft":0,"gas":0,"bal":0,"days":0,"spread":0,"streak":0,"rank_m":561815,"pct_m":0.597331},"2023-08":{"txs":0,"uniq":0,"trade":0,"nft":0,"gas":0,"bal":0,"days":0,"spread":0,"streak":0,"rank_m":610864,"pct_m":0.64948},"2023-09":{"txs":0,"uniq":0,"trade":0,"nft":0,"gas":0,"bal":0,"days":0,"spread":0,"streak":0,"rank_m":623979,"pct_m":0.663425},"2023-10":{"txs":199,"uniq":49,"trade":3,"nft":9,"gas":0.003436,"bal":0.031855,"days":22,"spread":0.709677,"streak":12,"rank_m":2727,"pct_m":0.002898,"gas_method":"estimated"},"2023-11":{"txs":13,"uniq":7,"trade":0,"nft":0,"gas":0.000222,"bal":0.002665,"days":10,"spread":0.333333,"streak":10,"rank_m":31753,"pct_m":0.033759,"gas_method":"exact"},"2023-12":{"txs":1,"uniq":1,"trade":0,"nft":0,"gas":0.000056,"bal":0.002453,"days":1,"spread":0.032258,"streak":1,"rank_m":163258,"pct_m":0.173578,"gas_method":"estimated"},"2024-01":{"txs":5,"uniq":4,"trade":0,"nft":1,"gas":0.000261,"bal":0.002118,"days":2,"spread":0.064516,"streak":1,"rank_m":120209,"pct_m":0.127807,"gas_method":"estimated"},"2024-02":{"txs":3,"uniq":3,"trade":0,"nft":0,"gas":0.000088,"bal":0.000723,"days":2,"spread":0.068966,"streak":2,"rank_m":218332,"pct_m":0.232133,"gas_method":"estimated"},"2024-03":{"txs":0,"uniq":0,"trade":0,"nft":0,"gas":0,"bal":0.000723,"days":0,"spread":0,"streak":0,"rank_m":446933,"pct_m":0.475186},"2024-04":{"txs":0,"uniq":0,"trade":0,"nft":0,"gas":0,"bal":0.000723,"days":0,"spread":0,"streak":0,"rank_m":520874,"pct_m":0.553801},"2024-05":{"txs":0,"uniq":0,"trade":0,"nft":0,"gas":0,"bal":0.000723,"days":0,"spread":0,"streak":0,"rank_m":548022,"pct_m":0.582666},"2024-06":{"txs":0,"uniq":0,"trade":0,"nft":0,"gas":0,"bal":0.000723,"days":0,"spread":0,"streak":0,"rank_m":567161,"pct_m":0.603015},"2024-07":{"txs":5,"uniq":4,"trade":0,"nft":0,"gas":0.000001,"bal":0.000457,"days":1,"spread":0.032258,"streak":1,"rank_m":459486,"pct_m":0.488533,"gas_method":"estimated"},"2024-08":{"txs":0,"uniq":0,"trade":0,"nft":0,"gas":0,"bal":0.000457,"days":0,"spread":0,"streak":0,"rank_m":612470,"pct_m":0.651188},"2024-09":{"txs":0,"uniq":0,"trade":0,"nft":0,"gas":0,"bal":0.000457,"days":0,"spread":0,"streak":0,"rank_m":612438,"pct_m":0.651154},"2024-10":{"txs":0,"uniq":0,"trade":0,"nft":0,"gas":0,"bal":0.000457,"days":0,"spread":0,"streak":0,"rank_m":645882,"pct_m":0.686712},"2024-11":{"txs":0,"uniq":0,"trade":0,"nft":0,"gas":0,"bal":0.000457,"days":0,"spread":0,"streak":0,"rank_m":657656,"pct_m":0.699231},"2024-12":{"txs":0,"uniq":0,"trade":0,"nft":0,"gas":0,"bal":0.000457,"days":0,"spread":0,"streak":0,"rank_m":695067,"pct_m":0.739007},"2025-01":{"txs":0,"uniq":0,"trade":0,"nft":0,"gas":0,"bal":0.000457,"days":0,"spread":0,"streak":0,"rank_m":695263,"pct_m":0.739215},"2025-02":{"txs":0,"uniq":0,"trade":0,"nft":0,"gas":0,"bal":0.000457,"days":0,"spread":0,"streak":0,"rank_m":719947,"pct_m":0.765459},"2025-03":{"txs":0,"uniq":0,"trade":0,"nft":0,"gas":0,"bal":0.000457,"days":0,"spread":0,"streak":0,"rank_m":728938,"pct_m":0.775019},"2025-04":{"txs":0,"uniq":0,"trade":0,"nft":0,"gas":0,"bal":0.000457,"days":0,"spread":0,"streak":0,"rank_m":751571,"pct_m":0.799083},"2025-05":{"txs":0,"uniq":0,"trade":0,"nft":0,"gas":0,"bal":0.000457,"days":0,"spread":0,"streak":0,"rank_m":754181,"pct_m":0.801858},"2025-06":{"txs":4,"uniq":1,"trade":0,"nft":0,"gas":0.000028,"bal":0.000824,"days":2,"spread":0.066667,"streak":1,"rank_m":527229,"pct_m":0.560558,"gas_method":"estimated"},"2025-07":{"txs":3,"uniq":1,"trade":0,"nft":0,"gas":0.000021,"bal":0.004864,"days":2,"spread":0.064516,"streak":1,"rank_m":413207,"pct_m":0.439328,"gas_method":"estimated"},"2025-08":{"txs":1,"uniq":1,"trade":0,"nft":0,"gas":0.000007,"bal":0.005411,"days":1,"spread":0.032258,"streak":1,"rank_m":407900,"pct_m":0.433686,"gas_method":"estimated"},"2025-09":{"txs":0,"uniq":0,"trade":0,"nft":0,"gas":0,"bal":0.005411,"days":0,"spread":0,"streak":0,"rank_m":573479,"pct_m":0.609732},"2025-10":{"txs":0,"uniq":0,"trade":0,"nft":0,"gas":0,"bal":0.005411,"days":0,"spread":0,"streak":0,"rank_m":488785,"pct_m":0.519684}}}