{"wallet":"0x6d20037a66f565a1513cc5fad872d9042700b0ae","rank":428395,"lifetime":{"months_active":15,"first":"2023-07","last":"2025-10","tx_sum":153,"uniq_sum":109,"trade_sum":2,"nft_sum":66,"gas_sum":0.002197,"avg_balance_eth_mean":0.007595,"streak_best_days":7,"gas_sum_filled":0.002197},"months":{"2023-07":{"txs":0,"uniq":0,"trade":0,"nft":0,"gas":0,"bal":0,"days":0,"spread":0,"streak":0,"rank_m":561402,"pct_m":0.596892},"2023-08":{"txs":0,"uniq":0,"trade":0,"nft":0,"gas":0,"bal":0,"days":0,"spread":0,"streak":0,"rank_m":610506,"pct_m":0.6491},"2023-09":{"txs":5,"uniq":4,"trade":0,"nft":0,"gas":0.000422,"bal":0.020115,"days":3,"spread":0.1,"streak":1,"rank_m":77794,"pct_m":0.082711,"gas_method":"estimated"},"2023-10":{"txs":14,"uniq":3,"trade":0,"nft":0,"gas":0.000312,"bal":0.025622,"days":2,"spread":0.064516,"streak":1,"rank_m":66105,"pct_m":0.070283,"gas_method":"estimated"},"2023-11":{"txs":9,"uniq":6,"trade":0,"nft":0,"gas":0.000348,"bal":0.013257,"days":3,"spread":0.1,"streak":2,"rank_m":46696,"pct_m":0.049647,"gas_method":"estimated"},"2023-12":{"txs":0,"uniq":0,"trade":0,"nft":0,"gas":0,"bal":0.013257,"days":0,"spread":0,"streak":0,"rank_m":238926,"pct_m":0.254029},"2024-01":{"txs":3,"uniq":2,"trade":0,"nft":1,"gas":0.000202,"bal":0.01662,"days":2,"spread":0.064516,"streak":1,"rank_m":103312,"pct_m":0.109842,"gas_method":"estimated"},"2024-02":{"txs":5,"uniq":4,"trade":0,"nft":0,"gas":0.00019,"bal":0.013222,"days":2,"spread":0.068966,"streak":1,"rank_m":153218,"pct_m":0.162903,"gas_method":"estimated"},"2024-03":{"txs":5,"uniq":4,"trade":0,"nft":0,"gas":0.000286,"bal":0.010705,"days":4,"spread":0.129032,"streak":2,"rank_m":204202,"pct_m":0.21711,"gas_method":"estimated"},"2024-04":{"txs":26,"uniq":10,"trade":2,"nft":1,"gas":0.000183,"bal":0.00857,"days":7,"spread":0.233333,"streak":2,"rank_m":159548,"pct_m":0.169633,"gas_method":"estimated"},"2024-05":{"txs":11,"uniq":7,"trade":0,"nft":1,"gas":0.000026,"bal":0.007763,"days":5,"spread":0.16129,"streak":2,"rank_m":240640,"pct_m":0.255852,"gas_method":"estimated"},"2024-06":{"txs":2,"uniq":2,"trade":0,"nft":0,"gas":0,"bal":0.005199,"days":2,"spread":0.066667,"streak":1,"rank_m":402626,"pct_m":0.428078,"gas_method":"estimated"},"2024-07":{"txs":0,"uniq":0,"trade":0,"nft":0,"gas":0,"bal":0.005199,"days":0,"spread":0,"streak":0,"rank_m":529457,"pct_m":0.562927},"2024-08":{"txs":48,"uniq":46,"trade":0,"nft":49,"gas":0.000012,"bal":0.007931,"days":15,"spread":0.483871,"streak":7,"rank_m":37566,"pct_m":0.03994,"gas_method":"estimated"},"2024-09":{"txs":14,"uniq":11,"trade":0,"nft":14,"gas":0.000001,"bal":0.003796,"days":5,"spread":0.166667,"streak":2,"rank_m":84050,"pct_m":0.089362,"gas_method":"exact"},"2024-10":{"txs":2,"uniq":2,"trade":0,"nft":0,"gas":0,"bal":0.003842,"days":1,"spread":0.032258,"streak":1,"rank_m":437628,"pct_m":0.465293,"gas_method":"estimated"},"2024-11":{"txs":0,"uniq":0,"trade":0,"nft":0,"gas":0,"bal":0.003842,"days":0,"spread":0,"streak":0,"rank_m":586355,"pct_m":0.623422},"2024-12":{"txs":3,"uniq":3,"trade":0,"nft":0,"gas":0.000066,"bal":0.003898,"days":2,"spread":0.064516,"streak":1,"rank_m":466758,"pct_m":0.496264,"gas_method":"exact"},"2025-01":{"txs":5,"uniq":5,"trade":0,"nft":0,"gas":0.00013,"bal":0.002274,"days":3,"spread":0.096774,"streak":2,"rank_m":362349,"pct_m":0.385255,"gas_method":"exact"},"2025-02":{"txs":0,"uniq":0,"trade":0,"nft":0,"gas":0,"bal":0.002274,"days":0,"spread":0,"streak":0,"rank_m":653524,"pct_m":0.694837},"2025-03":{"txs":0,"uniq":0,"trade":0,"nft":0,"gas":0,"bal":0.002274,"days":0,"spread":0,"streak":0,"rank_m":645751,"pct_m":0.686573},"2025-04":{"txs":1,"uniq":0,"trade":0,"nft":0,"gas":0.000019,"bal":0.006144,"days":1,"spread":0.033333,"streak":1,"rank_m":532721,"pct_m":0.566397,"gas_method":"estimated"},"2025-05":{"txs":0,"uniq":0,"trade":0,"nft":0,"gas":0,"bal":0.006144,"days":0,"spread":0,"streak":0,"rank_m":574964,"pct_m":0.611311},"2025-06":{"txs":0,"uniq":0,"trade":0,"nft":0,"gas":0,"bal":0.006144,"days":0,"spread":0,"streak":0,"rank_m":574771,"pct_m":0.611106},"2025-07":{"txs":0,"uniq":0,"trade":0,"nft":0,"gas":0,"bal":0.006144,"days":0,"spread":0,"streak":0,"rank_m":594171,"pct_m":0.631732},"2025-08":{"txs":0,"uniq":0,"trade":0,"nft":0,"gas":0,"bal":0.006144,"days":0,"spread":0,"streak":0,"rank_m":573677,"pct_m":0.609943},"2025-09":{"txs":0,"uniq":0,"trade":0,"nft":0,"gas":0,"bal":0.006144,"days":0,"spread":0,"streak":0,"rank_m":562393,"pct_m":0.597945},"2025-10":{"txs":0,"uniq":0,"trade":0,"nft":0,"gas":0,"bal":0.006144,"days":0,"spread":0,"streak":0,"rank_m":475686,"pct_m":0.505757}}}