{"wallet":"0x6d3c1187a60b672c1aecb43a5aaea9abeec2b298","rank":80967,"lifetime":{"months_active":15,"first":"2023-07","last":"2025-10","tx_sum":2921,"uniq_sum":410,"trade_sum":87,"nft_sum":45,"gas_sum":0.010643,"avg_balance_eth_mean":0.000748,"streak_best_days":10,"gas_sum_filled":0.010643},"months":{"2023-07":{"txs":0,"uniq":0,"trade":0,"nft":0,"gas":0,"bal":0,"days":0,"spread":0,"streak":0,"rank_m":561021,"pct_m":0.596486},"2023-08":{"txs":0,"uniq":0,"trade":0,"nft":0,"gas":0,"bal":0,"days":0,"spread":0,"streak":0,"rank_m":610182,"pct_m":0.648755},"2023-09":{"txs":0,"uniq":0,"trade":0,"nft":0,"gas":0,"bal":0,"days":0,"spread":0,"streak":0,"rank_m":623328,"pct_m":0.662732},"2023-10":{"txs":0,"uniq":0,"trade":0,"nft":0,"gas":0,"bal":0,"days":0,"spread":0,"streak":0,"rank_m":633937,"pct_m":0.674012},"2023-11":{"txs":0,"uniq":0,"trade":0,"nft":0,"gas":0,"bal":0,"days":0,"spread":0,"streak":0,"rank_m":643347,"pct_m":0.684017},"2023-12":{"txs":0,"uniq":0,"trade":0,"nft":0,"gas":0,"bal":0,"days":0,"spread":0,"streak":0,"rank_m":654667,"pct_m":0.696053},"2024-01":{"txs":0,"uniq":0,"trade":0,"nft":0,"gas":0,"bal":0,"days":0,"spread":0,"streak":0,"rank_m":664756,"pct_m":0.706779},"2024-02":{"txs":0,"uniq":0,"trade":0,"nft":0,"gas":0,"bal":0,"days":0,"spread":0,"streak":0,"rank_m":686509,"pct_m":0.729908},"2024-03":{"txs":127,"uniq":19,"trade":34,"nft":4,"gas":0.000199,"bal":0.002244,"days":9,"spread":0.290323,"streak":3,"rank_m":63168,"pct_m":0.06716,"gas_method":"estimated"},"2024-04":{"txs":155,"uniq":29,"trade":28,"nft":7,"gas":0.000075,"bal":0.003449,"days":18,"spread":0.6,"streak":6,"rank_m":32594,"pct_m":0.034653,"gas_method":"exact"},"2024-05":{"txs":359,"uniq":34,"trade":15,"nft":7,"gas":0.000217,"bal":0.000637,"days":21,"spread":0.677419,"streak":5,"rank_m":37579,"pct_m":0.039954,"gas_method":"exact"},"2024-06":{"txs":284,"uniq":41,"trade":5,"nft":4,"gas":0.000001,"bal":0.001361,"days":14,"spread":0.466667,"streak":3,"rank_m":93856,"pct_m":0.099788,"gas_method":"estimated"},"2024-07":{"txs":236,"uniq":27,"trade":1,"nft":4,"gas":0.000052,"bal":0.000851,"days":12,"spread":0.387097,"streak":3,"rank_m":43789,"pct_m":0.046556,"gas_method":"exact"},"2024-08":{"txs":159,"uniq":15,"trade":0,"nft":3,"gas":0.000056,"bal":0.000648,"days":6,"spread":0.193548,"streak":2,"rank_m":126304,"pct_m":0.134288,"gas_method":"exact"},"2024-09":{"txs":99,"uniq":14,"trade":0,"nft":2,"gas":0,"bal":0.000577,"days":5,"spread":0.166667,"streak":2,"rank_m":202859,"pct_m":0.215682,"gas_method":"estimated"},"2024-10":{"txs":635,"uniq":77,"trade":1,"nft":11,"gas":0.000034,"bal":0.000898,"days":20,"spread":0.645161,"streak":6,"rank_m":33142,"pct_m":0.035236,"gas_method":"exact"},"2024-11":{"txs":403,"uniq":60,"trade":0,"nft":1,"gas":0.000927,"bal":0.001262,"days":22,"spread":0.733333,"streak":9,"rank_m":45985,"pct_m":0.048891,"gas_method":"exact"},"2024-12":{"txs":202,"uniq":31,"trade":0,"nft":0,"gas":0.004454,"bal":0.002307,"days":18,"spread":0.580645,"streak":10,"rank_m":52797,"pct_m":0.056134,"gas_method":"exact"},"2025-01":{"txs":147,"uniq":25,"trade":0,"nft":0,"gas":0.003819,"bal":0.00147,"days":12,"spread":0.387097,"streak":3,"rank_m":74802,"pct_m":0.07953,"gas_method":"exact"},"2025-02":{"txs":104,"uniq":35,"trade":3,"nft":0,"gas":0.000732,"bal":0.001088,"days":11,"spread":0.392857,"streak":4,"rank_m":49296,"pct_m":0.052411,"gas_method":"exact"},"2025-03":{"txs":0,"uniq":0,"trade":0,"nft":0,"gas":0,"bal":0.001088,"days":0,"spread":0,"streak":0,"rank_m":681658,"pct_m":0.72475},"2025-04":{"txs":0,"uniq":0,"trade":0,"nft":0,"gas":0,"bal":0.001088,"days":0,"spread":0,"streak":0,"rank_m":704858,"pct_m":0.749417},"2025-05":{"txs":0,"uniq":0,"trade":0,"nft":0,"gas":0,"bal":0.001088,"days":0,"spread":0,"streak":0,"rank_m":698985,"pct_m":0.743172},"2025-06":{"txs":5,"uniq":2,"trade":0,"nft":0,"gas":0.000035,"bal":0.000179,"days":2,"spread":0.066667,"streak":1,"rank_m":595135,"pct_m":0.632757,"gas_method":"estimated"},"2025-07":{"txs":2,"uniq":0,"trade":0,"nft":1,"gas":0.000014,"bal":0,"days":1,"spread":0.032258,"streak":1,"rank_m":643488,"pct_m":0.684167,"gas_method":"estimated"},"2025-08":{"txs":4,"uniq":1,"trade":0,"nft":1,"gas":0.000028,"bal":0.000234,"days":2,"spread":0.064516,"streak":1,"rank_m":487572,"pct_m":0.518394,"gas_method":"estimated"},"2025-09":{"txs":0,"uniq":0,"trade":0,"nft":0,"gas":0,"bal":0.000234,"days":0,"spread":0,"streak":0,"rank_m":781710,"pct_m":0.831127},"2025-10":{"txs":0,"uniq":0,"trade":0,"nft":0,"gas":0,"bal":0.000234,"days":0,"spread":0,"streak":0,"rank_m":735938,"pct_m":0.782461}}}