{"wallet":"0x6de4d20fe4042a9f112add8ec132775b62257d6e","rank":415635,"lifetime":{"months_active":17,"first":"2023-07","last":"2025-10","tx_sum":218,"uniq_sum":69,"trade_sum":2,"nft_sum":22,"gas_sum":0.002462,"avg_balance_eth_mean":0.001791,"streak_best_days":7,"gas_sum_filled":0.002462},"months":{"2023-07":{"txs":3,"uniq":2,"trade":0,"nft":1,"gas":0.000779,"bal":0.00017,"days":1,"spread":0.032258,"streak":1,"rank_m":40087,"pct_m":0.04262,"gas_method":"estimated"},"2023-08":{"txs":0,"uniq":2,"trade":0,"nft":0,"gas":0.000316,"bal":0.000848,"days":0,"spread":0,"streak":0,"rank_m":265710,"pct_m":0.282507},"2023-09":{"txs":6,"uniq":6,"trade":0,"nft":3,"gas":0.000377,"bal":0.000183,"days":2,"spread":0.066667,"streak":1,"rank_m":84915,"pct_m":0.090282,"gas_method":"exact"},"2023-10":{"txs":0,"uniq":0,"trade":0,"nft":0,"gas":0,"bal":0.000183,"days":0,"spread":0,"streak":0,"rank_m":305390,"pct_m":0.324695},"2023-11":{"txs":0,"uniq":0,"trade":0,"nft":0,"gas":0,"bal":0.000183,"days":0,"spread":0,"streak":0,"rank_m":318358,"pct_m":0.338483},"2023-12":{"txs":0,"uniq":0,"trade":0,"nft":0,"gas":0,"bal":0.000183,"days":0,"spread":0,"streak":0,"rank_m":340183,"pct_m":0.361688},"2024-01":{"txs":0,"uniq":0,"trade":0,"nft":0,"gas":0,"bal":0.000183,"days":0,"spread":0,"streak":0,"rank_m":355380,"pct_m":0.377845},"2024-02":{"txs":0,"uniq":0,"trade":0,"nft":0,"gas":0,"bal":0.000183,"days":0,"spread":0,"streak":0,"rank_m":403305,"pct_m":0.4288},"2024-03":{"txs":1,"uniq":1,"trade":0,"nft":0,"gas":0.000052,"bal":0.000087,"days":1,"spread":0.032258,"streak":1,"rank_m":377465,"pct_m":0.401326,"gas_method":"estimated"},"2024-04":{"txs":17,"uniq":12,"trade":2,"nft":1,"gas":0.000308,"bal":0.000262,"days":2,"spread":0.066667,"streak":1,"rank_m":271955,"pct_m":0.289146,"gas_method":"exact"},"2024-05":{"txs":5,"uniq":5,"trade":0,"nft":5,"gas":0.000011,"bal":0.000251,"days":1,"spread":0.032258,"streak":1,"rank_m":415611,"pct_m":0.441884,"gas_method":"estimated"},"2024-06":{"txs":5,"uniq":4,"trade":0,"nft":3,"gas":0,"bal":0.000164,"days":2,"spread":0.066667,"streak":1,"rank_m":420734,"pct_m":0.447331,"gas_method":"estimated"},"2024-07":{"txs":0,"uniq":0,"trade":0,"nft":0,"gas":0,"bal":0.000164,"days":0,"spread":0,"streak":0,"rank_m":629290,"pct_m":0.669071},"2024-08":{"txs":6,"uniq":6,"trade":0,"nft":9,"gas":0.000001,"bal":0.000098,"days":3,"spread":0.096774,"streak":1,"rank_m":406906,"pct_m":0.432629,"gas_method":"estimated"},"2024-09":{"txs":59,"uniq":3,"trade":0,"nft":0,"gas":0.000006,"bal":0.00007,"days":18,"spread":0.6,"streak":7,"rank_m":326337,"pct_m":0.346966,"gas_method":"estimated"},"2024-10":{"txs":28,"uniq":1,"trade":0,"nft":0,"gas":0.000005,"bal":0.000007,"days":8,"spread":0.258065,"streak":3,"rank_m":449630,"pct_m":0.478054,"gas_method":"estimated"},"2024-11":{"txs":19,"uniq":3,"trade":0,"nft":0,"gas":0.000039,"bal":0.000686,"days":6,"spread":0.2,"streak":2,"rank_m":288866,"pct_m":0.307126,"gas_method":"exact"},"2024-12":{"txs":3,"uniq":3,"trade":0,"nft":0,"gas":0.000066,"bal":0.000137,"days":2,"spread":0.064516,"streak":1,"rank_m":534712,"pct_m":0.568514,"gas_method":"exact"},"2025-01":{"txs":2,"uniq":1,"trade":0,"nft":0,"gas":0.000052,"bal":0.000092,"days":1,"spread":0.032258,"streak":1,"rank_m":552790,"pct_m":0.587735,"gas_method":"exact"},"2025-02":{"txs":4,"uniq":4,"trade":0,"nft":0,"gas":0.000028,"bal":0.000041,"days":1,"spread":0.035714,"streak":1,"rank_m":478435,"pct_m":0.50868,"gas_method":"exact"},"2025-03":{"txs":0,"uniq":0,"trade":0,"nft":0,"gas":0,"bal":0.000041,"days":0,"spread":0,"streak":0,"rank_m":809423,"pct_m":0.860592},"2025-04":{"txs":0,"uniq":0,"trade":0,"nft":0,"gas":0,"bal":0.000041,"days":0,"spread":0,"streak":0,"rank_m":834544,"pct_m":0.887301},"2025-05":{"txs":0,"uniq":0,"trade":0,"nft":0,"gas":0,"bal":0.000041,"days":0,"spread":0,"streak":0,"rank_m":848380,"pct_m":0.902012},"2025-06":{"txs":29,"uniq":5,"trade":0,"nft":0,"gas":0.000204,"bal":0.002848,"days":4,"spread":0.133333,"streak":1,"rank_m":324988,"pct_m":0.345532,"gas_method":"estimated"},"2025-07":{"txs":19,"uniq":4,"trade":0,"nft":0,"gas":0.000134,"bal":0.007969,"days":4,"spread":0.129032,"streak":1,"rank_m":276079,"pct_m":0.293531,"gas_method":"estimated"},"2025-08":{"txs":8,"uniq":4,"trade":0,"nft":0,"gas":0.000056,"bal":0.01204,"days":2,"spread":0.064516,"streak":1,"rank_m":260320,"pct_m":0.276776,"gas_method":"estimated"},"2025-09":{"txs":4,"uniq":3,"trade":0,"nft":0,"gas":0.000028,"bal":0.01149,"days":2,"spread":0.066667,"streak":1,"rank_m":289043,"pct_m":0.307315,"gas_method":"estimated"},"2025-10":{"txs":0,"uniq":0,"trade":0,"nft":0,"gas":0,"bal":0.01149,"days":0,"spread":0,"streak":0,"rank_m":417868,"pct_m":0.444284}}}