{"wallet":"0x6dbfef7f1e9fc3d9d20c219e474b5b406d69970f","rank":34364,"lifetime":{"months_active":21,"first":"2023-07","last":"2025-10","tx_sum":710,"uniq_sum":295,"trade_sum":52,"nft_sum":30,"gas_sum":0.008236,"avg_balance_eth_mean":0.015609,"streak_best_days":8,"gas_sum_filled":0.008236},"months":{"2023-07":{"txs":0,"uniq":0,"trade":0,"nft":0,"gas":0,"bal":0,"days":0,"spread":0,"streak":0,"rank_m":559258,"pct_m":0.594612},"2023-08":{"txs":0,"uniq":0,"trade":0,"nft":0,"gas":0,"bal":0,"days":0,"spread":0,"streak":0,"rank_m":608641,"pct_m":0.647117},"2023-09":{"txs":0,"uniq":0,"trade":0,"nft":0,"gas":0,"bal":0,"days":0,"spread":0,"streak":0,"rank_m":621835,"pct_m":0.661145},"2023-10":{"txs":0,"uniq":0,"trade":0,"nft":0,"gas":0,"bal":0,"days":0,"spread":0,"streak":0,"rank_m":632497,"pct_m":0.672481},"2023-11":{"txs":0,"uniq":0,"trade":0,"nft":0,"gas":0,"bal":0,"days":0,"spread":0,"streak":0,"rank_m":641948,"pct_m":0.68253},"2023-12":{"txs":0,"uniq":0,"trade":0,"nft":0,"gas":0,"bal":0,"days":0,"spread":0,"streak":0,"rank_m":653321,"pct_m":0.694621},"2024-01":{"txs":7,"uniq":4,"trade":4,"nft":2,"gas":0.00019,"bal":0.021417,"days":3,"spread":0.096774,"streak":1,"rank_m":47797,"pct_m":0.050818,"gas_method":"exact"},"2024-02":{"txs":2,"uniq":2,"trade":1,"nft":0,"gas":0.000082,"bal":0.021231,"days":1,"spread":0.034483,"streak":1,"rank_m":136328,"pct_m":0.144945,"gas_method":"exact"},"2024-03":{"txs":30,"uniq":10,"trade":7,"nft":0,"gas":0.001714,"bal":0.018854,"days":4,"spread":0.129032,"streak":2,"rank_m":78048,"pct_m":0.082981,"gas_method":"estimated"},"2024-04":{"txs":21,"uniq":17,"trade":2,"nft":13,"gas":0.000148,"bal":0.005921,"days":4,"spread":0.133333,"streak":2,"rank_m":180991,"pct_m":0.192432,"gas_method":"estimated"},"2024-05":{"txs":10,"uniq":5,"trade":0,"nft":4,"gas":0.000023,"bal":0.006342,"days":3,"spread":0.096774,"streak":1,"rank_m":285951,"pct_m":0.304027,"gas_method":"estimated"},"2024-06":{"txs":25,"uniq":17,"trade":0,"nft":2,"gas":0.000002,"bal":0.006265,"days":3,"spread":0.1,"streak":1,"rank_m":198088,"pct_m":0.21061,"gas_method":"estimated"},"2024-07":{"txs":11,"uniq":9,"trade":4,"nft":0,"gas":0.000004,"bal":0.007045,"days":3,"spread":0.096774,"streak":1,"rank_m":183014,"pct_m":0.194583,"gas_method":"estimated"},"2024-08":{"txs":6,"uniq":3,"trade":0,"nft":1,"gas":0.000002,"bal":0.008223,"days":2,"spread":0.064516,"streak":1,"rank_m":323148,"pct_m":0.343576,"gas_method":"estimated"},"2024-09":{"txs":17,"uniq":11,"trade":0,"nft":0,"gas":0.000002,"bal":0.02204,"days":2,"spread":0.066667,"streak":1,"rank_m":165654,"pct_m":0.176125,"gas_method":"estimated"},"2024-10":{"txs":26,"uniq":13,"trade":8,"nft":4,"gas":0.000005,"bal":0.023301,"days":6,"spread":0.193548,"streak":3,"rank_m":53381,"pct_m":0.056755,"gas_method":"estimated"},"2024-11":{"txs":40,"uniq":13,"trade":0,"nft":0,"gas":0.00009,"bal":0.010726,"days":6,"spread":0.2,"streak":1,"rank_m":143448,"pct_m":0.152515,"gas_method":"exact"},"2024-12":{"txs":71,"uniq":26,"trade":0,"nft":0,"gas":0.001565,"bal":0.010504,"days":13,"spread":0.419355,"streak":3,"rank_m":64366,"pct_m":0.068434,"gas_method":"exact"},"2025-01":{"txs":71,"uniq":35,"trade":0,"nft":0,"gas":0.001818,"bal":0.021445,"days":12,"spread":0.387097,"streak":4,"rank_m":34493,"pct_m":0.036673,"gas_method":"exact"},"2025-02":{"txs":2,"uniq":2,"trade":0,"nft":0,"gas":0.000014,"bal":0.014752,"days":1,"spread":0.035714,"streak":1,"rank_m":401255,"pct_m":0.42662,"gas_method":"exact"},"2025-03":{"txs":0,"uniq":0,"trade":0,"nft":0,"gas":0,"bal":0.014752,"days":0,"spread":0,"streak":0,"rank_m":565888,"pct_m":0.601661},"2025-04":{"txs":34,"uniq":18,"trade":0,"nft":0,"gas":0.000205,"bal":0.014635,"days":3,"spread":0.1,"streak":1,"rank_m":106493,"pct_m":0.113224,"gas_method":"exact"},"2025-05":{"txs":18,"uniq":14,"trade":0,"nft":1,"gas":0.000127,"bal":0.014612,"days":5,"spread":0.16129,"streak":1,"rank_m":77218,"pct_m":0.082098,"gas_method":"estimated"},"2025-06":{"txs":49,"uniq":24,"trade":2,"nft":0,"gas":0.000345,"bal":0.014557,"days":12,"spread":0.4,"streak":3,"rank_m":32153,"pct_m":0.034185,"gas_method":"estimated"},"2025-07":{"txs":52,"uniq":29,"trade":7,"nft":0,"gas":0.000366,"bal":0.082236,"days":11,"spread":0.354839,"streak":3,"rank_m":12130,"pct_m":0.012896,"gas_method":"estimated"},"2025-08":{"txs":91,"uniq":18,"trade":6,"nft":0,"gas":0.00064,"bal":0.09745,"days":13,"spread":0.419355,"streak":4,"rank_m":7593,"pct_m":0.008072,"gas_method":"estimated"},"2025-09":{"txs":69,"uniq":12,"trade":5,"nft":3,"gas":0.000486,"bal":0.000366,"days":12,"spread":0.4,"streak":8,"rank_m":164957,"pct_m":0.175384,"gas_method":"estimated"},"2025-10":{"txs":58,"uniq":13,"trade":6,"nft":0,"gas":0.000408,"bal":0.00039,"days":10,"spread":0.322581,"streak":3,"rank_m":136719,"pct_m":0.145361,"gas_method":"estimated"}}}