{"wallet":"0x6db482fcd52a09717a22109d4e27de5667c84423","rank":98658,"lifetime":{"months_active":25,"first":"2023-07","last":"2025-10","tx_sum":476,"uniq_sum":267,"trade_sum":9,"nft_sum":78,"gas_sum":0.006398,"avg_balance_eth_mean":0.001344,"streak_best_days":9,"gas_sum_filled":0.006398},"months":{"2023-07":{"txs":0,"uniq":0,"trade":0,"nft":0,"gas":0,"bal":0,"days":0,"spread":0,"streak":0,"rank_m":559410,"pct_m":0.594774},"2023-08":{"txs":12,"uniq":8,"trade":0,"nft":7,"gas":0.000616,"bal":0.002072,"days":3,"spread":0.096774,"streak":2,"rank_m":80227,"pct_m":0.085298,"gas_method":"exact"},"2023-09":{"txs":12,"uniq":9,"trade":0,"nft":6,"gas":0.001203,"bal":0.00276,"days":5,"spread":0.166667,"streak":2,"rank_m":35947,"pct_m":0.038218,"gas_method":"exact"},"2023-10":{"txs":11,"uniq":7,"trade":0,"nft":2,"gas":0.000088,"bal":0.002932,"days":3,"spread":0.096774,"streak":1,"rank_m":70296,"pct_m":0.074739,"gas_method":"estimated"},"2023-11":{"txs":13,"uniq":9,"trade":0,"nft":2,"gas":0.000062,"bal":0.002567,"days":4,"spread":0.133333,"streak":1,"rank_m":44300,"pct_m":0.047099,"gas_method":"exact"},"2023-12":{"txs":9,"uniq":2,"trade":0,"nft":1,"gas":0.000234,"bal":0.002086,"days":1,"spread":0.032258,"streak":1,"rank_m":122304,"pct_m":0.130035,"gas_method":"estimated"},"2024-01":{"txs":2,"uniq":2,"trade":0,"nft":1,"gas":0.000048,"bal":0.001841,"days":2,"spread":0.064516,"streak":1,"rank_m":139360,"pct_m":0.148169,"gas_method":"estimated"},"2024-02":{"txs":4,"uniq":4,"trade":0,"nft":1,"gas":0.000055,"bal":0.002358,"days":3,"spread":0.103448,"streak":1,"rank_m":175384,"pct_m":0.18647,"gas_method":"estimated"},"2024-03":{"txs":32,"uniq":20,"trade":0,"nft":12,"gas":0.000655,"bal":0.000689,"days":11,"spread":0.354839,"streak":3,"rank_m":127303,"pct_m":0.13535,"gas_method":"estimated"},"2024-04":{"txs":40,"uniq":16,"trade":0,"nft":13,"gas":0.000101,"bal":0.000553,"days":10,"spread":0.333333,"streak":3,"rank_m":214616,"pct_m":0.228183,"gas_method":"estimated"},"2024-05":{"txs":19,"uniq":11,"trade":0,"nft":5,"gas":0.000016,"bal":0.000701,"days":6,"spread":0.193548,"streak":3,"rank_m":248360,"pct_m":0.26406,"gas_method":"estimated"},"2024-06":{"txs":4,"uniq":2,"trade":0,"nft":3,"gas":0,"bal":0.001713,"days":2,"spread":0.066667,"streak":1,"rank_m":388068,"pct_m":0.4126,"gas_method":"estimated"},"2024-07":{"txs":14,"uniq":9,"trade":0,"nft":5,"gas":0.000002,"bal":0.001194,"days":7,"spread":0.225806,"streak":2,"rank_m":216357,"pct_m":0.230034,"gas_method":"estimated"},"2024-08":{"txs":13,"uniq":7,"trade":0,"nft":3,"gas":0.000001,"bal":0.000353,"days":4,"spread":0.129032,"streak":1,"rank_m":365034,"pct_m":0.38811,"gas_method":"estimated"},"2024-09":{"txs":0,"uniq":0,"trade":0,"nft":0,"gas":0,"bal":0.000353,"days":0,"spread":0,"streak":0,"rank_m":624505,"pct_m":0.663984},"2024-10":{"txs":11,"uniq":9,"trade":0,"nft":1,"gas":0.000001,"bal":0.00362,"days":6,"spread":0.193548,"streak":2,"rank_m":227745,"pct_m":0.242141,"gas_method":"estimated"},"2024-11":{"txs":24,"uniq":13,"trade":0,"nft":0,"gas":0.000051,"bal":0.000766,"days":10,"spread":0.333333,"streak":2,"rank_m":206824,"pct_m":0.219898,"gas_method":"exact"},"2024-12":{"txs":32,"uniq":19,"trade":1,"nft":1,"gas":0.000706,"bal":0.001793,"days":18,"spread":0.580645,"streak":4,"rank_m":105078,"pct_m":0.11172,"gas_method":"exact"},"2025-01":{"txs":51,"uniq":26,"trade":6,"nft":3,"gas":0.001325,"bal":0.001744,"days":21,"spread":0.677419,"streak":6,"rank_m":50885,"pct_m":0.054101,"gas_method":"exact"},"2025-02":{"txs":20,"uniq":17,"trade":2,"nft":3,"gas":0.000141,"bal":0.001254,"days":7,"spread":0.25,"streak":2,"rank_m":121494,"pct_m":0.129174,"gas_method":"exact"},"2025-03":{"txs":36,"uniq":19,"trade":0,"nft":1,"gas":0.000284,"bal":0.001559,"days":6,"spread":0.193548,"streak":2,"rank_m":117249,"pct_m":0.12466,"gas_method":"exact"},"2025-04":{"txs":14,"uniq":11,"trade":0,"nft":2,"gas":0.000085,"bal":0.00051,"days":7,"spread":0.233333,"streak":3,"rank_m":168925,"pct_m":0.179603,"gas_method":"exact"},"2025-05":{"txs":9,"uniq":8,"trade":0,"nft":0,"gas":0.000063,"bal":0.00074,"days":3,"spread":0.096774,"streak":1,"rank_m":384666,"pct_m":0.408983,"gas_method":"estimated"},"2025-06":{"txs":0,"uniq":0,"trade":0,"nft":0,"gas":0,"bal":0.00074,"days":0,"spread":0,"streak":0,"rank_m":727034,"pct_m":0.772994},"2025-07":{"txs":10,"uniq":6,"trade":0,"nft":1,"gas":0.00007,"bal":0.000968,"days":4,"spread":0.129032,"streak":1,"rank_m":356291,"pct_m":0.378814,"gas_method":"estimated"},"2025-08":{"txs":51,"uniq":14,"trade":0,"nft":2,"gas":0.000359,"bal":0.001474,"days":9,"spread":0.290323,"streak":4,"rank_m":146530,"pct_m":0.155792,"gas_method":"estimated"},"2025-09":{"txs":31,"uniq":18,"trade":0,"nft":1,"gas":0.000218,"bal":0.000263,"days":6,"spread":0.2,"streak":1,"rank_m":305113,"pct_m":0.324401,"gas_method":"estimated"},"2025-10":{"txs":2,"uniq":1,"trade":0,"nft":2,"gas":0.000014,"bal":0.000042,"days":1,"spread":0.032258,"streak":1,"rank_m":424236,"pct_m":0.451054,"gas_method":"estimated"}}}