{"wallet":"0x6d77785070e838b7dc6e23b318bfd33a456191da","rank":370603,"lifetime":{"months_active":11,"first":"2023-07","last":"2025-10","tx_sum":162,"uniq_sum":108,"trade_sum":36,"nft_sum":33,"gas_sum":0.001033,"avg_balance_eth_mean":0.028893,"streak_best_days":2,"gas_sum_filled":0.001033},"months":{"2023-07":{"txs":0,"uniq":0,"trade":0,"nft":0,"gas":0,"bal":0,"days":0,"spread":0,"streak":0,"rank_m":560234,"pct_m":0.59565},"2023-08":{"txs":0,"uniq":0,"trade":0,"nft":0,"gas":0,"bal":0,"days":0,"spread":0,"streak":0,"rank_m":609491,"pct_m":0.648021},"2023-09":{"txs":0,"uniq":0,"trade":0,"nft":0,"gas":0,"bal":0,"days":0,"spread":0,"streak":0,"rank_m":622654,"pct_m":0.662016},"2023-10":{"txs":0,"uniq":0,"trade":0,"nft":0,"gas":0,"bal":0,"days":0,"spread":0,"streak":0,"rank_m":633280,"pct_m":0.673314},"2023-11":{"txs":0,"uniq":0,"trade":0,"nft":0,"gas":0,"bal":0,"days":0,"spread":0,"streak":0,"rank_m":642707,"pct_m":0.683337},"2023-12":{"txs":0,"uniq":0,"trade":0,"nft":0,"gas":0,"bal":0,"days":0,"spread":0,"streak":0,"rank_m":654055,"pct_m":0.695402},"2024-01":{"txs":0,"uniq":0,"trade":0,"nft":0,"gas":0,"bal":0,"days":0,"spread":0,"streak":0,"rank_m":664168,"pct_m":0.706154},"2024-02":{"txs":18,"uniq":13,"trade":2,"nft":3,"gas":0.000379,"bal":0.074364,"days":6,"spread":0.206897,"streak":1,"rank_m":35340,"pct_m":0.037573,"gas_method":"estimated"},"2024-03":{"txs":18,"uniq":13,"trade":0,"nft":5,"gas":0.000472,"bal":0.084423,"days":8,"spread":0.258065,"streak":1,"rank_m":73678,"pct_m":0.078335,"gas_method":"exact"},"2024-04":{"txs":11,"uniq":7,"trade":5,"nft":3,"gas":0.000043,"bal":0.056383,"days":6,"spread":0.2,"streak":2,"rank_m":145071,"pct_m":0.154241,"gas_method":"estimated"},"2024-05":{"txs":27,"uniq":14,"trade":10,"nft":3,"gas":0.000035,"bal":0.083766,"days":6,"spread":0.193548,"streak":1,"rank_m":80737,"pct_m":0.08584,"gas_method":"estimated"},"2024-06":{"txs":13,"uniq":10,"trade":4,"nft":2,"gas":0.000001,"bal":0.099356,"days":7,"spread":0.233333,"streak":1,"rank_m":89689,"pct_m":0.095358,"gas_method":"estimated"},"2024-07":{"txs":18,"uniq":11,"trade":4,"nft":1,"gas":0.000011,"bal":0.060636,"days":5,"spread":0.16129,"streak":1,"rank_m":57597,"pct_m":0.061237,"gas_method":"exact"},"2024-08":{"txs":14,"uniq":13,"trade":0,"nft":13,"gas":0.000002,"bal":0.060353,"days":6,"spread":0.193548,"streak":1,"rank_m":114173,"pct_m":0.12139,"gas_method":"estimated"},"2024-09":{"txs":13,"uniq":8,"trade":2,"nft":1,"gas":0.000001,"bal":0.097746,"days":4,"spread":0.133333,"streak":1,"rank_m":72975,"pct_m":0.077587,"gas_method":"estimated"},"2024-10":{"txs":9,"uniq":6,"trade":6,"nft":0,"gas":0.000001,"bal":0.117296,"days":3,"spread":0.096774,"streak":1,"rank_m":134563,"pct_m":0.143069,"gas_method":"estimated"},"2024-11":{"txs":19,"uniq":12,"trade":3,"nft":2,"gas":0.000044,"bal":0.0741,"days":7,"spread":0.233333,"streak":1,"rank_m":98794,"pct_m":0.105038,"gas_method":"exact"},"2024-12":{"txs":2,"uniq":1,"trade":0,"nft":0,"gas":0.000044,"bal":0.000052,"days":1,"spread":0.032258,"streak":1,"rank_m":578989,"pct_m":0.61559,"gas_method":"exact"},"2025-01":{"txs":0,"uniq":0,"trade":0,"nft":0,"gas":0,"bal":0.000052,"days":0,"spread":0,"streak":0,"rank_m":761208,"pct_m":0.809329},"2025-02":{"txs":0,"uniq":0,"trade":0,"nft":0,"gas":0,"bal":0.000052,"days":0,"spread":0,"streak":0,"rank_m":786742,"pct_m":0.836477},"2025-03":{"txs":0,"uniq":0,"trade":0,"nft":0,"gas":0,"bal":0.000052,"days":0,"spread":0,"streak":0,"rank_m":805622,"pct_m":0.856551},"2025-04":{"txs":0,"uniq":0,"trade":0,"nft":0,"gas":0,"bal":0.000052,"days":0,"spread":0,"streak":0,"rank_m":830758,"pct_m":0.883276},"2025-05":{"txs":0,"uniq":0,"trade":0,"nft":0,"gas":0,"bal":0.000052,"days":0,"spread":0,"streak":0,"rank_m":843589,"pct_m":0.896918},"2025-06":{"txs":0,"uniq":0,"trade":0,"nft":0,"gas":0,"bal":0.000052,"days":0,"spread":0,"streak":0,"rank_m":859267,"pct_m":0.913587},"2025-07":{"txs":0,"uniq":0,"trade":0,"nft":0,"gas":0,"bal":0.000052,"days":0,"spread":0,"streak":0,"rank_m":876479,"pct_m":0.931887},"2025-08":{"txs":0,"uniq":0,"trade":0,"nft":0,"gas":0,"bal":0.000052,"days":0,"spread":0,"streak":0,"rank_m":874079,"pct_m":0.929335},"2025-09":{"txs":0,"uniq":0,"trade":0,"nft":0,"gas":0,"bal":0.000052,"days":0,"spread":0,"streak":0,"rank_m":870771,"pct_m":0.925818},"2025-10":{"txs":0,"uniq":0,"trade":0,"nft":0,"gas":0,"bal":0.000052,"days":0,"spread":0,"streak":0,"rank_m":844789,"pct_m":0.898194}}}