{"wallet":"0x6d0267156f1c6ce44caa4bf129b76009d3d41830","rank":139506,"lifetime":{"months_active":23,"first":"2023-07","last":"2025-10","tx_sum":412,"uniq_sum":147,"trade_sum":17,"nft_sum":41,"gas_sum":0.003063,"avg_balance_eth_mean":0.105649,"streak_best_days":0,"gas_sum_filled":0.003063},"months":{"2023-07":{"txs":0,"uniq":0,"trade":0,"nft":0,"gas":0,"bal":0,"days":0,"spread":0,"streak":0,"rank_m":561803,"pct_m":0.597318},"2023-08":{"txs":0,"uniq":0,"trade":0,"nft":0,"gas":0,"bal":0,"days":0,"spread":0,"streak":0,"rank_m":610853,"pct_m":0.649469},"2023-09":{"txs":3,"uniq":2,"trade":0,"nft":1,"gas":0.000081,"bal":0.000036,"days":1,"spread":0.033333,"streak":0,"rank_m":165615,"pct_m":0.176084,"gas_method":"estimated"},"2023-10":{"txs":3,"uniq":2,"trade":0,"nft":0,"gas":0.000014,"bal":0.000077,"days":1,"spread":0.032258,"streak":0,"rank_m":159487,"pct_m":0.169568,"gas_method":"exact"},"2023-11":{"txs":1,"uniq":0,"trade":0,"nft":0,"gas":0.000012,"bal":0.006075,"days":1,"spread":0.033333,"streak":0,"rank_m":170221,"pct_m":0.180981,"gas_method":"estimated"},"2023-12":{"txs":0,"uniq":0,"trade":0,"nft":0,"gas":0,"bal":0.006075,"days":0,"spread":0,"streak":0,"rank_m":254907,"pct_m":0.271021},"2024-01":{"txs":0,"uniq":0,"trade":0,"nft":0,"gas":0,"bal":0.006075,"days":0,"spread":0,"streak":0,"rank_m":263889,"pct_m":0.28057},"2024-02":{"txs":1,"uniq":1,"trade":0,"nft":3,"gas":0.000012,"bal":0.010056,"days":1,"spread":0.034483,"streak":0,"rank_m":241916,"pct_m":0.257208,"gas_method":"estimated"},"2024-03":{"txs":3,"uniq":2,"trade":0,"nft":0,"gas":0.000055,"bal":0.007976,"days":2,"spread":0.064516,"streak":0,"rank_m":324225,"pct_m":0.344721,"gas_method":"estimated"},"2024-04":{"txs":0,"uniq":0,"trade":0,"nft":0,"gas":0,"bal":0.007976,"days":0,"spread":0,"streak":0,"rank_m":470988,"pct_m":0.500762},"2024-05":{"txs":3,"uniq":1,"trade":0,"nft":4,"gas":0.000002,"bal":0.006609,"days":1,"spread":0.032258,"streak":0,"rank_m":419992,"pct_m":0.446542,"gas_method":"estimated"},"2024-06":{"txs":1,"uniq":1,"trade":0,"nft":4,"gas":0,"bal":0.006608,"days":1,"spread":0.033333,"streak":0,"rank_m":426048,"pct_m":0.452981,"gas_method":"estimated"},"2024-07":{"txs":2,"uniq":0,"trade":0,"nft":4,"gas":0,"bal":0.006607,"days":2,"spread":0.064516,"streak":0,"rank_m":407857,"pct_m":0.43364,"gas_method":"estimated"},"2024-08":{"txs":11,"uniq":4,"trade":0,"nft":4,"gas":0.000001,"bal":0.001745,"days":5,"spread":0.16129,"streak":0,"rank_m":367078,"pct_m":0.390283,"gas_method":"estimated"},"2024-09":{"txs":1,"uniq":0,"trade":0,"nft":2,"gas":0,"bal":0.000536,"days":1,"spread":0.033333,"streak":0,"rank_m":489591,"pct_m":0.520541,"gas_method":"estimated"},"2024-10":{"txs":3,"uniq":0,"trade":0,"nft":8,"gas":0,"bal":0.000536,"days":1,"spread":0.032258,"streak":0,"rank_m":510253,"pct_m":0.542509,"gas_method":"estimated"},"2024-11":{"txs":1,"uniq":1,"trade":0,"nft":2,"gas":0.000002,"bal":0.000296,"days":1,"spread":0.033333,"streak":0,"rank_m":503676,"pct_m":0.535516,"gas_method":"exact"},"2024-12":{"txs":9,"uniq":4,"trade":0,"nft":0,"gas":0.000176,"bal":0.004687,"days":1,"spread":0.032258,"streak":0,"rank_m":459356,"pct_m":0.488394,"gas_method":"exact"},"2025-01":{"txs":6,"uniq":3,"trade":0,"nft":0,"gas":0.000156,"bal":0.01138,"days":1,"spread":0.032258,"streak":0,"rank_m":436485,"pct_m":0.464078,"gas_method":"exact"},"2025-02":{"txs":5,"uniq":5,"trade":0,"nft":0,"gas":0.000035,"bal":0.01118,"days":2,"spread":0.071429,"streak":0,"rank_m":360261,"pct_m":0.383035,"gas_method":"exact"},"2025-03":{"txs":4,"uniq":4,"trade":0,"nft":1,"gas":0.000032,"bal":0.404585,"days":2,"spread":0.064516,"streak":0,"rank_m":283613,"pct_m":0.301541,"gas_method":"exact"},"2025-04":{"txs":13,"uniq":5,"trade":0,"nft":0,"gas":0.000078,"bal":0.502932,"days":7,"spread":0.233333,"streak":0,"rank_m":167588,"pct_m":0.178181,"gas_method":"exact"},"2025-05":{"txs":64,"uniq":20,"trade":0,"nft":1,"gas":0.00045,"bal":0.500868,"days":21,"spread":0.677419,"streak":0,"rank_m":32896,"pct_m":0.034975,"gas_method":"estimated"},"2025-06":{"txs":97,"uniq":19,"trade":0,"nft":0,"gas":0.000683,"bal":0.410487,"days":17,"spread":0.566667,"streak":0,"rank_m":33615,"pct_m":0.035739,"gas_method":"estimated"},"2025-07":{"txs":78,"uniq":30,"trade":0,"nft":5,"gas":0.000549,"bal":0.312843,"days":14,"spread":0.451613,"streak":0,"rank_m":32433,"pct_m":0.034482,"gas_method":"estimated"},"2025-08":{"txs":28,"uniq":16,"trade":0,"nft":1,"gas":0.000197,"bal":0.278776,"days":7,"spread":0.225806,"streak":0,"rank_m":75791,"pct_m":0.080581,"gas_method":"estimated"},"2025-09":{"txs":31,"uniq":14,"trade":0,"nft":1,"gas":0.000218,"bal":0.246726,"days":8,"spread":0.266667,"streak":0,"rank_m":69597,"pct_m":0.073996,"gas_method":"estimated"},"2025-10":{"txs":44,"uniq":13,"trade":17,"nft":0,"gas":0.00031,"bal":0.206439,"days":7,"spread":0.225806,"streak":0,"rank_m":31571,"pct_m":0.033566,"gas_method":"estimated"}}}