{"wallet":"0x6d461f57d833a3a37885e0a75df3314866f02f52","rank":496274,"lifetime":{"months_active":10,"first":"2023-07","last":"2025-10","tx_sum":120,"uniq_sum":82,"trade_sum":16,"nft_sum":26,"gas_sum":0.000959,"avg_balance_eth_mean":0.059131,"streak_best_days":2,"gas_sum_filled":0.000959},"months":{"2023-07":{"txs":0,"uniq":0,"trade":0,"nft":0,"gas":0,"bal":0,"days":0,"spread":0,"streak":0,"rank_m":560892,"pct_m":0.596349},"2023-08":{"txs":0,"uniq":0,"trade":0,"nft":0,"gas":0,"bal":0,"days":0,"spread":0,"streak":0,"rank_m":610063,"pct_m":0.648629},"2023-09":{"txs":0,"uniq":0,"trade":0,"nft":0,"gas":0,"bal":0,"days":0,"spread":0,"streak":0,"rank_m":623212,"pct_m":0.662609},"2023-10":{"txs":0,"uniq":0,"trade":0,"nft":0,"gas":0,"bal":0,"days":0,"spread":0,"streak":0,"rank_m":633825,"pct_m":0.673893},"2023-11":{"txs":13,"uniq":5,"trade":0,"nft":1,"gas":0.000099,"bal":0.054065,"days":4,"spread":0.133333,"streak":2,"rank_m":26862,"pct_m":0.028559,"gas_method":"estimated"},"2023-12":{"txs":11,"uniq":7,"trade":2,"nft":2,"gas":0.000048,"bal":0.064725,"days":4,"spread":0.129032,"streak":1,"rank_m":24622,"pct_m":0.026177,"gas_method":"exact"},"2024-01":{"txs":8,"uniq":6,"trade":3,"nft":1,"gas":0.000615,"bal":0.111848,"days":3,"spread":0.096774,"streak":1,"rank_m":32841,"pct_m":0.034916,"gas_method":"exact"},"2024-02":{"txs":11,"uniq":6,"trade":0,"nft":2,"gas":0.000083,"bal":0.109273,"days":4,"spread":0.137931,"streak":2,"rank_m":63193,"pct_m":0.067187,"gas_method":"estimated"},"2024-03":{"txs":8,"uniq":7,"trade":0,"nft":4,"gas":0.00009,"bal":0.107801,"days":5,"spread":0.16129,"streak":1,"rank_m":134733,"pct_m":0.143249,"gas_method":"estimated"},"2024-04":{"txs":10,"uniq":9,"trade":3,"nft":3,"gas":0.000014,"bal":0.129218,"days":4,"spread":0.133333,"streak":1,"rank_m":175234,"pct_m":0.186311,"gas_method":"estimated"},"2024-05":{"txs":16,"uniq":12,"trade":3,"nft":0,"gas":0.000007,"bal":0.128556,"days":4,"spread":0.129032,"streak":1,"rank_m":119662,"pct_m":0.127226,"gas_method":"estimated"},"2024-06":{"txs":13,"uniq":8,"trade":2,"nft":1,"gas":0,"bal":0.105898,"days":4,"spread":0.133333,"streak":1,"rank_m":119867,"pct_m":0.127444,"gas_method":"estimated"},"2024-07":{"txs":16,"uniq":9,"trade":1,"nft":2,"gas":0.000001,"bal":0.088912,"days":4,"spread":0.129032,"streak":1,"rank_m":99816,"pct_m":0.106125,"gas_method":"estimated"},"2024-08":{"txs":14,"uniq":13,"trade":2,"nft":10,"gas":0.000002,"bal":0.050357,"days":5,"spread":0.16129,"streak":2,"rank_m":65416,"pct_m":0.06955,"gas_method":"exact"},"2024-09":{"txs":0,"uniq":0,"trade":0,"nft":0,"gas":0,"bal":0.050357,"days":0,"spread":0,"streak":0,"rank_m":436647,"pct_m":0.46425},"2024-10":{"txs":0,"uniq":0,"trade":0,"nft":0,"gas":0,"bal":0.050357,"days":0,"spread":0,"streak":0,"rank_m":479736,"pct_m":0.510063},"2024-11":{"txs":0,"uniq":0,"trade":0,"nft":0,"gas":0,"bal":0.050357,"days":0,"spread":0,"streak":0,"rank_m":523175,"pct_m":0.556248},"2024-12":{"txs":0,"uniq":0,"trade":0,"nft":0,"gas":0,"bal":0.050357,"days":0,"spread":0,"streak":0,"rank_m":581872,"pct_m":0.618656},"2025-01":{"txs":0,"uniq":0,"trade":0,"nft":0,"gas":0,"bal":0.050357,"days":0,"spread":0,"streak":0,"rank_m":565810,"pct_m":0.601578},"2025-02":{"txs":0,"uniq":0,"trade":0,"nft":0,"gas":0,"bal":0.050357,"days":0,"spread":0,"streak":0,"rank_m":552188,"pct_m":0.587095},"2025-03":{"txs":0,"uniq":0,"trade":0,"nft":0,"gas":0,"bal":0.050357,"days":0,"spread":0,"streak":0,"rank_m":529752,"pct_m":0.563241},"2025-04":{"txs":0,"uniq":0,"trade":0,"nft":0,"gas":0,"bal":0.050357,"days":0,"spread":0,"streak":0,"rank_m":566280,"pct_m":0.602078},"2025-05":{"txs":0,"uniq":0,"trade":0,"nft":0,"gas":0,"bal":0.050357,"days":0,"spread":0,"streak":0,"rank_m":430205,"pct_m":0.457401},"2025-06":{"txs":0,"uniq":0,"trade":0,"nft":0,"gas":0,"bal":0.050357,"days":0,"spread":0,"streak":0,"rank_m":432454,"pct_m":0.459792},"2025-07":{"txs":0,"uniq":0,"trade":0,"nft":0,"gas":0,"bal":0.050357,"days":0,"spread":0,"streak":0,"rank_m":450306,"pct_m":0.478772},"2025-08":{"txs":0,"uniq":0,"trade":0,"nft":0,"gas":0,"bal":0.050357,"days":0,"spread":0,"streak":0,"rank_m":427734,"pct_m":0.454773},"2025-09":{"txs":0,"uniq":0,"trade":0,"nft":0,"gas":0,"bal":0.050357,"days":0,"spread":0,"streak":0,"rank_m":424301,"pct_m":0.451123},"2025-10":{"txs":0,"uniq":0,"trade":0,"nft":0,"gas":0,"bal":0.050357,"days":0,"spread":0,"streak":0,"rank_m":328543,"pct_m":0.349312}}}