{"wallet":"0x6dcb2c6ea35d1e8c7b0e62e7102e3e840a5c62ae","rank":782195,"lifetime":{"months_active":10,"first":"2023-07","last":"2025-10","tx_sum":150,"uniq_sum":55,"trade_sum":0,"nft_sum":32,"gas_sum":0.000074,"avg_balance_eth_mean":0.001674,"streak_best_days":6,"gas_sum_filled":0.000074},"months":{"2023-07":{"txs":0,"uniq":0,"trade":0,"nft":0,"gas":0,"bal":0,"days":0,"spread":0,"streak":0,"rank_m":559106,"pct_m":0.59445},"2023-08":{"txs":0,"uniq":0,"trade":0,"nft":0,"gas":0,"bal":0,"days":0,"spread":0,"streak":0,"rank_m":608503,"pct_m":0.64697},"2023-09":{"txs":0,"uniq":0,"trade":0,"nft":0,"gas":0,"bal":0,"days":0,"spread":0,"streak":0,"rank_m":621703,"pct_m":0.661005},"2023-10":{"txs":0,"uniq":0,"trade":0,"nft":0,"gas":0,"bal":0,"days":0,"spread":0,"streak":0,"rank_m":632374,"pct_m":0.67235},"2023-11":{"txs":3,"uniq":1,"trade":0,"nft":0,"gas":0.000003,"bal":0.003203,"days":1,"spread":0.033333,"streak":1,"rank_m":125646,"pct_m":0.133588,"gas_method":"estimated"},"2023-12":{"txs":0,"uniq":0,"trade":0,"nft":0,"gas":0,"bal":0.003203,"days":0,"spread":0,"streak":0,"rank_m":271028,"pct_m":0.288161},"2024-01":{"txs":0,"uniq":0,"trade":0,"nft":0,"gas":0,"bal":0.003203,"days":0,"spread":0,"streak":0,"rank_m":279508,"pct_m":0.297177},"2024-02":{"txs":1,"uniq":1,"trade":0,"nft":0,"gas":0.000042,"bal":0.003947,"days":1,"spread":0.034483,"streak":1,"rank_m":210928,"pct_m":0.224261,"gas_method":"exact"},"2024-03":{"txs":0,"uniq":0,"trade":0,"nft":0,"gas":0,"bal":0.003947,"days":0,"spread":0,"streak":0,"rank_m":391965,"pct_m":0.416743},"2024-04":{"txs":0,"uniq":0,"trade":0,"nft":0,"gas":0,"bal":0.003947,"days":0,"spread":0,"streak":0,"rank_m":478272,"pct_m":0.508506},"2024-05":{"txs":58,"uniq":14,"trade":0,"nft":4,"gas":0.000004,"bal":0.003163,"days":1,"spread":0.032258,"streak":1,"rank_m":257376,"pct_m":0.273646,"gas_method":"estimated"},"2024-06":{"txs":14,"uniq":5,"trade":0,"nft":3,"gas":0,"bal":0.002637,"days":5,"spread":0.166667,"streak":2,"rank_m":242139,"pct_m":0.257445,"gas_method":"estimated"},"2024-07":{"txs":12,"uniq":4,"trade":0,"nft":2,"gas":0.000004,"bal":0.002615,"days":4,"spread":0.129032,"streak":3,"rank_m":180441,"pct_m":0.191847,"gas_method":"exact"},"2024-08":{"txs":17,"uniq":17,"trade":0,"nft":19,"gas":0,"bal":0.002324,"days":7,"spread":0.225806,"streak":6,"rank_m":151530,"pct_m":0.161108,"gas_method":"estimated"},"2024-09":{"txs":14,"uniq":4,"trade":0,"nft":2,"gas":0,"bal":0.001182,"days":5,"spread":0.166667,"streak":2,"rank_m":244313,"pct_m":0.259757,"gas_method":"estimated"},"2024-10":{"txs":8,"uniq":3,"trade":0,"nft":1,"gas":0,"bal":0.00117,"days":3,"spread":0.096774,"streak":1,"rank_m":387555,"pct_m":0.412054,"gas_method":"estimated"},"2024-11":{"txs":0,"uniq":0,"trade":0,"nft":0,"gas":0,"bal":0.00117,"days":0,"spread":0,"streak":0,"rank_m":624194,"pct_m":0.663653},"2024-12":{"txs":0,"uniq":0,"trade":0,"nft":0,"gas":0,"bal":0.00117,"days":0,"spread":0,"streak":0,"rank_m":668185,"pct_m":0.710425},"2025-01":{"txs":22,"uniq":5,"trade":0,"nft":1,"gas":0.000014,"bal":0.001074,"days":8,"spread":0.258065,"streak":2,"rank_m":288125,"pct_m":0.306339,"gas_method":"exact"},"2025-02":{"txs":0,"uniq":0,"trade":0,"nft":0,"gas":0,"bal":0.001074,"days":0,"spread":0,"streak":0,"rank_m":681918,"pct_m":0.725026},"2025-03":{"txs":0,"uniq":0,"trade":0,"nft":0,"gas":0,"bal":0.001074,"days":0,"spread":0,"streak":0,"rank_m":681980,"pct_m":0.725092},"2025-04":{"txs":0,"uniq":0,"trade":0,"nft":0,"gas":0,"bal":0.001074,"days":0,"spread":0,"streak":0,"rank_m":705155,"pct_m":0.749732},"2025-05":{"txs":0,"uniq":0,"trade":0,"nft":0,"gas":0,"bal":0.001074,"days":0,"spread":0,"streak":0,"rank_m":699457,"pct_m":0.743674},"2025-06":{"txs":0,"uniq":0,"trade":0,"nft":0,"gas":0,"bal":0.001074,"days":0,"spread":0,"streak":0,"rank_m":701939,"pct_m":0.746313},"2025-07":{"txs":0,"uniq":0,"trade":0,"nft":0,"gas":0,"bal":0.001074,"days":0,"spread":0,"streak":0,"rank_m":718084,"pct_m":0.763479},"2025-08":{"txs":1,"uniq":1,"trade":0,"nft":0,"gas":0.000007,"bal":0.000826,"days":1,"spread":0.032258,"streak":1,"rank_m":542972,"pct_m":0.577296,"gas_method":"estimated"},"2025-09":{"txs":0,"uniq":0,"trade":0,"nft":0,"gas":0,"bal":0.000826,"days":0,"spread":0,"streak":0,"rank_m":705462,"pct_m":0.750059},"2025-10":{"txs":0,"uniq":0,"trade":0,"nft":0,"gas":0,"bal":0.000826,"days":0,"spread":0,"streak":0,"rank_m":638468,"pct_m":0.67883}}}