{"wallet":"0x6d7cd57ed0f4dcc99ac5c07ea4721327a4c88b07","rank":57010,"lifetime":{"months_active":26,"first":"2023-07","last":"2025-10","tx_sum":611,"uniq_sum":305,"trade_sum":5,"nft_sum":149,"gas_sum":0.008961,"avg_balance_eth_mean":0.003172,"streak_best_days":18,"gas_sum_filled":0.008961},"months":{"2023-07":{"txs":18,"uniq":16,"trade":0,"nft":0,"gas":0.001205,"bal":0.008212,"days":2,"spread":0.064516,"streak":2,"rank_m":5564,"pct_m":0.005915,"gas_method":"exact"},"2023-08":{"txs":48,"uniq":50,"trade":0,"nft":30,"gas":0.003375,"bal":0.009433,"days":19,"spread":0.612903,"streak":7,"rank_m":10936,"pct_m":0.011626,"gas_method":"exact"},"2023-09":{"txs":76,"uniq":49,"trade":0,"nft":39,"gas":0.000837,"bal":0.010472,"days":28,"spread":0.933333,"streak":18,"rank_m":3686,"pct_m":0.003918,"gas_method":"exact"},"2023-10":{"txs":48,"uniq":29,"trade":0,"nft":27,"gas":0.000154,"bal":0.00382,"days":24,"spread":0.774194,"streak":10,"rank_m":8505,"pct_m":0.009042,"gas_method":"exact"},"2023-11":{"txs":32,"uniq":14,"trade":0,"nft":25,"gas":0.000433,"bal":0.00294,"days":16,"spread":0.533333,"streak":4,"rank_m":11411,"pct_m":0.012131,"gas_method":"exact"},"2023-12":{"txs":9,"uniq":9,"trade":0,"nft":5,"gas":0.000433,"bal":0.001248,"days":2,"spread":0.064516,"streak":1,"rank_m":63048,"pct_m":0.067033,"gas_method":"exact"},"2024-01":{"txs":0,"uniq":0,"trade":0,"nft":0,"gas":0,"bal":0.001248,"days":0,"spread":0,"streak":0,"rank_m":306923,"pct_m":0.326325},"2024-02":{"txs":0,"uniq":0,"trade":0,"nft":0,"gas":0,"bal":0.001248,"days":0,"spread":0,"streak":0,"rank_m":356060,"pct_m":0.378568},"2024-03":{"txs":9,"uniq":3,"trade":0,"nft":0,"gas":0.000257,"bal":0.000658,"days":3,"spread":0.096774,"streak":1,"rank_m":309079,"pct_m":0.328617,"gas_method":"estimated"},"2024-04":{"txs":4,"uniq":3,"trade":0,"nft":3,"gas":0.000014,"bal":0.000537,"days":3,"spread":0.1,"streak":1,"rank_m":399397,"pct_m":0.424645,"gas_method":"estimated"},"2024-05":{"txs":3,"uniq":2,"trade":2,"nft":2,"gas":0.000004,"bal":0.000586,"days":2,"spread":0.064516,"streak":1,"rank_m":398284,"pct_m":0.423462,"gas_method":"estimated"},"2024-06":{"txs":10,"uniq":7,"trade":0,"nft":2,"gas":0,"bal":0.000545,"days":5,"spread":0.166667,"streak":1,"rank_m":339870,"pct_m":0.361355,"gas_method":"estimated"},"2024-07":{"txs":2,"uniq":2,"trade":0,"nft":3,"gas":0,"bal":0.000388,"days":2,"spread":0.064516,"streak":1,"rank_m":426225,"pct_m":0.453169,"gas_method":"estimated"},"2024-08":{"txs":2,"uniq":2,"trade":0,"nft":3,"gas":0,"bal":0.000347,"days":2,"spread":0.064516,"streak":1,"rank_m":444752,"pct_m":0.472867,"gas_method":"estimated"},"2024-09":{"txs":1,"uniq":1,"trade":0,"nft":1,"gas":0,"bal":0.000255,"days":1,"spread":0.033333,"streak":1,"rank_m":453839,"pct_m":0.482529,"gas_method":"estimated"},"2024-10":{"txs":46,"uniq":40,"trade":0,"nft":5,"gas":0.000004,"bal":0.000756,"days":7,"spread":0.225806,"streak":2,"rank_m":189780,"pct_m":0.201776,"gas_method":"estimated"},"2024-11":{"txs":3,"uniq":2,"trade":0,"nft":0,"gas":0.000005,"bal":0.001515,"days":2,"spread":0.066667,"streak":1,"rank_m":442665,"pct_m":0.470648,"gas_method":"exact"},"2024-12":{"txs":6,"uniq":3,"trade":0,"nft":0,"gas":0.000066,"bal":0.000673,"days":3,"spread":0.096774,"streak":1,"rank_m":481583,"pct_m":0.512027,"gas_method":"exact"},"2025-01":{"txs":7,"uniq":5,"trade":0,"nft":0,"gas":0.000182,"bal":0.000195,"days":4,"spread":0.129032,"streak":2,"rank_m":393299,"pct_m":0.418161,"gas_method":"exact"},"2025-02":{"txs":9,"uniq":8,"trade":0,"nft":0,"gas":0.000063,"bal":0.001176,"days":5,"spread":0.178571,"streak":2,"rank_m":238259,"pct_m":0.25332,"gas_method":"exact"},"2025-03":{"txs":4,"uniq":4,"trade":1,"nft":0,"gas":0.000032,"bal":0.002159,"days":3,"spread":0.096774,"streak":1,"rank_m":297569,"pct_m":0.31638,"gas_method":"exact"},"2025-04":{"txs":12,"uniq":9,"trade":0,"nft":0,"gas":0.000054,"bal":0.004614,"days":6,"spread":0.2,"streak":3,"rank_m":149000,"pct_m":0.158418,"gas_method":"exact"},"2025-05":{"txs":10,"uniq":4,"trade":0,"nft":0,"gas":0.00007,"bal":0.001486,"days":5,"spread":0.16129,"streak":2,"rank_m":294418,"pct_m":0.313029,"gas_method":"estimated"},"2025-06":{"txs":50,"uniq":11,"trade":2,"nft":0,"gas":0.000352,"bal":0.001942,"days":10,"spread":0.333333,"streak":3,"rank_m":159894,"pct_m":0.170001,"gas_method":"estimated"},"2025-07":{"txs":62,"uniq":9,"trade":0,"nft":2,"gas":0.000436,"bal":0.010572,"days":14,"spread":0.451613,"streak":2,"rank_m":61742,"pct_m":0.065644,"gas_method":"estimated"},"2025-08":{"txs":40,"uniq":7,"trade":0,"nft":0,"gas":0.000282,"bal":0.008953,"days":10,"spread":0.322581,"streak":2,"rank_m":132961,"pct_m":0.141365,"gas_method":"estimated"},"2025-09":{"txs":65,"uniq":14,"trade":0,"nft":1,"gas":0.000457,"bal":0.006984,"days":15,"spread":0.5,"streak":5,"rank_m":45876,"pct_m":0.048775,"gas_method":"estimated"},"2025-10":{"txs":35,"uniq":2,"trade":0,"nft":1,"gas":0.000246,"bal":0.00585,"days":6,"spread":0.193548,"streak":1,"rank_m":109419,"pct_m":0.116335,"gas_method":"estimated"}}}