{"wallet":"0x6d22e83e75c82f67d5585acef82d863254b20dde","rank":360520,"lifetime":{"months_active":9,"first":"2023-07","last":"2025-10","tx_sum":799,"uniq_sum":102,"trade_sum":4,"nft_sum":14,"gas_sum":0.006668,"avg_balance_eth_mean":0.000745,"streak_best_days":9,"gas_sum_filled":0.006668},"months":{"2023-07":{"txs":0,"uniq":0,"trade":0,"nft":0,"gas":0,"bal":0,"days":0,"spread":0,"streak":0,"rank_m":561365,"pct_m":0.596852},"2023-08":{"txs":2,"uniq":2,"trade":0,"nft":0,"gas":0.00019,"bal":0.000106,"days":1,"spread":0.032258,"streak":1,"rank_m":151320,"pct_m":0.160885,"gas_method":"exact"},"2023-09":{"txs":0,"uniq":0,"trade":0,"nft":0,"gas":0,"bal":0.000106,"days":0,"spread":0,"streak":0,"rank_m":294080,"pct_m":0.31267},"2023-10":{"txs":0,"uniq":0,"trade":0,"nft":0,"gas":0,"bal":0.000106,"days":0,"spread":0,"streak":0,"rank_m":310990,"pct_m":0.330649},"2023-11":{"txs":0,"uniq":0,"trade":0,"nft":0,"gas":0,"bal":0.000106,"days":0,"spread":0,"streak":0,"rank_m":325032,"pct_m":0.345579},"2023-12":{"txs":0,"uniq":0,"trade":0,"nft":0,"gas":0,"bal":0.000106,"days":0,"spread":0,"streak":0,"rank_m":347718,"pct_m":0.369699},"2024-01":{"txs":0,"uniq":0,"trade":0,"nft":0,"gas":0,"bal":0.000106,"days":0,"spread":0,"streak":0,"rank_m":364276,"pct_m":0.387304},"2024-02":{"txs":0,"uniq":0,"trade":0,"nft":0,"gas":0,"bal":0.000106,"days":0,"spread":0,"streak":0,"rank_m":411361,"pct_m":0.437365},"2024-03":{"txs":17,"uniq":6,"trade":0,"nft":2,"gas":0.001144,"bal":0.000264,"days":1,"spread":0.032258,"streak":1,"rank_m":297156,"pct_m":0.315941,"gas_method":"estimated"},"2024-04":{"txs":86,"uniq":30,"trade":2,"nft":4,"gas":0.000714,"bal":0.001077,"days":16,"spread":0.533333,"streak":9,"rank_m":106345,"pct_m":0.113067,"gas_method":"estimated"},"2024-05":{"txs":76,"uniq":24,"trade":2,"nft":3,"gas":0.000064,"bal":0.009703,"days":17,"spread":0.548387,"streak":6,"rank_m":19830,"pct_m":0.021083,"gas_method":"exact"},"2024-06":{"txs":13,"uniq":9,"trade":0,"nft":0,"gas":0.000001,"bal":0.003281,"days":2,"spread":0.066667,"streak":1,"rank_m":331332,"pct_m":0.352277,"gas_method":"estimated"},"2024-07":{"txs":0,"uniq":0,"trade":0,"nft":0,"gas":0,"bal":0.003281,"days":0,"spread":0,"streak":0,"rank_m":541650,"pct_m":0.575891},"2024-08":{"txs":1,"uniq":1,"trade":0,"nft":2,"gas":0,"bal":0.000098,"days":1,"spread":0.032258,"streak":1,"rank_m":493680,"pct_m":0.524888,"gas_method":"estimated"},"2024-09":{"txs":0,"uniq":0,"trade":0,"nft":0,"gas":0,"bal":0.000098,"days":0,"spread":0,"streak":0,"rank_m":669676,"pct_m":0.71201},"2024-10":{"txs":0,"uniq":0,"trade":0,"nft":0,"gas":0,"bal":0.000098,"days":0,"spread":0,"streak":0,"rank_m":694780,"pct_m":0.738701},"2024-11":{"txs":0,"uniq":0,"trade":0,"nft":0,"gas":0,"bal":0.000098,"days":0,"spread":0,"streak":0,"rank_m":710712,"pct_m":0.755641},"2024-12":{"txs":0,"uniq":0,"trade":0,"nft":0,"gas":0,"bal":0.000098,"days":0,"spread":0,"streak":0,"rank_m":736502,"pct_m":0.783061},"2025-01":{"txs":16,"uniq":8,"trade":0,"nft":0,"gas":0.000416,"bal":0.00039,"days":6,"spread":0.193548,"streak":4,"rank_m":267027,"pct_m":0.283907,"gas_method":"exact"},"2025-02":{"txs":0,"uniq":0,"trade":0,"nft":0,"gas":0,"bal":0.00039,"days":0,"spread":0,"streak":0,"rank_m":724850,"pct_m":0.770672},"2025-03":{"txs":0,"uniq":0,"trade":0,"nft":0,"gas":0,"bal":0.00039,"days":0,"spread":0,"streak":0,"rank_m":734968,"pct_m":0.78143},"2025-04":{"txs":0,"uniq":0,"trade":0,"nft":0,"gas":0,"bal":0.00039,"days":0,"spread":0,"streak":0,"rank_m":757626,"pct_m":0.80552},"2025-05":{"txs":229,"uniq":14,"trade":0,"nft":1,"gas":0.001612,"bal":0.000056,"days":9,"spread":0.290323,"streak":8,"rank_m":240598,"pct_m":0.255807,"gas_method":"estimated"},"2025-06":{"txs":359,"uniq":8,"trade":0,"nft":2,"gas":0.002527,"bal":0.000083,"days":9,"spread":0.3,"streak":5,"rank_m":291445,"pct_m":0.309868,"gas_method":"estimated"},"2025-07":{"txs":0,"uniq":0,"trade":0,"nft":0,"gas":0,"bal":0.000083,"days":0,"spread":0,"streak":0,"rank_m":858167,"pct_m":0.912417},"2025-08":{"txs":0,"uniq":0,"trade":0,"nft":0,"gas":0,"bal":0.000083,"days":0,"spread":0,"streak":0,"rank_m":855809,"pct_m":0.90991},"2025-09":{"txs":0,"uniq":0,"trade":0,"nft":0,"gas":0,"bal":0.000083,"days":0,"spread":0,"streak":0,"rank_m":851751,"pct_m":0.905596},"2025-10":{"txs":0,"uniq":0,"trade":0,"nft":0,"gas":0,"bal":0.000083,"days":0,"spread":0,"streak":0,"rank_m":822333,"pct_m":0.874318}}}