{"wallet":"0x6d2a93054105a19fac105136f98f9a54b6039e93","rank":460882,"lifetime":{"months_active":14,"first":"2023-07","last":"2025-10","tx_sum":164,"uniq_sum":73,"trade_sum":3,"nft_sum":34,"gas_sum":0.00267,"avg_balance_eth_mean":0.006929,"streak_best_days":3,"gas_sum_filled":0.00267},"months":{"2023-07":{"txs":0,"uniq":0,"trade":0,"nft":0,"gas":0,"bal":0,"days":0,"spread":0,"streak":0,"rank_m":561242,"pct_m":0.596721},"2023-08":{"txs":4,"uniq":2,"trade":1,"nft":2,"gas":0.000201,"bal":0.000177,"days":2,"spread":0.064516,"streak":2,"rank_m":112738,"pct_m":0.119864,"gas_method":"exact"},"2023-09":{"txs":10,"uniq":2,"trade":0,"nft":1,"gas":0.000701,"bal":0.000926,"days":2,"spread":0.066667,"streak":1,"rank_m":110029,"pct_m":0.116984,"gas_method":"estimated"},"2023-10":{"txs":0,"uniq":0,"trade":0,"nft":0,"gas":0,"bal":0.000926,"days":0,"spread":0,"streak":0,"rank_m":279872,"pct_m":0.297564},"2023-11":{"txs":74,"uniq":31,"trade":2,"nft":17,"gas":0.000728,"bal":0.003562,"days":6,"spread":0.2,"streak":2,"rank_m":11013,"pct_m":0.011708,"gas_method":"exact"},"2023-12":{"txs":34,"uniq":7,"trade":0,"nft":3,"gas":0.000456,"bal":0.008971,"days":5,"spread":0.16129,"streak":3,"rank_m":14119,"pct_m":0.015011,"gas_method":"exact"},"2024-01":{"txs":7,"uniq":3,"trade":0,"nft":2,"gas":0.000184,"bal":0.011855,"days":4,"spread":0.129032,"streak":1,"rank_m":59815,"pct_m":0.063595,"gas_method":"exact"},"2024-02":{"txs":6,"uniq":5,"trade":0,"nft":2,"gas":0.000087,"bal":0.012155,"days":4,"spread":0.137931,"streak":1,"rank_m":98908,"pct_m":0.10516,"gas_method":"exact"},"2024-03":{"txs":3,"uniq":3,"trade":0,"nft":2,"gas":0.000142,"bal":0.011096,"days":2,"spread":0.064516,"streak":1,"rank_m":232864,"pct_m":0.247584,"gas_method":"estimated"},"2024-04":{"txs":1,"uniq":1,"trade":0,"nft":1,"gas":0.000006,"bal":0.009919,"days":1,"spread":0.033333,"streak":1,"rank_m":374812,"pct_m":0.398506,"gas_method":"estimated"},"2024-05":{"txs":1,"uniq":1,"trade":0,"nft":2,"gas":0.000002,"bal":0.009856,"days":1,"spread":0.032258,"streak":1,"rank_m":374064,"pct_m":0.39771,"gas_method":"estimated"},"2024-06":{"txs":2,"uniq":2,"trade":0,"nft":1,"gas":0,"bal":0.009522,"days":1,"spread":0.033333,"streak":1,"rank_m":366385,"pct_m":0.389546,"gas_method":"estimated"},"2024-07":{"txs":0,"uniq":0,"trade":0,"nft":0,"gas":0,"bal":0.009522,"days":0,"spread":0,"streak":0,"rank_m":508131,"pct_m":0.540253},"2024-08":{"txs":0,"uniq":0,"trade":0,"nft":0,"gas":0,"bal":0.009522,"days":0,"spread":0,"streak":0,"rank_m":517940,"pct_m":0.550682},"2024-09":{"txs":3,"uniq":2,"trade":0,"nft":1,"gas":0,"bal":0.00827,"days":1,"spread":0.033333,"streak":1,"rank_m":306739,"pct_m":0.326129,"gas_method":"estimated"},"2024-10":{"txs":0,"uniq":0,"trade":0,"nft":0,"gas":0,"bal":0.00827,"days":0,"spread":0,"streak":0,"rank_m":540965,"pct_m":0.575163},"2024-11":{"txs":0,"uniq":0,"trade":0,"nft":0,"gas":0,"bal":0.00827,"days":0,"spread":0,"streak":0,"rank_m":561737,"pct_m":0.597248},"2024-12":{"txs":2,"uniq":2,"trade":0,"nft":0,"gas":0.000044,"bal":0.008255,"days":2,"spread":0.064516,"streak":1,"rank_m":470089,"pct_m":0.499806,"gas_method":"exact"},"2025-01":{"txs":0,"uniq":0,"trade":0,"nft":0,"gas":0,"bal":0.008255,"days":0,"spread":0,"streak":0,"rank_m":604314,"pct_m":0.642516},"2025-02":{"txs":0,"uniq":0,"trade":0,"nft":0,"gas":0,"bal":0.008255,"days":0,"spread":0,"streak":0,"rank_m":607045,"pct_m":0.64542},"2025-03":{"txs":0,"uniq":0,"trade":0,"nft":0,"gas":0,"bal":0.008255,"days":0,"spread":0,"streak":0,"rank_m":590922,"pct_m":0.628278},"2025-04":{"txs":0,"uniq":0,"trade":0,"nft":0,"gas":0,"bal":0.008255,"days":0,"spread":0,"streak":0,"rank_m":623223,"pct_m":0.662621},"2025-05":{"txs":0,"uniq":0,"trade":0,"nft":0,"gas":0,"bal":0.008255,"days":0,"spread":0,"streak":0,"rank_m":551589,"pct_m":0.586458},"2025-06":{"txs":0,"uniq":0,"trade":0,"nft":0,"gas":0,"bal":0.008255,"days":0,"spread":0,"streak":0,"rank_m":551120,"pct_m":0.58596},"2025-07":{"txs":7,"uniq":4,"trade":0,"nft":0,"gas":0.000049,"bal":0.006588,"days":1,"spread":0.032258,"streak":1,"rank_m":358791,"pct_m":0.381472,"gas_method":"estimated"},"2025-08":{"txs":0,"uniq":0,"trade":0,"nft":0,"gas":0,"bal":0.006588,"days":0,"spread":0,"streak":0,"rank_m":567433,"pct_m":0.603304},"2025-09":{"txs":10,"uniq":8,"trade":0,"nft":0,"gas":0.00007,"bal":0.000112,"days":1,"spread":0.033333,"streak":1,"rank_m":550973,"pct_m":0.585803,"gas_method":"estimated"},"2025-10":{"txs":0,"uniq":0,"trade":0,"nft":0,"gas":0,"bal":0.000112,"days":0,"spread":0,"streak":0,"rank_m":810477,"pct_m":0.861713}}}