{"wallet":"0x6db2b6a9da2f921ec1d1e2d1ff18e66ac26750fc","rank":301795,"lifetime":{"months_active":14,"first":"2023-07","last":"2025-10","tx_sum":198,"uniq_sum":109,"trade_sum":1,"nft_sum":69,"gas_sum":0.003427,"avg_balance_eth_mean":0.002171,"streak_best_days":20,"gas_sum_filled":0.003427},"months":{"2023-07":{"txs":0,"uniq":0,"trade":0,"nft":0,"gas":0,"bal":0,"days":0,"spread":0,"streak":0,"rank_m":559439,"pct_m":0.594804},"2023-08":{"txs":25,"uniq":18,"trade":0,"nft":9,"gas":0.001748,"bal":0.001031,"days":10,"spread":0.322581,"streak":3,"rank_m":48144,"pct_m":0.051186,"gas_method":"exact"},"2023-09":{"txs":0,"uniq":0,"trade":0,"nft":0,"gas":0,"bal":0.001031,"days":0,"spread":0,"streak":0,"rank_m":269736,"pct_m":0.286787},"2023-10":{"txs":0,"uniq":0,"trade":0,"nft":0,"gas":0,"bal":0.001031,"days":0,"spread":0,"streak":0,"rank_m":276728,"pct_m":0.294221},"2023-11":{"txs":5,"uniq":2,"trade":0,"nft":2,"gas":0.000145,"bal":0.00077,"days":2,"spread":0.066667,"streak":1,"rank_m":112331,"pct_m":0.119431,"gas_method":"estimated"},"2023-12":{"txs":3,"uniq":3,"trade":0,"nft":3,"gas":0.000366,"bal":0.000107,"days":2,"spread":0.064516,"streak":2,"rank_m":93083,"pct_m":0.098966,"gas_method":"exact"},"2024-01":{"txs":5,"uniq":3,"trade":0,"nft":4,"gas":0.000253,"bal":0.00111,"days":2,"spread":0.064516,"streak":1,"rank_m":123310,"pct_m":0.131104,"gas_method":"estimated"},"2024-02":{"txs":10,"uniq":8,"trade":0,"nft":5,"gas":0.000299,"bal":0.001622,"days":6,"spread":0.206897,"streak":2,"rank_m":73886,"pct_m":0.078556,"gas_method":"exact"},"2024-03":{"txs":8,"uniq":6,"trade":0,"nft":3,"gas":0.000343,"bal":0.001434,"days":4,"spread":0.129032,"streak":3,"rank_m":209335,"pct_m":0.222568,"gas_method":"estimated"},"2024-04":{"txs":20,"uniq":15,"trade":0,"nft":6,"gas":0.000106,"bal":0.001745,"days":9,"spread":0.3,"streak":2,"rank_m":225060,"pct_m":0.239287,"gas_method":"estimated"},"2024-05":{"txs":25,"uniq":14,"trade":0,"nft":15,"gas":0.000044,"bal":0.002128,"days":11,"spread":0.354839,"streak":3,"rank_m":154870,"pct_m":0.164659,"gas_method":"estimated"},"2024-06":{"txs":71,"uniq":21,"trade":0,"nft":15,"gas":0.000001,"bal":0.004875,"days":28,"spread":0.933333,"streak":18,"rank_m":26288,"pct_m":0.027949,"gas_method":"exact"},"2024-07":{"txs":10,"uniq":6,"trade":0,"nft":6,"gas":0.000002,"bal":0.00177,"days":8,"spread":0.258065,"streak":2,"rank_m":159242,"pct_m":0.169308,"gas_method":"exact"},"2024-08":{"txs":0,"uniq":0,"trade":0,"nft":0,"gas":0,"bal":0.00177,"days":0,"spread":0,"streak":0,"rank_m":571124,"pct_m":0.607228},"2024-09":{"txs":0,"uniq":0,"trade":0,"nft":0,"gas":0,"bal":0.00177,"days":0,"spread":0,"streak":0,"rank_m":557776,"pct_m":0.593036},"2024-10":{"txs":3,"uniq":3,"trade":0,"nft":1,"gas":0,"bal":0.002909,"days":2,"spread":0.064516,"streak":1,"rank_m":384827,"pct_m":0.409154,"gas_method":"estimated"},"2024-11":{"txs":2,"uniq":2,"trade":0,"nft":0,"gas":0.000005,"bal":0.003482,"days":2,"spread":0.066667,"streak":1,"rank_m":429030,"pct_m":0.456151,"gas_method":"exact"},"2024-12":{"txs":4,"uniq":3,"trade":0,"nft":0,"gas":0.000066,"bal":0.003229,"days":3,"spread":0.096774,"streak":2,"rank_m":424231,"pct_m":0.451049,"gas_method":"exact"},"2025-01":{"txs":0,"uniq":0,"trade":0,"nft":0,"gas":0,"bal":0.003229,"days":0,"spread":0,"streak":0,"rank_m":630657,"pct_m":0.670525},"2025-02":{"txs":0,"uniq":0,"trade":0,"nft":0,"gas":0,"bal":0.003229,"days":0,"spread":0,"streak":0,"rank_m":641789,"pct_m":0.68236},"2025-03":{"txs":0,"uniq":0,"trade":0,"nft":0,"gas":0,"bal":0.003229,"days":0,"spread":0,"streak":0,"rank_m":631445,"pct_m":0.671363},"2025-04":{"txs":0,"uniq":0,"trade":0,"nft":0,"gas":0,"bal":0.003229,"days":0,"spread":0,"streak":0,"rank_m":660060,"pct_m":0.701787},"2025-05":{"txs":0,"uniq":0,"trade":0,"nft":0,"gas":0,"bal":0.003229,"days":0,"spread":0,"streak":0,"rank_m":623615,"pct_m":0.663038},"2025-06":{"txs":0,"uniq":0,"trade":0,"nft":0,"gas":0,"bal":0.003229,"days":0,"spread":0,"streak":0,"rank_m":626783,"pct_m":0.666406},"2025-07":{"txs":7,"uniq":5,"trade":1,"nft":0,"gas":0.000049,"bal":0.002401,"days":1,"spread":0.032258,"streak":1,"rank_m":353544,"pct_m":0.375893,"gas_method":"estimated"},"2025-08":{"txs":0,"uniq":0,"trade":0,"nft":0,"gas":0,"bal":0.002401,"days":0,"spread":0,"streak":0,"rank_m":646694,"pct_m":0.687576},"2025-09":{"txs":0,"uniq":0,"trade":0,"nft":0,"gas":0,"bal":0.002401,"days":0,"spread":0,"streak":0,"rank_m":632659,"pct_m":0.672653},"2025-10":{"txs":0,"uniq":0,"trade":0,"nft":0,"gas":0,"bal":0.002401,"days":0,"spread":0,"streak":0,"rank_m":560127,"pct_m":0.595536}}}