{"wallet":"0x6ddf9a609c32dbcd03f21beedd068816db4cb063","rank":9724,"lifetime":{"months_active":26,"first":"2023-07","last":"2025-10","tx_sum":1007,"uniq_sum":566,"trade_sum":26,"nft_sum":259,"gas_sum":0.0103,"avg_balance_eth_mean":0.022736,"streak_best_days":26,"gas_sum_filled":0.0103},"months":{"2023-07":{"txs":0,"uniq":0,"trade":0,"nft":0,"gas":0,"bal":0,"days":0,"spread":0,"streak":0,"rank_m":558775,"pct_m":0.594099},"2023-08":{"txs":49,"uniq":34,"trade":0,"nft":31,"gas":0.003921,"bal":0.051113,"days":15,"spread":0.483871,"streak":4,"rank_m":10165,"pct_m":0.010807,"gas_method":"exact"},"2023-09":{"txs":24,"uniq":15,"trade":0,"nft":8,"gas":0.000536,"bal":0.048697,"days":10,"spread":0.333333,"streak":3,"rank_m":10748,"pct_m":0.011426,"gas_method":"exact"},"2023-10":{"txs":9,"uniq":9,"trade":0,"nft":3,"gas":0.000023,"bal":0.033211,"days":6,"spread":0.193548,"streak":3,"rank_m":22806,"pct_m":0.024247,"gas_method":"exact"},"2023-11":{"txs":28,"uniq":12,"trade":0,"nft":4,"gas":0.00063,"bal":0.018062,"days":12,"spread":0.4,"streak":5,"rank_m":4908,"pct_m":0.005217,"gas_method":"exact"},"2023-12":{"txs":36,"uniq":21,"trade":0,"nft":17,"gas":0.00074,"bal":0.027569,"days":11,"spread":0.354839,"streak":3,"rank_m":5917,"pct_m":0.00629,"gas_method":"estimated"},"2024-01":{"txs":16,"uniq":10,"trade":0,"nft":3,"gas":0.000069,"bal":0.038008,"days":7,"spread":0.225806,"streak":1,"rank_m":30323,"pct_m":0.032239,"gas_method":"exact"},"2024-02":{"txs":40,"uniq":21,"trade":2,"nft":9,"gas":0.000325,"bal":0.026078,"days":13,"spread":0.448276,"streak":5,"rank_m":5166,"pct_m":0.005492,"gas_method":"exact"},"2024-03":{"txs":73,"uniq":27,"trade":3,"nft":12,"gas":0.001183,"bal":0.015555,"days":19,"spread":0.612903,"streak":7,"rank_m":16215,"pct_m":0.017239,"gas_method":"estimated"},"2024-04":{"txs":59,"uniq":25,"trade":0,"nft":15,"gas":0.000118,"bal":0.006218,"days":15,"spread":0.5,"streak":5,"rank_m":81571,"pct_m":0.086727,"gas_method":"estimated"},"2024-05":{"txs":53,"uniq":30,"trade":2,"nft":18,"gas":0.000101,"bal":0.030275,"days":14,"spread":0.451613,"streak":4,"rank_m":13745,"pct_m":0.014613,"gas_method":"exact"},"2024-06":{"txs":109,"uniq":40,"trade":1,"nft":24,"gas":0.000003,"bal":0.03366,"days":28,"spread":0.933333,"streak":26,"rank_m":3087,"pct_m":0.003281,"gas_method":"exact"},"2024-07":{"txs":49,"uniq":29,"trade":1,"nft":21,"gas":0.000005,"bal":0.013032,"days":18,"spread":0.580645,"streak":11,"rank_m":19133,"pct_m":0.020341,"gas_method":"estimated"},"2024-08":{"txs":92,"uniq":58,"trade":1,"nft":54,"gas":0.000007,"bal":0.00946,"days":18,"spread":0.580645,"streak":11,"rank_m":18544,"pct_m":0.019715,"gas_method":"estimated"},"2024-09":{"txs":39,"uniq":27,"trade":1,"nft":21,"gas":0.000002,"bal":0.019868,"days":11,"spread":0.366667,"streak":3,"rank_m":10922,"pct_m":0.011611,"gas_method":"exact"},"2024-10":{"txs":66,"uniq":39,"trade":0,"nft":13,"gas":0.000004,"bal":0.021756,"days":11,"spread":0.354839,"streak":2,"rank_m":38587,"pct_m":0.041025,"gas_method":"estimated"},"2024-11":{"txs":43,"uniq":24,"trade":8,"nft":1,"gas":0.000099,"bal":0.018931,"days":8,"spread":0.266667,"streak":2,"rank_m":46878,"pct_m":0.04984,"gas_method":"exact"},"2024-12":{"txs":18,"uniq":13,"trade":1,"nft":0,"gas":0.000397,"bal":0.017712,"days":6,"spread":0.193548,"streak":2,"rank_m":137901,"pct_m":0.146618,"gas_method":"exact"},"2025-01":{"txs":37,"uniq":26,"trade":2,"nft":0,"gas":0.000961,"bal":0.05891,"days":10,"spread":0.322581,"streak":2,"rank_m":40683,"pct_m":0.043254,"gas_method":"exact"},"2025-02":{"txs":9,"uniq":6,"trade":0,"nft":0,"gas":0.000056,"bal":0.049091,"days":4,"spread":0.142857,"streak":1,"rank_m":197306,"pct_m":0.209778,"gas_method":"exact"},"2025-03":{"txs":43,"uniq":24,"trade":3,"nft":2,"gas":0.00034,"bal":0.005409,"days":10,"spread":0.322581,"streak":2,"rank_m":51252,"pct_m":0.054491,"gas_method":"exact"},"2025-04":{"txs":30,"uniq":22,"trade":0,"nft":1,"gas":0.000181,"bal":0.013684,"days":12,"spread":0.4,"streak":2,"rank_m":31808,"pct_m":0.033818,"gas_method":"exact"},"2025-05":{"txs":21,"uniq":10,"trade":0,"nft":0,"gas":0.000148,"bal":0.003356,"days":7,"spread":0.225806,"streak":2,"rank_m":165717,"pct_m":0.176192,"gas_method":"estimated"},"2025-06":{"txs":15,"uniq":12,"trade":1,"nft":0,"gas":0.000106,"bal":0.003353,"days":2,"spread":0.066667,"streak":1,"rank_m":256753,"pct_m":0.272983,"gas_method":"estimated"},"2025-07":{"txs":11,"uniq":7,"trade":0,"nft":0,"gas":0.000077,"bal":0.01106,"days":6,"spread":0.193548,"streak":2,"rank_m":195030,"pct_m":0.207358,"gas_method":"estimated"},"2025-08":{"txs":15,"uniq":13,"trade":0,"nft":2,"gas":0.000106,"bal":0.009825,"days":6,"spread":0.193548,"streak":2,"rank_m":106731,"pct_m":0.113477,"gas_method":"estimated"},"2025-09":{"txs":23,"uniq":12,"trade":0,"nft":0,"gas":0.000162,"bal":0.026361,"days":6,"spread":0.2,"streak":2,"rank_m":76217,"pct_m":0.081034,"gas_method":"estimated"},"2025-10":{"txs":0,"uniq":0,"trade":0,"nft":0,"gas":0,"bal":0.026361,"days":0,"spread":0,"streak":0,"rank_m":357796,"pct_m":0.380414}}}