{"wallet":"0x6d5593d3d15dd7d2b647c5699edc8b631a5210c0","rank":58254,"lifetime":{"months_active":25,"first":"2023-07","last":"2025-10","tx_sum":401,"uniq_sum":178,"trade_sum":21,"nft_sum":45,"gas_sum":0.022879,"avg_balance_eth_mean":0.053559,"streak_best_days":3,"gas_sum_filled":0.022879},"months":{"2023-07":{"txs":19,"uniq":6,"trade":0,"nft":2,"gas":0.015823,"bal":0.002363,"days":4,"spread":0.129032,"streak":2,"rank_m":974,"pct_m":0.001035,"gas_method":"exact"},"2023-08":{"txs":11,"uniq":15,"trade":0,"nft":7,"gas":0.001825,"bal":0.014263,"days":7,"spread":0.225806,"streak":3,"rank_m":44810,"pct_m":0.047642,"gas_method":"exact"},"2023-09":{"txs":2,"uniq":2,"trade":0,"nft":0,"gas":0.000072,"bal":0.003803,"days":2,"spread":0.066667,"streak":1,"rank_m":102093,"pct_m":0.108546,"gas_method":"exact"},"2023-10":{"txs":6,"uniq":5,"trade":2,"nft":1,"gas":0.000222,"bal":0.004742,"days":2,"spread":0.064516,"streak":1,"rank_m":49569,"pct_m":0.052702,"gas_method":"exact"},"2023-11":{"txs":4,"uniq":3,"trade":0,"nft":0,"gas":0.000152,"bal":0.004338,"days":2,"spread":0.066667,"streak":1,"rank_m":75884,"pct_m":0.08068,"gas_method":"exact"},"2023-12":{"txs":1,"uniq":1,"trade":0,"nft":0,"gas":0.000102,"bal":0.001021,"days":1,"spread":0.032258,"streak":1,"rank_m":178105,"pct_m":0.189363,"gas_method":"estimated"},"2024-01":{"txs":0,"uniq":0,"trade":0,"nft":0,"gas":0,"bal":0.001021,"days":0,"spread":0,"streak":0,"rank_m":313188,"pct_m":0.332986},"2024-02":{"txs":17,"uniq":10,"trade":0,"nft":11,"gas":0.00091,"bal":0.000082,"days":3,"spread":0.103448,"streak":2,"rank_m":151209,"pct_m":0.160767,"gas_method":"estimated"},"2024-03":{"txs":21,"uniq":12,"trade":6,"nft":4,"gas":0.000103,"bal":0.000963,"days":9,"spread":0.290323,"streak":3,"rank_m":92054,"pct_m":0.097872,"gas_method":"exact"},"2024-04":{"txs":2,"uniq":1,"trade":0,"nft":0,"gas":0.00002,"bal":0.001128,"days":1,"spread":0.033333,"streak":1,"rank_m":439443,"pct_m":0.467223,"gas_method":"estimated"},"2024-05":{"txs":2,"uniq":2,"trade":0,"nft":2,"gas":0.000007,"bal":0.001032,"days":1,"spread":0.032258,"streak":1,"rank_m":430435,"pct_m":0.457645,"gas_method":"estimated"},"2024-06":{"txs":8,"uniq":5,"trade":0,"nft":3,"gas":0.000001,"bal":0.007051,"days":3,"spread":0.1,"streak":1,"rank_m":265037,"pct_m":0.281791,"gas_method":"estimated"},"2024-07":{"txs":30,"uniq":14,"trade":0,"nft":6,"gas":0.000015,"bal":0.012442,"days":6,"spread":0.193548,"streak":2,"rank_m":81830,"pct_m":0.087002,"gas_method":"estimated"},"2024-08":{"txs":6,"uniq":4,"trade":0,"nft":1,"gas":0.000002,"bal":0.002726,"days":2,"spread":0.064516,"streak":2,"rank_m":334952,"pct_m":0.356126,"gas_method":"estimated"},"2024-09":{"txs":8,"uniq":3,"trade":0,"nft":0,"gas":0.000001,"bal":0.002662,"days":3,"spread":0.1,"streak":1,"rank_m":328584,"pct_m":0.349355,"gas_method":"estimated"},"2024-10":{"txs":7,"uniq":5,"trade":0,"nft":1,"gas":0.000002,"bal":0.220126,"days":4,"spread":0.129032,"streak":1,"rank_m":187890,"pct_m":0.199767,"gas_method":"estimated"},"2024-11":{"txs":0,"uniq":0,"trade":0,"nft":0,"gas":0,"bal":0.220126,"days":0,"spread":0,"streak":0,"rank_m":511567,"pct_m":0.543906},"2024-12":{"txs":46,"uniq":19,"trade":8,"nft":1,"gas":0.000992,"bal":0.123039,"days":13,"spread":0.419355,"streak":3,"rank_m":31311,"pct_m":0.033289,"gas_method":"exact"},"2025-01":{"txs":63,"uniq":20,"trade":0,"nft":0,"gas":0.001637,"bal":0.189054,"days":11,"spread":0.354839,"streak":3,"rank_m":33314,"pct_m":0.035419,"gas_method":"exact"},"2025-02":{"txs":42,"uniq":15,"trade":4,"nft":1,"gas":0.000282,"bal":0.323686,"days":11,"spread":0.392857,"streak":2,"rank_m":16851,"pct_m":0.017915,"gas_method":"exact"},"2025-03":{"txs":0,"uniq":0,"trade":0,"nft":0,"gas":0,"bal":0.323686,"days":0,"spread":0,"streak":0,"rank_m":505894,"pct_m":0.537874},"2025-04":{"txs":28,"uniq":11,"trade":0,"nft":2,"gas":0.000163,"bal":0.009827,"days":7,"spread":0.233333,"streak":3,"rank_m":50717,"pct_m":0.053922,"gas_method":"exact"},"2025-05":{"txs":26,"uniq":7,"trade":0,"nft":1,"gas":0.000183,"bal":0.005409,"days":10,"spread":0.322581,"streak":3,"rank_m":80791,"pct_m":0.085897,"gas_method":"estimated"},"2025-06":{"txs":1,"uniq":1,"trade":0,"nft":0,"gas":0.000007,"bal":0.011182,"days":1,"spread":0.033333,"streak":1,"rank_m":346152,"pct_m":0.368034,"gas_method":"estimated"},"2025-07":{"txs":33,"uniq":8,"trade":0,"nft":2,"gas":0.000232,"bal":0.010128,"days":6,"spread":0.193548,"streak":3,"rank_m":107592,"pct_m":0.114393,"gas_method":"estimated"},"2025-08":{"txs":3,"uniq":3,"trade":0,"nft":0,"gas":0.000021,"bal":0.003256,"days":3,"spread":0.096774,"streak":1,"rank_m":382022,"pct_m":0.406172,"gas_method":"estimated"},"2025-09":{"txs":12,"uniq":4,"trade":1,"nft":0,"gas":0.000084,"bal":0.000193,"days":3,"spread":0.1,"streak":3,"rank_m":365966,"pct_m":0.389101,"gas_method":"estimated"},"2025-10":{"txs":3,"uniq":2,"trade":0,"nft":0,"gas":0.000021,"bal":0.000308,"days":2,"spread":0.064516,"streak":2,"rank_m":394149,"pct_m":0.419065,"gas_method":"estimated"}}}