{"wallet":"0x6d5860fa5d94dbd03bd90dc421b14bac571c16e8","rank":444504,"lifetime":{"months_active":21,"first":"2023-07","last":"2025-10","tx_sum":151,"uniq_sum":81,"trade_sum":1,"nft_sum":53,"gas_sum":0.00046,"avg_balance_eth_mean":0.003344,"streak_best_days":9,"gas_sum_filled":0.00046},"months":{"2023-07":{"txs":0,"uniq":0,"trade":0,"nft":0,"gas":0,"bal":0,"days":0,"spread":0,"streak":0,"rank_m":560635,"pct_m":0.596076},"2023-08":{"txs":0,"uniq":0,"trade":0,"nft":0,"gas":0,"bal":0,"days":0,"spread":0,"streak":0,"rank_m":609840,"pct_m":0.648392},"2023-09":{"txs":3,"uniq":2,"trade":0,"nft":1,"gas":0.000015,"bal":0.003725,"days":2,"spread":0.066667,"streak":1,"rank_m":98974,"pct_m":0.10523,"gas_method":"exact"},"2023-10":{"txs":6,"uniq":3,"trade":0,"nft":3,"gas":0.000013,"bal":0.004614,"days":6,"spread":0.193548,"streak":1,"rank_m":56626,"pct_m":0.060205,"gas_method":"exact"},"2023-11":{"txs":2,"uniq":1,"trade":0,"nft":1,"gas":0.000018,"bal":0.004542,"days":2,"spread":0.066667,"streak":1,"rank_m":99330,"pct_m":0.105608,"gas_method":"estimated"},"2023-12":{"txs":0,"uniq":0,"trade":0,"nft":0,"gas":0,"bal":0.004542,"days":0,"spread":0,"streak":0,"rank_m":262290,"pct_m":0.27887},"2024-01":{"txs":2,"uniq":1,"trade":0,"nft":0,"gas":0.000031,"bal":0.00439,"days":1,"spread":0.032258,"streak":1,"rank_m":160860,"pct_m":0.171028,"gas_method":"estimated"},"2024-02":{"txs":3,"uniq":1,"trade":0,"nft":0,"gas":0.000026,"bal":0.003807,"days":3,"spread":0.103448,"streak":1,"rank_m":200606,"pct_m":0.213287,"gas_method":"estimated"},"2024-03":{"txs":1,"uniq":1,"trade":0,"nft":0,"gas":0.000013,"bal":0.003459,"days":1,"spread":0.032258,"streak":1,"rank_m":323410,"pct_m":0.343854,"gas_method":"estimated"},"2024-04":{"txs":1,"uniq":1,"trade":0,"nft":0,"gas":0.000002,"bal":0.002723,"days":1,"spread":0.033333,"streak":1,"rank_m":423736,"pct_m":0.450523,"gas_method":"estimated"},"2024-05":{"txs":26,"uniq":15,"trade":0,"nft":8,"gas":0.000014,"bal":0.006176,"days":13,"spread":0.419355,"streak":6,"rank_m":99385,"pct_m":0.105667,"gas_method":"estimated"},"2024-06":{"txs":10,"uniq":5,"trade":0,"nft":2,"gas":0,"bal":0.011957,"days":5,"spread":0.166667,"streak":1,"rank_m":213654,"pct_m":0.22716,"gas_method":"estimated"},"2024-07":{"txs":8,"uniq":6,"trade":0,"nft":7,"gas":0.000001,"bal":0.010567,"days":5,"spread":0.16129,"streak":1,"rank_m":186398,"pct_m":0.198181,"gas_method":"estimated"},"2024-08":{"txs":31,"uniq":20,"trade":0,"nft":19,"gas":0.000002,"bal":0.007517,"days":17,"spread":0.548387,"streak":9,"rank_m":58297,"pct_m":0.061981,"gas_method":"estimated"},"2024-09":{"txs":18,"uniq":8,"trade":1,"nft":3,"gas":0,"bal":0.005324,"days":13,"spread":0.433333,"streak":3,"rank_m":83086,"pct_m":0.088337,"gas_method":"estimated"},"2024-10":{"txs":11,"uniq":6,"trade":0,"nft":7,"gas":0,"bal":0.003362,"days":9,"spread":0.290323,"streak":2,"rank_m":147296,"pct_m":0.156607,"gas_method":"exact"},"2024-11":{"txs":6,"uniq":1,"trade":0,"nft":0,"gas":0.000014,"bal":0.001887,"days":5,"spread":0.166667,"streak":2,"rank_m":351778,"pct_m":0.374016,"gas_method":"exact"},"2024-12":{"txs":6,"uniq":1,"trade":0,"nft":0,"gas":0.000132,"bal":0.00187,"days":6,"spread":0.193548,"streak":2,"rank_m":393009,"pct_m":0.417853,"gas_method":"exact"},"2025-01":{"txs":4,"uniq":1,"trade":0,"nft":0,"gas":0.000104,"bal":0.001863,"days":4,"spread":0.129032,"streak":2,"rank_m":406013,"pct_m":0.431679,"gas_method":"exact"},"2025-02":{"txs":5,"uniq":2,"trade":0,"nft":0,"gas":0.000028,"bal":0.001488,"days":3,"spread":0.107143,"streak":1,"rank_m":386777,"pct_m":0.411227,"gas_method":"exact"},"2025-03":{"txs":1,"uniq":1,"trade":0,"nft":0,"gas":0.000008,"bal":0.000011,"days":1,"spread":0.032258,"streak":1,"rank_m":551352,"pct_m":0.586206,"gas_method":"exact"},"2025-04":{"txs":4,"uniq":2,"trade":0,"nft":0,"gas":0.000018,"bal":0.000398,"days":2,"spread":0.066667,"streak":1,"rank_m":464475,"pct_m":0.493837,"gas_method":"exact"},"2025-05":{"txs":0,"uniq":0,"trade":0,"nft":0,"gas":0,"bal":0.000398,"days":0,"spread":0,"streak":0,"rank_m":759949,"pct_m":0.80799},"2025-06":{"txs":1,"uniq":1,"trade":0,"nft":0,"gas":0.000007,"bal":0.001885,"days":1,"spread":0.033333,"streak":1,"rank_m":502341,"pct_m":0.534097,"gas_method":"estimated"},"2025-07":{"txs":0,"uniq":0,"trade":0,"nft":0,"gas":0,"bal":0.001885,"days":0,"spread":0,"streak":0,"rank_m":682053,"pct_m":0.72517},"2025-08":{"txs":0,"uniq":0,"trade":0,"nft":0,"gas":0,"bal":0.001885,"days":0,"spread":0,"streak":0,"rank_m":663732,"pct_m":0.705691},"2025-09":{"txs":2,"uniq":2,"trade":0,"nft":2,"gas":0.000014,"bal":0.001675,"days":2,"spread":0.066667,"streak":1,"rank_m":369592,"pct_m":0.392956,"gas_method":"estimated"},"2025-10":{"txs":0,"uniq":0,"trade":0,"nft":0,"gas":0,"bal":0.001675,"days":0,"spread":0,"streak":0,"rank_m":586682,"pct_m":0.62377}}}