{"wallet":"0x6d250bd0c42dbe4ae0dfd60bbf274c4a916f5d33","rank":80217,"lifetime":{"months_active":8,"first":"2023-07","last":"2025-10","tx_sum":481,"uniq_sum":161,"trade_sum":40,"nft_sum":1,"gas_sum":0.047112,"avg_balance_eth_mean":0.17387,"streak_best_days":10,"gas_sum_filled":0.047112},"months":{"2023-07":{"txs":30,"uniq":9,"trade":0,"nft":0,"gas":0.010075,"bal":0.000907,"days":2,"spread":0.064516,"streak":2,"rank_m":7173,"pct_m":0.007625,"gas_method":"exact"},"2023-08":{"txs":18,"uniq":15,"trade":0,"nft":0,"gas":0.031942,"bal":0.052716,"days":2,"spread":0.064516,"streak":2,"rank_m":53959,"pct_m":0.057369,"gas_method":"exact"},"2023-09":{"txs":0,"uniq":0,"trade":0,"nft":0,"gas":0,"bal":0.052716,"days":0,"spread":0,"streak":0,"rank_m":228531,"pct_m":0.242977},"2023-10":{"txs":2,"uniq":2,"trade":1,"nft":0,"gas":0.000355,"bal":0.042593,"days":1,"spread":0.032258,"streak":1,"rank_m":68645,"pct_m":0.072984,"gas_method":"estimated"},"2023-11":{"txs":0,"uniq":0,"trade":0,"nft":0,"gas":0,"bal":0.042593,"days":0,"spread":0,"streak":0,"rank_m":210847,"pct_m":0.224175},"2023-12":{"txs":0,"uniq":0,"trade":0,"nft":0,"gas":0,"bal":0.042593,"days":0,"spread":0,"streak":0,"rank_m":225795,"pct_m":0.240068},"2024-01":{"txs":0,"uniq":0,"trade":0,"nft":0,"gas":0,"bal":0.042593,"days":0,"spread":0,"streak":0,"rank_m":234442,"pct_m":0.249262},"2024-02":{"txs":0,"uniq":0,"trade":0,"nft":0,"gas":0,"bal":0.042593,"days":0,"spread":0,"streak":0,"rank_m":292208,"pct_m":0.31068},"2024-03":{"txs":262,"uniq":84,"trade":21,"nft":0,"gas":0.003878,"bal":0.230855,"days":15,"spread":0.483871,"streak":7,"rank_m":757,"pct_m":0.000804,"gas_method":"exact"},"2024-04":{"txs":166,"uniq":50,"trade":18,"nft":1,"gas":0.000779,"bal":1.923805,"days":19,"spread":0.633333,"streak":10,"rank_m":951,"pct_m":0.00101,"gas_method":"exact"},"2024-05":{"txs":1,"uniq":1,"trade":0,"nft":0,"gas":0.000019,"bal":0.398916,"days":1,"spread":0.032258,"streak":1,"rank_m":344964,"pct_m":0.366771,"gas_method":"estimated"},"2024-06":{"txs":0,"uniq":0,"trade":0,"nft":0,"gas":0,"bal":0.398916,"days":0,"spread":0,"streak":0,"rank_m":454550,"pct_m":0.483285},"2024-07":{"txs":0,"uniq":0,"trade":0,"nft":0,"gas":0,"bal":0.398916,"days":0,"spread":0,"streak":0,"rank_m":449110,"pct_m":0.477501},"2024-08":{"txs":0,"uniq":0,"trade":0,"nft":0,"gas":0,"bal":0.398916,"days":0,"spread":0,"streak":0,"rank_m":453414,"pct_m":0.482077},"2024-09":{"txs":0,"uniq":0,"trade":0,"nft":0,"gas":0,"bal":0.398916,"days":0,"spread":0,"streak":0,"rank_m":414777,"pct_m":0.440997},"2024-10":{"txs":0,"uniq":0,"trade":0,"nft":0,"gas":0,"bal":0.398916,"days":0,"spread":0,"streak":0,"rank_m":459151,"pct_m":0.488176},"2024-11":{"txs":1,"uniq":0,"trade":0,"nft":0,"gas":0.000057,"bal":0.000076,"days":1,"spread":0.033333,"streak":1,"rank_m":589404,"pct_m":0.626664,"gas_method":"estimated"},"2024-12":{"txs":0,"uniq":0,"trade":0,"nft":0,"gas":0,"bal":0.000076,"days":0,"spread":0,"streak":0,"rank_m":742512,"pct_m":0.789451},"2025-01":{"txs":0,"uniq":0,"trade":0,"nft":0,"gas":0,"bal":0.000076,"days":0,"spread":0,"streak":0,"rank_m":752454,"pct_m":0.800021},"2025-02":{"txs":0,"uniq":0,"trade":0,"nft":0,"gas":0,"bal":0.000076,"days":0,"spread":0,"streak":0,"rank_m":778247,"pct_m":0.827445},"2025-03":{"txs":0,"uniq":0,"trade":0,"nft":0,"gas":0,"bal":0.000076,"days":0,"spread":0,"streak":0,"rank_m":796416,"pct_m":0.846763},"2025-04":{"txs":0,"uniq":0,"trade":0,"nft":0,"gas":0,"bal":0.000076,"days":0,"spread":0,"streak":0,"rank_m":817895,"pct_m":0.8696},"2025-05":{"txs":1,"uniq":0,"trade":0,"nft":0,"gas":0.000007,"bal":0.000076,"days":1,"spread":0.032258,"streak":1,"rank_m":715541,"pct_m":0.760775,"gas_method":"estimated"},"2025-06":{"txs":0,"uniq":0,"trade":0,"nft":0,"gas":0,"bal":0.000076,"days":0,"spread":0,"streak":0,"rank_m":847381,"pct_m":0.90095},"2025-07":{"txs":0,"uniq":0,"trade":0,"nft":0,"gas":0,"bal":0.000076,"days":0,"spread":0,"streak":0,"rank_m":865432,"pct_m":0.920142},"2025-08":{"txs":0,"uniq":0,"trade":0,"nft":0,"gas":0,"bal":0.000076,"days":0,"spread":0,"streak":0,"rank_m":863852,"pct_m":0.918462},"2025-09":{"txs":0,"uniq":0,"trade":0,"nft":0,"gas":0,"bal":0.000076,"days":0,"spread":0,"streak":0,"rank_m":860010,"pct_m":0.914377},"2025-10":{"txs":0,"uniq":0,"trade":0,"nft":0,"gas":0,"bal":0.000076,"days":0,"spread":0,"streak":0,"rank_m":831893,"pct_m":0.884482}}}