{"wallet":"0x6dfe79919f604784e4a8a8a74e82904654af626f","rank":568134,"lifetime":{"months_active":18,"first":"2023-07","last":"2025-10","tx_sum":164,"uniq_sum":75,"trade_sum":0,"nft_sum":14,"gas_sum":0.001352,"avg_balance_eth_mean":0.003576,"streak_best_days":4,"gas_sum_filled":0.001352},"months":{"2023-07":{"txs":0,"uniq":0,"trade":0,"nft":0,"gas":0,"bal":0,"days":0,"spread":0,"streak":0,"rank_m":558368,"pct_m":0.593666},"2023-08":{"txs":4,"uniq":2,"trade":0,"nft":1,"gas":0.000285,"bal":0.000184,"days":1,"spread":0.032258,"streak":1,"rank_m":141639,"pct_m":0.150592,"gas_method":"exact"},"2023-09":{"txs":0,"uniq":0,"trade":0,"nft":0,"gas":0,"bal":0.000184,"days":0,"spread":0,"streak":0,"rank_m":289518,"pct_m":0.30782},"2023-10":{"txs":0,"uniq":0,"trade":0,"nft":0,"gas":0,"bal":0.000184,"days":0,"spread":0,"streak":0,"rank_m":305219,"pct_m":0.324513},"2023-11":{"txs":0,"uniq":0,"trade":0,"nft":0,"gas":0,"bal":0.000184,"days":0,"spread":0,"streak":0,"rank_m":318196,"pct_m":0.338311},"2023-12":{"txs":1,"uniq":1,"trade":0,"nft":1,"gas":0.000025,"bal":0.000906,"days":1,"spread":0.032258,"streak":1,"rank_m":166948,"pct_m":0.177501,"gas_method":"estimated"},"2024-01":{"txs":0,"uniq":0,"trade":0,"nft":0,"gas":0,"bal":0.000906,"days":0,"spread":0,"streak":0,"rank_m":316871,"pct_m":0.336902},"2024-02":{"txs":0,"uniq":0,"trade":0,"nft":0,"gas":0,"bal":0.000906,"days":0,"spread":0,"streak":0,"rank_m":366596,"pct_m":0.38977},"2024-03":{"txs":0,"uniq":0,"trade":0,"nft":0,"gas":0,"bal":0.000906,"days":0,"spread":0,"streak":0,"rank_m":439057,"pct_m":0.466812},"2024-04":{"txs":0,"uniq":0,"trade":0,"nft":0,"gas":0,"bal":0.000906,"days":0,"spread":0,"streak":0,"rank_m":513734,"pct_m":0.54621},"2024-05":{"txs":2,"uniq":2,"trade":0,"nft":2,"gas":0.000002,"bal":0.000815,"days":2,"spread":0.064516,"streak":1,"rank_m":424691,"pct_m":0.451538,"gas_method":"estimated"},"2024-06":{"txs":0,"uniq":0,"trade":0,"nft":0,"gas":0,"bal":0.000815,"days":0,"spread":0,"streak":0,"rank_m":561166,"pct_m":0.596641},"2024-07":{"txs":3,"uniq":2,"trade":0,"nft":1,"gas":0,"bal":0.001509,"days":2,"spread":0.064516,"streak":1,"rank_m":403671,"pct_m":0.429189,"gas_method":"estimated"},"2024-08":{"txs":5,"uniq":5,"trade":0,"nft":4,"gas":0,"bal":0.004619,"days":4,"spread":0.129032,"streak":1,"rank_m":291155,"pct_m":0.30956,"gas_method":"estimated"},"2024-09":{"txs":2,"uniq":2,"trade":0,"nft":1,"gas":0,"bal":0.003653,"days":2,"spread":0.066667,"streak":2,"rank_m":300753,"pct_m":0.319765,"gas_method":"estimated"},"2024-10":{"txs":4,"uniq":4,"trade":0,"nft":3,"gas":0,"bal":0.003031,"days":3,"spread":0.096774,"streak":1,"rank_m":331379,"pct_m":0.352327,"gas_method":"estimated"},"2024-11":{"txs":1,"uniq":1,"trade":0,"nft":1,"gas":0.000002,"bal":0.002866,"days":1,"spread":0.033333,"streak":1,"rank_m":429399,"pct_m":0.456544,"gas_method":"exact"},"2024-12":{"txs":0,"uniq":0,"trade":0,"nft":0,"gas":0,"bal":0.002866,"days":0,"spread":0,"streak":0,"rank_m":645111,"pct_m":0.685892},"2025-01":{"txs":2,"uniq":2,"trade":0,"nft":0,"gas":0.000052,"bal":0.002863,"days":1,"spread":0.032258,"streak":1,"rank_m":486587,"pct_m":0.517347,"gas_method":"exact"},"2025-02":{"txs":2,"uniq":2,"trade":0,"nft":0,"gas":0.000014,"bal":0.002417,"days":1,"spread":0.035714,"streak":1,"rank_m":454632,"pct_m":0.483372,"gas_method":"exact"},"2025-03":{"txs":2,"uniq":2,"trade":0,"nft":0,"gas":0.000016,"bal":0.00204,"days":1,"spread":0.032258,"streak":1,"rank_m":429397,"pct_m":0.456542,"gas_method":"exact"},"2025-04":{"txs":1,"uniq":1,"trade":0,"nft":0,"gas":0.000006,"bal":0.002467,"days":1,"spread":0.033333,"streak":1,"rank_m":491167,"pct_m":0.522216,"gas_method":"exact"},"2025-05":{"txs":2,"uniq":2,"trade":0,"nft":0,"gas":0.000014,"bal":0.002464,"days":1,"spread":0.032258,"streak":1,"rank_m":423758,"pct_m":0.450546,"gas_method":"estimated"},"2025-06":{"txs":30,"uniq":12,"trade":0,"nft":0,"gas":0.000211,"bal":0.003573,"days":7,"spread":0.233333,"streak":1,"rank_m":254882,"pct_m":0.270994,"gas_method":"estimated"},"2025-07":{"txs":30,"uniq":9,"trade":0,"nft":0,"gas":0.000211,"bal":0.007715,"days":10,"spread":0.322581,"streak":4,"rank_m":144950,"pct_m":0.154112,"gas_method":"estimated"},"2025-08":{"txs":19,"uniq":10,"trade":0,"nft":0,"gas":0.000134,"bal":0.006735,"days":8,"spread":0.258065,"streak":3,"rank_m":163481,"pct_m":0.173815,"gas_method":"estimated"},"2025-09":{"txs":21,"uniq":7,"trade":0,"nft":0,"gas":0.000148,"bal":0.020702,"days":6,"spread":0.2,"streak":2,"rank_m":104645,"pct_m":0.111259,"gas_method":"estimated"},"2025-10":{"txs":33,"uniq":9,"trade":0,"nft":0,"gas":0.000232,"bal":0.023724,"days":9,"spread":0.290323,"streak":4,"rank_m":25251,"pct_m":0.026846,"gas_method":"estimated"}}}