{"wallet":"0x6d03207dbb389af4b5e738a645e006812236f2bc","rank":803954,"lifetime":{"months_active":10,"first":"2023-07","last":"2025-10","tx_sum":130,"uniq_sum":56,"trade_sum":0,"nft_sum":23,"gas_sum":0.00195,"avg_balance_eth_mean":0.002811,"streak_best_days":5,"gas_sum_filled":0.00195},"months":{"2023-07":{"txs":0,"uniq":0,"trade":0,"nft":0,"gas":0,"bal":0,"days":0,"spread":0,"streak":0,"rank_m":561791,"pct_m":0.597305},"2023-08":{"txs":0,"uniq":0,"trade":0,"nft":0,"gas":0,"bal":0,"days":0,"spread":0,"streak":0,"rank_m":610843,"pct_m":0.649458},"2023-09":{"txs":97,"uniq":26,"trade":0,"nft":21,"gas":0.001819,"bal":0.020477,"days":10,"spread":0.333333,"streak":5,"rank_m":14222,"pct_m":0.01512,"gas_method":"estimated"},"2023-10":{"txs":2,"uniq":2,"trade":0,"nft":0,"gas":0.00001,"bal":0.013236,"days":2,"spread":0.064516,"streak":1,"rank_m":84824,"pct_m":0.090185,"gas_method":"exact"},"2023-11":{"txs":0,"uniq":0,"trade":0,"nft":0,"gas":0,"bal":0.013236,"days":0,"spread":0,"streak":0,"rank_m":223539,"pct_m":0.23767},"2023-12":{"txs":0,"uniq":0,"trade":0,"nft":0,"gas":0,"bal":0.013236,"days":0,"spread":0,"streak":0,"rank_m":239091,"pct_m":0.254205},"2024-01":{"txs":5,"uniq":4,"trade":0,"nft":0,"gas":0.000075,"bal":0.000418,"days":2,"spread":0.064516,"streak":1,"rank_m":167506,"pct_m":0.178094,"gas_method":"estimated"},"2024-02":{"txs":0,"uniq":0,"trade":0,"nft":0,"gas":0,"bal":0.000418,"days":0,"spread":0,"streak":0,"rank_m":388309,"pct_m":0.412856},"2024-03":{"txs":2,"uniq":1,"trade":0,"nft":1,"gas":0.000025,"bal":0.000573,"days":2,"spread":0.064516,"streak":1,"rank_m":334939,"pct_m":0.356112,"gas_method":"estimated"},"2024-04":{"txs":4,"uniq":3,"trade":0,"nft":0,"gas":0.000006,"bal":0.001873,"days":2,"spread":0.066667,"streak":1,"rank_m":406851,"pct_m":0.43257,"gas_method":"estimated"},"2024-05":{"txs":16,"uniq":16,"trade":0,"nft":0,"gas":0.000008,"bal":0.00526,"days":3,"spread":0.096774,"streak":1,"rank_m":282476,"pct_m":0.300332,"gas_method":"estimated"},"2024-06":{"txs":0,"uniq":0,"trade":0,"nft":0,"gas":0,"bal":0.00526,"days":0,"spread":0,"streak":0,"rank_m":519232,"pct_m":0.552056},"2024-07":{"txs":1,"uniq":1,"trade":0,"nft":0,"gas":0,"bal":0.001297,"days":1,"spread":0.032258,"streak":1,"rank_m":471418,"pct_m":0.501219,"gas_method":"estimated"},"2024-08":{"txs":0,"uniq":0,"trade":0,"nft":0,"gas":0,"bal":0.001297,"days":0,"spread":0,"streak":0,"rank_m":579526,"pct_m":0.616161},"2024-09":{"txs":1,"uniq":1,"trade":0,"nft":0,"gas":0,"bal":0.000132,"days":1,"spread":0.033333,"streak":1,"rank_m":508460,"pct_m":0.540603,"gas_method":"estimated"},"2024-10":{"txs":1,"uniq":1,"trade":0,"nft":1,"gas":0,"bal":0.000167,"days":1,"spread":0.032258,"streak":1,"rank_m":520257,"pct_m":0.553145,"gas_method":"estimated"},"2024-11":{"txs":0,"uniq":0,"trade":0,"nft":0,"gas":0,"bal":0.000167,"days":0,"spread":0,"streak":0,"rank_m":694421,"pct_m":0.73832},"2024-12":{"txs":0,"uniq":0,"trade":0,"nft":0,"gas":0,"bal":0.000167,"days":0,"spread":0,"streak":0,"rank_m":723656,"pct_m":0.769403},"2025-01":{"txs":0,"uniq":0,"trade":0,"nft":0,"gas":0,"bal":0.000167,"days":0,"spread":0,"streak":0,"rank_m":727362,"pct_m":0.773343},"2025-02":{"txs":0,"uniq":0,"trade":0,"nft":0,"gas":0,"bal":0.000167,"days":0,"spread":0,"streak":0,"rank_m":753356,"pct_m":0.80098},"2025-03":{"txs":0,"uniq":0,"trade":0,"nft":0,"gas":0,"bal":0.000167,"days":0,"spread":0,"streak":0,"rank_m":765756,"pct_m":0.814164},"2025-04":{"txs":0,"uniq":0,"trade":0,"nft":0,"gas":0,"bal":0.000167,"days":0,"spread":0,"streak":0,"rank_m":786495,"pct_m":0.836214},"2025-05":{"txs":0,"uniq":0,"trade":0,"nft":0,"gas":0,"bal":0.000167,"days":0,"spread":0,"streak":0,"rank_m":799790,"pct_m":0.85035},"2025-06":{"txs":1,"uniq":1,"trade":0,"nft":0,"gas":0.000007,"bal":0.000129,"days":1,"spread":0.033333,"streak":1,"rank_m":645391,"pct_m":0.68619,"gas_method":"estimated"},"2025-07":{"txs":0,"uniq":0,"trade":0,"nft":0,"gas":0,"bal":0.000129,"days":0,"spread":0,"streak":0,"rank_m":844076,"pct_m":0.897436},"2025-08":{"txs":0,"uniq":0,"trade":0,"nft":0,"gas":0,"bal":0.000129,"days":0,"spread":0,"streak":0,"rank_m":839414,"pct_m":0.892479},"2025-09":{"txs":0,"uniq":0,"trade":0,"nft":0,"gas":0,"bal":0.000129,"days":0,"spread":0,"streak":0,"rank_m":834513,"pct_m":0.887268},"2025-10":{"txs":0,"uniq":0,"trade":0,"nft":0,"gas":0,"bal":0.000129,"days":0,"spread":0,"streak":0,"rank_m":801493,"pct_m":0.852161}}}