{"wallet":"0x6d17e8fac691bd9325a60e0ebbe78b468efc2f13","rank":592948,"lifetime":{"months_active":15,"first":"2023-07","last":"2025-10","tx_sum":117,"uniq_sum":95,"trade_sum":6,"nft_sum":32,"gas_sum":0.000651,"avg_balance_eth_mean":0.003079,"streak_best_days":3,"gas_sum_filled":0.000651},"months":{"2023-07":{"txs":0,"uniq":0,"trade":0,"nft":0,"gas":0,"bal":0,"days":0,"spread":0,"streak":0,"rank_m":561522,"pct_m":0.597019},"2023-08":{"txs":0,"uniq":0,"trade":0,"nft":0,"gas":0,"bal":0,"days":0,"spread":0,"streak":0,"rank_m":610607,"pct_m":0.649207},"2023-09":{"txs":0,"uniq":0,"trade":0,"nft":0,"gas":0,"bal":0,"days":0,"spread":0,"streak":0,"rank_m":623731,"pct_m":0.663161},"2023-10":{"txs":0,"uniq":0,"trade":0,"nft":0,"gas":0,"bal":0,"days":0,"spread":0,"streak":0,"rank_m":634323,"pct_m":0.674422},"2023-11":{"txs":0,"uniq":0,"trade":0,"nft":0,"gas":0,"bal":0,"days":0,"spread":0,"streak":0,"rank_m":643720,"pct_m":0.684414},"2023-12":{"txs":0,"uniq":0,"trade":0,"nft":0,"gas":0,"bal":0,"days":0,"spread":0,"streak":0,"rank_m":655028,"pct_m":0.696436},"2024-01":{"txs":1,"uniq":1,"trade":0,"nft":0,"gas":0.000018,"bal":0.000002,"days":1,"spread":0.032258,"streak":1,"rank_m":208755,"pct_m":0.221951,"gas_method":"estimated"},"2024-02":{"txs":2,"uniq":0,"trade":0,"nft":0,"gas":0.000021,"bal":0.005031,"days":1,"spread":0.034483,"streak":1,"rank_m":225006,"pct_m":0.239229,"gas_method":"estimated"},"2024-03":{"txs":18,"uniq":12,"trade":2,"nft":3,"gas":0.000282,"bal":0.023343,"days":1,"spread":0.032258,"streak":1,"rank_m":142393,"pct_m":0.151394,"gas_method":"estimated"},"2024-04":{"txs":22,"uniq":17,"trade":2,"nft":3,"gas":0.000026,"bal":0.015876,"days":5,"spread":0.166667,"streak":2,"rank_m":114505,"pct_m":0.121743,"gas_method":"exact"},"2024-05":{"txs":11,"uniq":8,"trade":0,"nft":1,"gas":0.000007,"bal":0.00496,"days":1,"spread":0.032258,"streak":1,"rank_m":332698,"pct_m":0.353729,"gas_method":"estimated"},"2024-06":{"txs":0,"uniq":0,"trade":0,"nft":0,"gas":0,"bal":0.00496,"days":0,"spread":0,"streak":0,"rank_m":520618,"pct_m":0.553529},"2024-07":{"txs":7,"uniq":6,"trade":0,"nft":1,"gas":0.000001,"bal":0.0052,"days":1,"spread":0.032258,"streak":1,"rank_m":326863,"pct_m":0.347526,"gas_method":"estimated"},"2024-08":{"txs":16,"uniq":15,"trade":1,"nft":11,"gas":0.000001,"bal":0.004927,"days":4,"spread":0.129032,"streak":3,"rank_m":143624,"pct_m":0.152703,"gas_method":"estimated"},"2024-09":{"txs":13,"uniq":13,"trade":0,"nft":13,"gas":0,"bal":0.003952,"days":3,"spread":0.1,"streak":3,"rank_m":138983,"pct_m":0.147768,"gas_method":"estimated"},"2024-10":{"txs":0,"uniq":0,"trade":0,"nft":0,"gas":0,"bal":0.003952,"days":0,"spread":0,"streak":0,"rank_m":574114,"pct_m":0.610407},"2024-11":{"txs":6,"uniq":6,"trade":0,"nft":0,"gas":0.000014,"bal":0.002615,"days":2,"spread":0.066667,"streak":1,"rank_m":361842,"pct_m":0.384716,"gas_method":"exact"},"2024-12":{"txs":7,"uniq":6,"trade":1,"nft":0,"gas":0.000154,"bal":0.002403,"days":3,"spread":0.096774,"streak":1,"rank_m":344221,"pct_m":0.365981,"gas_method":"exact"},"2025-01":{"txs":3,"uniq":2,"trade":0,"nft":0,"gas":0.000052,"bal":0.002191,"days":1,"spread":0.032258,"streak":1,"rank_m":488719,"pct_m":0.519614,"gas_method":"exact"},"2025-02":{"txs":0,"uniq":0,"trade":0,"nft":0,"gas":0,"bal":0.002191,"days":0,"spread":0,"streak":0,"rank_m":654777,"pct_m":0.69617},"2025-03":{"txs":0,"uniq":0,"trade":0,"nft":0,"gas":0,"bal":0.002191,"days":0,"spread":0,"streak":0,"rank_m":647294,"pct_m":0.688213},"2025-04":{"txs":2,"uniq":2,"trade":0,"nft":0,"gas":0.000012,"bal":0.001928,"days":2,"spread":0.066667,"streak":1,"rank_m":448234,"pct_m":0.476569,"gas_method":"exact"},"2025-05":{"txs":2,"uniq":2,"trade":0,"nft":0,"gas":0.000014,"bal":0.000482,"days":2,"spread":0.064516,"streak":1,"rank_m":531349,"pct_m":0.564939,"gas_method":"estimated"},"2025-06":{"txs":4,"uniq":3,"trade":0,"nft":0,"gas":0.000028,"bal":0,"days":1,"spread":0.033333,"streak":1,"rank_m":683287,"pct_m":0.726482,"gas_method":"estimated"},"2025-07":{"txs":0,"uniq":0,"trade":0,"nft":0,"gas":0,"bal":0,"days":0,"spread":0,"streak":0,"rank_m":926101,"pct_m":0.984646},"2025-08":{"txs":0,"uniq":0,"trade":0,"nft":0,"gas":0,"bal":0,"days":0,"spread":0,"streak":0,"rank_m":928502,"pct_m":0.987199},"2025-09":{"txs":3,"uniq":2,"trade":0,"nft":0,"gas":0.000021,"bal":0,"days":1,"spread":0.033333,"streak":1,"rank_m":696371,"pct_m":0.740393,"gas_method":"estimated"},"2025-10":{"txs":0,"uniq":0,"trade":0,"nft":0,"gas":0,"bal":0,"days":0,"spread":0,"streak":0,"rank_m":922635,"pct_m":0.980961}}}