{"wallet":"0x6dd2def9fd6035e33a23636908b503807f686ec6","rank":181451,"lifetime":{"months_active":12,"first":"2023-07","last":"2025-10","tx_sum":762,"uniq_sum":166,"trade_sum":0,"nft_sum":4,"gas_sum":0.003482,"avg_balance_eth_mean":0.005228,"streak_best_days":12,"gas_sum_filled":0.003482},"months":{"2023-07":{"txs":0,"uniq":0,"trade":0,"nft":0,"gas":0,"bal":0,"days":0,"spread":0,"streak":0,"rank_m":558973,"pct_m":0.594309},"2023-08":{"txs":0,"uniq":0,"trade":0,"nft":0,"gas":0,"bal":0,"days":0,"spread":0,"streak":0,"rank_m":608384,"pct_m":0.646844},"2023-09":{"txs":0,"uniq":0,"trade":0,"nft":0,"gas":0,"bal":0,"days":0,"spread":0,"streak":0,"rank_m":621590,"pct_m":0.660885},"2023-10":{"txs":17,"uniq":6,"trade":0,"nft":0,"gas":0.000379,"bal":0.000306,"days":1,"spread":0.032258,"streak":1,"rank_m":128500,"pct_m":0.136622,"gas_method":"estimated"},"2023-11":{"txs":2,"uniq":1,"trade":0,"nft":0,"gas":0.000077,"bal":0.000927,"days":1,"spread":0.033333,"streak":1,"rank_m":150576,"pct_m":0.160094,"gas_method":"estimated"},"2023-12":{"txs":0,"uniq":0,"trade":0,"nft":0,"gas":0,"bal":0.000927,"days":0,"spread":0,"streak":0,"rank_m":306286,"pct_m":0.325648},"2024-01":{"txs":0,"uniq":0,"trade":0,"nft":0,"gas":0,"bal":0.000927,"days":0,"spread":0,"streak":0,"rank_m":316285,"pct_m":0.336279},"2024-02":{"txs":4,"uniq":3,"trade":0,"nft":1,"gas":0.000152,"bal":0.000208,"days":2,"spread":0.068966,"streak":2,"rank_m":222167,"pct_m":0.236211,"gas_method":"estimated"},"2024-03":{"txs":3,"uniq":2,"trade":0,"nft":0,"gas":0.000171,"bal":0.001506,"days":2,"spread":0.064516,"streak":1,"rank_m":319931,"pct_m":0.340155,"gas_method":"estimated"},"2024-04":{"txs":7,"uniq":6,"trade":0,"nft":2,"gas":0.000049,"bal":0.003325,"days":3,"spread":0.1,"streak":1,"rank_m":340122,"pct_m":0.361623,"gas_method":"estimated"},"2024-05":{"txs":0,"uniq":0,"trade":0,"nft":0,"gas":0,"bal":0.003325,"days":0,"spread":0,"streak":0,"rank_m":507900,"pct_m":0.540007},"2024-06":{"txs":2,"uniq":1,"trade":0,"nft":0,"gas":0,"bal":0.000522,"days":1,"spread":0.033333,"streak":1,"rank_m":490711,"pct_m":0.521732,"gas_method":"estimated"},"2024-07":{"txs":0,"uniq":0,"trade":0,"nft":0,"gas":0,"bal":0.000522,"days":0,"spread":0,"streak":0,"rank_m":593344,"pct_m":0.630853},"2024-08":{"txs":0,"uniq":0,"trade":0,"nft":0,"gas":0,"bal":0.000522,"days":0,"spread":0,"streak":0,"rank_m":605136,"pct_m":0.64339},"2024-09":{"txs":0,"uniq":0,"trade":0,"nft":0,"gas":0,"bal":0.000522,"days":0,"spread":0,"streak":0,"rank_m":606194,"pct_m":0.644515},"2024-10":{"txs":0,"uniq":0,"trade":0,"nft":0,"gas":0,"bal":0.000522,"days":0,"spread":0,"streak":0,"rank_m":642641,"pct_m":0.683266},"2024-11":{"txs":665,"uniq":107,"trade":0,"nft":0,"gas":0.00152,"bal":0.005345,"days":18,"spread":0.6,"streak":12,"rank_m":29818,"pct_m":0.031702,"gas_method":"exact"},"2024-12":{"txs":10,"uniq":8,"trade":0,"nft":0,"gas":0.00022,"bal":0.003037,"days":3,"spread":0.096774,"streak":2,"rank_m":322609,"pct_m":0.343003,"gas_method":"exact"},"2025-01":{"txs":29,"uniq":15,"trade":0,"nft":0,"gas":0.000753,"bal":0.019433,"days":6,"spread":0.193548,"streak":2,"rank_m":106790,"pct_m":0.11354,"gas_method":"exact"},"2025-02":{"txs":0,"uniq":0,"trade":0,"nft":0,"gas":0,"bal":0.019433,"days":0,"spread":0,"streak":0,"rank_m":574542,"pct_m":0.610862},"2025-03":{"txs":0,"uniq":0,"trade":0,"nft":0,"gas":0,"bal":0.019433,"days":0,"spread":0,"streak":0,"rank_m":556310,"pct_m":0.591478},"2025-04":{"txs":0,"uniq":0,"trade":0,"nft":0,"gas":0,"bal":0.019433,"days":0,"spread":0,"streak":0,"rank_m":589859,"pct_m":0.627148},"2025-05":{"txs":5,"uniq":4,"trade":0,"nft":0,"gas":0.000035,"bal":0.008525,"days":3,"spread":0.096774,"streak":2,"rank_m":194997,"pct_m":0.207323,"gas_method":"estimated"},"2025-06":{"txs":5,"uniq":5,"trade":0,"nft":0,"gas":0.000035,"bal":0.008518,"days":2,"spread":0.066667,"streak":1,"rank_m":291724,"pct_m":0.310165,"gas_method":"estimated"},"2025-07":{"txs":0,"uniq":0,"trade":0,"nft":0,"gas":0,"bal":0.008518,"days":0,"spread":0,"streak":0,"rank_m":567163,"pct_m":0.603017},"2025-08":{"txs":13,"uniq":8,"trade":0,"nft":1,"gas":0.000091,"bal":0.006887,"days":6,"spread":0.193548,"streak":2,"rank_m":160415,"pct_m":0.170555,"gas_method":"estimated"},"2025-09":{"txs":0,"uniq":0,"trade":0,"nft":0,"gas":0,"bal":0.006887,"days":0,"spread":0,"streak":0,"rank_m":552902,"pct_m":0.587854},"2025-10":{"txs":0,"uniq":0,"trade":0,"nft":0,"gas":0,"bal":0.006887,"days":0,"spread":0,"streak":0,"rank_m":464618,"pct_m":0.493989}}}