{"wallet":"0x6d66a6fe76df6418136e9e6f7af9fd7e76e52205","rank":156168,"lifetime":{"months_active":20,"first":"2023-07","last":"2025-10","tx_sum":418,"uniq_sum":74,"trade_sum":11,"nft_sum":22,"gas_sum":0.004077,"avg_balance_eth_mean":0.038586,"streak_best_days":4,"gas_sum_filled":0.004077},"months":{"2023-07":{"txs":0,"uniq":0,"trade":0,"nft":0,"gas":0,"bal":0,"days":0,"spread":0,"streak":0,"rank_m":560438,"pct_m":0.595867},"2023-08":{"txs":7,"uniq":5,"trade":0,"nft":5,"gas":0.001601,"bal":0.028901,"days":5,"spread":0.16129,"streak":3,"rank_m":61168,"pct_m":0.065034,"gas_method":"exact"},"2023-09":{"txs":0,"uniq":0,"trade":0,"nft":0,"gas":0,"bal":0.028901,"days":0,"spread":0,"streak":0,"rank_m":230979,"pct_m":0.24558},"2023-10":{"txs":1,"uniq":1,"trade":0,"nft":0,"gas":0.000011,"bal":0.000537,"days":1,"spread":0.032258,"streak":1,"rank_m":130491,"pct_m":0.138739,"gas_method":"exact"},"2023-11":{"txs":0,"uniq":0,"trade":0,"nft":0,"gas":0,"bal":0.000537,"days":0,"spread":0,"streak":0,"rank_m":301381,"pct_m":0.320433},"2023-12":{"txs":0,"uniq":0,"trade":0,"nft":0,"gas":0,"bal":0.000537,"days":0,"spread":0,"streak":0,"rank_m":321349,"pct_m":0.341663},"2024-01":{"txs":3,"uniq":1,"trade":0,"nft":2,"gas":0.000063,"bal":0.071378,"days":1,"spread":0.032258,"streak":1,"rank_m":98462,"pct_m":0.104685,"gas_method":"exact"},"2024-02":{"txs":6,"uniq":3,"trade":0,"nft":5,"gas":0.000091,"bal":0.054022,"days":3,"spread":0.103448,"streak":2,"rank_m":84512,"pct_m":0.089854,"gas_method":"estimated"},"2024-03":{"txs":29,"uniq":9,"trade":0,"nft":3,"gas":0.000656,"bal":0.02188,"days":5,"spread":0.16129,"streak":4,"rank_m":83813,"pct_m":0.08911,"gas_method":"estimated"},"2024-04":{"txs":16,"uniq":8,"trade":0,"nft":1,"gas":0.000045,"bal":0.021475,"days":4,"spread":0.133333,"streak":2,"rank_m":214835,"pct_m":0.228415,"gas_method":"estimated"},"2024-05":{"txs":2,"uniq":2,"trade":0,"nft":2,"gas":0.000002,"bal":0.002772,"days":2,"spread":0.064516,"streak":1,"rank_m":392748,"pct_m":0.417576,"gas_method":"estimated"},"2024-06":{"txs":2,"uniq":1,"trade":0,"nft":1,"gas":0,"bal":0.001965,"days":1,"spread":0.033333,"streak":1,"rank_m":434722,"pct_m":0.462203,"gas_method":"estimated"},"2024-07":{"txs":4,"uniq":4,"trade":0,"nft":1,"gas":0.000001,"bal":0.001442,"days":1,"spread":0.032258,"streak":1,"rank_m":401108,"pct_m":0.426464,"gas_method":"estimated"},"2024-08":{"txs":0,"uniq":0,"trade":0,"nft":0,"gas":0,"bal":0.001442,"days":0,"spread":0,"streak":0,"rank_m":576522,"pct_m":0.612967},"2024-09":{"txs":0,"uniq":0,"trade":0,"nft":0,"gas":0,"bal":0.001442,"days":0,"spread":0,"streak":0,"rank_m":565943,"pct_m":0.60172},"2024-10":{"txs":4,"uniq":1,"trade":0,"nft":0,"gas":0,"bal":0.010999,"days":2,"spread":0.064516,"streak":2,"rank_m":334453,"pct_m":0.355595,"gas_method":"estimated"},"2024-11":{"txs":0,"uniq":0,"trade":0,"nft":0,"gas":0,"bal":0.010999,"days":0,"spread":0,"streak":0,"rank_m":552644,"pct_m":0.58758},"2024-12":{"txs":55,"uniq":4,"trade":0,"nft":1,"gas":0.000088,"bal":0.010893,"days":4,"spread":0.129032,"streak":3,"rank_m":221967,"pct_m":0.235998,"gas_method":"exact"},"2025-01":{"txs":2,"uniq":1,"trade":0,"nft":0,"gas":0.000026,"bal":0.006518,"days":1,"spread":0.032258,"streak":1,"rank_m":489572,"pct_m":0.520521,"gas_method":"exact"},"2025-02":{"txs":86,"uniq":6,"trade":0,"nft":0,"gas":0.000084,"bal":0.089442,"days":5,"spread":0.178571,"streak":3,"rank_m":75683,"pct_m":0.080466,"gas_method":"exact"},"2025-03":{"txs":4,"uniq":2,"trade":0,"nft":1,"gas":0.000024,"bal":0.092865,"days":2,"spread":0.064516,"streak":1,"rank_m":259730,"pct_m":0.276149,"gas_method":"exact"},"2025-04":{"txs":1,"uniq":1,"trade":0,"nft":0,"gas":0.000006,"bal":0.004864,"days":1,"spread":0.033333,"streak":1,"rank_m":474382,"pct_m":0.50437,"gas_method":"exact"},"2025-05":{"txs":5,"uniq":1,"trade":0,"nft":0,"gas":0.000035,"bal":0.142663,"days":2,"spread":0.064516,"streak":1,"rank_m":162154,"pct_m":0.172404,"gas_method":"estimated"},"2025-06":{"txs":15,"uniq":6,"trade":10,"nft":0,"gas":0.000106,"bal":0.334309,"days":6,"spread":0.2,"streak":2,"rank_m":58249,"pct_m":0.06193,"gas_method":"estimated"},"2025-07":{"txs":169,"uniq":12,"trade":1,"nft":0,"gas":0.001189,"bal":0.094394,"days":7,"spread":0.225806,"streak":2,"rank_m":20873,"pct_m":0.022191,"gas_method":"estimated"},"2025-08":{"txs":3,"uniq":2,"trade":0,"nft":0,"gas":0.000021,"bal":0.018278,"days":2,"spread":0.064516,"streak":1,"rank_m":272550,"pct_m":0.289779,"gas_method":"estimated"},"2025-09":{"txs":4,"uniq":4,"trade":0,"nft":0,"gas":0.000028,"bal":0.013476,"days":1,"spread":0.033333,"streak":1,"rank_m":288138,"pct_m":0.306352,"gas_method":"estimated"},"2025-10":{"txs":0,"uniq":0,"trade":0,"nft":0,"gas":0,"bal":0.013476,"days":0,"spread":0,"streak":0,"rank_m":404457,"pct_m":0.430025}}}