{"wallet":"0x6d80076b40a856265b251643b52a73bb1938658d","rank":247952,"lifetime":{"months_active":24,"first":"2023-07","last":"2025-10","tx_sum":173,"uniq_sum":112,"trade_sum":11,"nft_sum":42,"gas_sum":0.000945,"avg_balance_eth_mean":0.009002,"streak_best_days":5,"gas_sum_filled":0.000945},"months":{"2023-07":{"txs":0,"uniq":0,"trade":0,"nft":0,"gas":0,"bal":0,"days":0,"spread":0,"streak":0,"rank_m":560122,"pct_m":0.595531},"2023-08":{"txs":2,"uniq":1,"trade":0,"nft":1,"gas":0.00024,"bal":0.000201,"days":1,"spread":0.032258,"streak":1,"rank_m":147293,"pct_m":0.156603,"gas_method":"exact"},"2023-09":{"txs":0,"uniq":0,"trade":0,"nft":0,"gas":0,"bal":0.000201,"days":0,"spread":0,"streak":0,"rank_m":289080,"pct_m":0.307354},"2023-10":{"txs":4,"uniq":3,"trade":0,"nft":1,"gas":0.00003,"bal":0.002932,"days":2,"spread":0.064516,"streak":1,"rank_m":96396,"pct_m":0.102489,"gas_method":"estimated"},"2023-11":{"txs":0,"uniq":0,"trade":0,"nft":0,"gas":0,"bal":0.002932,"days":0,"spread":0,"streak":0,"rank_m":257093,"pct_m":0.273345},"2023-12":{"txs":2,"uniq":2,"trade":0,"nft":1,"gas":0.000049,"bal":0.006463,"days":1,"spread":0.032258,"streak":1,"rank_m":115871,"pct_m":0.123195,"gas_method":"estimated"},"2024-01":{"txs":23,"uniq":13,"trade":0,"nft":4,"gas":0.000075,"bal":0.006067,"days":6,"spread":0.193548,"streak":2,"rank_m":27535,"pct_m":0.029275,"gas_method":"exact"},"2024-02":{"txs":4,"uniq":2,"trade":9,"nft":1,"gas":0.000052,"bal":0.004783,"days":2,"spread":0.068966,"streak":1,"rank_m":143614,"pct_m":0.152692,"gas_method":"estimated"},"2024-03":{"txs":2,"uniq":1,"trade":0,"nft":0,"gas":0.000039,"bal":0.004589,"days":1,"spread":0.032258,"streak":1,"rank_m":312552,"pct_m":0.33231,"gas_method":"estimated"},"2024-04":{"txs":15,"uniq":8,"trade":0,"nft":0,"gas":0.000036,"bal":0.006343,"days":6,"spread":0.2,"streak":2,"rank_m":266252,"pct_m":0.283083,"gas_method":"estimated"},"2024-05":{"txs":26,"uniq":17,"trade":0,"nft":5,"gas":0.000021,"bal":0.007172,"days":11,"spread":0.354839,"streak":3,"rank_m":110234,"pct_m":0.117202,"gas_method":"estimated"},"2024-06":{"txs":9,"uniq":7,"trade":0,"nft":3,"gas":0,"bal":0.006132,"days":3,"spread":0.1,"streak":2,"rank_m":223208,"pct_m":0.237318,"gas_method":"estimated"},"2024-07":{"txs":2,"uniq":1,"trade":0,"nft":1,"gas":0,"bal":0.00529,"days":1,"spread":0.032258,"streak":1,"rank_m":390708,"pct_m":0.415407,"gas_method":"estimated"},"2024-08":{"txs":25,"uniq":21,"trade":0,"nft":22,"gas":0.000002,"bal":0.010488,"days":16,"spread":0.516129,"streak":5,"rank_m":53440,"pct_m":0.056817,"gas_method":"estimated"},"2024-09":{"txs":1,"uniq":1,"trade":0,"nft":1,"gas":0,"bal":0.013087,"days":1,"spread":0.033333,"streak":1,"rank_m":305147,"pct_m":0.324437,"gas_method":"estimated"},"2024-10":{"txs":7,"uniq":2,"trade":0,"nft":2,"gas":0,"bal":0.016983,"days":2,"spread":0.064516,"streak":1,"rank_m":273164,"pct_m":0.290432,"gas_method":"estimated"},"2024-11":{"txs":5,"uniq":4,"trade":0,"nft":0,"gas":0.000011,"bal":0.019528,"days":2,"spread":0.066667,"streak":1,"rank_m":330609,"pct_m":0.351508,"gas_method":"exact"},"2024-12":{"txs":3,"uniq":2,"trade":0,"nft":0,"gas":0.000066,"bal":0.019283,"days":2,"spread":0.064516,"streak":1,"rank_m":429874,"pct_m":0.457049,"gas_method":"exact"},"2025-01":{"txs":2,"uniq":2,"trade":0,"nft":0,"gas":0.000052,"bal":0.018944,"days":1,"spread":0.032258,"streak":1,"rank_m":433861,"pct_m":0.461288,"gas_method":"exact"},"2025-02":{"txs":2,"uniq":1,"trade":0,"nft":0,"gas":0.000014,"bal":0.018834,"days":1,"spread":0.035714,"streak":1,"rank_m":408246,"pct_m":0.434053,"gas_method":"exact"},"2025-03":{"txs":4,"uniq":3,"trade":0,"nft":0,"gas":0.000032,"bal":0.018519,"days":2,"spread":0.064516,"streak":1,"rank_m":302114,"pct_m":0.321212,"gas_method":"exact"},"2025-04":{"txs":13,"uniq":8,"trade":0,"nft":0,"gas":0.000072,"bal":0.01761,"days":5,"spread":0.166667,"streak":2,"rank_m":118760,"pct_m":0.126267,"gas_method":"exact"},"2025-05":{"txs":5,"uniq":2,"trade":0,"nft":0,"gas":0.000035,"bal":0.014472,"days":4,"spread":0.129032,"streak":1,"rank_m":199209,"pct_m":0.211802,"gas_method":"estimated"},"2025-06":{"txs":10,"uniq":5,"trade":2,"nft":0,"gas":0.00007,"bal":0.007275,"days":4,"spread":0.133333,"streak":2,"rank_m":185148,"pct_m":0.196852,"gas_method":"estimated"},"2025-07":{"txs":5,"uniq":4,"trade":0,"nft":0,"gas":0.000035,"bal":0.006603,"days":1,"spread":0.032258,"streak":1,"rank_m":365310,"pct_m":0.388403,"gas_method":"estimated"},"2025-08":{"txs":1,"uniq":1,"trade":0,"nft":0,"gas":0.000007,"bal":0.005888,"days":1,"spread":0.032258,"streak":1,"rank_m":399715,"pct_m":0.424983,"gas_method":"estimated"},"2025-09":{"txs":0,"uniq":0,"trade":0,"nft":0,"gas":0,"bal":0.005888,"days":0,"spread":0,"streak":0,"rank_m":565768,"pct_m":0.601534},"2025-10":{"txs":1,"uniq":1,"trade":0,"nft":0,"gas":0.000007,"bal":0.005556,"days":1,"spread":0.032258,"streak":1,"rank_m":281358,"pct_m":0.299144,"gas_method":"estimated"}}}