{"wallet":"0x6d18409046f3e272b0014fb4c1507de46c5da515","rank":141221,"lifetime":{"months_active":19,"first":"2023-07","last":"2025-10","tx_sum":448,"uniq_sum":182,"trade_sum":7,"nft_sum":45,"gas_sum":0.005533,"avg_balance_eth_mean":0.0035,"streak_best_days":5,"gas_sum_filled":0.005533},"months":{"2023-07":{"txs":0,"uniq":0,"trade":0,"nft":0,"gas":0,"bal":0,"days":0,"spread":0,"streak":0,"rank_m":561514,"pct_m":0.597011},"2023-08":{"txs":0,"uniq":0,"trade":0,"nft":0,"gas":0,"bal":0,"days":0,"spread":0,"streak":0,"rank_m":610600,"pct_m":0.6492},"2023-09":{"txs":0,"uniq":0,"trade":0,"nft":0,"gas":0,"bal":0,"days":0,"spread":0,"streak":0,"rank_m":623724,"pct_m":0.663153},"2023-10":{"txs":23,"uniq":14,"trade":0,"nft":2,"gas":0.000184,"bal":0.000001,"days":3,"spread":0.096774,"streak":2,"rank_m":94894,"pct_m":0.100892,"gas_method":"estimated"},"2023-11":{"txs":0,"uniq":0,"trade":0,"nft":0,"gas":0,"bal":0.000001,"days":0,"spread":0,"streak":0,"rank_m":343375,"pct_m":0.365081},"2023-12":{"txs":0,"uniq":0,"trade":0,"nft":0,"gas":0,"bal":0.000001,"days":0,"spread":0,"streak":0,"rank_m":366883,"pct_m":0.390075},"2024-01":{"txs":34,"uniq":11,"trade":0,"nft":1,"gas":0.000822,"bal":0.000019,"days":4,"spread":0.129032,"streak":2,"rank_m":116735,"pct_m":0.124114,"gas_method":"estimated"},"2024-02":{"txs":4,"uniq":3,"trade":0,"nft":2,"gas":0.000055,"bal":0.001016,"days":3,"spread":0.103448,"streak":1,"rank_m":193991,"pct_m":0.206254,"gas_method":"estimated"},"2024-03":{"txs":34,"uniq":14,"trade":0,"nft":6,"gas":0.000696,"bal":0.001884,"days":5,"spread":0.16129,"streak":2,"rank_m":144387,"pct_m":0.153514,"gas_method":"estimated"},"2024-04":{"txs":9,"uniq":6,"trade":0,"nft":5,"gas":0.000023,"bal":0.00147,"days":3,"spread":0.1,"streak":1,"rank_m":347968,"pct_m":0.369965,"gas_method":"estimated"},"2024-05":{"txs":17,"uniq":10,"trade":0,"nft":8,"gas":0.000014,"bal":0.000393,"days":4,"spread":0.129032,"streak":1,"rank_m":316848,"pct_m":0.336877,"gas_method":"estimated"},"2024-06":{"txs":0,"uniq":0,"trade":0,"nft":0,"gas":0,"bal":0.000393,"days":0,"spread":0,"streak":0,"rank_m":588535,"pct_m":0.62574},"2024-07":{"txs":42,"uniq":12,"trade":0,"nft":8,"gas":0.000005,"bal":0.001556,"days":4,"spread":0.129032,"streak":1,"rank_m":208746,"pct_m":0.221941,"gas_method":"estimated"},"2024-08":{"txs":12,"uniq":11,"trade":0,"nft":8,"gas":0.000001,"bal":0.00102,"days":4,"spread":0.129032,"streak":2,"rank_m":272736,"pct_m":0.289977,"gas_method":"estimated"},"2024-09":{"txs":2,"uniq":1,"trade":0,"nft":0,"gas":0,"bal":0.000302,"days":1,"spread":0.033333,"streak":1,"rank_m":488762,"pct_m":0.519659,"gas_method":"estimated"},"2024-10":{"txs":4,"uniq":2,"trade":2,"nft":1,"gas":0,"bal":0.003524,"days":3,"spread":0.096774,"streak":2,"rank_m":284222,"pct_m":0.302189,"gas_method":"estimated"},"2024-11":{"txs":0,"uniq":0,"trade":0,"nft":0,"gas":0,"bal":0.003524,"days":0,"spread":0,"streak":0,"rank_m":588835,"pct_m":0.626059},"2024-12":{"txs":84,"uniq":20,"trade":0,"nft":0,"gas":0.001654,"bal":0.007426,"days":11,"spread":0.354839,"streak":3,"rank_m":81983,"pct_m":0.087165,"gas_method":"exact"},"2025-01":{"txs":45,"uniq":14,"trade":0,"nft":0,"gas":0.001117,"bal":0.005048,"days":7,"spread":0.225806,"streak":2,"rank_m":122182,"pct_m":0.129905,"gas_method":"exact"},"2025-02":{"txs":7,"uniq":6,"trade":1,"nft":0,"gas":0.000049,"bal":0.001616,"days":2,"spread":0.071429,"streak":1,"rank_m":290408,"pct_m":0.308766,"gas_method":"exact"},"2025-03":{"txs":1,"uniq":1,"trade":0,"nft":0,"gas":0.000008,"bal":0.000563,"days":1,"spread":0.032258,"streak":1,"rank_m":490322,"pct_m":0.521318,"gas_method":"exact"},"2025-04":{"txs":10,"uniq":9,"trade":1,"nft":0,"gas":0.00006,"bal":0.001344,"days":4,"spread":0.133333,"streak":3,"rank_m":175563,"pct_m":0.186661,"gas_method":"exact"},"2025-05":{"txs":0,"uniq":0,"trade":0,"nft":0,"gas":0,"bal":0.001344,"days":0,"spread":0,"streak":0,"rank_m":684680,"pct_m":0.727963},"2025-06":{"txs":47,"uniq":12,"trade":0,"nft":0,"gas":0.000331,"bal":0.003515,"days":10,"spread":0.333333,"streak":5,"rank_m":175697,"pct_m":0.186803,"gas_method":"estimated"},"2025-07":{"txs":50,"uniq":21,"trade":3,"nft":4,"gas":0.000352,"bal":0.024979,"days":8,"spread":0.258065,"streak":2,"rank_m":31091,"pct_m":0.033055,"gas_method":"estimated"},"2025-08":{"txs":15,"uniq":9,"trade":0,"nft":0,"gas":0.000106,"bal":0.024204,"days":5,"spread":0.16129,"streak":1,"rank_m":136319,"pct_m":0.144936,"gas_method":"estimated"},"2025-09":{"txs":8,"uniq":6,"trade":0,"nft":0,"gas":0.000056,"bal":0.006432,"days":4,"spread":0.133333,"streak":2,"rank_m":247607,"pct_m":0.263259,"gas_method":"estimated"},"2025-10":{"txs":0,"uniq":0,"trade":0,"nft":0,"gas":0,"bal":0.006432,"days":0,"spread":0,"streak":0,"rank_m":471429,"pct_m":0.501231}}}