{"wallet":"0x6d2ea04bb8658ec4c47edf88774ee8a4161914d7","rank":466584,"lifetime":{"months_active":21,"first":"2023-07","last":"2025-10","tx_sum":120,"uniq_sum":76,"trade_sum":6,"nft_sum":18,"gas_sum":0.002256,"avg_balance_eth_mean":0.006414,"streak_best_days":2,"gas_sum_filled":0.002256},"months":{"2023-07":{"txs":0,"uniq":0,"trade":0,"nft":0,"gas":0,"bal":0,"days":0,"spread":0,"streak":0,"rank_m":561194,"pct_m":0.59667},"2023-08":{"txs":24,"uniq":17,"trade":0,"nft":9,"gas":0.000674,"bal":0.000421,"days":1,"spread":0.032258,"streak":1,"rank_m":91699,"pct_m":0.097495,"gas_method":"exact"},"2023-09":{"txs":4,"uniq":3,"trade":0,"nft":0,"gas":0.000206,"bal":0.001836,"days":2,"spread":0.066667,"streak":1,"rank_m":114639,"pct_m":0.121885,"gas_method":"estimated"},"2023-10":{"txs":6,"uniq":3,"trade":0,"nft":1,"gas":0.000081,"bal":0.001013,"days":2,"spread":0.064516,"streak":1,"rank_m":109416,"pct_m":0.116332,"gas_method":"estimated"},"2023-11":{"txs":0,"uniq":0,"trade":0,"nft":0,"gas":0,"bal":0.001013,"days":0,"spread":0,"streak":0,"rank_m":285373,"pct_m":0.303413},"2023-12":{"txs":2,"uniq":1,"trade":0,"nft":2,"gas":0.000088,"bal":0.001185,"days":1,"spread":0.032258,"streak":1,"rank_m":150139,"pct_m":0.159629,"gas_method":"estimated"},"2024-01":{"txs":4,"uniq":3,"trade":0,"nft":0,"gas":0.000164,"bal":0.001436,"days":2,"spread":0.064516,"streak":1,"rank_m":150829,"pct_m":0.160363,"gas_method":"estimated"},"2024-02":{"txs":15,"uniq":6,"trade":1,"nft":3,"gas":0.000348,"bal":0.002547,"days":5,"spread":0.172414,"streak":1,"rank_m":102571,"pct_m":0.109054,"gas_method":"estimated"},"2024-03":{"txs":13,"uniq":8,"trade":4,"nft":0,"gas":0.000452,"bal":0.005589,"days":3,"spread":0.096774,"streak":1,"rank_m":165243,"pct_m":0.175688,"gas_method":"estimated"},"2024-04":{"txs":4,"uniq":2,"trade":0,"nft":0,"gas":0.000017,"bal":0.003254,"days":2,"spread":0.066667,"streak":1,"rank_m":397562,"pct_m":0.422694,"gas_method":"estimated"},"2024-05":{"txs":2,"uniq":2,"trade":0,"nft":1,"gas":0.000003,"bal":0.011957,"days":2,"spread":0.064516,"streak":1,"rank_m":346531,"pct_m":0.368437,"gas_method":"estimated"},"2024-06":{"txs":8,"uniq":7,"trade":0,"nft":1,"gas":0,"bal":0.01404,"days":6,"spread":0.2,"streak":1,"rank_m":203005,"pct_m":0.215837,"gas_method":"estimated"},"2024-07":{"txs":7,"uniq":3,"trade":1,"nft":0,"gas":0.000002,"bal":0.009162,"days":3,"spread":0.096774,"streak":2,"rank_m":199971,"pct_m":0.212612,"gas_method":"estimated"},"2024-08":{"txs":4,"uniq":3,"trade":0,"nft":0,"gas":0.000001,"bal":0.007456,"days":2,"spread":0.064516,"streak":1,"rank_m":361160,"pct_m":0.383991,"gas_method":"estimated"},"2024-09":{"txs":3,"uniq":1,"trade":0,"nft":0,"gas":0,"bal":0.006031,"days":3,"spread":0.1,"streak":1,"rank_m":333857,"pct_m":0.354962,"gas_method":"estimated"},"2024-10":{"txs":4,"uniq":3,"trade":0,"nft":1,"gas":0,"bal":0.010003,"days":3,"spread":0.096774,"streak":1,"rank_m":304675,"pct_m":0.323935,"gas_method":"estimated"},"2024-11":{"txs":3,"uniq":2,"trade":0,"nft":0,"gas":0.000007,"bal":0.011266,"days":3,"spread":0.1,"streak":1,"rank_m":369622,"pct_m":0.392988,"gas_method":"exact"},"2024-12":{"txs":2,"uniq":2,"trade":0,"nft":0,"gas":0.000044,"bal":0.009073,"days":2,"spread":0.064516,"streak":1,"rank_m":467367,"pct_m":0.496912,"gas_method":"exact"},"2025-01":{"txs":5,"uniq":2,"trade":0,"nft":0,"gas":0.000104,"bal":0.000088,"days":3,"spread":0.096774,"streak":1,"rank_m":491536,"pct_m":0.522609,"gas_method":"exact"},"2025-02":{"txs":1,"uniq":0,"trade":0,"nft":0,"gas":0.000013,"bal":0.000555,"days":1,"spread":0.035714,"streak":1,"rank_m":607438,"pct_m":0.645838,"gas_method":"estimated"},"2025-03":{"txs":2,"uniq":1,"trade":0,"nft":0,"gas":0.000008,"bal":0.002161,"days":1,"spread":0.032258,"streak":1,"rank_m":451241,"pct_m":0.479766,"gas_method":"exact"},"2025-04":{"txs":5,"uniq":5,"trade":0,"nft":0,"gas":0.00003,"bal":0.008643,"days":2,"spread":0.066667,"streak":1,"rank_m":309084,"pct_m":0.328623,"gas_method":"exact"},"2025-05":{"txs":2,"uniq":2,"trade":0,"nft":0,"gas":0.000014,"bal":0.01181,"days":2,"spread":0.064516,"streak":1,"rank_m":269132,"pct_m":0.286145,"gas_method":"estimated"},"2025-06":{"txs":0,"uniq":0,"trade":0,"nft":0,"gas":0,"bal":0.01181,"days":0,"spread":0,"streak":0,"rank_m":519737,"pct_m":0.552593},"2025-07":{"txs":0,"uniq":0,"trade":0,"nft":0,"gas":0,"bal":0.01181,"days":0,"spread":0,"streak":0,"rank_m":537174,"pct_m":0.571132},"2025-08":{"txs":0,"uniq":0,"trade":0,"nft":0,"gas":0,"bal":0.01181,"days":0,"spread":0,"streak":0,"rank_m":514051,"pct_m":0.546547},"2025-09":{"txs":0,"uniq":0,"trade":0,"nft":0,"gas":0,"bal":0.01181,"days":0,"spread":0,"streak":0,"rank_m":507842,"pct_m":0.539946},"2025-10":{"txs":0,"uniq":0,"trade":0,"nft":0,"gas":0,"bal":0.01181,"days":0,"spread":0,"streak":0,"rank_m":415772,"pct_m":0.442055}}}