{"wallet":"0x6d2185d930b7ac6b5b7a552c7f2e76ff7c84ac32","rank":280711,"lifetime":{"months_active":10,"first":"2023-07","last":"2025-10","tx_sum":147,"uniq_sum":110,"trade_sum":1,"nft_sum":96,"gas_sum":0.010496,"avg_balance_eth_mean":0.09398,"streak_best_days":10,"gas_sum_filled":0.010496},"months":{"2023-07":{"txs":5,"uniq":2,"trade":0,"nft":2,"gas":0.002104,"bal":0.000253,"days":1,"spread":0.032258,"streak":1,"rank_m":26614,"pct_m":0.028295,"gas_method":"estimated"},"2023-08":{"txs":103,"uniq":83,"trade":1,"nft":82,"gas":0.007339,"bal":0.030339,"days":16,"spread":0.516129,"streak":10,"rank_m":3314,"pct_m":0.003522,"gas_method":"exact"},"2023-09":{"txs":5,"uniq":2,"trade":0,"nft":2,"gas":0.000163,"bal":0.052146,"days":4,"spread":0.133333,"streak":1,"rank_m":58063,"pct_m":0.061733,"gas_method":"exact"},"2023-10":{"txs":0,"uniq":0,"trade":0,"nft":0,"gas":0,"bal":0.052146,"days":0,"spread":0,"streak":0,"rank_m":215395,"pct_m":0.229011},"2023-11":{"txs":1,"uniq":1,"trade":0,"nft":0,"gas":0.000057,"bal":0.03546,"days":1,"spread":0.033333,"streak":1,"rank_m":99638,"pct_m":0.105936,"gas_method":"estimated"},"2023-12":{"txs":0,"uniq":0,"trade":0,"nft":0,"gas":0,"bal":0.03546,"days":0,"spread":0,"streak":0,"rank_m":227762,"pct_m":0.24216},"2024-01":{"txs":0,"uniq":0,"trade":0,"nft":0,"gas":0,"bal":0.03546,"days":0,"spread":0,"streak":0,"rank_m":236381,"pct_m":0.251323},"2024-02":{"txs":2,"uniq":2,"trade":0,"nft":4,"gas":0.000113,"bal":0.022766,"days":2,"spread":0.068966,"streak":2,"rank_m":119189,"pct_m":0.126723,"gas_method":"estimated"},"2024-03":{"txs":5,"uniq":4,"trade":0,"nft":1,"gas":0.000422,"bal":0.029341,"days":2,"spread":0.064516,"streak":1,"rank_m":210847,"pct_m":0.224175,"gas_method":"estimated"},"2024-04":{"txs":21,"uniq":13,"trade":0,"nft":5,"gas":0.000218,"bal":0.209694,"days":8,"spread":0.266667,"streak":5,"rank_m":91854,"pct_m":0.09766,"gas_method":"estimated"},"2024-05":{"txs":0,"uniq":0,"trade":0,"nft":0,"gas":0,"bal":0.209694,"days":0,"spread":0,"streak":0,"rank_m":452313,"pct_m":0.480906},"2024-06":{"txs":0,"uniq":0,"trade":0,"nft":0,"gas":0,"bal":0.209694,"days":0,"spread":0,"streak":0,"rank_m":457258,"pct_m":0.486164},"2024-07":{"txs":0,"uniq":0,"trade":0,"nft":0,"gas":0,"bal":0.209694,"days":0,"spread":0,"streak":0,"rank_m":452068,"pct_m":0.480646},"2024-08":{"txs":0,"uniq":0,"trade":0,"nft":0,"gas":0,"bal":0.209694,"days":0,"spread":0,"streak":0,"rank_m":456783,"pct_m":0.485659},"2024-09":{"txs":0,"uniq":0,"trade":0,"nft":0,"gas":0,"bal":0.209694,"days":0,"spread":0,"streak":0,"rank_m":418660,"pct_m":0.445126},"2024-10":{"txs":0,"uniq":0,"trade":0,"nft":0,"gas":0,"bal":0.209694,"days":0,"spread":0,"streak":0,"rank_m":462719,"pct_m":0.49197},"2024-11":{"txs":0,"uniq":0,"trade":0,"nft":0,"gas":0,"bal":0.209694,"days":0,"spread":0,"streak":0,"rank_m":511936,"pct_m":0.544298},"2024-12":{"txs":3,"uniq":3,"trade":0,"nft":0,"gas":0.000066,"bal":0.060848,"days":3,"spread":0.096774,"streak":1,"rank_m":391347,"pct_m":0.416086,"gas_method":"exact"},"2025-01":{"txs":0,"uniq":0,"trade":0,"nft":0,"gas":0,"bal":0.060848,"days":0,"spread":0,"streak":0,"rank_m":563729,"pct_m":0.599366},"2025-02":{"txs":0,"uniq":0,"trade":0,"nft":0,"gas":0,"bal":0.060848,"days":0,"spread":0,"streak":0,"rank_m":549127,"pct_m":0.583841},"2025-03":{"txs":0,"uniq":0,"trade":0,"nft":0,"gas":0,"bal":0.060848,"days":0,"spread":0,"streak":0,"rank_m":525952,"pct_m":0.559201},"2025-04":{"txs":0,"uniq":0,"trade":0,"nft":0,"gas":0,"bal":0.060848,"days":0,"spread":0,"streak":0,"rank_m":562979,"pct_m":0.598568},"2025-05":{"txs":0,"uniq":0,"trade":0,"nft":0,"gas":0,"bal":0.060848,"days":0,"spread":0,"streak":0,"rank_m":423243,"pct_m":0.449998},"2025-06":{"txs":0,"uniq":0,"trade":0,"nft":0,"gas":0,"bal":0.060848,"days":0,"spread":0,"streak":0,"rank_m":425779,"pct_m":0.452695},"2025-07":{"txs":1,"uniq":0,"trade":0,"nft":0,"gas":0.000007,"bal":0.058575,"days":1,"spread":0.032258,"streak":1,"rank_m":319753,"pct_m":0.339966,"gas_method":"estimated"},"2025-08":{"txs":1,"uniq":0,"trade":0,"nft":0,"gas":0.000007,"bal":0.058671,"days":1,"spread":0.032258,"streak":1,"rank_m":293702,"pct_m":0.312268,"gas_method":"estimated"},"2025-09":{"txs":0,"uniq":0,"trade":0,"nft":0,"gas":0,"bal":0.058671,"days":0,"spread":0,"streak":0,"rank_m":419768,"pct_m":0.446304},"2025-10":{"txs":0,"uniq":0,"trade":0,"nft":0,"gas":0,"bal":0.058671,"days":0,"spread":0,"streak":0,"rank_m":323518,"pct_m":0.343969}}}