{"wallet":"0x6dc36164612bffbe678e7386af46d274b6a9c6eb","rank":650919,"lifetime":{"months_active":15,"first":"2023-07","last":"2025-10","tx_sum":124,"uniq_sum":61,"trade_sum":0,"nft_sum":17,"gas_sum":0.003466,"avg_balance_eth_mean":0.002014,"streak_best_days":3,"gas_sum_filled":0.003466},"months":{"2023-07":{"txs":0,"uniq":0,"trade":0,"nft":0,"gas":0,"bal":0,"days":0,"spread":0,"streak":0,"rank_m":559220,"pct_m":0.594572},"2023-08":{"txs":0,"uniq":0,"trade":0,"nft":0,"gas":0,"bal":0,"days":0,"spread":0,"streak":0,"rank_m":608611,"pct_m":0.647085},"2023-09":{"txs":15,"uniq":11,"trade":0,"nft":0,"gas":0.000318,"bal":0.00024,"days":1,"spread":0.033333,"streak":1,"rank_m":119375,"pct_m":0.126921,"gas_method":"estimated"},"2023-10":{"txs":7,"uniq":6,"trade":0,"nft":0,"gas":0.000024,"bal":0.000739,"days":6,"spread":0.193548,"streak":1,"rank_m":77307,"pct_m":0.082193,"gas_method":"exact"},"2023-11":{"txs":2,"uniq":2,"trade":0,"nft":2,"gas":0.000019,"bal":0.00049,"days":2,"spread":0.066667,"streak":1,"rank_m":124182,"pct_m":0.132031,"gas_method":"estimated"},"2023-12":{"txs":2,"uniq":2,"trade":0,"nft":2,"gas":0.000036,"bal":0.000406,"days":2,"spread":0.064516,"streak":1,"rank_m":150535,"pct_m":0.16005,"gas_method":"estimated"},"2024-01":{"txs":0,"uniq":0,"trade":0,"nft":0,"gas":0,"bal":0.000406,"days":0,"spread":0,"streak":0,"rank_m":339538,"pct_m":0.361002},"2024-02":{"txs":1,"uniq":1,"trade":0,"nft":1,"gas":0.00001,"bal":0.000318,"days":1,"spread":0.034483,"streak":1,"rank_m":264113,"pct_m":0.280809,"gas_method":"estimated"},"2024-03":{"txs":35,"uniq":9,"trade":0,"nft":2,"gas":0.002911,"bal":0.004266,"days":6,"spread":0.193548,"streak":3,"rank_m":88090,"pct_m":0.093658,"gas_method":"exact"},"2024-04":{"txs":10,"uniq":5,"trade":0,"nft":3,"gas":0.000018,"bal":0.004713,"days":3,"spread":0.1,"streak":1,"rank_m":320067,"pct_m":0.3403,"gas_method":"estimated"},"2024-05":{"txs":38,"uniq":14,"trade":0,"nft":5,"gas":0.000022,"bal":0.005205,"days":2,"spread":0.064516,"streak":1,"rank_m":227126,"pct_m":0.241483,"gas_method":"estimated"},"2024-06":{"txs":3,"uniq":2,"trade":0,"nft":2,"gas":0,"bal":0.004359,"days":2,"spread":0.066667,"streak":1,"rank_m":367953,"pct_m":0.391213,"gas_method":"estimated"},"2024-07":{"txs":0,"uniq":0,"trade":0,"nft":0,"gas":0,"bal":0.004359,"days":0,"spread":0,"streak":0,"rank_m":534298,"pct_m":0.568074},"2024-08":{"txs":0,"uniq":0,"trade":0,"nft":0,"gas":0,"bal":0.004359,"days":0,"spread":0,"streak":0,"rank_m":545265,"pct_m":0.579734},"2024-09":{"txs":0,"uniq":0,"trade":0,"nft":0,"gas":0,"bal":0.004359,"days":0,"spread":0,"streak":0,"rank_m":522945,"pct_m":0.556003},"2024-10":{"txs":0,"uniq":0,"trade":0,"nft":0,"gas":0,"bal":0.004359,"days":0,"spread":0,"streak":0,"rank_m":569073,"pct_m":0.605048},"2024-11":{"txs":1,"uniq":1,"trade":0,"nft":0,"gas":0.000002,"bal":0.001296,"days":1,"spread":0.033333,"streak":1,"rank_m":485275,"pct_m":0.515952,"gas_method":"exact"},"2024-12":{"txs":3,"uniq":3,"trade":0,"nft":0,"gas":0.000066,"bal":0.006333,"days":2,"spread":0.064516,"streak":1,"rank_m":452144,"pct_m":0.480727,"gas_method":"exact"},"2025-01":{"txs":0,"uniq":0,"trade":0,"nft":0,"gas":0,"bal":0.006333,"days":0,"spread":0,"streak":0,"rank_m":611037,"pct_m":0.649664},"2025-02":{"txs":1,"uniq":1,"trade":0,"nft":0,"gas":0.000007,"bal":0.000324,"days":1,"spread":0.035714,"streak":1,"rank_m":537059,"pct_m":0.57101,"gas_method":"exact"},"2025-03":{"txs":0,"uniq":0,"trade":0,"nft":0,"gas":0,"bal":0.000324,"days":0,"spread":0,"streak":0,"rank_m":742427,"pct_m":0.789361},"2025-04":{"txs":3,"uniq":2,"trade":0,"nft":0,"gas":0.000012,"bal":0.001379,"days":3,"spread":0.1,"streak":2,"rank_m":406479,"pct_m":0.432175,"gas_method":"exact"},"2025-05":{"txs":1,"uniq":1,"trade":0,"nft":0,"gas":0.000007,"bal":0.000779,"days":1,"spread":0.032258,"streak":1,"rank_m":546735,"pct_m":0.581297,"gas_method":"estimated"},"2025-06":{"txs":0,"uniq":0,"trade":0,"nft":0,"gas":0,"bal":0.000779,"days":0,"spread":0,"streak":0,"rank_m":724252,"pct_m":0.770037},"2025-07":{"txs":2,"uniq":1,"trade":0,"nft":0,"gas":0.000014,"bal":0.000067,"days":1,"spread":0.032258,"streak":1,"rank_m":675083,"pct_m":0.717759,"gas_method":"estimated"},"2025-08":{"txs":0,"uniq":0,"trade":0,"nft":0,"gas":0,"bal":0.000067,"days":0,"spread":0,"streak":0,"rank_m":866747,"pct_m":0.92154},"2025-09":{"txs":0,"uniq":0,"trade":0,"nft":0,"gas":0,"bal":0.000067,"days":0,"spread":0,"streak":0,"rank_m":863145,"pct_m":0.91771},"2025-10":{"txs":0,"uniq":0,"trade":0,"nft":0,"gas":0,"bal":0.000067,"days":0,"spread":0,"streak":0,"rank_m":835500,"pct_m":0.888317}}}