{"wallet":"0x6d6a6ba72d6c13ff10645305ee690256c94f6ff2","rank":47347,"lifetime":{"months_active":11,"first":"2023-07","last":"2025-10","tx_sum":1455,"uniq_sum":362,"trade_sum":3,"nft_sum":1,"gas_sum":0.011673,"avg_balance_eth_mean":1.013885,"streak_best_days":29,"gas_sum_filled":0.011673},"months":{"2023-07":{"txs":9,"uniq":2,"trade":0,"nft":0,"gas":0.00017,"bal":0.000166,"days":2,"spread":0.064516,"streak":2,"rank_m":22949,"pct_m":0.024399,"gas_method":"exact"},"2023-08":{"txs":0,"uniq":2,"trade":0,"nft":0,"gas":0.000947,"bal":0.00083,"days":0,"spread":0,"streak":0,"rank_m":260474,"pct_m":0.27694},"2023-09":{"txs":0,"uniq":0,"trade":0,"nft":0,"gas":0,"bal":0.00083,"days":0,"spread":0,"streak":0,"rank_m":273419,"pct_m":0.290703},"2023-10":{"txs":0,"uniq":0,"trade":0,"nft":0,"gas":0,"bal":0.00083,"days":0,"spread":0,"streak":0,"rank_m":282097,"pct_m":0.29993},"2023-11":{"txs":0,"uniq":0,"trade":0,"nft":0,"gas":0,"bal":0.00083,"days":0,"spread":0,"streak":0,"rank_m":290750,"pct_m":0.30913},"2023-12":{"txs":0,"uniq":0,"trade":0,"nft":0,"gas":0,"bal":0.00083,"days":0,"spread":0,"streak":0,"rank_m":310171,"pct_m":0.329778},"2024-01":{"txs":0,"uniq":0,"trade":0,"nft":0,"gas":0,"bal":0.00083,"days":0,"spread":0,"streak":0,"rank_m":320396,"pct_m":0.34065},"2024-02":{"txs":0,"uniq":0,"trade":0,"nft":0,"gas":0,"bal":0.00083,"days":0,"spread":0,"streak":0,"rank_m":369778,"pct_m":0.393154},"2024-03":{"txs":53,"uniq":14,"trade":0,"nft":1,"gas":0.000966,"bal":0.055087,"days":8,"spread":0.258065,"streak":3,"rank_m":56337,"pct_m":0.059897,"gas_method":"estimated"},"2024-04":{"txs":0,"uniq":0,"trade":0,"nft":0,"gas":0,"bal":0.055087,"days":0,"spread":0,"streak":0,"rank_m":444958,"pct_m":0.473086},"2024-05":{"txs":0,"uniq":0,"trade":0,"nft":0,"gas":0,"bal":0.055087,"days":0,"spread":0,"streak":0,"rank_m":461626,"pct_m":0.490808},"2024-06":{"txs":0,"uniq":0,"trade":0,"nft":0,"gas":0,"bal":0.055087,"days":0,"spread":0,"streak":0,"rank_m":468697,"pct_m":0.498326},"2024-07":{"txs":0,"uniq":0,"trade":0,"nft":0,"gas":0,"bal":0.055087,"days":0,"spread":0,"streak":0,"rank_m":464591,"pct_m":0.49396},"2024-08":{"txs":0,"uniq":0,"trade":0,"nft":0,"gas":0,"bal":0.055087,"days":0,"spread":0,"streak":0,"rank_m":470202,"pct_m":0.499926},"2024-09":{"txs":0,"uniq":0,"trade":0,"nft":0,"gas":0,"bal":0.055087,"days":0,"spread":0,"streak":0,"rank_m":435138,"pct_m":0.462645},"2024-10":{"txs":17,"uniq":4,"trade":0,"nft":0,"gas":0.000001,"bal":0.380356,"days":2,"spread":0.064516,"streak":2,"rank_m":177146,"pct_m":0.188344,"gas_method":"estimated"},"2024-11":{"txs":286,"uniq":68,"trade":0,"nft":0,"gas":0.000651,"bal":0.742316,"days":24,"spread":0.8,"streak":12,"rank_m":6882,"pct_m":0.007316,"gas_method":"exact"},"2024-12":{"txs":284,"uniq":79,"trade":0,"nft":0,"gas":0.006262,"bal":1.614,"days":28,"spread":0.903226,"streak":14,"rank_m":4460,"pct_m":0.004741,"gas_method":"exact"},"2025-01":{"txs":473,"uniq":97,"trade":2,"nft":0,"gas":0.000237,"bal":2.927109,"days":30,"spread":0.967742,"streak":19,"rank_m":5830,"pct_m":0.006197,"gas_method":"exact"},"2025-02":{"txs":186,"uniq":48,"trade":1,"nft":0,"gas":0.001309,"bal":3.141222,"days":20,"spread":0.714286,"streak":6,"rank_m":1748,"pct_m":0.001857,"gas_method":"exact"},"2025-03":{"txs":127,"uniq":37,"trade":0,"nft":0,"gas":0.001003,"bal":3.037356,"days":18,"spread":0.580645,"streak":7,"rank_m":5218,"pct_m":0.005547,"gas_method":"exact"},"2025-04":{"txs":14,"uniq":7,"trade":0,"nft":0,"gas":0.000085,"bal":2.166954,"days":6,"spread":0.2,"streak":2,"rank_m":72851,"pct_m":0.077455,"gas_method":"exact"},"2025-05":{"txs":5,"uniq":3,"trade":0,"nft":0,"gas":0.000035,"bal":1.941829,"days":3,"spread":0.096774,"streak":2,"rank_m":80336,"pct_m":0.085414,"gas_method":"estimated"},"2025-06":{"txs":1,"uniq":1,"trade":0,"nft":0,"gas":0.000007,"bal":2.409212,"days":1,"spread":0.033333,"streak":1,"rank_m":222977,"pct_m":0.237072,"gas_method":"estimated"},"2025-07":{"txs":0,"uniq":0,"trade":0,"nft":0,"gas":0,"bal":2.409212,"days":0,"spread":0,"streak":0,"rank_m":399750,"pct_m":0.42502},"2025-08":{"txs":0,"uniq":0,"trade":0,"nft":0,"gas":0,"bal":2.409212,"days":0,"spread":0,"streak":0,"rank_m":380266,"pct_m":0.404305},"2025-09":{"txs":0,"uniq":0,"trade":0,"nft":0,"gas":0,"bal":2.409212,"days":0,"spread":0,"streak":0,"rank_m":380329,"pct_m":0.404372},"2025-10":{"txs":0,"uniq":0,"trade":0,"nft":0,"gas":0,"bal":2.409212,"days":0,"spread":0,"streak":0,"rank_m":283362,"pct_m":0.301274}}}