{"wallet":"0x6d295df1c8acb52bd9b4635196f37f45b982c65d","rank":195897,"lifetime":{"months_active":26,"first":"2023-07","last":"2025-10","tx_sum":435,"uniq_sum":121,"trade_sum":8,"nft_sum":35,"gas_sum":0.003957,"avg_balance_eth_mean":0.00175,"streak_best_days":5,"gas_sum_filled":0.003957},"months":{"2023-07":{"txs":0,"uniq":0,"trade":0,"nft":0,"gas":0,"bal":0,"days":0,"spread":0,"streak":0,"rank_m":561258,"pct_m":0.596738},"2023-08":{"txs":7,"uniq":4,"trade":0,"nft":1,"gas":0.000402,"bal":0.000511,"days":1,"spread":0.032258,"streak":1,"rank_m":128174,"pct_m":0.136276,"gas_method":"exact"},"2023-09":{"txs":1,"uniq":1,"trade":0,"nft":1,"gas":0.000057,"bal":0.002058,"days":1,"spread":0.033333,"streak":1,"rank_m":127282,"pct_m":0.135327,"gas_method":"estimated"},"2023-10":{"txs":1,"uniq":1,"trade":0,"nft":1,"gas":0.000015,"bal":0.00007,"days":1,"spread":0.032258,"streak":1,"rank_m":147840,"pct_m":0.157185,"gas_method":"estimated"},"2023-11":{"txs":1,"uniq":1,"trade":0,"nft":0,"gas":0.000026,"bal":0.000048,"days":1,"spread":0.033333,"streak":1,"rank_m":169041,"pct_m":0.179726,"gas_method":"estimated"},"2023-12":{"txs":6,"uniq":3,"trade":0,"nft":2,"gas":0.000295,"bal":0.000118,"days":2,"spread":0.064516,"streak":2,"rank_m":131370,"pct_m":0.139674,"gas_method":"estimated"},"2024-01":{"txs":5,"uniq":2,"trade":0,"nft":1,"gas":0.000132,"bal":0.00008,"days":1,"spread":0.032258,"streak":1,"rank_m":146392,"pct_m":0.155646,"gas_method":"exact"},"2024-02":{"txs":2,"uniq":2,"trade":0,"nft":2,"gas":0.000052,"bal":0.000112,"days":1,"spread":0.034483,"streak":1,"rank_m":256134,"pct_m":0.272325,"gas_method":"estimated"},"2024-03":{"txs":9,"uniq":7,"trade":0,"nft":1,"gas":0.000349,"bal":0.00037,"days":3,"spread":0.096774,"streak":1,"rank_m":287819,"pct_m":0.306013,"gas_method":"estimated"},"2024-04":{"txs":5,"uniq":3,"trade":0,"nft":0,"gas":0.000024,"bal":0.001247,"days":3,"spread":0.1,"streak":1,"rank_m":406739,"pct_m":0.432451,"gas_method":"estimated"},"2024-05":{"txs":8,"uniq":6,"trade":0,"nft":4,"gas":0.000013,"bal":0.00021,"days":2,"spread":0.064516,"streak":1,"rank_m":396616,"pct_m":0.421688,"gas_method":"estimated"},"2024-06":{"txs":0,"uniq":0,"trade":0,"nft":0,"gas":0,"bal":0.00021,"days":0,"spread":0,"streak":0,"rank_m":603592,"pct_m":0.641749},"2024-07":{"txs":8,"uniq":6,"trade":0,"nft":4,"gas":0.000002,"bal":0.000084,"days":3,"spread":0.096774,"streak":1,"rank_m":383207,"pct_m":0.407431,"gas_method":"estimated"},"2024-08":{"txs":10,"uniq":7,"trade":0,"nft":7,"gas":0.000002,"bal":0.000084,"days":4,"spread":0.129032,"streak":1,"rank_m":388302,"pct_m":0.412849,"gas_method":"estimated"},"2024-09":{"txs":10,"uniq":5,"trade":0,"nft":3,"gas":0.000001,"bal":0.000445,"days":5,"spread":0.166667,"streak":1,"rank_m":307055,"pct_m":0.326465,"gas_method":"estimated"},"2024-10":{"txs":8,"uniq":4,"trade":0,"nft":1,"gas":0.000001,"bal":0.000985,"days":4,"spread":0.129032,"streak":1,"rank_m":377492,"pct_m":0.401355,"gas_method":"estimated"},"2024-11":{"txs":6,"uniq":2,"trade":0,"nft":0,"gas":0.000005,"bal":0.004263,"days":3,"spread":0.1,"streak":1,"rank_m":394274,"pct_m":0.419198,"gas_method":"exact"},"2024-12":{"txs":8,"uniq":5,"trade":0,"nft":0,"gas":0.000176,"bal":0.005433,"days":5,"spread":0.16129,"streak":2,"rank_m":321519,"pct_m":0.341844,"gas_method":"exact"},"2025-01":{"txs":1,"uniq":1,"trade":0,"nft":0,"gas":0.000026,"bal":0.003161,"days":1,"spread":0.032258,"streak":1,"rank_m":511431,"pct_m":0.543762,"gas_method":"exact"},"2025-02":{"txs":6,"uniq":4,"trade":0,"nft":0,"gas":0.000035,"bal":0.002086,"days":3,"spread":0.107143,"streak":1,"rank_m":341474,"pct_m":0.36306,"gas_method":"exact"},"2025-03":{"txs":2,"uniq":2,"trade":0,"nft":0,"gas":0.000016,"bal":0.001488,"days":2,"spread":0.064516,"streak":1,"rank_m":419792,"pct_m":0.446329,"gas_method":"exact"},"2025-04":{"txs":1,"uniq":1,"trade":0,"nft":0,"gas":0.000006,"bal":0.000647,"days":1,"spread":0.033333,"streak":1,"rank_m":528162,"pct_m":0.56155,"gas_method":"exact"},"2025-05":{"txs":5,"uniq":5,"trade":0,"nft":0,"gas":0.000035,"bal":0.001345,"days":4,"spread":0.129032,"streak":2,"rank_m":322684,"pct_m":0.343082,"gas_method":"estimated"},"2025-06":{"txs":29,"uniq":10,"trade":5,"nft":0,"gas":0.000204,"bal":0.003835,"days":12,"spread":0.4,"streak":2,"rank_m":135505,"pct_m":0.14407,"gas_method":"estimated"},"2025-07":{"txs":79,"uniq":15,"trade":1,"nft":5,"gas":0.000556,"bal":0.004742,"days":17,"spread":0.548387,"streak":5,"rank_m":52739,"pct_m":0.056072,"gas_method":"estimated"},"2025-08":{"txs":60,"uniq":13,"trade":1,"nft":0,"gas":0.000422,"bal":0.004904,"days":11,"spread":0.354839,"streak":3,"rank_m":73147,"pct_m":0.07777,"gas_method":"estimated"},"2025-09":{"txs":40,"uniq":6,"trade":0,"nft":1,"gas":0.000282,"bal":0.004138,"days":10,"spread":0.333333,"streak":2,"rank_m":143911,"pct_m":0.153008,"gas_method":"estimated"},"2025-10":{"txs":117,"uniq":5,"trade":1,"nft":1,"gas":0.000823,"bal":0.006334,"days":6,"spread":0.193548,"streak":2,"rank_m":55941,"pct_m":0.059476,"gas_method":"estimated"}}}