{"wallet":"0x6db82d036775340b3c5ba21cb40a67059758d5a8","rank":99483,"lifetime":{"months_active":21,"first":"2023-07","last":"2025-10","tx_sum":801,"uniq_sum":141,"trade_sum":2,"nft_sum":41,"gas_sum":0.004434,"avg_balance_eth_mean":0.001689,"streak_best_days":92,"gas_sum_filled":0.004434},"months":{"2023-07":{"txs":0,"uniq":0,"trade":0,"nft":0,"gas":0,"bal":0,"days":0,"spread":0,"streak":0,"rank_m":559366,"pct_m":0.594727},"2023-08":{"txs":0,"uniq":0,"trade":0,"nft":0,"gas":0,"bal":0,"days":0,"spread":0,"streak":0,"rank_m":608738,"pct_m":0.64722},"2023-09":{"txs":0,"uniq":0,"trade":0,"nft":0,"gas":0,"bal":0,"days":0,"spread":0,"streak":0,"rank_m":621929,"pct_m":0.661245},"2023-10":{"txs":6,"uniq":2,"trade":0,"nft":2,"gas":0.000028,"bal":0.002101,"days":1,"spread":0.032258,"streak":1,"rank_m":104901,"pct_m":0.111532,"gas_method":"estimated"},"2023-11":{"txs":0,"uniq":0,"trade":0,"nft":0,"gas":0,"bal":0.002101,"days":0,"spread":0,"streak":0,"rank_m":265804,"pct_m":0.282606},"2023-12":{"txs":12,"uniq":7,"trade":0,"nft":4,"gas":0.000183,"bal":0.005041,"days":5,"spread":0.16129,"streak":3,"rank_m":35469,"pct_m":0.03771,"gas_method":"estimated"},"2024-01":{"txs":4,"uniq":1,"trade":0,"nft":1,"gas":0.000206,"bal":0.000226,"days":1,"spread":0.032258,"streak":1,"rank_m":146012,"pct_m":0.155242,"gas_method":"exact"},"2024-02":{"txs":13,"uniq":7,"trade":0,"nft":4,"gas":0.000778,"bal":0.00225,"days":5,"spread":0.172414,"streak":1,"rank_m":85896,"pct_m":0.091325,"gas_method":"exact"},"2024-03":{"txs":0,"uniq":0,"trade":0,"nft":0,"gas":0,"bal":0.00225,"days":0,"spread":0,"streak":0,"rank_m":406766,"pct_m":0.43248},"2024-04":{"txs":16,"uniq":9,"trade":0,"nft":9,"gas":0.000024,"bal":0.000617,"days":6,"spread":0.2,"streak":1,"rank_m":316815,"pct_m":0.336842,"gas_method":"estimated"},"2024-05":{"txs":36,"uniq":7,"trade":0,"nft":5,"gas":0.000018,"bal":0.006193,"days":23,"spread":0.741935,"streak":12,"rank_m":104738,"pct_m":0.111358,"gas_method":"estimated"},"2024-06":{"txs":89,"uniq":14,"trade":0,"nft":7,"gas":0,"bal":0.003475,"days":30,"spread":1,"streak":30,"rank_m":41380,"pct_m":0.043995,"gas_method":"exact"},"2024-07":{"txs":106,"uniq":9,"trade":0,"nft":4,"gas":0.000002,"bal":0.002919,"days":31,"spread":1,"streak":31,"rank_m":40993,"pct_m":0.043583,"gas_method":"exact"},"2024-08":{"txs":66,"uniq":3,"trade":0,"nft":1,"gas":0.000002,"bal":0.000723,"days":30,"spread":0.967742,"streak":26,"rank_m":127749,"pct_m":0.135824,"gas_method":"exact"},"2024-09":{"txs":81,"uniq":4,"trade":0,"nft":0,"gas":0,"bal":0.000421,"days":30,"spread":1,"streak":30,"rank_m":129029,"pct_m":0.137185,"gas_method":"exact"},"2024-10":{"txs":79,"uniq":10,"trade":0,"nft":2,"gas":0.000001,"bal":0.003368,"days":31,"spread":1,"streak":31,"rank_m":49862,"pct_m":0.053013,"gas_method":"exact"},"2024-11":{"txs":67,"uniq":12,"trade":0,"nft":2,"gas":0.000152,"bal":0.004186,"days":26,"spread":0.866667,"streak":14,"rank_m":49252,"pct_m":0.052365,"gas_method":"exact"},"2024-12":{"txs":30,"uniq":9,"trade":0,"nft":0,"gas":0.000661,"bal":0.000551,"days":19,"spread":0.612903,"streak":4,"rank_m":195013,"pct_m":0.20734,"gas_method":"exact"},"2025-01":{"txs":53,"uniq":14,"trade":0,"nft":0,"gas":0.001351,"bal":0.002861,"days":14,"spread":0.451613,"streak":3,"rank_m":93922,"pct_m":0.099858,"gas_method":"exact"},"2025-02":{"txs":71,"uniq":13,"trade":2,"nft":0,"gas":0.0005,"bal":0.003808,"days":24,"spread":0.857143,"streak":20,"rank_m":28035,"pct_m":0.029806,"gas_method":"exact"},"2025-03":{"txs":25,"uniq":2,"trade":0,"nft":0,"gas":0.000198,"bal":0.000873,"days":15,"spread":0.483871,"streak":12,"rank_m":180420,"pct_m":0.191825,"gas_method":"exact"},"2025-04":{"txs":0,"uniq":0,"trade":0,"nft":0,"gas":0,"bal":0.000873,"days":0,"spread":0,"streak":0,"rank_m":718150,"pct_m":0.763549},"2025-05":{"txs":9,"uniq":7,"trade":0,"nft":0,"gas":0.000063,"bal":0.000711,"days":2,"spread":0.064516,"streak":1,"rank_m":410679,"pct_m":0.43664,"gas_method":"estimated"},"2025-06":{"txs":0,"uniq":0,"trade":0,"nft":0,"gas":0,"bal":0.000711,"days":0,"spread":0,"streak":0,"rank_m":728813,"pct_m":0.774886},"2025-07":{"txs":3,"uniq":2,"trade":0,"nft":0,"gas":0.000021,"bal":0.000109,"days":2,"spread":0.064516,"streak":1,"rank_m":625837,"pct_m":0.6654,"gas_method":"estimated"},"2025-08":{"txs":9,"uniq":3,"trade":0,"nft":0,"gas":0.000063,"bal":0.000187,"days":5,"spread":0.16129,"streak":1,"rank_m":532533,"pct_m":0.566198,"gas_method":"estimated"},"2025-09":{"txs":20,"uniq":5,"trade":0,"nft":0,"gas":0.000141,"bal":0.000427,"days":11,"spread":0.366667,"streak":3,"rank_m":358959,"pct_m":0.381651,"gas_method":"estimated"},"2025-10":{"txs":6,"uniq":1,"trade":0,"nft":0,"gas":0.000042,"bal":0.000301,"days":6,"spread":0.193548,"streak":4,"rank_m":356010,"pct_m":0.378515,"gas_method":"estimated"}}}