{"wallet":"0x6d78b31fd737789a862051a1bb4e3e297a4e6234","rank":678798,"lifetime":{"months_active":15,"first":"2023-07","last":"2025-10","tx_sum":165,"uniq_sum":67,"trade_sum":1,"nft_sum":1,"gas_sum":0.001033,"avg_balance_eth_mean":0.003676,"streak_best_days":2,"gas_sum_filled":0.001033},"months":{"2023-07":{"txs":0,"uniq":0,"trade":0,"nft":0,"gas":0,"bal":0,"days":0,"spread":0,"streak":0,"rank_m":560219,"pct_m":0.595634},"2023-08":{"txs":0,"uniq":0,"trade":0,"nft":0,"gas":0,"bal":0,"days":0,"spread":0,"streak":0,"rank_m":609480,"pct_m":0.648009},"2023-09":{"txs":1,"uniq":1,"trade":0,"nft":1,"gas":0.000029,"bal":0.000163,"days":1,"spread":0.033333,"streak":1,"rank_m":141786,"pct_m":0.150748,"gas_method":"estimated"},"2023-10":{"txs":0,"uniq":0,"trade":0,"nft":0,"gas":0,"bal":0.000163,"days":0,"spread":0,"streak":0,"rank_m":307024,"pct_m":0.326432},"2023-11":{"txs":0,"uniq":0,"trade":0,"nft":0,"gas":0,"bal":0.000163,"days":0,"spread":0,"streak":0,"rank_m":320209,"pct_m":0.340451},"2023-12":{"txs":0,"uniq":0,"trade":0,"nft":0,"gas":0,"bal":0.000163,"days":0,"spread":0,"streak":0,"rank_m":342228,"pct_m":0.363862},"2024-01":{"txs":0,"uniq":0,"trade":0,"nft":0,"gas":0,"bal":0.000163,"days":0,"spread":0,"streak":0,"rank_m":357759,"pct_m":0.380375},"2024-02":{"txs":0,"uniq":0,"trade":0,"nft":0,"gas":0,"bal":0.000163,"days":0,"spread":0,"streak":0,"rank_m":405363,"pct_m":0.430988},"2024-03":{"txs":0,"uniq":0,"trade":0,"nft":0,"gas":0,"bal":0.000163,"days":0,"spread":0,"streak":0,"rank_m":479005,"pct_m":0.509286},"2024-04":{"txs":2,"uniq":2,"trade":0,"nft":0,"gas":0.000005,"bal":0.000196,"days":1,"spread":0.033333,"streak":1,"rank_m":457274,"pct_m":0.486181,"gas_method":"estimated"},"2024-05":{"txs":2,"uniq":1,"trade":0,"nft":0,"gas":0.000002,"bal":0.000583,"days":1,"spread":0.032258,"streak":1,"rank_m":473421,"pct_m":0.503349,"gas_method":"estimated"},"2024-06":{"txs":0,"uniq":0,"trade":0,"nft":0,"gas":0,"bal":0.000583,"days":0,"spread":0,"streak":0,"rank_m":575222,"pct_m":0.611585},"2024-07":{"txs":0,"uniq":0,"trade":0,"nft":0,"gas":0,"bal":0.000583,"days":0,"spread":0,"streak":0,"rank_m":589172,"pct_m":0.626417},"2024-08":{"txs":0,"uniq":0,"trade":0,"nft":0,"gas":0,"bal":0.000583,"days":0,"spread":0,"streak":0,"rank_m":601121,"pct_m":0.639122},"2024-09":{"txs":2,"uniq":1,"trade":0,"nft":0,"gas":0,"bal":0.001806,"days":1,"spread":0.033333,"streak":1,"rank_m":423735,"pct_m":0.450522,"gas_method":"estimated"},"2024-10":{"txs":3,"uniq":3,"trade":0,"nft":0,"gas":0,"bal":0.001162,"days":2,"spread":0.064516,"streak":1,"rank_m":455372,"pct_m":0.484159,"gas_method":"estimated"},"2024-11":{"txs":23,"uniq":11,"trade":0,"nft":0,"gas":0.000053,"bal":0.00737,"days":4,"spread":0.133333,"streak":2,"rank_m":179195,"pct_m":0.190522,"gas_method":"exact"},"2024-12":{"txs":1,"uniq":1,"trade":0,"nft":0,"gas":0.000022,"bal":0.00202,"days":1,"spread":0.032258,"streak":1,"rank_m":542950,"pct_m":0.577273,"gas_method":"exact"},"2025-01":{"txs":0,"uniq":0,"trade":0,"nft":0,"gas":0,"bal":0.00202,"days":0,"spread":0,"streak":0,"rank_m":642935,"pct_m":0.683579},"2025-02":{"txs":3,"uniq":1,"trade":0,"nft":0,"gas":0.000021,"bal":0.001355,"days":2,"spread":0.071429,"streak":1,"rank_m":441857,"pct_m":0.469789,"gas_method":"exact"},"2025-03":{"txs":1,"uniq":1,"trade":0,"nft":0,"gas":0.000008,"bal":0.001424,"days":1,"spread":0.032258,"streak":1,"rank_m":466946,"pct_m":0.496464,"gas_method":"exact"},"2025-04":{"txs":0,"uniq":0,"trade":0,"nft":0,"gas":0,"bal":0.001424,"days":0,"spread":0,"streak":0,"rank_m":692119,"pct_m":0.735872},"2025-05":{"txs":1,"uniq":1,"trade":0,"nft":0,"gas":0.000007,"bal":0.002097,"days":1,"spread":0.032258,"streak":1,"rank_m":465512,"pct_m":0.49494,"gas_method":"estimated"},"2025-06":{"txs":23,"uniq":11,"trade":0,"nft":0,"gas":0.000162,"bal":0.009835,"days":8,"spread":0.266667,"streak":1,"rank_m":169487,"pct_m":0.180201,"gas_method":"estimated"},"2025-07":{"txs":35,"uniq":10,"trade":0,"nft":0,"gas":0.000246,"bal":0.023138,"days":7,"spread":0.225806,"streak":2,"rank_m":91158,"pct_m":0.09692,"gas_method":"estimated"},"2025-08":{"txs":37,"uniq":10,"trade":0,"nft":0,"gas":0.00026,"bal":0.021492,"days":10,"spread":0.322581,"streak":2,"rank_m":64966,"pct_m":0.069072,"gas_method":"estimated"},"2025-09":{"txs":22,"uniq":9,"trade":1,"nft":0,"gas":0.000155,"bal":0.0064,"days":10,"spread":0.333333,"streak":2,"rank_m":98698,"pct_m":0.104936,"gas_method":"estimated"},"2025-10":{"txs":9,"uniq":4,"trade":0,"nft":0,"gas":0.000063,"bal":0.01772,"days":4,"spread":0.129032,"streak":1,"rank_m":102337,"pct_m":0.108805,"gas_method":"estimated"}}}