{"wallet":"0x6a0820f00a3fc2f3c2bc8e54e7fe5f261825e049","rank":604719,"lifetime":{"months_active":12,"first":"2023-07","last":"2025-10","tx_sum":230,"uniq_sum":47,"trade_sum":0,"nft_sum":7,"gas_sum":0.001798,"avg_balance_eth_mean":0.003688,"streak_best_days":3,"gas_sum_filled":0.001798},"months":{"2023-07":{"txs":0,"uniq":0,"trade":0,"nft":0,"gas":0,"bal":0,"days":0,"spread":0,"streak":0,"rank_m":572101,"pct_m":0.608267},"2023-08":{"txs":0,"uniq":0,"trade":0,"nft":0,"gas":0,"bal":0,"days":0,"spread":0,"streak":0,"rank_m":619786,"pct_m":0.658966},"2023-09":{"txs":0,"uniq":0,"trade":0,"nft":0,"gas":0,"bal":0,"days":0,"spread":0,"streak":0,"rank_m":632542,"pct_m":0.672529},"2023-10":{"txs":0,"uniq":0,"trade":0,"nft":0,"gas":0,"bal":0,"days":0,"spread":0,"streak":0,"rank_m":642843,"pct_m":0.683481},"2023-11":{"txs":16,"uniq":5,"trade":0,"nft":0,"gas":0.00042,"bal":0.00167,"days":2,"spread":0.066667,"streak":1,"rank_m":98985,"pct_m":0.105242,"gas_method":"estimated"},"2023-12":{"txs":157,"uniq":7,"trade":0,"nft":1,"gas":0.000074,"bal":0.017986,"days":7,"spread":0.225806,"streak":3,"rank_m":14751,"pct_m":0.015682,"gas_method":"exact"},"2024-01":{"txs":14,"uniq":3,"trade":0,"nft":0,"gas":0.001012,"bal":0.014202,"days":2,"spread":0.064516,"streak":1,"rank_m":65917,"pct_m":0.070083,"gas_method":"exact"},"2024-02":{"txs":0,"uniq":0,"trade":0,"nft":0,"gas":0,"bal":0.014202,"days":0,"spread":0,"streak":0,"rank_m":296155,"pct_m":0.314876},"2024-03":{"txs":1,"uniq":1,"trade":0,"nft":0,"gas":0.000039,"bal":0.003485,"days":1,"spread":0.032258,"streak":1,"rank_m":323622,"pct_m":0.34408,"gas_method":"estimated"},"2024-04":{"txs":0,"uniq":0,"trade":0,"nft":0,"gas":0,"bal":0.003485,"days":0,"spread":0,"streak":0,"rank_m":479844,"pct_m":0.510178},"2024-05":{"txs":0,"uniq":0,"trade":0,"nft":0,"gas":0,"bal":0.003485,"days":0,"spread":0,"streak":0,"rank_m":508110,"pct_m":0.540231},"2024-06":{"txs":9,"uniq":7,"trade":0,"nft":3,"gas":0.000001,"bal":0.001367,"days":4,"spread":0.133333,"streak":1,"rank_m":310481,"pct_m":0.330108,"gas_method":"estimated"},"2024-07":{"txs":12,"uniq":8,"trade":0,"nft":1,"gas":0.000003,"bal":0.006949,"days":5,"spread":0.16129,"streak":2,"rank_m":189221,"pct_m":0.201182,"gas_method":"estimated"},"2024-08":{"txs":0,"uniq":0,"trade":0,"nft":0,"gas":0,"bal":0.006949,"days":0,"spread":0,"streak":0,"rank_m":530929,"pct_m":0.564492},"2024-09":{"txs":6,"uniq":4,"trade":0,"nft":1,"gas":0,"bal":0.000505,"days":2,"spread":0.066667,"streak":1,"rank_m":373980,"pct_m":0.397621,"gas_method":"estimated"},"2024-10":{"txs":1,"uniq":1,"trade":0,"nft":1,"gas":0,"bal":0.002382,"days":1,"spread":0.032258,"streak":1,"rank_m":439782,"pct_m":0.467583,"gas_method":"estimated"},"2024-11":{"txs":0,"uniq":0,"trade":0,"nft":0,"gas":0,"bal":0.002382,"days":0,"spread":0,"streak":0,"rank_m":601379,"pct_m":0.639396},"2024-12":{"txs":1,"uniq":1,"trade":0,"nft":0,"gas":0.000022,"bal":0.0099,"days":1,"spread":0.032258,"streak":1,"rank_m":507450,"pct_m":0.539529,"gas_method":"exact"},"2025-01":{"txs":7,"uniq":4,"trade":0,"nft":0,"gas":0.000182,"bal":0.009887,"days":4,"spread":0.129032,"streak":2,"rank_m":294483,"pct_m":0.313099,"gas_method":"exact"},"2025-02":{"txs":3,"uniq":3,"trade":0,"nft":0,"gas":0.000021,"bal":0.002458,"days":1,"spread":0.035714,"streak":1,"rank_m":425688,"pct_m":0.452598,"gas_method":"exact"},"2025-03":{"txs":3,"uniq":3,"trade":0,"nft":0,"gas":0.000024,"bal":0.000245,"days":1,"spread":0.032258,"streak":1,"rank_m":455484,"pct_m":0.484278,"gas_method":"exact"},"2025-04":{"txs":0,"uniq":0,"trade":0,"nft":0,"gas":0,"bal":0.000245,"days":0,"spread":0,"streak":0,"rank_m":774332,"pct_m":0.823283},"2025-05":{"txs":0,"uniq":0,"trade":0,"nft":0,"gas":0,"bal":0.000245,"days":0,"spread":0,"streak":0,"rank_m":784534,"pct_m":0.83413},"2025-06":{"txs":0,"uniq":0,"trade":0,"nft":0,"gas":0,"bal":0.000245,"days":0,"spread":0,"streak":0,"rank_m":787935,"pct_m":0.837746},"2025-07":{"txs":0,"uniq":0,"trade":0,"nft":0,"gas":0,"bal":0.000245,"days":0,"spread":0,"streak":0,"rank_m":807440,"pct_m":0.858484},"2025-08":{"txs":0,"uniq":0,"trade":0,"nft":0,"gas":0,"bal":0.000245,"days":0,"spread":0,"streak":0,"rank_m":791810,"pct_m":0.841865},"2025-09":{"txs":0,"uniq":0,"trade":0,"nft":0,"gas":0,"bal":0.000245,"days":0,"spread":0,"streak":0,"rank_m":779281,"pct_m":0.828544},"2025-10":{"txs":0,"uniq":0,"trade":0,"nft":0,"gas":0,"bal":0.000245,"days":0,"spread":0,"streak":0,"rank_m":732815,"pct_m":0.779141}}}