{"wallet":"0x6a1f4be0bdcc111b503844a235acc39a0e482030","rank":361238,"lifetime":{"months_active":16,"first":"2023-07","last":"2025-10","tx_sum":153,"uniq_sum":66,"trade_sum":1,"nft_sum":8,"gas_sum":0.004246,"avg_balance_eth_mean":0.335754,"streak_best_days":4,"gas_sum_filled":0.004246},"months":{"2023-07":{"txs":0,"uniq":0,"trade":0,"nft":0,"gas":0,"bal":0,"days":0,"spread":0,"streak":0,"rank_m":571790,"pct_m":0.607936},"2023-08":{"txs":18,"uniq":5,"trade":0,"nft":2,"gas":0.000894,"bal":0.015571,"days":3,"spread":0.096774,"streak":1,"rank_m":79152,"pct_m":0.084155,"gas_method":"exact"},"2023-09":{"txs":0,"uniq":0,"trade":0,"nft":0,"gas":0,"bal":0.015571,"days":0,"spread":0,"streak":0,"rank_m":238194,"pct_m":0.253251},"2023-10":{"txs":19,"uniq":6,"trade":0,"nft":1,"gas":0.000364,"bal":0.018283,"days":6,"spread":0.193548,"streak":2,"rank_m":34824,"pct_m":0.037024,"gas_method":"estimated"},"2023-11":{"txs":6,"uniq":4,"trade":0,"nft":0,"gas":0.000199,"bal":0.014609,"days":1,"spread":0.033333,"streak":1,"rank_m":78761,"pct_m":0.083739,"gas_method":"estimated"},"2023-12":{"txs":4,"uniq":2,"trade":0,"nft":0,"gas":0.000249,"bal":0.012897,"days":2,"spread":0.064516,"streak":1,"rank_m":97572,"pct_m":0.103739,"gas_method":"estimated"},"2024-01":{"txs":41,"uniq":16,"trade":0,"nft":2,"gas":0.002229,"bal":0.017336,"days":5,"spread":0.16129,"streak":2,"rank_m":10966,"pct_m":0.011658,"gas_method":"exact"},"2024-02":{"txs":1,"uniq":1,"trade":0,"nft":1,"gas":0.000033,"bal":0.022259,"days":1,"spread":0.034483,"streak":1,"rank_m":181170,"pct_m":0.192622,"gas_method":"estimated"},"2024-03":{"txs":5,"uniq":4,"trade":0,"nft":0,"gas":0.000095,"bal":0.02185,"days":2,"spread":0.064516,"streak":1,"rank_m":216398,"pct_m":0.230077,"gas_method":"exact"},"2024-04":{"txs":2,"uniq":2,"trade":0,"nft":1,"gas":0.000012,"bal":0.01346,"days":1,"spread":0.033333,"streak":1,"rank_m":356031,"pct_m":0.378537,"gas_method":"estimated"},"2024-05":{"txs":31,"uniq":6,"trade":0,"nft":1,"gas":0.000062,"bal":0.01117,"days":10,"spread":0.322581,"streak":4,"rank_m":146014,"pct_m":0.155244,"gas_method":"estimated"},"2024-06":{"txs":7,"uniq":5,"trade":0,"nft":0,"gas":0,"bal":0.020841,"days":3,"spread":0.1,"streak":1,"rank_m":234004,"pct_m":0.248796,"gas_method":"exact"},"2024-07":{"txs":2,"uniq":2,"trade":0,"nft":0,"gas":0.000001,"bal":0.614012,"days":2,"spread":0.064516,"streak":1,"rank_m":280247,"pct_m":0.297963,"gas_method":"estimated"},"2024-08":{"txs":4,"uniq":3,"trade":1,"nft":0,"gas":0.000001,"bal":1.509778,"days":1,"spread":0.032258,"streak":1,"rank_m":221720,"pct_m":0.235736,"gas_method":"estimated"},"2024-09":{"txs":1,"uniq":1,"trade":0,"nft":0,"gas":0,"bal":1.309775,"days":1,"spread":0.033333,"streak":1,"rank_m":274520,"pct_m":0.291874,"gas_method":"estimated"},"2024-10":{"txs":0,"uniq":0,"trade":0,"nft":0,"gas":0,"bal":1.309775,"days":0,"spread":0,"streak":0,"rank_m":457363,"pct_m":0.486275},"2024-11":{"txs":0,"uniq":0,"trade":0,"nft":0,"gas":0,"bal":1.309775,"days":0,"spread":0,"streak":0,"rank_m":508722,"pct_m":0.540881},"2024-12":{"txs":1,"uniq":1,"trade":0,"nft":0,"gas":0.000022,"bal":0.509766,"days":1,"spread":0.032258,"streak":1,"rank_m":461910,"pct_m":0.49111,"gas_method":"exact"},"2025-01":{"txs":0,"uniq":0,"trade":0,"nft":0,"gas":0,"bal":0.509766,"days":0,"spread":0,"streak":0,"rank_m":551961,"pct_m":0.586854},"2025-02":{"txs":2,"uniq":2,"trade":0,"nft":0,"gas":0.000014,"bal":0.509764,"days":1,"spread":0.035714,"streak":1,"rank_m":365222,"pct_m":0.388309,"gas_method":"exact"},"2025-03":{"txs":9,"uniq":6,"trade":0,"nft":0,"gas":0.000071,"bal":0.204358,"days":1,"spread":0.032258,"streak":1,"rank_m":225269,"pct_m":0.239509,"gas_method":"exact"},"2025-04":{"txs":0,"uniq":0,"trade":0,"nft":0,"gas":0,"bal":0.204358,"days":0,"spread":0,"streak":0,"rank_m":550160,"pct_m":0.584939},"2025-05":{"txs":0,"uniq":0,"trade":0,"nft":0,"gas":0,"bal":0.204358,"days":0,"spread":0,"streak":0,"rank_m":394101,"pct_m":0.419014},"2025-06":{"txs":0,"uniq":0,"trade":0,"nft":0,"gas":0,"bal":0.204358,"days":0,"spread":0,"streak":0,"rank_m":397628,"pct_m":0.422764},"2025-07":{"txs":0,"uniq":0,"trade":0,"nft":0,"gas":0,"bal":0.204358,"days":0,"spread":0,"streak":0,"rank_m":417834,"pct_m":0.444248},"2025-08":{"txs":0,"uniq":0,"trade":0,"nft":0,"gas":0,"bal":0.204358,"days":0,"spread":0,"streak":0,"rank_m":397691,"pct_m":0.422831},"2025-09":{"txs":0,"uniq":0,"trade":0,"nft":0,"gas":0,"bal":0.204358,"days":0,"spread":0,"streak":0,"rank_m":396344,"pct_m":0.421399},"2025-10":{"txs":0,"uniq":0,"trade":0,"nft":0,"gas":0,"bal":0.204358,"days":0,"spread":0,"streak":0,"rank_m":299478,"pct_m":0.318409}}}