{"wallet":"0x6a89d953a021629625b14d83df3ce34795e66be8","rank":517726,"lifetime":{"months_active":19,"first":"2023-07","last":"2025-10","tx_sum":142,"uniq_sum":85,"trade_sum":2,"nft_sum":41,"gas_sum":0.001985,"avg_balance_eth_mean":0.001654,"streak_best_days":2,"gas_sum_filled":0.001985},"months":{"2023-07":{"txs":0,"uniq":0,"trade":0,"nft":0,"gas":0,"bal":0,"days":0,"spread":0,"streak":0,"rank_m":570343,"pct_m":0.606398},"2023-08":{"txs":10,"uniq":8,"trade":0,"nft":4,"gas":0.001272,"bal":0.000698,"days":5,"spread":0.16129,"streak":1,"rank_m":90501,"pct_m":0.096221,"gas_method":"exact"},"2023-09":{"txs":6,"uniq":5,"trade":0,"nft":3,"gas":0.000093,"bal":0.001069,"days":5,"spread":0.166667,"streak":1,"rank_m":72138,"pct_m":0.076697,"gas_method":"exact"},"2023-10":{"txs":4,"uniq":3,"trade":0,"nft":3,"gas":0.000029,"bal":0.000761,"days":3,"spread":0.096774,"streak":2,"rank_m":93986,"pct_m":0.099927,"gas_method":"estimated"},"2023-11":{"txs":5,"uniq":4,"trade":0,"nft":2,"gas":0.000063,"bal":0.002133,"days":4,"spread":0.133333,"streak":2,"rank_m":68186,"pct_m":0.072496,"gas_method":"estimated"},"2023-12":{"txs":3,"uniq":2,"trade":0,"nft":1,"gas":0.00007,"bal":0.002921,"days":3,"spread":0.096774,"streak":1,"rank_m":109888,"pct_m":0.116834,"gas_method":"estimated"},"2024-01":{"txs":3,"uniq":2,"trade":0,"nft":0,"gas":0.000069,"bal":0.002638,"days":3,"spread":0.096774,"streak":1,"rank_m":117663,"pct_m":0.1251,"gas_method":"exact"},"2024-02":{"txs":4,"uniq":4,"trade":0,"nft":1,"gas":0.000049,"bal":0.00205,"days":4,"spread":0.137931,"streak":1,"rank_m":172385,"pct_m":0.183282,"gas_method":"estimated"},"2024-03":{"txs":1,"uniq":1,"trade":0,"nft":1,"gas":0.000018,"bal":0.00166,"days":1,"spread":0.032258,"streak":1,"rank_m":327162,"pct_m":0.347843,"gas_method":"estimated"},"2024-04":{"txs":23,"uniq":12,"trade":0,"nft":5,"gas":0.000052,"bal":0.002179,"days":7,"spread":0.233333,"streak":2,"rank_m":234667,"pct_m":0.249501,"gas_method":"estimated"},"2024-05":{"txs":13,"uniq":10,"trade":1,"nft":3,"gas":0.00001,"bal":0.002169,"days":4,"spread":0.129032,"streak":1,"rank_m":262353,"pct_m":0.278937,"gas_method":"estimated"},"2024-06":{"txs":10,"uniq":7,"trade":1,"nft":0,"gas":0.000002,"bal":0.001838,"days":2,"spread":0.066667,"streak":1,"rank_m":231160,"pct_m":0.245772,"gas_method":"exact"},"2024-07":{"txs":1,"uniq":0,"trade":0,"nft":0,"gas":0,"bal":0.001679,"days":1,"spread":0.032258,"streak":1,"rank_m":478611,"pct_m":0.508867,"gas_method":"estimated"},"2024-08":{"txs":20,"uniq":19,"trade":0,"nft":17,"gas":0.000002,"bal":0.002118,"days":1,"spread":0.032258,"streak":1,"rank_m":273371,"pct_m":0.290652,"gas_method":"estimated"},"2024-09":{"txs":1,"uniq":1,"trade":0,"nft":0,"gas":0,"bal":0.003575,"days":1,"spread":0.033333,"streak":1,"rank_m":402733,"pct_m":0.428192,"gas_method":"estimated"},"2024-10":{"txs":3,"uniq":2,"trade":0,"nft":1,"gas":0,"bal":0.00128,"days":3,"spread":0.096774,"streak":1,"rank_m":352925,"pct_m":0.375235,"gas_method":"exact"},"2024-11":{"txs":1,"uniq":1,"trade":0,"nft":0,"gas":0.000002,"bal":0.00495,"days":1,"spread":0.033333,"streak":1,"rank_m":458161,"pct_m":0.487124,"gas_method":"exact"},"2024-12":{"txs":0,"uniq":0,"trade":0,"nft":0,"gas":0,"bal":0.00495,"days":0,"spread":0,"streak":0,"rank_m":632669,"pct_m":0.672664},"2025-01":{"txs":1,"uniq":1,"trade":0,"nft":0,"gas":0.000026,"bal":0.002817,"days":1,"spread":0.032258,"streak":1,"rank_m":514155,"pct_m":0.546658,"gas_method":"exact"},"2025-02":{"txs":2,"uniq":1,"trade":0,"nft":0,"gas":0.000007,"bal":0.000628,"days":1,"spread":0.035714,"streak":1,"rank_m":514662,"pct_m":0.547197,"gas_method":"exact"},"2025-03":{"txs":31,"uniq":2,"trade":0,"nft":0,"gas":0.000221,"bal":0.000525,"days":3,"spread":0.096774,"streak":2,"rank_m":264631,"pct_m":0.281359,"gas_method":"exact"},"2025-04":{"txs":0,"uniq":0,"trade":0,"nft":0,"gas":0,"bal":0.000525,"days":0,"spread":0,"streak":0,"rank_m":744781,"pct_m":0.791863},"2025-05":{"txs":0,"uniq":0,"trade":0,"nft":0,"gas":0,"bal":0.000525,"days":0,"spread":0,"streak":0,"rank_m":746655,"pct_m":0.793856},"2025-06":{"txs":0,"uniq":0,"trade":0,"nft":0,"gas":0,"bal":0.000525,"days":0,"spread":0,"streak":0,"rank_m":747805,"pct_m":0.795079},"2025-07":{"txs":0,"uniq":0,"trade":0,"nft":0,"gas":0,"bal":0.000525,"days":0,"spread":0,"streak":0,"rank_m":769411,"pct_m":0.81805},"2025-08":{"txs":0,"uniq":0,"trade":0,"nft":0,"gas":0,"bal":0.000525,"days":0,"spread":0,"streak":0,"rank_m":747843,"pct_m":0.795119},"2025-09":{"txs":0,"uniq":0,"trade":0,"nft":0,"gas":0,"bal":0.000525,"days":0,"spread":0,"streak":0,"rank_m":738161,"pct_m":0.784825},"2025-10":{"txs":0,"uniq":0,"trade":0,"nft":0,"gas":0,"bal":0.000525,"days":0,"spread":0,"streak":0,"rank_m":676134,"pct_m":0.718877}}}