{"wallet":"0x6a93a409e2780efbd34ef123d26db37bfb9e6df6","rank":528087,"lifetime":{"months_active":21,"first":"2023-07","last":"2025-10","tx_sum":137,"uniq_sum":86,"trade_sum":5,"nft_sum":11,"gas_sum":0.001837,"avg_balance_eth_mean":0.000919,"streak_best_days":0,"gas_sum_filled":0.001837},"months":{"2023-07":{"txs":3,"uniq":2,"trade":0,"nft":1,"gas":0.000433,"bal":0.00011,"days":2,"spread":0.064516,"streak":0,"rank_m":78210,"pct_m":0.083153,"gas_method":"exact"},"2023-08":{"txs":6,"uniq":7,"trade":0,"nft":3,"gas":0.000401,"bal":0.000273,"days":3,"spread":0.096774,"streak":0,"rank_m":159620,"pct_m":0.16971,"gas_method":"exact"},"2023-09":{"txs":0,"uniq":0,"trade":0,"nft":0,"gas":0,"bal":0.000273,"days":0,"spread":0,"streak":0,"rank_m":289539,"pct_m":0.307842},"2023-10":{"txs":0,"uniq":0,"trade":0,"nft":0,"gas":0,"bal":0.000273,"days":0,"spread":0,"streak":0,"rank_m":304350,"pct_m":0.323589},"2023-11":{"txs":0,"uniq":0,"trade":0,"nft":0,"gas":0,"bal":0.000273,"days":0,"spread":0,"streak":0,"rank_m":316541,"pct_m":0.336551},"2023-12":{"txs":0,"uniq":0,"trade":0,"nft":0,"gas":0,"bal":0.000273,"days":0,"spread":0,"streak":0,"rank_m":337748,"pct_m":0.359099},"2024-01":{"txs":0,"uniq":0,"trade":0,"nft":0,"gas":0,"bal":0.000273,"days":0,"spread":0,"streak":0,"rank_m":351867,"pct_m":0.37411},"2024-02":{"txs":1,"uniq":1,"trade":0,"nft":0,"gas":0.000024,"bal":0.000161,"days":1,"spread":0.034483,"streak":0,"rank_m":299577,"pct_m":0.318515,"gas_method":"estimated"},"2024-03":{"txs":3,"uniq":3,"trade":0,"nft":1,"gas":0.000107,"bal":0.000268,"days":1,"spread":0.032258,"streak":0,"rank_m":376267,"pct_m":0.400053,"gas_method":"estimated"},"2024-04":{"txs":11,"uniq":7,"trade":0,"nft":0,"gas":0.000049,"bal":0.000108,"days":2,"spread":0.066667,"streak":0,"rank_m":453167,"pct_m":0.481814,"gas_method":"estimated"},"2024-05":{"txs":1,"uniq":1,"trade":0,"nft":1,"gas":0.000001,"bal":0.000057,"days":1,"spread":0.032258,"streak":0,"rank_m":504822,"pct_m":0.536735,"gas_method":"estimated"},"2024-06":{"txs":4,"uniq":4,"trade":2,"nft":1,"gas":0,"bal":0.001181,"days":3,"spread":0.1,"streak":0,"rank_m":396728,"pct_m":0.421807,"gas_method":"estimated"},"2024-07":{"txs":1,"uniq":1,"trade":0,"nft":2,"gas":0,"bal":0.005149,"days":1,"spread":0.032258,"streak":0,"rank_m":437177,"pct_m":0.464813,"gas_method":"estimated"},"2024-08":{"txs":0,"uniq":0,"trade":0,"nft":0,"gas":0,"bal":0.005149,"days":0,"spread":0,"streak":0,"rank_m":541215,"pct_m":0.575428},"2024-09":{"txs":1,"uniq":1,"trade":0,"nft":0,"gas":0,"bal":0.004393,"days":1,"spread":0.033333,"streak":0,"rank_m":447588,"pct_m":0.475882,"gas_method":"estimated"},"2024-10":{"txs":3,"uniq":3,"trade":0,"nft":0,"gas":0,"bal":0.002678,"days":2,"spread":0.064516,"streak":0,"rank_m":468200,"pct_m":0.497798,"gas_method":"estimated"},"2024-11":{"txs":1,"uniq":1,"trade":0,"nft":0,"gas":0.000002,"bal":0.002211,"days":1,"spread":0.033333,"streak":0,"rank_m":513458,"pct_m":0.545917,"gas_method":"exact"},"2024-12":{"txs":2,"uniq":2,"trade":0,"nft":1,"gas":0.000044,"bal":0.000521,"days":1,"spread":0.032258,"streak":0,"rank_m":542216,"pct_m":0.576493,"gas_method":"exact"},"2025-01":{"txs":12,"uniq":8,"trade":1,"nft":0,"gas":0.000286,"bal":0.000821,"days":2,"spread":0.064516,"streak":0,"rank_m":374206,"pct_m":0.397861,"gas_method":"exact"},"2025-02":{"txs":20,"uniq":12,"trade":1,"nft":0,"gas":0.000099,"bal":0.00027,"days":8,"spread":0.285714,"streak":0,"rank_m":259587,"pct_m":0.275996,"gas_method":"exact"},"2025-03":{"txs":17,"uniq":8,"trade":0,"nft":1,"gas":0.000095,"bal":0.000075,"days":8,"spread":0.258065,"streak":0,"rank_m":326259,"pct_m":0.346883,"gas_method":"exact"},"2025-04":{"txs":26,"uniq":3,"trade":0,"nft":0,"gas":0.000121,"bal":0.000353,"days":3,"spread":0.1,"streak":0,"rank_m":369020,"pct_m":0.392348,"gas_method":"exact"},"2025-05":{"txs":3,"uniq":3,"trade":0,"nft":0,"gas":0.000021,"bal":0.000239,"days":1,"spread":0.032258,"streak":0,"rank_m":629479,"pct_m":0.669272,"gas_method":"estimated"},"2025-06":{"txs":1,"uniq":1,"trade":0,"nft":0,"gas":0.000007,"bal":0.000066,"days":1,"spread":0.033333,"streak":0,"rank_m":710389,"pct_m":0.755297,"gas_method":"estimated"},"2025-07":{"txs":0,"uniq":0,"trade":0,"nft":0,"gas":0,"bal":0.000066,"days":0,"spread":0,"streak":0,"rank_m":870073,"pct_m":0.925076},"2025-08":{"txs":9,"uniq":7,"trade":0,"nft":0,"gas":0.000063,"bal":0.000016,"days":3,"spread":0.096774,"streak":0,"rank_m":633343,"pct_m":0.673381,"gas_method":"estimated"},"2025-09":{"txs":6,"uniq":5,"trade":0,"nft":0,"gas":0.000042,"bal":0.000032,"days":1,"spread":0.033333,"streak":0,"rank_m":658098,"pct_m":0.6997,"gas_method":"estimated"},"2025-10":{"txs":6,"uniq":6,"trade":1,"nft":0,"gas":0.000042,"bal":0.000168,"days":3,"spread":0.096774,"streak":0,"rank_m":354268,"pct_m":0.376663,"gas_method":"estimated"}}}