{"wallet":"0x6a6225de96cc9d42d675055600d09dc1545f061e","rank":202500,"lifetime":{"months_active":20,"first":"2023-07","last":"2025-10","tx_sum":1274,"uniq_sum":280,"trade_sum":60,"nft_sum":113,"gas_sum":0.003574,"avg_balance_eth_mean":0.000056,"streak_best_days":0,"gas_sum_filled":0.003574},"months":{"2023-07":{"txs":0,"uniq":0,"trade":0,"nft":0,"gas":0,"bal":0,"days":0,"spread":0,"streak":0,"rank_m":570867,"pct_m":0.606955},"2023-08":{"txs":1,"uniq":0,"trade":0,"nft":1,"gas":0.000001,"bal":0.000007,"days":1,"spread":0.032258,"streak":0,"rank_m":205064,"pct_m":0.218027,"gas_method":"estimated"},"2023-09":{"txs":0,"uniq":0,"trade":0,"nft":0,"gas":0,"bal":0.000007,"days":0,"spread":0,"streak":0,"rank_m":305928,"pct_m":0.325267},"2023-10":{"txs":0,"uniq":0,"trade":0,"nft":0,"gas":0,"bal":0.000007,"days":0,"spread":0,"streak":0,"rank_m":326110,"pct_m":0.346725},"2023-11":{"txs":0,"uniq":0,"trade":0,"nft":0,"gas":0,"bal":0.000007,"days":0,"spread":0,"streak":0,"rank_m":343280,"pct_m":0.36498},"2023-12":{"txs":0,"uniq":0,"trade":0,"nft":0,"gas":0,"bal":0.000007,"days":0,"spread":0,"streak":0,"rank_m":367308,"pct_m":0.390527},"2024-01":{"txs":0,"uniq":0,"trade":0,"nft":0,"gas":0,"bal":0.000007,"days":0,"spread":0,"streak":0,"rank_m":386597,"pct_m":0.411036},"2024-02":{"txs":0,"uniq":0,"trade":0,"nft":0,"gas":0,"bal":0.000007,"days":0,"spread":0,"streak":0,"rank_m":432171,"pct_m":0.459491},"2024-03":{"txs":0,"uniq":0,"trade":0,"nft":0,"gas":0,"bal":0.000007,"days":0,"spread":0,"streak":0,"rank_m":504434,"pct_m":0.536322},"2024-04":{"txs":14,"uniq":7,"trade":0,"nft":3,"gas":0,"bal":0.000084,"days":4,"spread":0.133333,"streak":0,"rank_m":415198,"pct_m":0.441445,"gas_method":"estimated"},"2024-05":{"txs":5,"uniq":5,"trade":1,"nft":3,"gas":0,"bal":0.000188,"days":2,"spread":0.064516,"streak":0,"rank_m":436105,"pct_m":0.463674,"gas_method":"estimated"},"2024-06":{"txs":79,"uniq":20,"trade":0,"nft":7,"gas":0,"bal":0.000055,"days":14,"spread":0.466667,"streak":0,"rank_m":289094,"pct_m":0.307369,"gas_method":"estimated"},"2024-07":{"txs":71,"uniq":25,"trade":4,"nft":11,"gas":0.000004,"bal":0.000072,"days":15,"spread":0.483871,"streak":0,"rank_m":161059,"pct_m":0.17124,"gas_method":"exact"},"2024-08":{"txs":245,"uniq":46,"trade":30,"nft":35,"gas":0.000013,"bal":0.000148,"days":25,"spread":0.806452,"streak":0,"rank_m":122081,"pct_m":0.129798,"gas_method":"exact"},"2024-09":{"txs":189,"uniq":33,"trade":6,"nft":28,"gas":0.000003,"bal":0.000031,"days":25,"spread":0.833333,"streak":0,"rank_m":143255,"pct_m":0.15231,"gas_method":"exact"},"2024-10":{"txs":93,"uniq":33,"trade":7,"nft":21,"gas":0.000003,"bal":0.00007,"days":18,"spread":0.580645,"streak":0,"rank_m":158258,"pct_m":0.168262,"gas_method":"exact"},"2024-11":{"txs":68,"uniq":19,"trade":6,"nft":1,"gas":0.00014,"bal":0.000018,"days":26,"spread":0.866667,"streak":0,"rank_m":207640,"pct_m":0.220765,"gas_method":"exact"},"2024-12":{"txs":74,"uniq":18,"trade":2,"nft":1,"gas":0.000003,"bal":0.00008,"days":31,"spread":1,"streak":0,"rank_m":298109,"pct_m":0.316954,"gas_method":"exact"},"2025-01":{"txs":43,"uniq":7,"trade":0,"nft":0,"gas":0.001039,"bal":0.000024,"days":31,"spread":1,"streak":0,"rank_m":292900,"pct_m":0.311415,"gas_method":"exact"},"2025-02":{"txs":50,"uniq":14,"trade":2,"nft":1,"gas":0.00031,"bal":0.000186,"days":16,"spread":0.571429,"streak":0,"rank_m":199759,"pct_m":0.212386,"gas_method":"exact"},"2025-03":{"txs":27,"uniq":6,"trade":0,"nft":0,"gas":0.000158,"bal":0.000216,"days":15,"spread":0.483871,"streak":0,"rank_m":295165,"pct_m":0.313824,"gas_method":"exact"},"2025-04":{"txs":45,"uniq":10,"trade":0,"nft":0,"gas":0,"bal":0.000123,"days":30,"spread":1,"streak":0,"rank_m":382915,"pct_m":0.407121,"gas_method":"exact"},"2025-05":{"txs":50,"uniq":8,"trade":0,"nft":0,"gas":0.000352,"bal":0.000158,"days":31,"spread":1,"streak":0,"rank_m":434853,"pct_m":0.462342,"gas_method":"estimated"},"2025-06":{"txs":32,"uniq":1,"trade":0,"nft":0,"gas":0.000225,"bal":0.000018,"days":29,"spread":0.966667,"streak":0,"rank_m":588091,"pct_m":0.625268,"gas_method":"estimated"},"2025-07":{"txs":45,"uniq":6,"trade":2,"nft":0,"gas":0.000317,"bal":0.000015,"days":31,"spread":1,"streak":0,"rank_m":404401,"pct_m":0.429965,"gas_method":"estimated"},"2025-08":{"txs":34,"uniq":4,"trade":0,"nft":0,"gas":0.000239,"bal":0.000004,"days":30,"spread":0.967742,"streak":0,"rank_m":568988,"pct_m":0.604957,"gas_method":"estimated"},"2025-09":{"txs":70,"uniq":15,"trade":0,"nft":1,"gas":0.000493,"bal":0.000005,"days":27,"spread":0.9,"streak":0,"rank_m":376677,"pct_m":0.400489,"gas_method":"estimated"},"2025-10":{"txs":39,"uniq":3,"trade":0,"nft":0,"gas":0.000274,"bal":0.000005,"days":16,"spread":0.516129,"streak":0,"rank_m":481251,"pct_m":0.511674,"gas_method":"estimated"}}}