{"wallet":"0x6a9ca5f4f5b2304f1212716331774fe4e810571c","rank":722473,"lifetime":{"months_active":13,"first":"2023-07","last":"2025-10","tx_sum":215,"uniq_sum":47,"trade_sum":0,"nft_sum":3,"gas_sum":0.001573,"avg_balance_eth_mean":0.001623,"streak_best_days":5,"gas_sum_filled":0.001573},"months":{"2023-07":{"txs":0,"uniq":0,"trade":0,"nft":0,"gas":0,"bal":0,"days":0,"spread":0,"streak":0,"rank_m":570085,"pct_m":0.606123},"2023-08":{"txs":0,"uniq":0,"trade":0,"nft":0,"gas":0,"bal":0,"days":0,"spread":0,"streak":0,"rank_m":618044,"pct_m":0.657114},"2023-09":{"txs":1,"uniq":1,"trade":0,"nft":0,"gas":0.000035,"bal":0.000728,"days":1,"spread":0.033333,"streak":1,"rank_m":141997,"pct_m":0.150973,"gas_method":"estimated"},"2023-10":{"txs":3,"uniq":3,"trade":0,"nft":1,"gas":0.000027,"bal":0.001132,"days":3,"spread":0.096774,"streak":2,"rank_m":78098,"pct_m":0.083034,"gas_method":"exact"},"2023-11":{"txs":0,"uniq":0,"trade":0,"nft":0,"gas":0,"bal":0.001132,"days":0,"spread":0,"streak":0,"rank_m":285309,"pct_m":0.303345},"2023-12":{"txs":0,"uniq":0,"trade":0,"nft":0,"gas":0,"bal":0.001132,"days":0,"spread":0,"streak":0,"rank_m":303229,"pct_m":0.322397},"2024-01":{"txs":0,"uniq":0,"trade":0,"nft":0,"gas":0,"bal":0.001132,"days":0,"spread":0,"streak":0,"rank_m":313064,"pct_m":0.332854},"2024-02":{"txs":5,"uniq":3,"trade":0,"nft":2,"gas":0.000078,"bal":0.000396,"days":1,"spread":0.034483,"streak":1,"rank_m":231457,"pct_m":0.246088,"gas_method":"estimated"},"2024-03":{"txs":0,"uniq":0,"trade":0,"nft":0,"gas":0,"bal":0.000396,"days":0,"spread":0,"streak":0,"rank_m":464441,"pct_m":0.493801},"2024-04":{"txs":1,"uniq":1,"trade":0,"nft":0,"gas":0.000003,"bal":0.000281,"days":1,"spread":0.033333,"streak":1,"rank_m":462296,"pct_m":0.49152,"gas_method":"estimated"},"2024-05":{"txs":0,"uniq":0,"trade":0,"nft":0,"gas":0,"bal":0.000281,"days":0,"spread":0,"streak":0,"rank_m":575301,"pct_m":0.611669},"2024-06":{"txs":5,"uniq":5,"trade":0,"nft":0,"gas":0,"bal":0.000427,"days":2,"spread":0.066667,"streak":1,"rank_m":445232,"pct_m":0.473378,"gas_method":"estimated"},"2024-07":{"txs":0,"uniq":0,"trade":0,"nft":0,"gas":0,"bal":0.000427,"days":0,"spread":0,"streak":0,"rank_m":603490,"pct_m":0.64164},"2024-08":{"txs":0,"uniq":0,"trade":0,"nft":0,"gas":0,"bal":0.000427,"days":0,"spread":0,"streak":0,"rank_m":616739,"pct_m":0.655727},"2024-09":{"txs":0,"uniq":0,"trade":0,"nft":0,"gas":0,"bal":0.000427,"days":0,"spread":0,"streak":0,"rank_m":617731,"pct_m":0.656782},"2024-10":{"txs":1,"uniq":1,"trade":0,"nft":0,"gas":0,"bal":0.000532,"days":1,"spread":0.032258,"streak":1,"rank_m":535776,"pct_m":0.569646,"gas_method":"estimated"},"2024-11":{"txs":0,"uniq":0,"trade":0,"nft":0,"gas":0,"bal":0.000532,"days":0,"spread":0,"streak":0,"rank_m":654318,"pct_m":0.695682},"2024-12":{"txs":2,"uniq":2,"trade":0,"nft":0,"gas":0.000044,"bal":0.000226,"days":1,"spread":0.032258,"streak":1,"rank_m":562672,"pct_m":0.598242,"gas_method":"exact"},"2025-01":{"txs":0,"uniq":0,"trade":0,"nft":0,"gas":0,"bal":0.000226,"days":0,"spread":0,"streak":0,"rank_m":718231,"pct_m":0.763635},"2025-02":{"txs":0,"uniq":0,"trade":0,"nft":0,"gas":0,"bal":0.000226,"days":0,"spread":0,"streak":0,"rank_m":741524,"pct_m":0.788401},"2025-03":{"txs":0,"uniq":0,"trade":0,"nft":0,"gas":0,"bal":0.000226,"days":0,"spread":0,"streak":0,"rank_m":755212,"pct_m":0.802954},"2025-04":{"txs":1,"uniq":1,"trade":0,"nft":0,"gas":0.000006,"bal":0.000595,"days":1,"spread":0.033333,"streak":1,"rank_m":530896,"pct_m":0.564457,"gas_method":"exact"},"2025-05":{"txs":0,"uniq":0,"trade":0,"nft":0,"gas":0,"bal":0.000595,"days":0,"spread":0,"streak":0,"rank_m":738008,"pct_m":0.784662},"2025-06":{"txs":47,"uniq":10,"trade":0,"nft":0,"gas":0.000331,"bal":0.003021,"days":10,"spread":0.333333,"streak":4,"rank_m":200289,"pct_m":0.21295,"gas_method":"estimated"},"2025-07":{"txs":54,"uniq":5,"trade":0,"nft":0,"gas":0.00038,"bal":0.009308,"days":17,"spread":0.548387,"streak":4,"rank_m":110389,"pct_m":0.117366,"gas_method":"estimated"},"2025-08":{"txs":35,"uniq":5,"trade":0,"nft":0,"gas":0.000246,"bal":0.007477,"days":15,"spread":0.483871,"streak":3,"rank_m":136332,"pct_m":0.14495,"gas_method":"estimated"},"2025-09":{"txs":44,"uniq":8,"trade":0,"nft":0,"gas":0.00031,"bal":0.006708,"days":16,"spread":0.533333,"streak":5,"rank_m":97206,"pct_m":0.10335,"gas_method":"estimated"},"2025-10":{"txs":16,"uniq":2,"trade":0,"nft":0,"gas":0.000113,"bal":0.007447,"days":8,"spread":0.258065,"streak":3,"rank_m":117194,"pct_m":0.124602,"gas_method":"estimated"}}}