{"wallet":"0x6aba575db7bca76167908d8631a0787576712539","rank":175993,"lifetime":{"months_active":22,"first":"2023-07","last":"2025-10","tx_sum":277,"uniq_sum":160,"trade_sum":9,"nft_sum":67,"gas_sum":0.004103,"avg_balance_eth_mean":0.003661,"streak_best_days":3,"gas_sum_filled":0.004103},"months":{"2023-07":{"txs":4,"uniq":2,"trade":0,"nft":1,"gas":0.000173,"bal":0.000305,"days":2,"spread":0.064516,"streak":1,"rank_m":21235,"pct_m":0.022576,"gas_method":"exact"},"2023-08":{"txs":23,"uniq":14,"trade":2,"nft":5,"gas":0.002324,"bal":0.000681,"days":5,"spread":0.16129,"streak":2,"rank_m":55820,"pct_m":0.059348,"gas_method":"exact"},"2023-09":{"txs":2,"uniq":2,"trade":0,"nft":0,"gas":0.000051,"bal":0.000024,"days":1,"spread":0.033333,"streak":1,"rank_m":145551,"pct_m":0.154751,"gas_method":"estimated"},"2023-10":{"txs":0,"uniq":0,"trade":0,"nft":0,"gas":0,"bal":0.000024,"days":0,"spread":0,"streak":0,"rank_m":321583,"pct_m":0.341912},"2023-11":{"txs":16,"uniq":8,"trade":0,"nft":0,"gas":0.000186,"bal":0.0005,"days":3,"spread":0.1,"streak":2,"rank_m":100208,"pct_m":0.106542,"gas_method":"estimated"},"2023-12":{"txs":9,"uniq":6,"trade":0,"nft":2,"gas":0.00011,"bal":0.001104,"days":6,"spread":0.193548,"streak":2,"rank_m":48952,"pct_m":0.052046,"gas_method":"exact"},"2024-01":{"txs":23,"uniq":16,"trade":0,"nft":12,"gas":0.000099,"bal":0.000594,"days":5,"spread":0.16129,"streak":2,"rank_m":51469,"pct_m":0.054722,"gas_method":"exact"},"2024-02":{"txs":46,"uniq":21,"trade":3,"nft":11,"gas":0.000526,"bal":0.002552,"days":8,"spread":0.275862,"streak":3,"rank_m":38355,"pct_m":0.040779,"gas_method":"estimated"},"2024-03":{"txs":53,"uniq":32,"trade":3,"nft":21,"gas":0.000238,"bal":0.002998,"days":10,"spread":0.322581,"streak":2,"rank_m":45131,"pct_m":0.047983,"gas_method":"exact"},"2024-04":{"txs":13,"uniq":7,"trade":0,"nft":3,"gas":0.000028,"bal":0.005904,"days":3,"spread":0.1,"streak":1,"rank_m":295669,"pct_m":0.31436,"gas_method":"estimated"},"2024-05":{"txs":12,"uniq":9,"trade":0,"nft":4,"gas":0.000008,"bal":0.005192,"days":4,"spread":0.129032,"streak":1,"rank_m":258193,"pct_m":0.274514,"gas_method":"estimated"},"2024-06":{"txs":15,"uniq":7,"trade":0,"nft":1,"gas":0.000002,"bal":0.001258,"days":4,"spread":0.133333,"streak":2,"rank_m":204730,"pct_m":0.217672,"gas_method":"exact"},"2024-07":{"txs":0,"uniq":0,"trade":0,"nft":0,"gas":0,"bal":0.001258,"days":0,"spread":0,"streak":0,"rank_m":565353,"pct_m":0.601092},"2024-08":{"txs":5,"uniq":5,"trade":0,"nft":3,"gas":0,"bal":0.00162,"days":4,"spread":0.129032,"streak":2,"rank_m":313771,"pct_m":0.333606,"gas_method":"estimated"},"2024-09":{"txs":1,"uniq":1,"trade":0,"nft":0,"gas":0,"bal":0.00102,"days":1,"spread":0.033333,"streak":1,"rank_m":456183,"pct_m":0.485021,"gas_method":"estimated"},"2024-10":{"txs":3,"uniq":3,"trade":0,"nft":0,"gas":0,"bal":0.001275,"days":2,"spread":0.064516,"streak":1,"rank_m":451172,"pct_m":0.479693,"gas_method":"estimated"},"2024-11":{"txs":0,"uniq":0,"trade":0,"nft":0,"gas":0,"bal":0.001275,"days":0,"spread":0,"streak":0,"rank_m":622354,"pct_m":0.661697},"2024-12":{"txs":0,"uniq":0,"trade":0,"nft":0,"gas":0,"bal":0.001275,"days":0,"spread":0,"streak":0,"rank_m":666678,"pct_m":0.708823},"2025-01":{"txs":1,"uniq":1,"trade":0,"nft":0,"gas":0.000026,"bal":0.001144,"days":1,"spread":0.032258,"streak":1,"rank_m":533303,"pct_m":0.567016,"gas_method":"exact"},"2025-02":{"txs":5,"uniq":5,"trade":1,"nft":0,"gas":0.000035,"bal":0.000965,"days":3,"spread":0.107143,"streak":1,"rank_m":315026,"pct_m":0.33494,"gas_method":"exact"},"2025-03":{"txs":14,"uniq":6,"trade":0,"nft":2,"gas":0.000087,"bal":0.009049,"days":4,"spread":0.129032,"streak":2,"rank_m":146961,"pct_m":0.15625,"gas_method":"exact"},"2025-04":{"txs":8,"uniq":5,"trade":0,"nft":0,"gas":0.000042,"bal":0.013353,"days":4,"spread":0.133333,"streak":2,"rank_m":191098,"pct_m":0.203178,"gas_method":"exact"},"2025-05":{"txs":11,"uniq":5,"trade":0,"nft":0,"gas":0.000077,"bal":0.012578,"days":4,"spread":0.129032,"streak":2,"rank_m":124529,"pct_m":0.1324,"gas_method":"estimated"},"2025-06":{"txs":5,"uniq":2,"trade":0,"nft":0,"gas":0.000035,"bal":0.008992,"days":2,"spread":0.066667,"streak":1,"rank_m":315242,"pct_m":0.33517,"gas_method":"estimated"},"2025-07":{"txs":0,"uniq":0,"trade":0,"nft":0,"gas":0,"bal":0.008992,"days":0,"spread":0,"streak":0,"rank_m":564407,"pct_m":0.600087},"2025-08":{"txs":2,"uniq":2,"trade":0,"nft":1,"gas":0.000014,"bal":0.006451,"days":1,"spread":0.032258,"streak":1,"rank_m":327831,"pct_m":0.348555,"gas_method":"estimated"},"2025-09":{"txs":6,"uniq":1,"trade":0,"nft":1,"gas":0.000042,"bal":0.006056,"days":4,"spread":0.133333,"streak":3,"rank_m":243624,"pct_m":0.259024,"gas_method":"estimated"},"2025-10":{"txs":0,"uniq":0,"trade":0,"nft":0,"gas":0,"bal":0.006056,"days":0,"spread":0,"streak":0,"rank_m":478807,"pct_m":0.509075}}}