{"wallet":"0x6a5bdff5d36747b37582c5f6ff4ca221164717bf","rank":374264,"lifetime":{"months_active":25,"first":"2023-07","last":"2025-10","tx_sum":187,"uniq_sum":71,"trade_sum":15,"nft_sum":9,"gas_sum":0.001458,"avg_balance_eth_mean":0.002304,"streak_best_days":4,"gas_sum_filled":0.001458},"months":{"2023-07":{"txs":0,"uniq":0,"trade":0,"nft":0,"gas":0,"bal":0,"days":0,"spread":0,"streak":0,"rank_m":570957,"pct_m":0.607051},"2023-08":{"txs":1,"uniq":0,"trade":0,"nft":1,"gas":0.000082,"bal":0.002838,"days":1,"spread":0.032258,"streak":1,"rank_m":143838,"pct_m":0.15293,"gas_method":"estimated"},"2023-09":{"txs":1,"uniq":1,"trade":0,"nft":2,"gas":0.000026,"bal":0.003484,"days":1,"spread":0.033333,"streak":1,"rank_m":115984,"pct_m":0.123315,"gas_method":"estimated"},"2023-10":{"txs":2,"uniq":1,"trade":0,"nft":0,"gas":0.000014,"bal":0.003197,"days":2,"spread":0.064516,"streak":1,"rank_m":119538,"pct_m":0.127094,"gas_method":"estimated"},"2023-11":{"txs":2,"uniq":2,"trade":3,"nft":0,"gas":0.000024,"bal":0.002949,"days":1,"spread":0.033333,"streak":1,"rank_m":95570,"pct_m":0.101611,"gas_method":"estimated"},"2023-12":{"txs":1,"uniq":1,"trade":0,"nft":1,"gas":0.000022,"bal":0.002489,"days":1,"spread":0.032258,"streak":1,"rank_m":147593,"pct_m":0.156922,"gas_method":"estimated"},"2024-01":{"txs":1,"uniq":1,"trade":0,"nft":0,"gas":0.000021,"bal":0.001896,"days":1,"spread":0.032258,"streak":1,"rank_m":180392,"pct_m":0.191795,"gas_method":"estimated"},"2024-02":{"txs":1,"uniq":1,"trade":0,"nft":1,"gas":0.000012,"bal":0.000194,"days":1,"spread":0.034483,"streak":1,"rank_m":268621,"pct_m":0.285602,"gas_method":"estimated"},"2024-03":{"txs":4,"uniq":2,"trade":0,"nft":1,"gas":0.00007,"bal":0.000556,"days":1,"spread":0.032258,"streak":1,"rank_m":333771,"pct_m":0.35487,"gas_method":"estimated"},"2024-04":{"txs":0,"uniq":0,"trade":0,"nft":0,"gas":0,"bal":0.000556,"days":0,"spread":0,"streak":0,"rank_m":529411,"pct_m":0.562878},"2024-05":{"txs":1,"uniq":1,"trade":0,"nft":0,"gas":0.000001,"bal":0.000462,"days":1,"spread":0.032258,"streak":1,"rank_m":480238,"pct_m":0.510597,"gas_method":"estimated"},"2024-06":{"txs":5,"uniq":3,"trade":0,"nft":0,"gas":0,"bal":0.001198,"days":3,"spread":0.1,"streak":2,"rank_m":397651,"pct_m":0.422789,"gas_method":"estimated"},"2024-07":{"txs":1,"uniq":1,"trade":2,"nft":0,"gas":0,"bal":0.002148,"days":1,"spread":0.032258,"streak":1,"rank_m":384055,"pct_m":0.408333,"gas_method":"estimated"},"2024-08":{"txs":6,"uniq":4,"trade":3,"nft":0,"gas":0,"bal":0.001937,"days":2,"spread":0.064516,"streak":2,"rank_m":287888,"pct_m":0.306087,"gas_method":"estimated"},"2024-09":{"txs":6,"uniq":3,"trade":0,"nft":1,"gas":0,"bal":0.00199,"days":1,"spread":0.033333,"streak":1,"rank_m":344908,"pct_m":0.366711,"gas_method":"estimated"},"2024-10":{"txs":10,"uniq":5,"trade":3,"nft":0,"gas":0.000003,"bal":0.002243,"days":4,"spread":0.129032,"streak":3,"rank_m":152935,"pct_m":0.162602,"gas_method":"exact"},"2024-11":{"txs":2,"uniq":2,"trade":0,"nft":1,"gas":0.000005,"bal":0.002069,"days":2,"spread":0.066667,"streak":1,"rank_m":399725,"pct_m":0.424994,"gas_method":"exact"},"2024-12":{"txs":5,"uniq":4,"trade":0,"nft":0,"gas":0.00011,"bal":0.001859,"days":3,"spread":0.096774,"streak":1,"rank_m":433542,"pct_m":0.460949,"gas_method":"exact"},"2025-01":{"txs":6,"uniq":3,"trade":1,"nft":0,"gas":0.000156,"bal":0.001629,"days":4,"spread":0.129032,"streak":1,"rank_m":346171,"pct_m":0.368054,"gas_method":"exact"},"2025-02":{"txs":23,"uniq":8,"trade":0,"nft":1,"gas":0.000155,"bal":0.001767,"days":7,"spread":0.25,"streak":4,"rank_m":122196,"pct_m":0.12992,"gas_method":"exact"},"2025-03":{"txs":7,"uniq":3,"trade":0,"nft":0,"gas":0.000055,"bal":0.000117,"days":3,"spread":0.096774,"streak":1,"rank_m":393345,"pct_m":0.41821,"gas_method":"exact"},"2025-04":{"txs":10,"uniq":2,"trade":1,"nft":0,"gas":0.000054,"bal":0.006854,"days":5,"spread":0.166667,"streak":1,"rank_m":217388,"pct_m":0.23113,"gas_method":"exact"},"2025-05":{"txs":17,"uniq":4,"trade":0,"nft":0,"gas":0.00012,"bal":0.009924,"days":8,"spread":0.258065,"streak":3,"rank_m":107907,"pct_m":0.114728,"gas_method":"estimated"},"2025-06":{"txs":19,"uniq":5,"trade":2,"nft":0,"gas":0.000134,"bal":0.003761,"days":5,"spread":0.166667,"streak":1,"rank_m":237762,"pct_m":0.252792,"gas_method":"estimated"},"2025-07":{"txs":22,"uniq":6,"trade":0,"nft":0,"gas":0.000155,"bal":0.002807,"days":10,"spread":0.322581,"streak":4,"rank_m":264249,"pct_m":0.280953,"gas_method":"estimated"},"2025-08":{"txs":12,"uniq":4,"trade":0,"nft":0,"gas":0.000084,"bal":0.001842,"days":5,"spread":0.16129,"streak":2,"rank_m":340588,"pct_m":0.362118,"gas_method":"estimated"},"2025-09":{"txs":22,"uniq":4,"trade":0,"nft":0,"gas":0.000155,"bal":0.001876,"days":9,"spread":0.3,"streak":2,"rank_m":298469,"pct_m":0.317337,"gas_method":"estimated"},"2025-10":{"txs":0,"uniq":0,"trade":0,"nft":0,"gas":0,"bal":0.001876,"days":0,"spread":0,"streak":0,"rank_m":580745,"pct_m":0.617457}}}