{"wallet":"0x6a2c7120c6ba73abfcc7608d757d508ea789ffd0","rank":92869,"lifetime":{"months_active":17,"first":"2023-07","last":"2025-10","tx_sum":643,"uniq_sum":235,"trade_sum":12,"nft_sum":88,"gas_sum":0.003138,"avg_balance_eth_mean":0.002201,"streak_best_days":20,"gas_sum_filled":0.003138},"months":{"2023-07":{"txs":0,"uniq":0,"trade":0,"nft":0,"gas":0,"bal":0,"days":0,"spread":0,"streak":0,"rank_m":571623,"pct_m":0.607759},"2023-08":{"txs":0,"uniq":0,"trade":0,"nft":0,"gas":0,"bal":0,"days":0,"spread":0,"streak":0,"rank_m":619375,"pct_m":0.65853},"2023-09":{"txs":0,"uniq":0,"trade":0,"nft":0,"gas":0,"bal":0,"days":0,"spread":0,"streak":0,"rank_m":632147,"pct_m":0.672109},"2023-10":{"txs":0,"uniq":0,"trade":0,"nft":0,"gas":0,"bal":0,"days":0,"spread":0,"streak":0,"rank_m":642465,"pct_m":0.683079},"2023-11":{"txs":0,"uniq":0,"trade":0,"nft":0,"gas":0,"bal":0,"days":0,"spread":0,"streak":0,"rank_m":651607,"pct_m":0.692799},"2023-12":{"txs":0,"uniq":0,"trade":0,"nft":0,"gas":0,"bal":0,"days":0,"spread":0,"streak":0,"rank_m":662621,"pct_m":0.704509},"2024-01":{"txs":0,"uniq":0,"trade":0,"nft":0,"gas":0,"bal":0,"days":0,"spread":0,"streak":0,"rank_m":672406,"pct_m":0.714913},"2024-02":{"txs":0,"uniq":0,"trade":0,"nft":0,"gas":0,"bal":0,"days":0,"spread":0,"streak":0,"rank_m":693524,"pct_m":0.737366},"2024-03":{"txs":37,"uniq":23,"trade":0,"nft":13,"gas":0.000506,"bal":0.000251,"days":7,"spread":0.225806,"streak":6,"rank_m":144790,"pct_m":0.153942,"gas_method":"estimated"},"2024-04":{"txs":218,"uniq":44,"trade":3,"nft":25,"gas":0.00152,"bal":0.005457,"days":28,"spread":0.933333,"streak":16,"rank_m":13070,"pct_m":0.013895,"gas_method":"exact"},"2024-05":{"txs":62,"uniq":18,"trade":0,"nft":7,"gas":0.000025,"bal":0.007456,"days":18,"spread":0.580645,"streak":5,"rank_m":40198,"pct_m":0.042738,"gas_method":"exact"},"2024-06":{"txs":60,"uniq":29,"trade":0,"nft":17,"gas":0.000001,"bal":0.000937,"days":17,"spread":0.566667,"streak":8,"rank_m":62809,"pct_m":0.066779,"gas_method":"exact"},"2024-07":{"txs":81,"uniq":23,"trade":0,"nft":9,"gas":0.000024,"bal":0.003505,"days":13,"spread":0.419355,"streak":4,"rank_m":31286,"pct_m":0.033263,"gas_method":"exact"},"2024-08":{"txs":50,"uniq":22,"trade":0,"nft":11,"gas":0.00001,"bal":0.001584,"days":14,"spread":0.451613,"streak":3,"rank_m":66577,"pct_m":0.070785,"gas_method":"exact"},"2024-09":{"txs":14,"uniq":9,"trade":1,"nft":4,"gas":0,"bal":0.002599,"days":6,"spread":0.2,"streak":3,"rank_m":134726,"pct_m":0.143242,"gas_method":"estimated"},"2024-10":{"txs":10,"uniq":7,"trade":0,"nft":1,"gas":0,"bal":0.002636,"days":5,"spread":0.16129,"streak":1,"rank_m":292703,"pct_m":0.311206,"gas_method":"estimated"},"2024-11":{"txs":15,"uniq":8,"trade":3,"nft":0,"gas":0.000034,"bal":0.003529,"days":4,"spread":0.133333,"streak":1,"rank_m":217975,"pct_m":0.231754,"gas_method":"exact"},"2024-12":{"txs":10,"uniq":7,"trade":0,"nft":1,"gas":0.00022,"bal":0.003532,"days":5,"spread":0.16129,"streak":1,"rank_m":299187,"pct_m":0.3181,"gas_method":"exact"},"2025-01":{"txs":12,"uniq":5,"trade":0,"nft":0,"gas":0.000312,"bal":0.000549,"days":3,"spread":0.096774,"streak":1,"rank_m":370660,"pct_m":0.394091,"gas_method":"exact"},"2025-02":{"txs":8,"uniq":6,"trade":1,"nft":0,"gas":0.000042,"bal":0.010566,"days":3,"spread":0.107143,"streak":1,"rank_m":216929,"pct_m":0.230642,"gas_method":"exact"},"2025-03":{"txs":20,"uniq":9,"trade":0,"nft":0,"gas":0.000158,"bal":0.013907,"days":5,"spread":0.16129,"streak":2,"rank_m":114073,"pct_m":0.121283,"gas_method":"exact"},"2025-04":{"txs":31,"uniq":14,"trade":2,"nft":0,"gas":0.000181,"bal":0.000602,"days":5,"spread":0.166667,"streak":2,"rank_m":138258,"pct_m":0.146997,"gas_method":"exact"},"2025-05":{"txs":4,"uniq":3,"trade":0,"nft":0,"gas":0.000028,"bal":0.001508,"days":2,"spread":0.064516,"streak":2,"rank_m":367652,"pct_m":0.390893,"gas_method":"estimated"},"2025-06":{"txs":7,"uniq":4,"trade":2,"nft":0,"gas":0.000049,"bal":0.000821,"days":2,"spread":0.066667,"streak":1,"rank_m":390802,"pct_m":0.415507,"gas_method":"estimated"},"2025-07":{"txs":0,"uniq":0,"trade":0,"nft":0,"gas":0,"bal":0.000821,"days":0,"spread":0,"streak":0,"rank_m":741816,"pct_m":0.788711},"2025-08":{"txs":0,"uniq":0,"trade":0,"nft":0,"gas":0,"bal":0.000821,"days":0,"spread":0,"streak":0,"rank_m":721785,"pct_m":0.767414},"2025-09":{"txs":4,"uniq":4,"trade":0,"nft":0,"gas":0.000028,"bal":0.000267,"days":2,"spread":0.066667,"streak":2,"rank_m":496305,"pct_m":0.527679,"gas_method":"estimated"},"2025-10":{"txs":0,"uniq":0,"trade":0,"nft":0,"gas":0,"bal":0.000267,"days":0,"spread":0,"streak":0,"rank_m":727972,"pct_m":0.773992}}}