{"wallet":"0x6a0c939b355b700192315f24faa80270d33f1115","rank":369511,"lifetime":{"months_active":9,"first":"2023-07","last":"2025-10","tx_sum":248,"uniq_sum":58,"trade_sum":1,"nft_sum":1,"gas_sum":0.006706,"avg_balance_eth_mean":0.015267,"streak_best_days":7,"gas_sum_filled":0.006706},"months":{"2023-07":{"txs":0,"uniq":0,"trade":0,"nft":0,"gas":0,"bal":0,"days":0,"spread":0,"streak":0,"rank_m":572035,"pct_m":0.608197},"2023-08":{"txs":2,"uniq":1,"trade":0,"nft":0,"gas":0.000051,"bal":0.002969,"days":1,"spread":0.032258,"streak":1,"rank_m":143295,"pct_m":0.152353,"gas_method":"exact"},"2023-09":{"txs":7,"uniq":2,"trade":0,"nft":0,"gas":0.000591,"bal":0.013884,"days":1,"spread":0.033333,"streak":1,"rank_m":97323,"pct_m":0.103474,"gas_method":"estimated"},"2023-10":{"txs":0,"uniq":0,"trade":0,"nft":0,"gas":0,"bal":0.013884,"days":0,"spread":0,"streak":0,"rank_m":230147,"pct_m":0.244695},"2023-11":{"txs":2,"uniq":2,"trade":0,"nft":1,"gas":0.000077,"bal":0.017744,"days":2,"spread":0.066667,"streak":1,"rank_m":73753,"pct_m":0.078414,"gas_method":"estimated"},"2023-12":{"txs":4,"uniq":1,"trade":0,"nft":0,"gas":0.00029,"bal":0.004058,"days":1,"spread":0.032258,"streak":1,"rank_m":139566,"pct_m":0.148388,"gas_method":"estimated"},"2024-01":{"txs":0,"uniq":0,"trade":0,"nft":0,"gas":0,"bal":0.004058,"days":0,"spread":0,"streak":0,"rank_m":277415,"pct_m":0.294952},"2024-02":{"txs":0,"uniq":0,"trade":0,"nft":0,"gas":0,"bal":0.004058,"days":0,"spread":0,"streak":0,"rank_m":322261,"pct_m":0.342633},"2024-03":{"txs":0,"uniq":0,"trade":0,"nft":0,"gas":0,"bal":0.004058,"days":0,"spread":0,"streak":0,"rank_m":392499,"pct_m":0.417311},"2024-04":{"txs":0,"uniq":0,"trade":0,"nft":0,"gas":0,"bal":0.004058,"days":0,"spread":0,"streak":0,"rank_m":478579,"pct_m":0.508833},"2024-05":{"txs":0,"uniq":0,"trade":0,"nft":0,"gas":0,"bal":0.004058,"days":0,"spread":0,"streak":0,"rank_m":506278,"pct_m":0.538283},"2024-06":{"txs":0,"uniq":0,"trade":0,"nft":0,"gas":0,"bal":0.004058,"days":0,"spread":0,"streak":0,"rank_m":525512,"pct_m":0.558733},"2024-07":{"txs":0,"uniq":0,"trade":0,"nft":0,"gas":0,"bal":0.004058,"days":0,"spread":0,"streak":0,"rank_m":537611,"pct_m":0.571597},"2024-08":{"txs":0,"uniq":0,"trade":0,"nft":0,"gas":0,"bal":0.004058,"days":0,"spread":0,"streak":0,"rank_m":549400,"pct_m":0.584131},"2024-09":{"txs":0,"uniq":0,"trade":0,"nft":0,"gas":0,"bal":0.004058,"days":0,"spread":0,"streak":0,"rank_m":528241,"pct_m":0.561634},"2024-10":{"txs":0,"uniq":0,"trade":0,"nft":0,"gas":0,"bal":0.004058,"days":0,"spread":0,"streak":0,"rank_m":574247,"pct_m":0.610549},"2024-11":{"txs":3,"uniq":2,"trade":0,"nft":0,"gas":0.000007,"bal":0.000373,"days":1,"spread":0.033333,"streak":1,"rank_m":473232,"pct_m":0.503148,"gas_method":"exact"},"2024-12":{"txs":11,"uniq":4,"trade":0,"nft":0,"gas":0.000243,"bal":0.000316,"days":2,"spread":0.064516,"streak":1,"rank_m":438249,"pct_m":0.465953,"gas_method":"exact"},"2025-01":{"txs":209,"uniq":38,"trade":1,"nft":0,"gas":0.005377,"bal":0.061735,"days":23,"spread":0.741935,"streak":7,"rank_m":4968,"pct_m":0.005281,"gas_method":"exact"},"2025-02":{"txs":8,"uniq":6,"trade":0,"nft":0,"gas":0.000056,"bal":0.03155,"days":3,"spread":0.107143,"streak":2,"rank_m":187482,"pct_m":0.199333,"gas_method":"exact"},"2025-03":{"txs":0,"uniq":0,"trade":0,"nft":0,"gas":0,"bal":0.03155,"days":0,"spread":0,"streak":0,"rank_m":543232,"pct_m":0.577573},"2025-04":{"txs":0,"uniq":0,"trade":0,"nft":0,"gas":0,"bal":0.03155,"days":0,"spread":0,"streak":0,"rank_m":577992,"pct_m":0.61453},"2025-05":{"txs":2,"uniq":2,"trade":0,"nft":0,"gas":0.000014,"bal":0.029548,"days":1,"spread":0.032258,"streak":1,"rank_m":241574,"pct_m":0.256845,"gas_method":"estimated"},"2025-06":{"txs":0,"uniq":0,"trade":0,"nft":0,"gas":0,"bal":0.029548,"days":0,"spread":0,"streak":0,"rank_m":458112,"pct_m":0.487072},"2025-07":{"txs":0,"uniq":0,"trade":0,"nft":0,"gas":0,"bal":0.029548,"days":0,"spread":0,"streak":0,"rank_m":476499,"pct_m":0.506621},"2025-08":{"txs":0,"uniq":0,"trade":0,"nft":0,"gas":0,"bal":0.029548,"days":0,"spread":0,"streak":0,"rank_m":452095,"pct_m":0.480674},"2025-09":{"txs":0,"uniq":0,"trade":0,"nft":0,"gas":0,"bal":0.029548,"days":0,"spread":0,"streak":0,"rank_m":448572,"pct_m":0.476929},"2025-10":{"txs":0,"uniq":0,"trade":0,"nft":0,"gas":0,"bal":0.029548,"days":0,"spread":0,"streak":0,"rank_m":354960,"pct_m":0.377399}}}