{"wallet":"0x6ac812a6bc337db22112f8b571ec2594e76f3b55","rank":277330,"lifetime":{"months_active":17,"first":"2023-07","last":"2025-10","tx_sum":242,"uniq_sum":115,"trade_sum":1,"nft_sum":49,"gas_sum":0.00353,"avg_balance_eth_mean":0.001846,"streak_best_days":11,"gas_sum_filled":0.00353},"months":{"2023-07":{"txs":0,"uniq":0,"trade":0,"nft":0,"gas":0,"bal":0,"days":0,"spread":0,"streak":0,"rank_m":569475,"pct_m":0.605475},"2023-08":{"txs":6,"uniq":6,"trade":0,"nft":3,"gas":0.000798,"bal":0.001607,"days":5,"spread":0.16129,"streak":2,"rank_m":89601,"pct_m":0.095264,"gas_method":"exact"},"2023-09":{"txs":2,"uniq":2,"trade":0,"nft":2,"gas":0.0001,"bal":0.002306,"days":1,"spread":0.033333,"streak":1,"rank_m":114094,"pct_m":0.121306,"gas_method":"estimated"},"2023-10":{"txs":36,"uniq":8,"trade":0,"nft":2,"gas":0.00078,"bal":0.001064,"days":1,"spread":0.032258,"streak":1,"rank_m":63169,"pct_m":0.067161,"gas_method":"exact"},"2023-11":{"txs":1,"uniq":1,"trade":0,"nft":1,"gas":0.000023,"bal":0.00074,"days":1,"spread":0.033333,"streak":1,"rank_m":141476,"pct_m":0.150419,"gas_method":"estimated"},"2023-12":{"txs":1,"uniq":1,"trade":0,"nft":1,"gas":0.000057,"bal":0.002045,"days":1,"spread":0.032258,"streak":1,"rank_m":130792,"pct_m":0.139059,"gas_method":"exact"},"2024-01":{"txs":20,"uniq":2,"trade":0,"nft":0,"gas":0.000803,"bal":0.00232,"days":3,"spread":0.096774,"streak":2,"rank_m":108430,"pct_m":0.115284,"gas_method":"estimated"},"2024-02":{"txs":11,"uniq":8,"trade":1,"nft":5,"gas":0.000249,"bal":0.004436,"days":6,"spread":0.206897,"streak":2,"rank_m":67893,"pct_m":0.072184,"gas_method":"estimated"},"2024-03":{"txs":7,"uniq":6,"trade":0,"nft":2,"gas":0.000238,"bal":0.011016,"days":2,"spread":0.064516,"streak":1,"rank_m":206363,"pct_m":0.219408,"gas_method":"estimated"},"2024-04":{"txs":47,"uniq":13,"trade":0,"nft":7,"gas":0.000197,"bal":0.011062,"days":16,"spread":0.533333,"streak":11,"rank_m":81392,"pct_m":0.086536,"gas_method":"estimated"},"2024-05":{"txs":22,"uniq":8,"trade":0,"nft":2,"gas":0.0001,"bal":0.008544,"days":4,"spread":0.129032,"streak":2,"rank_m":154033,"pct_m":0.16377,"gas_method":"exact"},"2024-06":{"txs":13,"uniq":8,"trade":0,"nft":2,"gas":0.000001,"bal":0.004367,"days":4,"spread":0.133333,"streak":1,"rank_m":252560,"pct_m":0.268525,"gas_method":"estimated"},"2024-07":{"txs":17,"uniq":10,"trade":0,"nft":3,"gas":0.000002,"bal":0.0007,"days":5,"spread":0.16129,"streak":2,"rank_m":173770,"pct_m":0.184754,"gas_method":"exact"},"2024-08":{"txs":19,"uniq":17,"trade":0,"nft":12,"gas":0.000003,"bal":0.000253,"days":5,"spread":0.16129,"streak":3,"rank_m":265515,"pct_m":0.282299,"gas_method":"estimated"},"2024-09":{"txs":10,"uniq":7,"trade":0,"nft":5,"gas":0.000001,"bal":0.000897,"days":5,"spread":0.166667,"streak":2,"rank_m":234923,"pct_m":0.249773,"gas_method":"estimated"},"2024-10":{"txs":4,"uniq":3,"trade":0,"nft":2,"gas":0.000002,"bal":0.000334,"days":2,"spread":0.064516,"streak":1,"rank_m":364335,"pct_m":0.387366,"gas_method":"exact"},"2024-11":{"txs":21,"uniq":10,"trade":0,"nft":0,"gas":0.000046,"bal":0,"days":1,"spread":0.033333,"streak":1,"rank_m":379564,"pct_m":0.403558,"gas_method":"exact"},"2024-12":{"txs":0,"uniq":0,"trade":0,"nft":0,"gas":0,"bal":0,"days":0,"spread":0,"streak":0,"rank_m":788052,"pct_m":0.83787},"2025-01":{"txs":5,"uniq":5,"trade":0,"nft":0,"gas":0.00013,"bal":0,"days":1,"spread":0.032258,"streak":1,"rank_m":510942,"pct_m":0.543242,"gas_method":"exact"},"2025-02":{"txs":0,"uniq":0,"trade":0,"nft":0,"gas":0,"bal":0,"days":0,"spread":0,"streak":0,"rank_m":839111,"pct_m":0.892157},"2025-03":{"txs":0,"uniq":0,"trade":0,"nft":0,"gas":0,"bal":0,"days":0,"spread":0,"streak":0,"rank_m":861923,"pct_m":0.916411},"2025-04":{"txs":0,"uniq":0,"trade":0,"nft":0,"gas":0,"bal":0,"days":0,"spread":0,"streak":0,"rank_m":886902,"pct_m":0.942969},"2025-05":{"txs":0,"uniq":0,"trade":0,"nft":0,"gas":0,"bal":0,"days":0,"spread":0,"streak":0,"rank_m":903932,"pct_m":0.961076},"2025-06":{"txs":0,"uniq":0,"trade":0,"nft":0,"gas":0,"bal":0,"days":0,"spread":0,"streak":0,"rank_m":914417,"pct_m":0.972223},"2025-07":{"txs":0,"uniq":0,"trade":0,"nft":0,"gas":0,"bal":0,"days":0,"spread":0,"streak":0,"rank_m":925985,"pct_m":0.984523},"2025-08":{"txs":0,"uniq":0,"trade":0,"nft":0,"gas":0,"bal":0,"days":0,"spread":0,"streak":0,"rank_m":928598,"pct_m":0.987301},"2025-09":{"txs":0,"uniq":0,"trade":0,"nft":0,"gas":0,"bal":0,"days":0,"spread":0,"streak":0,"rank_m":929117,"pct_m":0.987853},"2025-10":{"txs":0,"uniq":0,"trade":0,"nft":0,"gas":0,"bal":0,"days":0,"spread":0,"streak":0,"rank_m":921955,"pct_m":0.980238}}}