{"wallet":"0x6aafbe590cea24d908d2e48f0bc9a857945d5c24","rank":458963,"lifetime":{"months_active":13,"first":"2023-07","last":"2025-10","tx_sum":164,"uniq_sum":48,"trade_sum":0,"nft_sum":10,"gas_sum":0.011243,"avg_balance_eth_mean":0.007693,"streak_best_days":7,"gas_sum_filled":0.011243},"months":{"2023-07":{"txs":0,"uniq":0,"trade":0,"nft":0,"gas":0,"bal":0,"days":0,"spread":0,"streak":0,"rank_m":569818,"pct_m":0.60584},"2023-08":{"txs":53,"uniq":8,"trade":0,"nft":4,"gas":0.008361,"bal":0.004237,"days":17,"spread":0.548387,"streak":7,"rank_m":30125,"pct_m":0.032028,"gas_method":"exact"},"2023-09":{"txs":24,"uniq":1,"trade":0,"nft":1,"gas":0.000588,"bal":0.004535,"days":10,"spread":0.333333,"streak":3,"rank_m":43763,"pct_m":0.046529,"gas_method":"exact"},"2023-10":{"txs":45,"uniq":8,"trade":0,"nft":2,"gas":0.001431,"bal":0.006168,"days":10,"spread":0.322581,"streak":2,"rank_m":18039,"pct_m":0.019178,"gas_method":"exact"},"2023-11":{"txs":4,"uniq":1,"trade":0,"nft":0,"gas":0.00008,"bal":0.008134,"days":3,"spread":0.1,"streak":1,"rank_m":75758,"pct_m":0.080546,"gas_method":"exact"},"2023-12":{"txs":4,"uniq":1,"trade":0,"nft":0,"gas":0.000382,"bal":0.007535,"days":3,"spread":0.096774,"streak":1,"rank_m":106921,"pct_m":0.113679,"gas_method":"estimated"},"2024-01":{"txs":2,"uniq":1,"trade":0,"nft":0,"gas":0.000114,"bal":0.007206,"days":2,"spread":0.064516,"streak":1,"rank_m":119068,"pct_m":0.126594,"gas_method":"exact"},"2024-02":{"txs":4,"uniq":3,"trade":0,"nft":1,"gas":0.000106,"bal":0.006908,"days":4,"spread":0.137931,"streak":1,"rank_m":129367,"pct_m":0.137544,"gas_method":"exact"},"2024-03":{"txs":4,"uniq":3,"trade":0,"nft":0,"gas":0.000146,"bal":0.008143,"days":3,"spread":0.096774,"streak":1,"rank_m":228356,"pct_m":0.242791,"gas_method":"exact"},"2024-04":{"txs":0,"uniq":0,"trade":0,"nft":0,"gas":0,"bal":0.008143,"days":0,"spread":0,"streak":0,"rank_m":471212,"pct_m":0.501},"2024-05":{"txs":8,"uniq":7,"trade":0,"nft":0,"gas":0.000025,"bal":0.009156,"days":2,"spread":0.064516,"streak":1,"rank_m":320296,"pct_m":0.340543,"gas_method":"estimated"},"2024-06":{"txs":6,"uniq":6,"trade":0,"nft":0,"gas":0.000001,"bal":0.009141,"days":1,"spread":0.033333,"streak":1,"rank_m":287704,"pct_m":0.305891,"gas_method":"exact"},"2024-07":{"txs":0,"uniq":0,"trade":0,"nft":0,"gas":0,"bal":0.009141,"days":0,"spread":0,"streak":0,"rank_m":510747,"pct_m":0.543034},"2024-08":{"txs":1,"uniq":1,"trade":0,"nft":0,"gas":0,"bal":0.009141,"days":1,"spread":0.032258,"streak":1,"rank_m":404813,"pct_m":0.430403,"gas_method":"estimated"},"2024-09":{"txs":0,"uniq":0,"trade":0,"nft":0,"gas":0,"bal":0.009141,"days":0,"spread":0,"streak":0,"rank_m":492822,"pct_m":0.523976},"2024-10":{"txs":8,"uniq":8,"trade":0,"nft":2,"gas":0.000002,"bal":0.009055,"days":2,"spread":0.064516,"streak":1,"rank_m":254122,"pct_m":0.270186,"gas_method":"estimated"},"2024-11":{"txs":0,"uniq":0,"trade":0,"nft":0,"gas":0,"bal":0.009055,"days":0,"spread":0,"streak":0,"rank_m":560041,"pct_m":0.595445},"2024-12":{"txs":0,"uniq":0,"trade":0,"nft":0,"gas":0,"bal":0.009055,"days":0,"spread":0,"streak":0,"rank_m":617226,"pct_m":0.656245},"2025-01":{"txs":0,"uniq":0,"trade":0,"nft":0,"gas":0,"bal":0.009055,"days":0,"spread":0,"streak":0,"rank_m":602658,"pct_m":0.640756},"2025-02":{"txs":0,"uniq":0,"trade":0,"nft":0,"gas":0,"bal":0.009055,"days":0,"spread":0,"streak":0,"rank_m":604762,"pct_m":0.642993},"2025-03":{"txs":0,"uniq":0,"trade":0,"nft":0,"gas":0,"bal":0.009055,"days":0,"spread":0,"streak":0,"rank_m":588333,"pct_m":0.625525},"2025-04":{"txs":0,"uniq":0,"trade":0,"nft":0,"gas":0,"bal":0.009055,"days":0,"spread":0,"streak":0,"rank_m":620899,"pct_m":0.66015},"2025-05":{"txs":0,"uniq":0,"trade":0,"nft":0,"gas":0,"bal":0.009055,"days":0,"spread":0,"streak":0,"rank_m":545940,"pct_m":0.580452},"2025-06":{"txs":0,"uniq":0,"trade":0,"nft":0,"gas":0,"bal":0.009055,"days":0,"spread":0,"streak":0,"rank_m":545353,"pct_m":0.579828},"2025-07":{"txs":0,"uniq":0,"trade":0,"nft":0,"gas":0,"bal":0.009055,"days":0,"spread":0,"streak":0,"rank_m":563872,"pct_m":0.599518},"2025-08":{"txs":0,"uniq":0,"trade":0,"nft":0,"gas":0,"bal":0.009055,"days":0,"spread":0,"streak":0,"rank_m":541376,"pct_m":0.5756},"2025-09":{"txs":1,"uniq":0,"trade":0,"nft":0,"gas":0.000007,"bal":0,"days":1,"spread":0.033333,"streak":1,"rank_m":794260,"pct_m":0.84447,"gas_method":"estimated"},"2025-10":{"txs":0,"uniq":0,"trade":0,"nft":0,"gas":0,"bal":0.009055,"days":0,"spread":0,"streak":0,"rank_m":442995,"pct_m":0.470999}}}