{"wallet":"0x6aad03b539bce6d92530677ab2f5b879856e3b01","rank":219682,"lifetime":{"months_active":17,"first":"2023-07","last":"2025-10","tx_sum":184,"uniq_sum":115,"trade_sum":3,"nft_sum":75,"gas_sum":0.002194,"avg_balance_eth_mean":0.010667,"streak_best_days":16,"gas_sum_filled":0.002194},"months":{"2023-07":{"txs":0,"uniq":0,"trade":0,"nft":0,"gas":0,"bal":0,"days":0,"spread":0,"streak":0,"rank_m":569875,"pct_m":0.6059},"2023-08":{"txs":0,"uniq":0,"trade":0,"nft":0,"gas":0,"bal":0,"days":0,"spread":0,"streak":0,"rank_m":617863,"pct_m":0.656922},"2023-09":{"txs":4,"uniq":1,"trade":0,"nft":0,"gas":0.000077,"bal":0.0012,"days":1,"spread":0.033333,"streak":1,"rank_m":132934,"pct_m":0.141337,"gas_method":"estimated"},"2023-10":{"txs":0,"uniq":0,"trade":0,"nft":0,"gas":0,"bal":0.0012,"days":0,"spread":0,"streak":0,"rank_m":276701,"pct_m":0.294192},"2023-11":{"txs":0,"uniq":0,"trade":0,"nft":0,"gas":0,"bal":0.0012,"days":0,"spread":0,"streak":0,"rank_m":283698,"pct_m":0.301632},"2023-12":{"txs":47,"uniq":19,"trade":1,"nft":10,"gas":0.000771,"bal":0.024868,"days":10,"spread":0.322581,"streak":9,"rank_m":4545,"pct_m":0.004831,"gas_method":"estimated"},"2024-01":{"txs":29,"uniq":22,"trade":0,"nft":17,"gas":0.000814,"bal":0.116107,"days":17,"spread":0.548387,"streak":7,"rank_m":1811,"pct_m":0.001924,"gas_method":"exact"},"2024-02":{"txs":10,"uniq":7,"trade":0,"nft":7,"gas":0.000086,"bal":0.051908,"days":6,"spread":0.206897,"streak":1,"rank_m":61166,"pct_m":0.065032,"gas_method":"estimated"},"2024-03":{"txs":6,"uniq":6,"trade":0,"nft":6,"gas":0.000078,"bal":0.008304,"days":5,"spread":0.16129,"streak":1,"rank_m":176908,"pct_m":0.188091,"gas_method":"estimated"},"2024-04":{"txs":15,"uniq":12,"trade":0,"nft":10,"gas":0.000024,"bal":0.005992,"days":11,"spread":0.366667,"streak":2,"rank_m":179098,"pct_m":0.190419,"gas_method":"estimated"},"2024-05":{"txs":7,"uniq":6,"trade":0,"nft":4,"gas":0.000009,"bal":0.003316,"days":6,"spread":0.193548,"streak":2,"rank_m":215836,"pct_m":0.22948,"gas_method":"exact"},"2024-06":{"txs":6,"uniq":4,"trade":0,"nft":3,"gas":0,"bal":0.003066,"days":4,"spread":0.133333,"streak":1,"rank_m":311344,"pct_m":0.331025,"gas_method":"estimated"},"2024-07":{"txs":5,"uniq":3,"trade":0,"nft":6,"gas":0,"bal":0.006922,"days":2,"spread":0.064516,"streak":2,"rank_m":250719,"pct_m":0.266568,"gas_method":"estimated"},"2024-08":{"txs":10,"uniq":8,"trade":0,"nft":5,"gas":0.000001,"bal":0.007538,"days":5,"spread":0.16129,"streak":2,"rank_m":195880,"pct_m":0.208262,"gas_method":"estimated"},"2024-09":{"txs":11,"uniq":5,"trade":0,"nft":3,"gas":0.000003,"bal":0.005973,"days":8,"spread":0.266667,"streak":2,"rank_m":97073,"pct_m":0.103209,"gas_method":"exact"},"2024-10":{"txs":7,"uniq":7,"trade":1,"nft":4,"gas":0,"bal":0.009348,"days":7,"spread":0.225806,"streak":2,"rank_m":147314,"pct_m":0.156626,"gas_method":"estimated"},"2024-11":{"txs":7,"uniq":3,"trade":1,"nft":0,"gas":0.000011,"bal":0.007898,"days":4,"spread":0.133333,"streak":2,"rank_m":256099,"pct_m":0.272288,"gas_method":"exact"},"2024-12":{"txs":11,"uniq":6,"trade":0,"nft":0,"gas":0.000176,"bal":0.005568,"days":5,"spread":0.16129,"streak":2,"rank_m":305263,"pct_m":0.32456,"gas_method":"exact"},"2025-01":{"txs":6,"uniq":4,"trade":0,"nft":0,"gas":0.00013,"bal":0.004302,"days":3,"spread":0.096774,"streak":1,"rank_m":379422,"pct_m":0.403407,"gas_method":"exact"},"2025-02":{"txs":0,"uniq":0,"trade":0,"nft":0,"gas":0,"bal":0.004302,"days":0,"spread":0,"streak":0,"rank_m":631964,"pct_m":0.671914},"2025-03":{"txs":2,"uniq":1,"trade":0,"nft":0,"gas":0.000008,"bal":0.003937,"days":1,"spread":0.032258,"streak":1,"rank_m":436976,"pct_m":0.4646,"gas_method":"exact"},"2025-04":{"txs":1,"uniq":1,"trade":0,"nft":0,"gas":0.000006,"bal":0.003677,"days":1,"spread":0.033333,"streak":1,"rank_m":482018,"pct_m":0.512489,"gas_method":"exact"},"2025-05":{"txs":0,"uniq":0,"trade":0,"nft":0,"gas":0,"bal":0.003677,"days":0,"spread":0,"streak":0,"rank_m":616502,"pct_m":0.655475},"2025-06":{"txs":0,"uniq":0,"trade":0,"nft":0,"gas":0,"bal":0.003677,"days":0,"spread":0,"streak":0,"rank_m":619076,"pct_m":0.658212},"2025-07":{"txs":0,"uniq":0,"trade":0,"nft":0,"gas":0,"bal":0.003677,"days":0,"spread":0,"streak":0,"rank_m":638130,"pct_m":0.67847},"2025-08":{"txs":0,"uniq":0,"trade":0,"nft":0,"gas":0,"bal":0.003677,"days":0,"spread":0,"streak":0,"rank_m":619719,"pct_m":0.658895},"2025-09":{"txs":0,"uniq":0,"trade":0,"nft":0,"gas":0,"bal":0.003677,"days":0,"spread":0,"streak":0,"rank_m":605671,"pct_m":0.643959},"2025-10":{"txs":0,"uniq":0,"trade":0,"nft":0,"gas":0,"bal":0.003677,"days":0,"spread":0,"streak":0,"rank_m":527954,"pct_m":0.561329}}}