{"wallet":"0x6a217395e0f274118b9097b23b63d94a77b5b35a","rank":325354,"lifetime":{"months_active":7,"first":"2023-07","last":"2025-10","tx_sum":8013,"uniq_sum":44,"trade_sum":1,"nft_sum":8,"gas_sum":0.003583,"avg_balance_eth_mean":0.398671,"streak_best_days":9,"gas_sum_filled":0.003583},"months":{"2023-07":{"txs":0,"uniq":0,"trade":0,"nft":0,"gas":0,"bal":0,"days":0,"spread":0,"streak":0,"rank_m":571762,"pct_m":0.607907},"2023-08":{"txs":0,"uniq":0,"trade":0,"nft":0,"gas":0,"bal":0,"days":0,"spread":0,"streak":0,"rank_m":619492,"pct_m":0.658654},"2023-09":{"txs":21,"uniq":2,"trade":0,"nft":1,"gas":0.001083,"bal":0.05946,"days":5,"spread":0.166667,"streak":1,"rank_m":57334,"pct_m":0.060957,"gas_method":"estimated"},"2023-10":{"txs":7795,"uniq":1,"trade":0,"nft":2,"gas":0.000089,"bal":1.140132,"days":19,"spread":0.612903,"streak":9,"rank_m":12261,"pct_m":0.013035,"gas_method":"exact"},"2023-11":{"txs":27,"uniq":7,"trade":1,"nft":3,"gas":0.000363,"bal":3.295013,"days":9,"spread":0.3,"streak":2,"rank_m":4705,"pct_m":0.005001,"gas_method":"exact"},"2023-12":{"txs":23,"uniq":7,"trade":0,"nft":2,"gas":0.001017,"bal":1.322628,"days":5,"spread":0.16129,"streak":1,"rank_m":23296,"pct_m":0.024768,"gas_method":"estimated"},"2024-01":{"txs":0,"uniq":0,"trade":0,"nft":0,"gas":0,"bal":1.322628,"days":0,"spread":0,"streak":0,"rank_m":227896,"pct_m":0.242302},"2024-02":{"txs":0,"uniq":0,"trade":0,"nft":0,"gas":0,"bal":1.322628,"days":0,"spread":0,"streak":0,"rank_m":290185,"pct_m":0.308529},"2024-03":{"txs":0,"uniq":0,"trade":0,"nft":0,"gas":0,"bal":1.322628,"days":0,"spread":0,"streak":0,"rank_m":369756,"pct_m":0.39313},"2024-04":{"txs":0,"uniq":0,"trade":0,"nft":0,"gas":0,"bal":1.322628,"days":0,"spread":0,"streak":0,"rank_m":435807,"pct_m":0.463357},"2024-05":{"txs":14,"uniq":4,"trade":0,"nft":0,"gas":0.00002,"bal":0.001102,"days":1,"spread":0.032258,"streak":1,"rank_m":416073,"pct_m":0.442375,"gas_method":"estimated"},"2024-06":{"txs":0,"uniq":0,"trade":0,"nft":0,"gas":0,"bal":0.001102,"days":0,"spread":0,"streak":0,"rank_m":549499,"pct_m":0.584236},"2024-07":{"txs":0,"uniq":0,"trade":0,"nft":0,"gas":0,"bal":0.001102,"days":0,"spread":0,"streak":0,"rank_m":568506,"pct_m":0.604445},"2024-08":{"txs":0,"uniq":0,"trade":0,"nft":0,"gas":0,"bal":0.001102,"days":0,"spread":0,"streak":0,"rank_m":584588,"pct_m":0.621543},"2024-09":{"txs":0,"uniq":0,"trade":0,"nft":0,"gas":0,"bal":0.001102,"days":0,"spread":0,"streak":0,"rank_m":578273,"pct_m":0.614829},"2024-10":{"txs":0,"uniq":0,"trade":0,"nft":0,"gas":0,"bal":0.001102,"days":0,"spread":0,"streak":0,"rank_m":619026,"pct_m":0.658158},"2024-11":{"txs":0,"uniq":0,"trade":0,"nft":0,"gas":0,"bal":0.001102,"days":0,"spread":0,"streak":0,"rank_m":627719,"pct_m":0.667401},"2024-12":{"txs":5,"uniq":5,"trade":0,"nft":0,"gas":0.00011,"bal":0.000878,"days":1,"spread":0.032258,"streak":1,"rank_m":477283,"pct_m":0.507455,"gas_method":"exact"},"2025-01":{"txs":0,"uniq":0,"trade":0,"nft":0,"gas":0,"bal":0.000878,"days":0,"spread":0,"streak":0,"rank_m":672990,"pct_m":0.715534},"2025-02":{"txs":0,"uniq":0,"trade":0,"nft":0,"gas":0,"bal":0.000878,"days":0,"spread":0,"streak":0,"rank_m":692482,"pct_m":0.736258},"2025-03":{"txs":0,"uniq":0,"trade":0,"nft":0,"gas":0,"bal":0.000878,"days":0,"spread":0,"streak":0,"rank_m":695246,"pct_m":0.739197},"2025-04":{"txs":0,"uniq":0,"trade":0,"nft":0,"gas":0,"bal":0.000878,"days":0,"spread":0,"streak":0,"rank_m":719421,"pct_m":0.7649},"2025-05":{"txs":0,"uniq":0,"trade":0,"nft":0,"gas":0,"bal":0.000878,"days":0,"spread":0,"streak":0,"rank_m":717372,"pct_m":0.762722},"2025-06":{"txs":0,"uniq":0,"trade":0,"nft":0,"gas":0,"bal":0.000878,"days":0,"spread":0,"streak":0,"rank_m":718175,"pct_m":0.763575},"2025-07":{"txs":0,"uniq":0,"trade":0,"nft":0,"gas":0,"bal":0.000878,"days":0,"spread":0,"streak":0,"rank_m":737879,"pct_m":0.784525},"2025-08":{"txs":0,"uniq":0,"trade":0,"nft":0,"gas":0,"bal":0.000878,"days":0,"spread":0,"streak":0,"rank_m":717717,"pct_m":0.763088},"2025-09":{"txs":128,"uniq":18,"trade":0,"nft":0,"gas":0.000901,"bal":0.019714,"days":2,"spread":0.066667,"streak":2,"rank_m":72412,"pct_m":0.076989,"gas_method":"estimated"},"2025-10":{"txs":0,"uniq":0,"trade":0,"nft":0,"gas":0,"bal":0.019714,"days":0,"spread":0,"streak":0,"rank_m":379130,"pct_m":0.403097}}}