{"wallet":"0x6a932b891b1d51a053fdce010bec374a51bef998","rank":346309,"lifetime":{"months_active":23,"first":"2023-07","last":"2025-10","tx_sum":188,"uniq_sum":104,"trade_sum":3,"nft_sum":37,"gas_sum":0.001179,"avg_balance_eth_mean":0.00213,"streak_best_days":5,"gas_sum_filled":0.001179},"months":{"2023-07":{"txs":0,"uniq":0,"trade":0,"nft":0,"gas":0,"bal":0,"days":0,"spread":0,"streak":0,"rank_m":570219,"pct_m":0.606266},"2023-08":{"txs":2,"uniq":2,"trade":0,"nft":1,"gas":0.00034,"bal":0.000156,"days":2,"spread":0.064516,"streak":1,"rank_m":138777,"pct_m":0.147549,"gas_method":"exact"},"2023-09":{"txs":0,"uniq":0,"trade":0,"nft":0,"gas":0,"bal":0.000156,"days":0,"spread":0,"streak":0,"rank_m":294208,"pct_m":0.312806},"2023-10":{"txs":2,"uniq":1,"trade":0,"nft":1,"gas":0.000012,"bal":0.003924,"days":1,"spread":0.032258,"streak":1,"rank_m":113237,"pct_m":0.120395,"gas_method":"estimated"},"2023-11":{"txs":7,"uniq":5,"trade":2,"nft":0,"gas":0.000056,"bal":0.003234,"days":3,"spread":0.1,"streak":1,"rank_m":49046,"pct_m":0.052146,"gas_method":"exact"},"2023-12":{"txs":3,"uniq":2,"trade":0,"nft":0,"gas":0.000059,"bal":0.002083,"days":1,"spread":0.032258,"streak":1,"rank_m":150068,"pct_m":0.159554,"gas_method":"estimated"},"2024-01":{"txs":4,"uniq":3,"trade":0,"nft":1,"gas":0.000074,"bal":0.000832,"days":3,"spread":0.096774,"streak":1,"rank_m":137584,"pct_m":0.146281,"gas_method":"estimated"},"2024-02":{"txs":3,"uniq":3,"trade":0,"nft":2,"gas":0.000031,"bal":0.000126,"days":2,"spread":0.068966,"streak":1,"rank_m":238355,"pct_m":0.253422,"gas_method":"estimated"},"2024-03":{"txs":2,"uniq":1,"trade":0,"nft":1,"gas":0.000031,"bal":0.000031,"days":1,"spread":0.032258,"streak":1,"rank_m":366462,"pct_m":0.389628,"gas_method":"estimated"},"2024-04":{"txs":14,"uniq":8,"trade":0,"nft":2,"gas":0.000027,"bal":0.000648,"days":4,"spread":0.133333,"streak":2,"rank_m":335793,"pct_m":0.35702,"gas_method":"estimated"},"2024-05":{"txs":19,"uniq":8,"trade":0,"nft":4,"gas":0.000012,"bal":0.002011,"days":6,"spread":0.193548,"streak":5,"rank_m":218594,"pct_m":0.232412,"gas_method":"estimated"},"2024-06":{"txs":30,"uniq":16,"trade":0,"nft":9,"gas":0.000001,"bal":0.003979,"days":6,"spread":0.2,"streak":2,"rank_m":140650,"pct_m":0.149541,"gas_method":"estimated"},"2024-07":{"txs":15,"uniq":8,"trade":0,"nft":6,"gas":0.000004,"bal":0.003393,"days":5,"spread":0.16129,"streak":2,"rank_m":131544,"pct_m":0.139859,"gas_method":"exact"},"2024-08":{"txs":13,"uniq":6,"trade":0,"nft":6,"gas":0.000001,"bal":0.003586,"days":5,"spread":0.16129,"streak":2,"rank_m":229339,"pct_m":0.243836,"gas_method":"estimated"},"2024-09":{"txs":2,"uniq":2,"trade":0,"nft":1,"gas":0,"bal":0.00163,"days":1,"spread":0.033333,"streak":1,"rank_m":381191,"pct_m":0.405288,"gas_method":"estimated"},"2024-10":{"txs":4,"uniq":4,"trade":0,"nft":1,"gas":0,"bal":0.001095,"days":2,"spread":0.064516,"streak":1,"rank_m":411252,"pct_m":0.437249,"gas_method":"estimated"},"2024-11":{"txs":6,"uniq":6,"trade":0,"nft":0,"gas":0.000014,"bal":0.001031,"days":3,"spread":0.1,"streak":1,"rank_m":372122,"pct_m":0.395646,"gas_method":"exact"},"2024-12":{"txs":1,"uniq":1,"trade":0,"nft":0,"gas":0.000022,"bal":0.000972,"days":1,"spread":0.032258,"streak":1,"rank_m":558909,"pct_m":0.594241,"gas_method":"exact"},"2025-01":{"txs":10,"uniq":5,"trade":0,"nft":0,"gas":0.000208,"bal":0.000478,"days":5,"spread":0.16129,"streak":2,"rank_m":350216,"pct_m":0.372355,"gas_method":"exact"},"2025-02":{"txs":13,"uniq":6,"trade":0,"nft":0,"gas":0.000056,"bal":0.000203,"days":4,"spread":0.142857,"streak":1,"rank_m":329136,"pct_m":0.349942,"gas_method":"exact"},"2025-03":{"txs":18,"uniq":8,"trade":1,"nft":1,"gas":0.000095,"bal":0.001636,"days":7,"spread":0.225806,"streak":1,"rank_m":184286,"pct_m":0.195935,"gas_method":"exact"},"2025-04":{"txs":4,"uniq":3,"trade":0,"nft":0,"gas":0.000024,"bal":0.004533,"days":4,"spread":0.133333,"streak":1,"rank_m":338011,"pct_m":0.359378,"gas_method":"exact"},"2025-05":{"txs":6,"uniq":2,"trade":0,"nft":0,"gas":0.000042,"bal":0.004805,"days":2,"spread":0.064516,"streak":1,"rank_m":315758,"pct_m":0.335718,"gas_method":"estimated"},"2025-06":{"txs":0,"uniq":0,"trade":0,"nft":0,"gas":0,"bal":0.004805,"days":0,"spread":0,"streak":0,"rank_m":597226,"pct_m":0.63498},"2025-07":{"txs":7,"uniq":2,"trade":0,"nft":1,"gas":0.000049,"bal":0.005106,"days":3,"spread":0.096774,"streak":2,"rank_m":289176,"pct_m":0.307456,"gas_method":"estimated"},"2025-08":{"txs":0,"uniq":0,"trade":0,"nft":0,"gas":0,"bal":0.005106,"days":0,"spread":0,"streak":0,"rank_m":592534,"pct_m":0.629992},"2025-09":{"txs":3,"uniq":2,"trade":0,"nft":0,"gas":0.000021,"bal":0.002045,"days":2,"spread":0.066667,"streak":1,"rank_m":425985,"pct_m":0.452914,"gas_method":"estimated"},"2025-10":{"txs":0,"uniq":0,"trade":0,"nft":0,"gas":0,"bal":0.002045,"days":0,"spread":0,"streak":0,"rank_m":574205,"pct_m":0.610504}}}