{"wallet":"0x6a926de8c63793b4ce07e9c416ff6c48a1054d63","rank":223487,"lifetime":{"months_active":24,"first":"2023-07","last":"2025-10","tx_sum":225,"uniq_sum":145,"trade_sum":3,"nft_sum":61,"gas_sum":0.002888,"avg_balance_eth_mean":0.001864,"streak_best_days":6,"gas_sum_filled":0.002888},"months":{"2023-07":{"txs":3,"uniq":2,"trade":0,"nft":1,"gas":0.00032,"bal":0.000525,"days":1,"spread":0.032258,"streak":1,"rank_m":30364,"pct_m":0.032282,"gas_method":"estimated"},"2023-08":{"txs":8,"uniq":7,"trade":0,"nft":4,"gas":0.001131,"bal":0.000557,"days":6,"spread":0.193548,"streak":1,"rank_m":93704,"pct_m":0.099627,"gas_method":"exact"},"2023-09":{"txs":14,"uniq":8,"trade":0,"nft":3,"gas":0.000169,"bal":0.000092,"days":5,"spread":0.166667,"streak":2,"rank_m":63619,"pct_m":0.06764,"gas_method":"exact"},"2023-10":{"txs":22,"uniq":13,"trade":0,"nft":11,"gas":0.00013,"bal":0.014633,"days":7,"spread":0.225806,"streak":3,"rank_m":11546,"pct_m":0.012275,"gas_method":"exact"},"2023-11":{"txs":2,"uniq":2,"trade":0,"nft":2,"gas":0.000029,"bal":0.002756,"days":2,"spread":0.066667,"streak":2,"rank_m":84032,"pct_m":0.089343,"gas_method":"estimated"},"2023-12":{"txs":17,"uniq":8,"trade":0,"nft":3,"gas":0.000147,"bal":0.013387,"days":5,"spread":0.16129,"streak":1,"rank_m":26460,"pct_m":0.028132,"gas_method":"exact"},"2024-01":{"txs":3,"uniq":2,"trade":0,"nft":0,"gas":0.000052,"bal":0.000812,"days":2,"spread":0.064516,"streak":1,"rank_m":141861,"pct_m":0.150828,"gas_method":"exact"},"2024-02":{"txs":4,"uniq":4,"trade":0,"nft":6,"gas":0.000057,"bal":0.000607,"days":4,"spread":0.137931,"streak":1,"rank_m":178945,"pct_m":0.190256,"gas_method":"estimated"},"2024-03":{"txs":3,"uniq":2,"trade":0,"nft":1,"gas":0.000064,"bal":0.000243,"days":1,"spread":0.032258,"streak":1,"rank_m":346470,"pct_m":0.368372,"gas_method":"estimated"},"2024-04":{"txs":22,"uniq":9,"trade":0,"nft":4,"gas":0.000058,"bal":0.002208,"days":12,"spread":0.4,"streak":6,"rank_m":201268,"pct_m":0.213991,"gas_method":"estimated"},"2024-05":{"txs":22,"uniq":7,"trade":0,"nft":5,"gas":0.000019,"bal":0.003889,"days":15,"spread":0.483871,"streak":3,"rank_m":167033,"pct_m":0.177591,"gas_method":"estimated"},"2024-06":{"txs":22,"uniq":11,"trade":0,"nft":2,"gas":0.000002,"bal":0.002098,"days":12,"spread":0.4,"streak":4,"rank_m":108852,"pct_m":0.115732,"gas_method":"exact"},"2024-07":{"txs":8,"uniq":8,"trade":0,"nft":9,"gas":0.000001,"bal":0.000947,"days":5,"spread":0.16129,"streak":2,"rank_m":254038,"pct_m":0.270097,"gas_method":"estimated"},"2024-08":{"txs":4,"uniq":4,"trade":1,"nft":5,"gas":0,"bal":0.000526,"days":3,"spread":0.096774,"streak":1,"rank_m":373263,"pct_m":0.396859,"gas_method":"estimated"},"2024-09":{"txs":7,"uniq":7,"trade":0,"nft":2,"gas":0,"bal":0.000355,"days":4,"spread":0.133333,"streak":2,"rank_m":300766,"pct_m":0.319779,"gas_method":"estimated"},"2024-10":{"txs":6,"uniq":6,"trade":0,"nft":1,"gas":0,"bal":0.000348,"days":3,"spread":0.096774,"streak":1,"rank_m":417856,"pct_m":0.444271,"gas_method":"estimated"},"2024-11":{"txs":6,"uniq":5,"trade":1,"nft":0,"gas":0.000011,"bal":0.001471,"days":4,"spread":0.133333,"streak":2,"rank_m":289013,"pct_m":0.307283,"gas_method":"exact"},"2024-12":{"txs":15,"uniq":14,"trade":1,"nft":1,"gas":0.000331,"bal":0.002046,"days":6,"spread":0.193548,"streak":2,"rank_m":209816,"pct_m":0.223079,"gas_method":"exact"},"2025-01":{"txs":5,"uniq":5,"trade":0,"nft":0,"gas":0.00013,"bal":0.00081,"days":4,"spread":0.129032,"streak":2,"rank_m":380826,"pct_m":0.4049,"gas_method":"exact"},"2025-02":{"txs":14,"uniq":8,"trade":0,"nft":0,"gas":0.000099,"bal":0.00014,"days":6,"spread":0.214286,"streak":4,"rank_m":237719,"pct_m":0.252746,"gas_method":"exact"},"2025-03":{"txs":14,"uniq":9,"trade":0,"nft":0,"gas":0.000111,"bal":0.000378,"days":6,"spread":0.193548,"streak":2,"rank_m":243590,"pct_m":0.258988,"gas_method":"exact"},"2025-04":{"txs":1,"uniq":1,"trade":0,"nft":0,"gas":0.000006,"bal":0.000358,"days":1,"spread":0.033333,"streak":1,"rank_m":544949,"pct_m":0.579398,"gas_method":"exact"},"2025-05":{"txs":0,"uniq":0,"trade":0,"nft":0,"gas":0,"bal":0.000358,"days":0,"spread":0,"streak":0,"rank_m":766341,"pct_m":0.814786},"2025-06":{"txs":0,"uniq":0,"trade":0,"nft":0,"gas":0,"bal":0.000358,"days":0,"spread":0,"streak":0,"rank_m":769373,"pct_m":0.81801},"2025-07":{"txs":0,"uniq":0,"trade":0,"nft":0,"gas":0,"bal":0.000358,"days":0,"spread":0,"streak":0,"rank_m":789706,"pct_m":0.839628},"2025-08":{"txs":2,"uniq":2,"trade":0,"nft":0,"gas":0.000014,"bal":0.000672,"days":1,"spread":0.032258,"streak":1,"rank_m":534452,"pct_m":0.568238,"gas_method":"estimated"},"2025-09":{"txs":0,"uniq":0,"trade":0,"nft":0,"gas":0,"bal":0.000672,"days":0,"spread":0,"streak":0,"rank_m":720901,"pct_m":0.766474},"2025-10":{"txs":1,"uniq":1,"trade":0,"nft":1,"gas":0.000007,"bal":0.000574,"days":1,"spread":0.032258,"streak":1,"rank_m":335628,"pct_m":0.356845,"gas_method":"estimated"}}}