{"wallet":"0x6a3ac968844a90243620b9f43bf33c452e15cde3","rank":540848,"lifetime":{"months_active":21,"first":"2023-07","last":"2025-10","tx_sum":149,"uniq_sum":71,"trade_sum":11,"nft_sum":4,"gas_sum":0.000746,"avg_balance_eth_mean":0.001255,"streak_best_days":3,"gas_sum_filled":0.000746},"months":{"2023-07":{"txs":0,"uniq":0,"trade":0,"nft":0,"gas":0,"bal":0,"days":0,"spread":0,"streak":0,"rank_m":571426,"pct_m":0.607549},"2023-08":{"txs":0,"uniq":0,"trade":0,"nft":0,"gas":0,"bal":0,"days":0,"spread":0,"streak":0,"rank_m":619207,"pct_m":0.658351},"2023-09":{"txs":0,"uniq":0,"trade":0,"nft":0,"gas":0,"bal":0,"days":0,"spread":0,"streak":0,"rank_m":631984,"pct_m":0.671936},"2023-10":{"txs":2,"uniq":1,"trade":0,"nft":0,"gas":0.000016,"bal":0.000256,"days":2,"spread":0.064516,"streak":2,"rank_m":140951,"pct_m":0.149861,"gas_method":"estimated"},"2023-11":{"txs":0,"uniq":0,"trade":0,"nft":0,"gas":0,"bal":0.000256,"days":0,"spread":0,"streak":0,"rank_m":317785,"pct_m":0.337874},"2023-12":{"txs":0,"uniq":0,"trade":0,"nft":0,"gas":0,"bal":0.000256,"days":0,"spread":0,"streak":0,"rank_m":339059,"pct_m":0.360493},"2024-01":{"txs":1,"uniq":1,"trade":0,"nft":0,"gas":0.000024,"bal":0.000312,"days":1,"spread":0.032258,"streak":1,"rank_m":199486,"pct_m":0.212096,"gas_method":"estimated"},"2024-02":{"txs":8,"uniq":3,"trade":0,"nft":0,"gas":0.000109,"bal":0.000255,"days":2,"spread":0.068966,"streak":1,"rank_m":240479,"pct_m":0.255681,"gas_method":"estimated"},"2024-03":{"txs":1,"uniq":1,"trade":0,"nft":0,"gas":0.00002,"bal":0.000211,"days":1,"spread":0.032258,"streak":1,"rank_m":372408,"pct_m":0.39595,"gas_method":"estimated"},"2024-04":{"txs":3,"uniq":3,"trade":0,"nft":0,"gas":0.000008,"bal":0.000251,"days":2,"spread":0.066667,"streak":1,"rank_m":441563,"pct_m":0.469477,"gas_method":"estimated"},"2024-05":{"txs":4,"uniq":2,"trade":0,"nft":0,"gas":0.000003,"bal":0.000329,"days":2,"spread":0.064516,"streak":1,"rank_m":460691,"pct_m":0.489814,"gas_method":"estimated"},"2024-06":{"txs":3,"uniq":2,"trade":0,"nft":0,"gas":0,"bal":0.000382,"days":1,"spread":0.033333,"streak":1,"rank_m":485555,"pct_m":0.51625,"gas_method":"estimated"},"2024-07":{"txs":3,"uniq":2,"trade":0,"nft":0,"gas":0,"bal":0.000377,"days":1,"spread":0.032258,"streak":1,"rank_m":485478,"pct_m":0.516168,"gas_method":"estimated"},"2024-08":{"txs":15,"uniq":5,"trade":2,"nft":2,"gas":0.000001,"bal":0.001327,"days":3,"spread":0.096774,"streak":3,"rank_m":246892,"pct_m":0.262499,"gas_method":"estimated"},"2024-09":{"txs":14,"uniq":2,"trade":0,"nft":0,"gas":0.000001,"bal":0.004437,"days":2,"spread":0.066667,"streak":1,"rank_m":310067,"pct_m":0.329668,"gas_method":"estimated"},"2024-10":{"txs":15,"uniq":3,"trade":0,"nft":0,"gas":0.000001,"bal":0.004134,"days":2,"spread":0.064516,"streak":1,"rank_m":360066,"pct_m":0.382828,"gas_method":"estimated"},"2024-11":{"txs":17,"uniq":11,"trade":0,"nft":2,"gas":0.000039,"bal":0.003242,"days":8,"spread":0.266667,"streak":2,"rank_m":167295,"pct_m":0.17787,"gas_method":"exact"},"2024-12":{"txs":4,"uniq":3,"trade":0,"nft":0,"gas":0.000088,"bal":0.001664,"days":3,"spread":0.096774,"streak":2,"rank_m":428493,"pct_m":0.45558,"gas_method":"exact"},"2025-01":{"txs":2,"uniq":2,"trade":0,"nft":0,"gas":0.000052,"bal":0.001472,"days":1,"spread":0.032258,"streak":1,"rank_m":501422,"pct_m":0.53312,"gas_method":"exact"},"2025-02":{"txs":0,"uniq":0,"trade":0,"nft":0,"gas":0,"bal":0.001472,"days":0,"spread":0,"streak":0,"rank_m":670254,"pct_m":0.712625},"2025-03":{"txs":5,"uniq":4,"trade":0,"nft":0,"gas":0.00004,"bal":0.002072,"days":2,"spread":0.064516,"streak":2,"rank_m":315782,"pct_m":0.335744,"gas_method":"exact"},"2025-04":{"txs":21,"uniq":11,"trade":0,"nft":0,"gas":0.000127,"bal":0.002327,"days":6,"spread":0.2,"streak":2,"rank_m":136216,"pct_m":0.144826,"gas_method":"exact"},"2025-05":{"txs":9,"uniq":2,"trade":4,"nft":0,"gas":0.000063,"bal":0.00182,"days":5,"spread":0.16129,"streak":1,"rank_m":250035,"pct_m":0.265841,"gas_method":"estimated"},"2025-06":{"txs":6,"uniq":3,"trade":3,"nft":0,"gas":0.000042,"bal":0.001006,"days":3,"spread":0.1,"streak":1,"rank_m":371435,"pct_m":0.394915,"gas_method":"estimated"},"2025-07":{"txs":9,"uniq":6,"trade":2,"nft":0,"gas":0.000063,"bal":0.003341,"days":4,"spread":0.129032,"streak":2,"rank_m":248522,"pct_m":0.264232,"gas_method":"estimated"},"2025-08":{"txs":5,"uniq":3,"trade":0,"nft":0,"gas":0.000035,"bal":0.000808,"days":1,"spread":0.032258,"streak":1,"rank_m":499974,"pct_m":0.53158,"gas_method":"estimated"},"2025-09":{"txs":2,"uniq":1,"trade":0,"nft":0,"gas":0.000014,"bal":0.00157,"days":1,"spread":0.033333,"streak":1,"rank_m":485860,"pct_m":0.516574,"gas_method":"estimated"},"2025-10":{"txs":0,"uniq":0,"trade":0,"nft":0,"gas":0,"bal":0.00157,"days":0,"spread":0,"streak":0,"rank_m":593550,"pct_m":0.631072}}}