{"wallet":"0x6a889e836c654bea3d00b942a45e2973237f47d3","rank":998,"lifetime":{"months_active":26,"first":"2023-07","last":"2025-10","tx_sum":5523,"uniq_sum":1644,"trade_sum":72,"nft_sum":558,"gas_sum":0.050488,"avg_balance_eth_mean":0.032465,"streak_best_days":191,"gas_sum_filled":0.050488},"months":{"2023-07":{"txs":0,"uniq":0,"trade":0,"nft":0,"gas":0,"bal":0,"days":0,"spread":0,"streak":0,"rank_m":570358,"pct_m":0.606414},"2023-08":{"txs":0,"uniq":0,"trade":0,"nft":0,"gas":0,"bal":0,"days":0,"spread":0,"streak":0,"rank_m":618278,"pct_m":0.657363},"2023-09":{"txs":3,"uniq":1,"trade":0,"nft":0,"gas":0.000076,"bal":0.004446,"days":1,"spread":0.033333,"streak":1,"rank_m":121257,"pct_m":0.128922,"gas_method":"estimated"},"2023-10":{"txs":1,"uniq":1,"trade":0,"nft":0,"gas":0.000007,"bal":0.009006,"days":1,"spread":0.032258,"streak":1,"rank_m":115389,"pct_m":0.122683,"gas_method":"estimated"},"2023-11":{"txs":20,"uniq":10,"trade":1,"nft":3,"gas":0.000233,"bal":0.003891,"days":6,"spread":0.2,"streak":4,"rank_m":26970,"pct_m":0.028674,"gas_method":"estimated"},"2023-12":{"txs":26,"uniq":15,"trade":0,"nft":9,"gas":0.000172,"bal":0.015844,"days":12,"spread":0.387097,"streak":3,"rank_m":5746,"pct_m":0.006108,"gas_method":"exact"},"2024-01":{"txs":5,"uniq":4,"trade":0,"nft":3,"gas":0.000077,"bal":0.005176,"days":3,"spread":0.096774,"streak":1,"rank_m":75877,"pct_m":0.080673,"gas_method":"exact"},"2024-02":{"txs":10,"uniq":8,"trade":0,"nft":7,"gas":0.000401,"bal":0.005928,"days":6,"spread":0.206897,"streak":1,"rank_m":65665,"pct_m":0.069815,"gas_method":"exact"},"2024-03":{"txs":8,"uniq":4,"trade":0,"nft":3,"gas":0.000137,"bal":0.005114,"days":3,"spread":0.096774,"streak":3,"rank_m":186914,"pct_m":0.198729,"gas_method":"estimated"},"2024-04":{"txs":99,"uniq":38,"trade":2,"nft":21,"gas":0.00021,"bal":0.008937,"days":19,"spread":0.633333,"streak":7,"rank_m":41465,"pct_m":0.044085,"gas_method":"estimated"},"2024-05":{"txs":74,"uniq":27,"trade":0,"nft":23,"gas":0.000052,"bal":0.010908,"days":16,"spread":0.516129,"streak":6,"rank_m":40860,"pct_m":0.043442,"gas_method":"estimated"},"2024-06":{"txs":34,"uniq":20,"trade":4,"nft":16,"gas":0,"bal":0.012889,"days":19,"spread":0.633333,"streak":6,"rank_m":20147,"pct_m":0.02142,"gas_method":"exact"},"2024-07":{"txs":71,"uniq":37,"trade":0,"nft":22,"gas":0.000008,"bal":0.01038,"days":19,"spread":0.612903,"streak":4,"rank_m":27161,"pct_m":0.028877,"gas_method":"estimated"},"2024-08":{"txs":128,"uniq":58,"trade":4,"nft":57,"gas":0.000002,"bal":0.005887,"days":22,"spread":0.709677,"streak":8,"rank_m":9234,"pct_m":0.009817,"gas_method":"exact"},"2024-09":{"txs":126,"uniq":70,"trade":6,"nft":68,"gas":0.000002,"bal":0.009599,"days":27,"spread":0.9,"streak":9,"rank_m":3757,"pct_m":0.003993,"gas_method":"exact"},"2024-10":{"txs":197,"uniq":87,"trade":5,"nft":67,"gas":0.000005,"bal":0.022309,"days":29,"spread":0.935484,"streak":20,"rank_m":1918,"pct_m":0.002038,"gas_method":"exact"},"2024-11":{"txs":218,"uniq":59,"trade":6,"nft":10,"gas":0.000487,"bal":0.035123,"days":29,"spread":0.966667,"streak":22,"rank_m":2480,"pct_m":0.002636,"gas_method":"exact"},"2024-12":{"txs":348,"uniq":88,"trade":6,"nft":9,"gas":0.007673,"bal":0.099991,"days":30,"spread":0.967742,"streak":22,"rank_m":931,"pct_m":0.000989,"gas_method":"exact"},"2025-01":{"txs":763,"uniq":136,"trade":3,"nft":20,"gas":0.019743,"bal":0.078384,"days":31,"spread":1,"streak":31,"rank_m":667,"pct_m":0.000708,"gas_method":"exact"},"2025-02":{"txs":501,"uniq":127,"trade":1,"nft":13,"gas":0.003484,"bal":0.092205,"days":28,"spread":1,"streak":28,"rank_m":995,"pct_m":0.001057,"gas_method":"exact"},"2025-03":{"txs":609,"uniq":169,"trade":8,"nft":39,"gas":0.004725,"bal":0.099484,"days":30,"spread":0.967742,"streak":28,"rank_m":368,"pct_m":0.00039,"gas_method":"exact"},"2025-04":{"txs":440,"uniq":147,"trade":2,"nft":28,"gas":0.00003,"bal":0.099536,"days":29,"spread":0.966667,"streak":22,"rank_m":3574,"pct_m":0.003799,"gas_method":"exact"},"2025-05":{"txs":427,"uniq":106,"trade":3,"nft":15,"gas":0.003005,"bal":0.04988,"days":31,"spread":1,"streak":31,"rank_m":1559,"pct_m":0.001656,"gas_method":"estimated"},"2025-06":{"txs":327,"uniq":104,"trade":6,"nft":6,"gas":0.002301,"bal":0.032485,"days":30,"spread":1,"streak":30,"rank_m":1736,"pct_m":0.001845,"gas_method":"estimated"},"2025-07":{"txs":396,"uniq":119,"trade":6,"nft":53,"gas":0.002787,"bal":0.043313,"days":31,"spread":1,"streak":31,"rank_m":1418,"pct_m":0.001507,"gas_method":"estimated"},"2025-08":{"txs":332,"uniq":97,"trade":9,"nft":24,"gas":0.002337,"bal":0.039756,"days":31,"spread":1,"streak":31,"rank_m":1641,"pct_m":0.001744,"gas_method":"estimated"},"2025-09":{"txs":242,"uniq":81,"trade":0,"nft":30,"gas":0.001703,"bal":0.039654,"days":30,"spread":1,"streak":30,"rank_m":2546,"pct_m":0.002706,"gas_method":"estimated"},"2025-10":{"txs":118,"uniq":31,"trade":0,"nft":12,"gas":0.000831,"bal":0.068882,"days":16,"spread":0.516129,"streak":16,"rank_m":1613,"pct_m":0.001714,"gas_method":"estimated"}}}