{"wallet":"0x6a2e837f42741a482f765547b295ff5dffa0a02a","rank":257808,"lifetime":{"months_active":20,"first":"2023-07","last":"2025-10","tx_sum":314,"uniq_sum":120,"trade_sum":0,"nft_sum":27,"gas_sum":0.001852,"avg_balance_eth_mean":0.001348,"streak_best_days":29,"gas_sum_filled":0.001852},"months":{"2023-07":{"txs":0,"uniq":0,"trade":0,"nft":0,"gas":0,"bal":0,"days":0,"spread":0,"streak":0,"rank_m":571601,"pct_m":0.607735},"2023-08":{"txs":0,"uniq":0,"trade":0,"nft":0,"gas":0,"bal":0,"days":0,"spread":0,"streak":0,"rank_m":619358,"pct_m":0.658511},"2023-09":{"txs":1,"uniq":1,"trade":0,"nft":1,"gas":0.000021,"bal":0.000067,"days":1,"spread":0.033333,"streak":1,"rank_m":143345,"pct_m":0.152406,"gas_method":"estimated"},"2023-10":{"txs":0,"uniq":0,"trade":0,"nft":0,"gas":0,"bal":0.000067,"days":0,"spread":0,"streak":0,"rank_m":317051,"pct_m":0.337093},"2023-11":{"txs":0,"uniq":0,"trade":0,"nft":0,"gas":0,"bal":0.000067,"days":0,"spread":0,"streak":0,"rank_m":331993,"pct_m":0.35298},"2023-12":{"txs":0,"uniq":0,"trade":0,"nft":0,"gas":0,"bal":0.000067,"days":0,"spread":0,"streak":0,"rank_m":355109,"pct_m":0.377557},"2024-01":{"txs":0,"uniq":0,"trade":0,"nft":0,"gas":0,"bal":0.000067,"days":0,"spread":0,"streak":0,"rank_m":372603,"pct_m":0.396157},"2024-02":{"txs":0,"uniq":0,"trade":0,"nft":0,"gas":0,"bal":0.000067,"days":0,"spread":0,"streak":0,"rank_m":419112,"pct_m":0.445606},"2024-03":{"txs":3,"uniq":2,"trade":0,"nft":1,"gas":0.000138,"bal":0.000954,"days":2,"spread":0.064516,"streak":1,"rank_m":277010,"pct_m":0.294521,"gas_method":"exact"},"2024-04":{"txs":49,"uniq":9,"trade":0,"nft":4,"gas":0.000088,"bal":0.002686,"days":5,"spread":0.166667,"streak":4,"rank_m":211443,"pct_m":0.224809,"gas_method":"estimated"},"2024-05":{"txs":4,"uniq":2,"trade":0,"nft":2,"gas":0.000002,"bal":0.001112,"days":2,"spread":0.064516,"streak":1,"rank_m":411656,"pct_m":0.437679,"gas_method":"estimated"},"2024-06":{"txs":10,"uniq":7,"trade":0,"nft":5,"gas":0.000001,"bal":0.000921,"days":4,"spread":0.133333,"streak":1,"rank_m":234309,"pct_m":0.24912,"gas_method":"exact"},"2024-07":{"txs":4,"uniq":4,"trade":0,"nft":5,"gas":0.000002,"bal":0.000513,"days":4,"spread":0.129032,"streak":1,"rank_m":287529,"pct_m":0.305705,"gas_method":"exact"},"2024-08":{"txs":5,"uniq":5,"trade":0,"nft":4,"gas":0,"bal":0.000379,"days":3,"spread":0.096774,"streak":1,"rank_m":400235,"pct_m":0.425536,"gas_method":"estimated"},"2024-09":{"txs":2,"uniq":2,"trade":0,"nft":2,"gas":0,"bal":0.000318,"days":2,"spread":0.066667,"streak":1,"rank_m":405701,"pct_m":0.431347,"gas_method":"estimated"},"2024-10":{"txs":2,"uniq":2,"trade":0,"nft":2,"gas":0,"bal":0.000513,"days":2,"spread":0.064516,"streak":1,"rank_m":451749,"pct_m":0.480307,"gas_method":"estimated"},"2024-11":{"txs":0,"uniq":0,"trade":0,"nft":0,"gas":0,"bal":0.000513,"days":0,"spread":0,"streak":0,"rank_m":655778,"pct_m":0.697234},"2024-12":{"txs":4,"uniq":4,"trade":0,"nft":0,"gas":0.000088,"bal":0.001461,"days":3,"spread":0.096774,"streak":2,"rank_m":424335,"pct_m":0.451159,"gas_method":"exact"},"2025-01":{"txs":6,"uniq":6,"trade":0,"nft":0,"gas":0.000156,"bal":0.001187,"days":3,"spread":0.096774,"streak":1,"rank_m":389957,"pct_m":0.414608,"gas_method":"exact"},"2025-02":{"txs":4,"uniq":3,"trade":0,"nft":0,"gas":0.000021,"bal":0.001772,"days":2,"spread":0.071429,"streak":2,"rank_m":373668,"pct_m":0.397289,"gas_method":"exact"},"2025-03":{"txs":23,"uniq":7,"trade":0,"nft":1,"gas":0.000001,"bal":0.001357,"days":20,"spread":0.645161,"streak":8,"rank_m":175788,"pct_m":0.1869,"gas_method":"exact"},"2025-04":{"txs":46,"uniq":15,"trade":0,"nft":0,"gas":0.000272,"bal":0.001464,"days":17,"spread":0.566667,"streak":17,"rank_m":55028,"pct_m":0.058506,"gas_method":"exact"},"2025-05":{"txs":35,"uniq":12,"trade":0,"nft":0,"gas":0.000246,"bal":0.001601,"days":20,"spread":0.645161,"streak":12,"rank_m":148120,"pct_m":0.157483,"gas_method":"estimated"},"2025-06":{"txs":38,"uniq":19,"trade":0,"nft":0,"gas":0.000267,"bal":0.001575,"days":9,"spread":0.3,"streak":3,"rank_m":244462,"pct_m":0.259915,"gas_method":"estimated"},"2025-07":{"txs":25,"uniq":7,"trade":0,"nft":0,"gas":0.000176,"bal":0.001817,"days":10,"spread":0.322581,"streak":2,"rank_m":300549,"pct_m":0.319548,"gas_method":"estimated"},"2025-08":{"txs":9,"uniq":5,"trade":0,"nft":0,"gas":0.000063,"bal":0.005159,"days":6,"spread":0.193548,"streak":2,"rank_m":260200,"pct_m":0.276648,"gas_method":"estimated"},"2025-09":{"txs":15,"uniq":4,"trade":0,"nft":0,"gas":0.000106,"bal":0.006092,"days":7,"spread":0.233333,"streak":3,"rank_m":218910,"pct_m":0.232748,"gas_method":"estimated"},"2025-10":{"txs":29,"uniq":4,"trade":0,"nft":0,"gas":0.000204,"bal":0.005944,"days":5,"spread":0.16129,"streak":2,"rank_m":127597,"pct_m":0.135662,"gas_method":"estimated"}}}