{"wallet":"0x60e8734de47fe29e474bb446de5a5cce87222222","rank":24359,"lifetime":{"months_active":16,"first":"2023-07","last":"2025-10","tx_sum":35336,"uniq_sum":136,"trade_sum":14,"nft_sum":11,"gas_sum":0.252294,"avg_balance_eth_mean":0.050319,"streak_best_days":48,"gas_sum_filled":0.252294},"months":{"2023-07":{"txs":24,"uniq":5,"trade":0,"nft":0,"gas":0.000721,"bal":0.001916,"days":2,"spread":0.064516,"streak":2,"rank_m":8619,"pct_m":0.009163,"gas_method":"exact"},"2023-08":{"txs":67,"uniq":7,"trade":0,"nft":0,"gas":0.002014,"bal":0.016668,"days":4,"spread":0.129032,"streak":1,"rank_m":64845,"pct_m":0.068943,"gas_method":"exact"},"2023-09":{"txs":5,"uniq":3,"trade":0,"nft":1,"gas":0.000266,"bal":0.015148,"days":2,"spread":0.066667,"streak":1,"rank_m":83022,"pct_m":0.088269,"gas_method":"estimated"},"2023-10":{"txs":0,"uniq":0,"trade":0,"nft":0,"gas":0,"bal":0.015148,"days":0,"spread":0,"streak":0,"rank_m":238977,"pct_m":0.254084},"2023-11":{"txs":3,"uniq":1,"trade":0,"nft":0,"gas":0.000073,"bal":0.014605,"days":3,"spread":0.1,"streak":2,"rank_m":73894,"pct_m":0.078564,"gas_method":"estimated"},"2023-12":{"txs":0,"uniq":0,"trade":0,"nft":0,"gas":0,"bal":0.014605,"days":0,"spread":0,"streak":0,"rank_m":250592,"pct_m":0.266433},"2024-01":{"txs":0,"uniq":0,"trade":0,"nft":0,"gas":0,"bal":0.014605,"days":0,"spread":0,"streak":0,"rank_m":259714,"pct_m":0.276132},"2024-02":{"txs":3,"uniq":2,"trade":0,"nft":0,"gas":0.000072,"bal":0.067393,"days":2,"spread":0.068966,"streak":2,"rank_m":138674,"pct_m":0.14744,"gas_method":"estimated"},"2024-03":{"txs":8,"uniq":4,"trade":0,"nft":0,"gas":0.000288,"bal":0.109124,"days":2,"spread":0.064516,"streak":2,"rank_m":179470,"pct_m":0.190815,"gas_method":"estimated"},"2024-04":{"txs":37,"uniq":16,"trade":0,"nft":4,"gas":0.000164,"bal":0.075031,"days":6,"spread":0.2,"streak":5,"rank_m":91184,"pct_m":0.096947,"gas_method":"estimated"},"2024-05":{"txs":0,"uniq":0,"trade":0,"nft":0,"gas":0,"bal":0.075031,"days":0,"spread":0,"streak":0,"rank_m":464290,"pct_m":0.49364},"2024-06":{"txs":0,"uniq":0,"trade":0,"nft":0,"gas":0,"bal":0.075031,"days":0,"spread":0,"streak":0,"rank_m":471224,"pct_m":0.501013},"2024-07":{"txs":1,"uniq":1,"trade":0,"nft":0,"gas":0,"bal":0.002404,"days":1,"spread":0.032258,"streak":1,"rank_m":400442,"pct_m":0.425756,"gas_method":"exact"},"2024-08":{"txs":0,"uniq":0,"trade":0,"nft":0,"gas":0,"bal":0.002404,"days":0,"spread":0,"streak":0,"rank_m":566898,"pct_m":0.602735},"2024-09":{"txs":0,"uniq":0,"trade":0,"nft":0,"gas":0,"bal":0.002404,"days":0,"spread":0,"streak":0,"rank_m":551141,"pct_m":0.585982},"2024-10":{"txs":0,"uniq":0,"trade":0,"nft":0,"gas":0,"bal":0.002404,"days":0,"spread":0,"streak":0,"rank_m":595162,"pct_m":0.632786},"2024-11":{"txs":18,"uniq":7,"trade":0,"nft":0,"gas":0.000039,"bal":0.024362,"days":4,"spread":0.133333,"streak":1,"rank_m":210976,"pct_m":0.224312,"gas_method":"exact"},"2024-12":{"txs":71,"uniq":22,"trade":0,"nft":0,"gas":0.001543,"bal":0.14458,"days":13,"spread":0.419355,"streak":5,"rank_m":34326,"pct_m":0.036495,"gas_method":"exact"},"2025-01":{"txs":60,"uniq":15,"trade":0,"nft":0,"gas":0.001559,"bal":0.331362,"days":10,"spread":0.322581,"streak":3,"rank_m":38452,"pct_m":0.040882,"gas_method":"exact"},"2025-02":{"txs":7,"uniq":4,"trade":0,"nft":0,"gas":0.000042,"bal":0.153806,"days":3,"spread":0.107143,"streak":1,"rank_m":239951,"pct_m":0.255119,"gas_method":"exact"},"2025-03":{"txs":0,"uniq":0,"trade":0,"nft":0,"gas":0,"bal":0.153806,"days":0,"spread":0,"streak":0,"rank_m":519000,"pct_m":0.551809},"2025-04":{"txs":1035,"uniq":20,"trade":0,"nft":2,"gas":0.006236,"bal":0.056248,"days":13,"spread":0.433333,"streak":13,"rank_m":3223,"pct_m":0.003426,"gas_method":"exact"},"2025-05":{"txs":30102,"uniq":23,"trade":14,"nft":3,"gas":0.211863,"bal":0.013102,"days":31,"spread":1,"streak":31,"rank_m":8316,"pct_m":0.008841,"gas_method":"estimated"},"2025-06":{"txs":3892,"uniq":3,"trade":0,"nft":1,"gas":0.027393,"bal":0.003816,"days":5,"spread":0.166667,"streak":4,"rank_m":148987,"pct_m":0.158405,"gas_method":"estimated"},"2025-07":{"txs":0,"uniq":0,"trade":0,"nft":0,"gas":0,"bal":0.003816,"days":0,"spread":0,"streak":0,"rank_m":640352,"pct_m":0.680833},"2025-08":{"txs":0,"uniq":0,"trade":0,"nft":0,"gas":0,"bal":0.003816,"days":0,"spread":0,"streak":0,"rank_m":622059,"pct_m":0.661383},"2025-09":{"txs":3,"uniq":3,"trade":0,"nft":0,"gas":0.000021,"bal":0.008152,"days":2,"spread":0.066667,"streak":1,"rank_m":320008,"pct_m":0.340237,"gas_method":"estimated"},"2025-10":{"txs":0,"uniq":0,"trade":0,"nft":0,"gas":0,"bal":0.008152,"days":0,"spread":0,"streak":0,"rank_m":458941,"pct_m":0.487953}}}