{"wallet":"0x6060aa949e1b6a736ab74354415f313ac9900b2a","rank":716041,"lifetime":{"months_active":8,"first":"2023-07","last":"2025-10","tx_sum":102,"uniq_sum":46,"trade_sum":7,"nft_sum":9,"gas_sum":0.00729,"avg_balance_eth_mean":0.006662,"streak_best_days":2,"gas_sum_filled":0.00729},"months":{"2023-07":{"txs":0,"uniq":0,"trade":0,"nft":0,"gas":0,"bal":0,"days":0,"spread":0,"streak":0,"rank_m":605640,"pct_m":0.643926},"2023-08":{"txs":0,"uniq":0,"trade":0,"nft":0,"gas":0,"bal":0,"days":0,"spread":0,"streak":0,"rank_m":648972,"pct_m":0.689998},"2023-09":{"txs":0,"uniq":0,"trade":0,"nft":0,"gas":0,"bal":0,"days":0,"spread":0,"streak":0,"rank_m":660575,"pct_m":0.702334},"2023-10":{"txs":0,"uniq":0,"trade":0,"nft":0,"gas":0,"bal":0,"days":0,"spread":0,"streak":0,"rank_m":669956,"pct_m":0.712308},"2023-11":{"txs":3,"uniq":2,"trade":0,"nft":0,"gas":0.000206,"bal":0.004644,"days":2,"spread":0.066667,"streak":1,"rank_m":104653,"pct_m":0.111268,"gas_method":"estimated"},"2023-12":{"txs":33,"uniq":13,"trade":2,"nft":4,"gas":0.004245,"bal":0.015633,"days":5,"spread":0.16129,"streak":1,"rank_m":21144,"pct_m":0.02248,"gas_method":"estimated"},"2024-01":{"txs":19,"uniq":9,"trade":0,"nft":3,"gas":0.00109,"bal":0.014379,"days":3,"spread":0.096774,"streak":1,"rank_m":33945,"pct_m":0.03609,"gas_method":"exact"},"2024-02":{"txs":7,"uniq":6,"trade":1,"nft":1,"gas":0.000474,"bal":0.012343,"days":2,"spread":0.068966,"streak":1,"rank_m":104412,"pct_m":0.111012,"gas_method":"estimated"},"2024-03":{"txs":10,"uniq":4,"trade":3,"nft":0,"gas":0.001015,"bal":0.011598,"days":2,"spread":0.064516,"streak":1,"rank_m":180397,"pct_m":0.1918,"gas_method":"estimated"},"2024-04":{"txs":10,"uniq":4,"trade":0,"nft":1,"gas":0.000209,"bal":0.008588,"days":1,"spread":0.033333,"streak":1,"rank_m":305941,"pct_m":0.325281,"gas_method":"exact"},"2024-05":{"txs":12,"uniq":4,"trade":0,"nft":0,"gas":0.00005,"bal":0.008331,"days":2,"spread":0.064516,"streak":1,"rank_m":334549,"pct_m":0.355697,"gas_method":"estimated"},"2024-06":{"txs":8,"uniq":4,"trade":1,"nft":0,"gas":0.000001,"bal":0.00653,"days":4,"spread":0.133333,"streak":2,"rank_m":211541,"pct_m":0.224913,"gas_method":"estimated"},"2024-07":{"txs":0,"uniq":0,"trade":0,"nft":0,"gas":0,"bal":0.00653,"days":0,"spread":0,"streak":0,"rank_m":526160,"pct_m":0.559422},"2024-08":{"txs":0,"uniq":0,"trade":0,"nft":0,"gas":0,"bal":0.00653,"days":0,"spread":0,"streak":0,"rank_m":536765,"pct_m":0.570697},"2024-09":{"txs":0,"uniq":0,"trade":0,"nft":0,"gas":0,"bal":0.00653,"days":0,"spread":0,"streak":0,"rank_m":512174,"pct_m":0.544551},"2024-10":{"txs":0,"uniq":0,"trade":0,"nft":0,"gas":0,"bal":0.00653,"days":0,"spread":0,"streak":0,"rank_m":557924,"pct_m":0.593194},"2024-11":{"txs":0,"uniq":0,"trade":0,"nft":0,"gas":0,"bal":0.00653,"days":0,"spread":0,"streak":0,"rank_m":573676,"pct_m":0.609942},"2024-12":{"txs":0,"uniq":0,"trade":0,"nft":0,"gas":0,"bal":0.00653,"days":0,"spread":0,"streak":0,"rank_m":628867,"pct_m":0.668622},"2025-01":{"txs":0,"uniq":0,"trade":0,"nft":0,"gas":0,"bal":0.00653,"days":0,"spread":0,"streak":0,"rank_m":614659,"pct_m":0.653515},"2025-02":{"txs":0,"uniq":0,"trade":0,"nft":0,"gas":0,"bal":0.00653,"days":0,"spread":0,"streak":0,"rank_m":620274,"pct_m":0.659485},"2025-03":{"txs":0,"uniq":0,"trade":0,"nft":0,"gas":0,"bal":0.00653,"days":0,"spread":0,"streak":0,"rank_m":606001,"pct_m":0.64431},"2025-04":{"txs":0,"uniq":0,"trade":0,"nft":0,"gas":0,"bal":0.00653,"days":0,"spread":0,"streak":0,"rank_m":636885,"pct_m":0.677146},"2025-05":{"txs":0,"uniq":0,"trade":0,"nft":0,"gas":0,"bal":0.00653,"days":0,"spread":0,"streak":0,"rank_m":577446,"pct_m":0.61395},"2025-06":{"txs":0,"uniq":0,"trade":0,"nft":0,"gas":0,"bal":0.00653,"days":0,"spread":0,"streak":0,"rank_m":576610,"pct_m":0.613061},"2025-07":{"txs":0,"uniq":0,"trade":0,"nft":0,"gas":0,"bal":0.00653,"days":0,"spread":0,"streak":0,"rank_m":595576,"pct_m":0.633226},"2025-08":{"txs":0,"uniq":0,"trade":0,"nft":0,"gas":0,"bal":0.00653,"days":0,"spread":0,"streak":0,"rank_m":575764,"pct_m":0.612162},"2025-09":{"txs":0,"uniq":0,"trade":0,"nft":0,"gas":0,"bal":0.00653,"days":0,"spread":0,"streak":0,"rank_m":564206,"pct_m":0.599873},"2025-10":{"txs":0,"uniq":0,"trade":0,"nft":0,"gas":0,"bal":0.00653,"days":0,"spread":0,"streak":0,"rank_m":479300,"pct_m":0.509599}}}