{"wallet":"0x6083d2e1d1571f9f34938698e66eb2002f4f2ce4","rank":201984,"lifetime":{"months_active":18,"first":"2023-07","last":"2025-10","tx_sum":314,"uniq_sum":142,"trade_sum":18,"nft_sum":8,"gas_sum":0.002677,"avg_balance_eth_mean":0.001605,"streak_best_days":5,"gas_sum_filled":0.002677},"months":{"2023-07":{"txs":0,"uniq":0,"trade":0,"nft":0,"gas":0,"bal":0,"days":0,"spread":0,"streak":0,"rank_m":605198,"pct_m":0.643456},"2023-08":{"txs":0,"uniq":0,"trade":0,"nft":0,"gas":0,"bal":0,"days":0,"spread":0,"streak":0,"rank_m":648589,"pct_m":0.68959},"2023-09":{"txs":0,"uniq":0,"trade":0,"nft":0,"gas":0,"bal":0,"days":0,"spread":0,"streak":0,"rank_m":660204,"pct_m":0.70194},"2023-10":{"txs":1,"uniq":1,"trade":0,"nft":0,"gas":0.000007,"bal":0.000989,"days":1,"spread":0.032258,"streak":1,"rank_m":144188,"pct_m":0.153302,"gas_method":"estimated"},"2023-11":{"txs":2,"uniq":2,"trade":0,"nft":0,"gas":0.000025,"bal":0.001091,"days":2,"spread":0.066667,"streak":1,"rank_m":134083,"pct_m":0.142558,"gas_method":"estimated"},"2023-12":{"txs":0,"uniq":0,"trade":0,"nft":0,"gas":0,"bal":0.001091,"days":0,"spread":0,"streak":0,"rank_m":314993,"pct_m":0.334905},"2024-01":{"txs":1,"uniq":1,"trade":0,"nft":0,"gas":0.000048,"bal":0.000286,"days":1,"spread":0.032258,"streak":1,"rank_m":176684,"pct_m":0.187853,"gas_method":"exact"},"2024-02":{"txs":0,"uniq":0,"trade":0,"nft":0,"gas":0,"bal":0.000286,"days":0,"spread":0,"streak":0,"rank_m":407532,"pct_m":0.433294},"2024-03":{"txs":0,"uniq":0,"trade":0,"nft":0,"gas":0,"bal":0.000286,"days":0,"spread":0,"streak":0,"rank_m":478731,"pct_m":0.508994},"2024-04":{"txs":0,"uniq":0,"trade":0,"nft":0,"gas":0,"bal":0.000286,"days":0,"spread":0,"streak":0,"rank_m":548698,"pct_m":0.583384},"2024-05":{"txs":6,"uniq":6,"trade":0,"nft":4,"gas":0.000004,"bal":0.004068,"days":1,"spread":0.032258,"streak":1,"rank_m":342913,"pct_m":0.36459,"gas_method":"estimated"},"2024-06":{"txs":0,"uniq":0,"trade":0,"nft":0,"gas":0,"bal":0.004068,"days":0,"spread":0,"streak":0,"rank_m":527941,"pct_m":0.561315},"2024-07":{"txs":9,"uniq":6,"trade":0,"nft":1,"gas":0.000001,"bal":0.005013,"days":3,"spread":0.096774,"streak":1,"rank_m":284644,"pct_m":0.302638,"gas_method":"estimated"},"2024-08":{"txs":32,"uniq":12,"trade":0,"nft":2,"gas":0.000003,"bal":0.00399,"days":13,"spread":0.419355,"streak":5,"rank_m":129093,"pct_m":0.137253,"gas_method":"estimated"},"2024-09":{"txs":23,"uniq":8,"trade":0,"nft":0,"gas":0.000001,"bal":0.001176,"days":5,"spread":0.166667,"streak":2,"rank_m":264450,"pct_m":0.281167,"gas_method":"estimated"},"2024-10":{"txs":5,"uniq":4,"trade":0,"nft":1,"gas":0,"bal":0.00024,"days":4,"spread":0.129032,"streak":2,"rank_m":411047,"pct_m":0.437031,"gas_method":"estimated"},"2024-11":{"txs":19,"uniq":14,"trade":2,"nft":0,"gas":0.000044,"bal":0.000488,"days":5,"spread":0.166667,"streak":1,"rank_m":234685,"pct_m":0.24952,"gas_method":"exact"},"2024-12":{"txs":36,"uniq":19,"trade":1,"nft":0,"gas":0.000728,"bal":0.000544,"days":6,"spread":0.193548,"streak":2,"rank_m":193524,"pct_m":0.205757,"gas_method":"exact"},"2025-01":{"txs":35,"uniq":15,"trade":6,"nft":0,"gas":0.000909,"bal":0.000636,"days":3,"spread":0.096774,"streak":1,"rank_m":221768,"pct_m":0.235787,"gas_method":"exact"},"2025-02":{"txs":3,"uniq":2,"trade":0,"nft":0,"gas":0.000021,"bal":0.000557,"days":3,"spread":0.107143,"streak":1,"rank_m":442652,"pct_m":0.470634,"gas_method":"exact"},"2025-03":{"txs":12,"uniq":9,"trade":0,"nft":0,"gas":0.000004,"bal":0.000927,"days":1,"spread":0.032258,"streak":1,"rank_m":395957,"pct_m":0.420987,"gas_method":"exact"},"2025-04":{"txs":27,"uniq":14,"trade":6,"nft":0,"gas":0.000157,"bal":0.001978,"days":7,"spread":0.233333,"streak":2,"rank_m":86562,"pct_m":0.092033,"gas_method":"exact"},"2025-05":{"txs":5,"uniq":4,"trade":0,"nft":0,"gas":0.000035,"bal":0.001412,"days":2,"spread":0.064516,"streak":1,"rank_m":395170,"pct_m":0.420151,"gas_method":"estimated"},"2025-06":{"txs":93,"uniq":21,"trade":3,"nft":0,"gas":0.000655,"bal":0.002139,"days":6,"spread":0.2,"streak":1,"rank_m":159449,"pct_m":0.169528,"gas_method":"estimated"},"2025-07":{"txs":0,"uniq":0,"trade":0,"nft":0,"gas":0,"bal":0.002139,"days":0,"spread":0,"streak":0,"rank_m":680042,"pct_m":0.723032},"2025-08":{"txs":0,"uniq":0,"trade":0,"nft":0,"gas":0,"bal":0.002139,"days":0,"spread":0,"streak":0,"rank_m":661977,"pct_m":0.703825},"2025-09":{"txs":1,"uniq":1,"trade":0,"nft":0,"gas":0.000007,"bal":0.000861,"days":1,"spread":0.033333,"streak":1,"rank_m":531122,"pct_m":0.564697,"gas_method":"estimated"},"2025-10":{"txs":4,"uniq":3,"trade":0,"nft":0,"gas":0.000028,"bal":0.008255,"days":3,"spread":0.096774,"streak":2,"rank_m":162682,"pct_m":0.172965,"gas_method":"estimated"}}}