{"wallet":"0x60b61706848cd0358801b43ae1dca4147afc3cf0","rank":181232,"lifetime":{"months_active":16,"first":"2023-07","last":"2025-10","tx_sum":213,"uniq_sum":90,"trade_sum":106,"nft_sum":4,"gas_sum":0.002247,"avg_balance_eth_mean":0.019119,"streak_best_days":6,"gas_sum_filled":0.002247},"months":{"2023-07":{"txs":0,"uniq":0,"trade":0,"nft":0,"gas":0,"bal":0,"days":0,"spread":0,"streak":0,"rank_m":604524,"pct_m":0.64274},"2023-08":{"txs":0,"uniq":0,"trade":0,"nft":0,"gas":0,"bal":0,"days":0,"spread":0,"streak":0,"rank_m":647992,"pct_m":0.688956},"2023-09":{"txs":3,"uniq":3,"trade":0,"nft":1,"gas":0.000688,"bal":0.000583,"days":2,"spread":0.066667,"streak":2,"rank_m":84391,"pct_m":0.089725,"gas_method":"exact"},"2023-10":{"txs":0,"uniq":0,"trade":0,"nft":0,"gas":0,"bal":0.000583,"days":0,"spread":0,"streak":0,"rank_m":303507,"pct_m":0.322693},"2023-11":{"txs":0,"uniq":0,"trade":0,"nft":0,"gas":0,"bal":0.000583,"days":0,"spread":0,"streak":0,"rank_m":313590,"pct_m":0.333413},"2023-12":{"txs":0,"uniq":0,"trade":0,"nft":0,"gas":0,"bal":0.000583,"days":0,"spread":0,"streak":0,"rank_m":332956,"pct_m":0.354004},"2024-01":{"txs":0,"uniq":0,"trade":0,"nft":0,"gas":0,"bal":0.000583,"days":0,"spread":0,"streak":0,"rank_m":345023,"pct_m":0.366834},"2024-02":{"txs":0,"uniq":0,"trade":0,"nft":0,"gas":0,"bal":0.000583,"days":0,"spread":0,"streak":0,"rank_m":391537,"pct_m":0.416288},"2024-03":{"txs":27,"uniq":9,"trade":0,"nft":1,"gas":0.000553,"bal":0.039563,"days":11,"spread":0.354839,"streak":3,"rank_m":73687,"pct_m":0.078344,"gas_method":"estimated"},"2024-04":{"txs":26,"uniq":6,"trade":74,"nft":0,"gas":0.000058,"bal":0.020507,"days":6,"spread":0.2,"streak":3,"rank_m":101903,"pct_m":0.108344,"gas_method":"exact"},"2024-05":{"txs":0,"uniq":0,"trade":0,"nft":0,"gas":0,"bal":0.020507,"days":0,"spread":0,"streak":0,"rank_m":476890,"pct_m":0.507037},"2024-06":{"txs":27,"uniq":13,"trade":0,"nft":0,"gas":0.000001,"bal":0.146922,"days":6,"spread":0.2,"streak":3,"rank_m":90622,"pct_m":0.09635,"gas_method":"estimated"},"2024-07":{"txs":4,"uniq":1,"trade":0,"nft":0,"gas":0.000001,"bal":0.151189,"days":3,"spread":0.096774,"streak":2,"rank_m":237059,"pct_m":0.252044,"gas_method":"estimated"},"2024-08":{"txs":2,"uniq":0,"trade":0,"nft":0,"gas":0,"bal":0.013187,"days":2,"spread":0.064516,"streak":1,"rank_m":375211,"pct_m":0.39893,"gas_method":"estimated"},"2024-09":{"txs":5,"uniq":3,"trade":0,"nft":0,"gas":0,"bal":0.013172,"days":2,"spread":0.066667,"streak":2,"rank_m":236511,"pct_m":0.251462,"gas_method":"estimated"},"2024-10":{"txs":0,"uniq":0,"trade":0,"nft":0,"gas":0,"bal":0.013172,"days":0,"spread":0,"streak":0,"rank_m":522198,"pct_m":0.555209},"2024-11":{"txs":54,"uniq":19,"trade":0,"nft":0,"gas":0.000124,"bal":0.013165,"days":13,"spread":0.433333,"streak":6,"rank_m":51317,"pct_m":0.05456,"gas_method":"exact"},"2024-12":{"txs":7,"uniq":5,"trade":0,"nft":1,"gas":0.000154,"bal":0.015088,"days":2,"spread":0.064516,"streak":1,"rank_m":329856,"pct_m":0.350708,"gas_method":"exact"},"2025-01":{"txs":13,"uniq":8,"trade":1,"nft":0,"gas":0.000338,"bal":0.019309,"days":6,"spread":0.193548,"streak":3,"rank_m":132299,"pct_m":0.140662,"gas_method":"exact"},"2025-02":{"txs":20,"uniq":7,"trade":19,"nft":0,"gas":0.000141,"bal":0.003467,"days":6,"spread":0.214286,"streak":5,"rank_m":92639,"pct_m":0.098494,"gas_method":"exact"},"2025-03":{"txs":15,"uniq":9,"trade":6,"nft":0,"gas":0.000119,"bal":0.009639,"days":3,"spread":0.096774,"streak":1,"rank_m":147470,"pct_m":0.156792,"gas_method":"exact"},"2025-04":{"txs":0,"uniq":0,"trade":0,"nft":0,"gas":0,"bal":0.009639,"days":0,"spread":0,"streak":0,"rank_m":622258,"pct_m":0.661595},"2025-05":{"txs":4,"uniq":3,"trade":1,"nft":1,"gas":0.000028,"bal":0.014157,"days":1,"spread":0.032258,"streak":1,"rank_m":211633,"pct_m":0.225011,"gas_method":"estimated"},"2025-06":{"txs":0,"uniq":0,"trade":0,"nft":0,"gas":0,"bal":0.014157,"days":0,"spread":0,"streak":0,"rank_m":512322,"pct_m":0.544709},"2025-07":{"txs":3,"uniq":2,"trade":2,"nft":0,"gas":0.000021,"bal":0.011555,"days":2,"spread":0.064516,"streak":1,"rank_m":275075,"pct_m":0.292464,"gas_method":"estimated"},"2025-08":{"txs":2,"uniq":1,"trade":2,"nft":0,"gas":0.000014,"bal":0.00115,"days":2,"spread":0.064516,"streak":1,"rank_m":399982,"pct_m":0.425267,"gas_method":"estimated"},"2025-09":{"txs":1,"uniq":1,"trade":1,"nft":0,"gas":0.000007,"bal":0.00115,"days":1,"spread":0.033333,"streak":1,"rank_m":418599,"pct_m":0.445061,"gas_method":"estimated"},"2025-10":{"txs":0,"uniq":0,"trade":0,"nft":0,"gas":0,"bal":0.00115,"days":0,"spread":0,"streak":0,"rank_m":622381,"pct_m":0.661726}}}