{"wallet":"0x60968d7fe806480c2a4fdd2b1d52b78cb16f956a","rank":779893,"lifetime":{"months_active":11,"first":"2023-07","last":"2025-10","tx_sum":149,"uniq_sum":63,"trade_sum":0,"nft_sum":4,"gas_sum":0.001011,"avg_balance_eth_mean":0.00079,"streak_best_days":4,"gas_sum_filled":0.001011},"months":{"2023-07":{"txs":0,"uniq":0,"trade":0,"nft":0,"gas":0,"bal":0,"days":0,"spread":0,"streak":0,"rank_m":604926,"pct_m":0.643167},"2023-08":{"txs":0,"uniq":0,"trade":0,"nft":0,"gas":0,"bal":0,"days":0,"spread":0,"streak":0,"rank_m":648337,"pct_m":0.689322},"2023-09":{"txs":1,"uniq":1,"trade":0,"nft":0,"gas":0.000056,"bal":0.000236,"days":1,"spread":0.033333,"streak":1,"rank_m":146369,"pct_m":0.155621,"gas_method":"estimated"},"2023-10":{"txs":0,"uniq":0,"trade":0,"nft":0,"gas":0,"bal":0.000236,"days":0,"spread":0,"streak":0,"rank_m":316724,"pct_m":0.336746},"2023-11":{"txs":0,"uniq":0,"trade":0,"nft":0,"gas":0,"bal":0.000236,"days":0,"spread":0,"streak":0,"rank_m":329491,"pct_m":0.35032},"2023-12":{"txs":0,"uniq":0,"trade":0,"nft":0,"gas":0,"bal":0.000236,"days":0,"spread":0,"streak":0,"rank_m":350469,"pct_m":0.372624},"2024-01":{"txs":0,"uniq":0,"trade":0,"nft":0,"gas":0,"bal":0.000236,"days":0,"spread":0,"streak":0,"rank_m":365378,"pct_m":0.388475},"2024-02":{"txs":0,"uniq":0,"trade":0,"nft":0,"gas":0,"bal":0.000236,"days":0,"spread":0,"streak":0,"rank_m":410809,"pct_m":0.436778},"2024-03":{"txs":0,"uniq":0,"trade":0,"nft":0,"gas":0,"bal":0.000236,"days":0,"spread":0,"streak":0,"rank_m":482015,"pct_m":0.512486},"2024-04":{"txs":0,"uniq":0,"trade":0,"nft":0,"gas":0,"bal":0.000236,"days":0,"spread":0,"streak":0,"rank_m":551670,"pct_m":0.586544},"2024-05":{"txs":0,"uniq":0,"trade":0,"nft":0,"gas":0,"bal":0.000236,"days":0,"spread":0,"streak":0,"rank_m":585003,"pct_m":0.621985},"2024-06":{"txs":0,"uniq":0,"trade":0,"nft":0,"gas":0,"bal":0.000236,"days":0,"spread":0,"streak":0,"rank_m":609564,"pct_m":0.648098},"2024-07":{"txs":0,"uniq":0,"trade":0,"nft":0,"gas":0,"bal":0.000236,"days":0,"spread":0,"streak":0,"rank_m":628968,"pct_m":0.668729},"2024-08":{"txs":0,"uniq":0,"trade":0,"nft":0,"gas":0,"bal":0.000236,"days":0,"spread":0,"streak":0,"rank_m":644226,"pct_m":0.684952},"2024-09":{"txs":27,"uniq":11,"trade":0,"nft":3,"gas":0.000002,"bal":0.000994,"days":6,"spread":0.2,"streak":4,"rank_m":174946,"pct_m":0.186005,"gas_method":"estimated"},"2024-10":{"txs":1,"uniq":1,"trade":0,"nft":0,"gas":0,"bal":0.001122,"days":1,"spread":0.032258,"streak":1,"rank_m":505863,"pct_m":0.537842,"gas_method":"estimated"},"2024-11":{"txs":0,"uniq":0,"trade":0,"nft":0,"gas":0,"bal":0.001122,"days":0,"spread":0,"streak":0,"rank_m":631179,"pct_m":0.67108},"2024-12":{"txs":3,"uniq":3,"trade":0,"nft":1,"gas":0.000066,"bal":0.0008,"days":3,"spread":0.096774,"streak":2,"rank_m":413045,"pct_m":0.439156,"gas_method":"exact"},"2025-01":{"txs":6,"uniq":5,"trade":0,"nft":0,"gas":0.000156,"bal":0.000273,"days":1,"spread":0.032258,"streak":1,"rank_m":468149,"pct_m":0.497743,"gas_method":"exact"},"2025-02":{"txs":15,"uniq":9,"trade":0,"nft":0,"gas":0.000106,"bal":0.000265,"days":1,"spread":0.035714,"streak":1,"rank_m":336236,"pct_m":0.357491,"gas_method":"exact"},"2025-03":{"txs":0,"uniq":0,"trade":0,"nft":0,"gas":0,"bal":0.000265,"days":0,"spread":0,"streak":0,"rank_m":754955,"pct_m":0.802681},"2025-04":{"txs":50,"uniq":14,"trade":0,"nft":0,"gas":0.000302,"bal":0.000919,"days":3,"spread":0.1,"streak":3,"rank_m":138944,"pct_m":0.147727,"gas_method":"exact"},"2025-05":{"txs":38,"uniq":14,"trade":0,"nft":0,"gas":0.000267,"bal":0.002878,"days":2,"spread":0.064516,"streak":1,"rank_m":241192,"pct_m":0.256439,"gas_method":"estimated"},"2025-06":{"txs":3,"uniq":2,"trade":0,"nft":0,"gas":0.000021,"bal":0.002592,"days":1,"spread":0.033333,"streak":1,"rank_m":456576,"pct_m":0.485439,"gas_method":"estimated"},"2025-07":{"txs":0,"uniq":0,"trade":0,"nft":0,"gas":0,"bal":0.002592,"days":0,"spread":0,"streak":0,"rank_m":668033,"pct_m":0.710264},"2025-08":{"txs":4,"uniq":3,"trade":0,"nft":0,"gas":0.000028,"bal":0.00273,"days":1,"spread":0.032258,"streak":1,"rank_m":423431,"pct_m":0.450198,"gas_method":"estimated"},"2025-09":{"txs":1,"uniq":0,"trade":0,"nft":0,"gas":0.000007,"bal":0,"days":1,"spread":0.033333,"streak":1,"rank_m":796145,"pct_m":0.846475,"gas_method":"estimated"},"2025-10":{"txs":0,"uniq":0,"trade":0,"nft":0,"gas":0,"bal":0.00273,"days":0,"spread":0,"streak":0,"rank_m":560243,"pct_m":0.595659}}}