{"wallet":"0x605f1fbf89e380dd353729baa8868b2b156540ac","rank":368458,"lifetime":{"months_active":16,"first":"2023-07","last":"2025-10","tx_sum":145,"uniq_sum":94,"trade_sum":1,"nft_sum":40,"gas_sum":0.005239,"avg_balance_eth_mean":0.016644,"streak_best_days":3,"gas_sum_filled":0.005239},"months":{"2023-07":{"txs":0,"uniq":0,"trade":0,"nft":0,"gas":0,"bal":0,"days":0,"spread":0,"streak":0,"rank_m":605659,"pct_m":0.643946},"2023-08":{"txs":0,"uniq":0,"trade":0,"nft":0,"gas":0,"bal":0,"days":0,"spread":0,"streak":0,"rank_m":648990,"pct_m":0.690017},"2023-09":{"txs":0,"uniq":0,"trade":0,"nft":0,"gas":0,"bal":0,"days":0,"spread":0,"streak":0,"rank_m":660593,"pct_m":0.702353},"2023-10":{"txs":32,"uniq":21,"trade":0,"nft":7,"gas":0.000485,"bal":0.106481,"days":5,"spread":0.16129,"streak":3,"rank_m":11094,"pct_m":0.011794,"gas_method":"estimated"},"2023-11":{"txs":2,"uniq":2,"trade":0,"nft":1,"gas":0.000052,"bal":0.014535,"days":2,"spread":0.066667,"streak":1,"rank_m":76415,"pct_m":0.081245,"gas_method":"estimated"},"2023-12":{"txs":12,"uniq":3,"trade":0,"nft":2,"gas":0.00059,"bal":0.013328,"days":3,"spread":0.096774,"streak":1,"rank_m":56546,"pct_m":0.06012,"gas_method":"estimated"},"2024-01":{"txs":6,"uniq":1,"trade":0,"nft":2,"gas":0.003367,"bal":0.00982,"days":1,"spread":0.032258,"streak":1,"rank_m":85657,"pct_m":0.091071,"gas_method":"exact"},"2024-02":{"txs":11,"uniq":6,"trade":0,"nft":1,"gas":0.000285,"bal":0.011054,"days":3,"spread":0.103448,"streak":1,"rank_m":114579,"pct_m":0.121821,"gas_method":"estimated"},"2024-03":{"txs":1,"uniq":1,"trade":0,"nft":0,"gas":0.000039,"bal":0.013327,"days":1,"spread":0.032258,"streak":1,"rank_m":290709,"pct_m":0.309086,"gas_method":"estimated"},"2024-04":{"txs":8,"uniq":3,"trade":0,"nft":0,"gas":0.000038,"bal":0.014218,"days":3,"spread":0.1,"streak":1,"rank_m":324029,"pct_m":0.344512,"gas_method":"estimated"},"2024-05":{"txs":5,"uniq":5,"trade":0,"nft":4,"gas":0.000008,"bal":0.012986,"days":2,"spread":0.064516,"streak":1,"rank_m":283082,"pct_m":0.300977,"gas_method":"estimated"},"2024-06":{"txs":9,"uniq":5,"trade":0,"nft":2,"gas":0.000001,"bal":0.014074,"days":1,"spread":0.033333,"streak":1,"rank_m":273350,"pct_m":0.29063,"gas_method":"estimated"},"2024-07":{"txs":0,"uniq":0,"trade":0,"nft":0,"gas":0,"bal":0.014074,"days":0,"spread":0,"streak":0,"rank_m":497011,"pct_m":0.52843},"2024-08":{"txs":19,"uniq":18,"trade":0,"nft":20,"gas":0.000003,"bal":0.013658,"days":3,"spread":0.096774,"streak":1,"rank_m":150506,"pct_m":0.16002,"gas_method":"estimated"},"2024-09":{"txs":3,"uniq":2,"trade":0,"nft":1,"gas":0,"bal":0.011658,"days":1,"spread":0.033333,"streak":1,"rank_m":290319,"pct_m":0.308671,"gas_method":"estimated"},"2024-10":{"txs":0,"uniq":0,"trade":0,"nft":0,"gas":0,"bal":0.011658,"days":0,"spread":0,"streak":0,"rank_m":528507,"pct_m":0.561917},"2024-11":{"txs":0,"uniq":0,"trade":0,"nft":0,"gas":0,"bal":0.011658,"days":0,"spread":0,"streak":0,"rank_m":555916,"pct_m":0.591059},"2024-12":{"txs":7,"uniq":7,"trade":0,"nft":0,"gas":0.000154,"bal":0.014192,"days":1,"spread":0.032258,"streak":1,"rank_m":372627,"pct_m":0.396183,"gas_method":"exact"},"2025-01":{"txs":0,"uniq":0,"trade":0,"nft":0,"gas":0,"bal":0.014192,"days":0,"spread":0,"streak":0,"rank_m":593038,"pct_m":0.630528},"2025-02":{"txs":0,"uniq":0,"trade":0,"nft":0,"gas":0,"bal":0.014192,"days":0,"spread":0,"streak":0,"rank_m":591458,"pct_m":0.628848},"2025-03":{"txs":9,"uniq":6,"trade":1,"nft":0,"gas":0.000071,"bal":0.014417,"days":3,"spread":0.096774,"streak":2,"rank_m":152196,"pct_m":0.161816,"gas_method":"exact"},"2025-04":{"txs":1,"uniq":1,"trade":0,"nft":0,"gas":0.000006,"bal":0.014114,"days":1,"spread":0.033333,"streak":1,"rank_m":445332,"pct_m":0.473484,"gas_method":"exact"},"2025-05":{"txs":10,"uniq":8,"trade":0,"nft":0,"gas":0.00007,"bal":0.01702,"days":1,"spread":0.032258,"streak":1,"rank_m":176616,"pct_m":0.18778,"gas_method":"estimated"},"2025-06":{"txs":0,"uniq":0,"trade":0,"nft":0,"gas":0,"bal":0.01702,"days":0,"spread":0,"streak":0,"rank_m":498514,"pct_m":0.530028},"2025-07":{"txs":0,"uniq":0,"trade":0,"nft":0,"gas":0,"bal":0.01702,"days":0,"spread":0,"streak":0,"rank_m":516122,"pct_m":0.548749},"2025-08":{"txs":0,"uniq":0,"trade":0,"nft":0,"gas":0,"bal":0.01702,"days":0,"spread":0,"streak":0,"rank_m":493302,"pct_m":0.524486},"2025-09":{"txs":10,"uniq":5,"trade":0,"nft":0,"gas":0.00007,"bal":0.027153,"days":1,"spread":0.033333,"streak":1,"rank_m":225636,"pct_m":0.239899,"gas_method":"estimated"},"2025-10":{"txs":0,"uniq":0,"trade":0,"nft":0,"gas":0,"bal":0.027153,"days":0,"spread":0,"streak":0,"rank_m":367726,"pct_m":0.390972}}}