{"wallet":"0x602858a86c8e5cbeb4326ab59af8c37917add886","rank":445031,"lifetime":{"months_active":15,"first":"2023-07","last":"2025-10","tx_sum":192,"uniq_sum":103,"trade_sum":4,"nft_sum":43,"gas_sum":0.00097,"avg_balance_eth_mean":0.001762,"streak_best_days":4,"gas_sum_filled":0.00097},"months":{"2023-07":{"txs":0,"uniq":0,"trade":0,"nft":0,"gas":0,"bal":0,"days":0,"spread":0,"streak":0,"rank_m":606393,"pct_m":0.644727},"2023-08":{"txs":5,"uniq":5,"trade":0,"nft":2,"gas":0.00038,"bal":0.000358,"days":2,"spread":0.064516,"streak":1,"rank_m":123124,"pct_m":0.130907,"gas_method":"exact"},"2023-09":{"txs":9,"uniq":6,"trade":0,"nft":0,"gas":0.000047,"bal":0.001076,"days":2,"spread":0.066667,"streak":1,"rank_m":92700,"pct_m":0.098559,"gas_method":"exact"},"2023-10":{"txs":0,"uniq":0,"trade":0,"nft":0,"gas":0,"bal":0.001076,"days":0,"spread":0,"streak":0,"rank_m":290381,"pct_m":0.308737},"2023-11":{"txs":0,"uniq":0,"trade":0,"nft":0,"gas":0,"bal":0.001076,"days":0,"spread":0,"streak":0,"rank_m":298066,"pct_m":0.316908},"2023-12":{"txs":0,"uniq":0,"trade":0,"nft":0,"gas":0,"bal":0.001076,"days":0,"spread":0,"streak":0,"rank_m":315715,"pct_m":0.335673},"2024-01":{"txs":0,"uniq":0,"trade":0,"nft":0,"gas":0,"bal":0.001076,"days":0,"spread":0,"streak":0,"rank_m":326248,"pct_m":0.346872},"2024-02":{"txs":0,"uniq":0,"trade":0,"nft":0,"gas":0,"bal":0.001076,"days":0,"spread":0,"streak":0,"rank_m":372907,"pct_m":0.39648},"2024-03":{"txs":4,"uniq":4,"trade":1,"nft":2,"gas":0.000055,"bal":0.001068,"days":2,"spread":0.064516,"streak":1,"rank_m":269273,"pct_m":0.286295,"gas_method":"estimated"},"2024-04":{"txs":67,"uniq":28,"trade":1,"nft":18,"gas":0.000113,"bal":0.002977,"days":17,"spread":0.566667,"streak":4,"rank_m":93019,"pct_m":0.098898,"gas_method":"estimated"},"2024-05":{"txs":22,"uniq":8,"trade":0,"nft":4,"gas":0.000012,"bal":0.00188,"days":7,"spread":0.225806,"streak":4,"rank_m":213544,"pct_m":0.227043,"gas_method":"estimated"},"2024-06":{"txs":3,"uniq":3,"trade":0,"nft":1,"gas":0,"bal":0.000028,"days":1,"spread":0.033333,"streak":1,"rank_m":476608,"pct_m":0.506737,"gas_method":"estimated"},"2024-07":{"txs":14,"uniq":9,"trade":1,"nft":5,"gas":0.000001,"bal":0.000956,"days":7,"spread":0.225806,"streak":2,"rank_m":206106,"pct_m":0.219135,"gas_method":"estimated"},"2024-08":{"txs":12,"uniq":7,"trade":1,"nft":2,"gas":0.000001,"bal":0.000606,"days":7,"spread":0.225806,"streak":2,"rank_m":267849,"pct_m":0.284781,"gas_method":"estimated"},"2024-09":{"txs":19,"uniq":9,"trade":0,"nft":6,"gas":0.000001,"bal":0.000164,"days":7,"spread":0.233333,"streak":3,"rank_m":144313,"pct_m":0.153435,"gas_method":"exact"},"2024-10":{"txs":11,"uniq":4,"trade":0,"nft":3,"gas":0.000001,"bal":0.000062,"days":5,"spread":0.16129,"streak":2,"rank_m":383932,"pct_m":0.408202,"gas_method":"estimated"},"2024-11":{"txs":1,"uniq":1,"trade":0,"nft":0,"gas":0.000002,"bal":0.000029,"days":1,"spread":0.033333,"streak":1,"rank_m":534216,"pct_m":0.567987,"gas_method":"exact"},"2024-12":{"txs":13,"uniq":8,"trade":0,"nft":0,"gas":0.000287,"bal":0.000038,"days":2,"spread":0.064516,"streak":2,"rank_m":398246,"pct_m":0.423421,"gas_method":"exact"},"2025-01":{"txs":0,"uniq":0,"trade":0,"nft":0,"gas":0,"bal":0.000038,"days":0,"spread":0,"streak":0,"rank_m":776735,"pct_m":0.825837},"2025-02":{"txs":3,"uniq":3,"trade":0,"nft":0,"gas":0.000021,"bal":0.00004,"days":1,"spread":0.035714,"streak":1,"rank_m":504945,"pct_m":0.536865,"gas_method":"exact"},"2025-03":{"txs":0,"uniq":0,"trade":0,"nft":0,"gas":0,"bal":0.00004,"days":0,"spread":0,"streak":0,"rank_m":819471,"pct_m":0.871275},"2025-04":{"txs":8,"uniq":7,"trade":0,"nft":0,"gas":0.000042,"bal":0.001634,"days":2,"spread":0.066667,"streak":1,"rank_m":322261,"pct_m":0.342633,"gas_method":"exact"},"2025-05":{"txs":0,"uniq":0,"trade":0,"nft":0,"gas":0,"bal":0.001634,"days":0,"spread":0,"streak":0,"rank_m":676442,"pct_m":0.719204},"2025-06":{"txs":0,"uniq":0,"trade":0,"nft":0,"gas":0,"bal":0.001634,"days":0,"spread":0,"streak":0,"rank_m":679158,"pct_m":0.722092},"2025-07":{"txs":1,"uniq":1,"trade":0,"nft":0,"gas":0.000007,"bal":0.007426,"days":1,"spread":0.032258,"streak":1,"rank_m":411248,"pct_m":0.437245,"gas_method":"estimated"},"2025-08":{"txs":0,"uniq":0,"trade":0,"nft":0,"gas":0,"bal":0.007426,"days":0,"spread":0,"streak":0,"rank_m":564211,"pct_m":0.599878},"2025-09":{"txs":0,"uniq":0,"trade":0,"nft":0,"gas":0,"bal":0.007426,"days":0,"spread":0,"streak":0,"rank_m":554110,"pct_m":0.589139},"2025-10":{"txs":0,"uniq":0,"trade":0,"nft":0,"gas":0,"bal":0.007426,"days":0,"spread":0,"streak":0,"rank_m":467638,"pct_m":0.4972}}}