{"wallet":"0x60660542878dd86c6800833d3bacbf18f017494a","rank":63515,"lifetime":{"months_active":23,"first":"2023-07","last":"2025-10","tx_sum":439,"uniq_sum":167,"trade_sum":77,"nft_sum":38,"gas_sum":0.002679,"avg_balance_eth_mean":0.00582,"streak_best_days":25,"gas_sum_filled":0.002679},"months":{"2023-07":{"txs":0,"uniq":0,"trade":0,"nft":0,"gas":0,"bal":0,"days":0,"spread":0,"streak":0,"rank_m":605565,"pct_m":0.643846},"2023-08":{"txs":0,"uniq":0,"trade":0,"nft":0,"gas":0,"bal":0,"days":0,"spread":0,"streak":0,"rank_m":648909,"pct_m":0.689931},"2023-09":{"txs":1,"uniq":1,"trade":0,"nft":2,"gas":0.000028,"bal":0.000043,"days":1,"spread":0.033333,"streak":1,"rank_m":140622,"pct_m":0.149511,"gas_method":"estimated"},"2023-10":{"txs":0,"uniq":0,"trade":0,"nft":0,"gas":0,"bal":0.000043,"days":0,"spread":0,"streak":0,"rank_m":330121,"pct_m":0.350989},"2023-11":{"txs":0,"uniq":0,"trade":0,"nft":0,"gas":0,"bal":0.000043,"days":0,"spread":0,"streak":0,"rank_m":345544,"pct_m":0.367387},"2023-12":{"txs":1,"uniq":1,"trade":0,"nft":0,"gas":0.000024,"bal":0.000195,"days":1,"spread":0.032258,"streak":1,"rank_m":193845,"pct_m":0.206098,"gas_method":"estimated"},"2024-01":{"txs":1,"uniq":1,"trade":0,"nft":0,"gas":0.000075,"bal":0.000057,"days":1,"spread":0.032258,"streak":1,"rank_m":179930,"pct_m":0.191304,"gas_method":"exact"},"2024-02":{"txs":0,"uniq":0,"trade":0,"nft":0,"gas":0,"bal":0.000057,"days":0,"spread":0,"streak":0,"rank_m":429472,"pct_m":0.456621},"2024-03":{"txs":4,"uniq":1,"trade":0,"nft":0,"gas":0.000074,"bal":0.002735,"days":1,"spread":0.032258,"streak":1,"rank_m":318258,"pct_m":0.338377,"gas_method":"estimated"},"2024-04":{"txs":5,"uniq":3,"trade":0,"nft":0,"gas":0.000011,"bal":0.010809,"days":4,"spread":0.133333,"streak":4,"rank_m":292838,"pct_m":0.31135,"gas_method":"estimated"},"2024-05":{"txs":3,"uniq":2,"trade":0,"nft":0,"gas":0.000002,"bal":0.000011,"days":1,"spread":0.032258,"streak":1,"rank_m":490429,"pct_m":0.521432,"gas_method":"estimated"},"2024-06":{"txs":57,"uniq":19,"trade":10,"nft":2,"gas":0.000002,"bal":0.009866,"days":11,"spread":0.366667,"streak":6,"rank_m":42065,"pct_m":0.044723,"gas_method":"estimated"},"2024-07":{"txs":18,"uniq":11,"trade":0,"nft":1,"gas":0.000002,"bal":0.00876,"days":9,"spread":0.290323,"streak":2,"rank_m":133909,"pct_m":0.142373,"gas_method":"estimated"},"2024-08":{"txs":29,"uniq":25,"trade":0,"nft":24,"gas":0.000002,"bal":0.009441,"days":6,"spread":0.193548,"streak":3,"rank_m":82390,"pct_m":0.087597,"gas_method":"estimated"},"2024-09":{"txs":10,"uniq":4,"trade":0,"nft":2,"gas":0,"bal":0.005751,"days":6,"spread":0.2,"streak":2,"rank_m":175231,"pct_m":0.186308,"gas_method":"estimated"},"2024-10":{"txs":18,"uniq":10,"trade":0,"nft":6,"gas":0.000001,"bal":0.011136,"days":7,"spread":0.225806,"streak":3,"rank_m":103659,"pct_m":0.110211,"gas_method":"estimated"},"2024-11":{"txs":5,"uniq":4,"trade":0,"nft":0,"gas":0.000011,"bal":0.006275,"days":3,"spread":0.1,"streak":2,"rank_m":323120,"pct_m":0.343546,"gas_method":"exact"},"2024-12":{"txs":22,"uniq":11,"trade":2,"nft":0,"gas":0.000463,"bal":0.007686,"days":11,"spread":0.354839,"streak":3,"rank_m":119366,"pct_m":0.126911,"gas_method":"exact"},"2025-01":{"txs":8,"uniq":6,"trade":4,"nft":0,"gas":0.000208,"bal":0.008082,"days":4,"spread":0.129032,"streak":1,"rank_m":247454,"pct_m":0.263096,"gas_method":"exact"},"2025-02":{"txs":3,"uniq":2,"trade":0,"nft":0,"gas":0.000021,"bal":0.007685,"days":2,"spread":0.071429,"streak":1,"rank_m":382833,"pct_m":0.407034,"gas_method":"exact"},"2025-03":{"txs":11,"uniq":8,"trade":6,"nft":0,"gas":0.000079,"bal":0.005069,"days":6,"spread":0.193548,"streak":1,"rank_m":160809,"pct_m":0.170974,"gas_method":"exact"},"2025-04":{"txs":28,"uniq":18,"trade":18,"nft":0,"gas":0.000163,"bal":0.008466,"days":7,"spread":0.233333,"streak":2,"rank_m":39893,"pct_m":0.042414,"gas_method":"exact"},"2025-05":{"txs":21,"uniq":5,"trade":10,"nft":0,"gas":0.000148,"bal":0.024172,"days":5,"spread":0.16129,"streak":3,"rank_m":48114,"pct_m":0.051155,"gas_method":"estimated"},"2025-06":{"txs":19,"uniq":8,"trade":16,"nft":0,"gas":0.000134,"bal":0.016878,"days":6,"spread":0.2,"streak":5,"rank_m":70298,"pct_m":0.074741,"gas_method":"estimated"},"2025-07":{"txs":1,"uniq":1,"trade":0,"nft":0,"gas":0.000007,"bal":0.015907,"days":1,"spread":0.032258,"streak":1,"rank_m":350984,"pct_m":0.373171,"gas_method":"estimated"},"2025-08":{"txs":4,"uniq":4,"trade":0,"nft":0,"gas":0.000028,"bal":0.000048,"days":2,"spread":0.064516,"streak":1,"rank_m":615234,"pct_m":0.654127,"gas_method":"estimated"},"2025-09":{"txs":56,"uniq":6,"trade":0,"nft":1,"gas":0.000394,"bal":0.00012,"days":10,"spread":0.333333,"streak":9,"rank_m":295984,"pct_m":0.314694,"gas_method":"estimated"},"2025-10":{"txs":114,"uniq":16,"trade":11,"nft":0,"gas":0.000802,"bal":0.003627,"days":16,"spread":0.516129,"streak":16,"rank_m":35419,"pct_m":0.037657,"gas_method":"estimated"}}}