{"wallet":"0x602bf215ad185bb28589853bc864b08320309522","rank":382936,"lifetime":{"months_active":20,"first":"2023-07","last":"2025-10","tx_sum":193,"uniq_sum":100,"trade_sum":3,"nft_sum":70,"gas_sum":0.001303,"avg_balance_eth_mean":0.005531,"streak_best_days":3,"gas_sum_filled":0.001303},"months":{"2023-07":{"txs":0,"uniq":0,"trade":0,"nft":0,"gas":0,"bal":0,"days":0,"spread":0,"streak":0,"rank_m":606335,"pct_m":0.644665},"2023-08":{"txs":0,"uniq":0,"trade":0,"nft":0,"gas":0,"bal":0,"days":0,"spread":0,"streak":0,"rank_m":649594,"pct_m":0.690659},"2023-09":{"txs":2,"uniq":1,"trade":0,"nft":0,"gas":0.000046,"bal":0.00162,"days":2,"spread":0.066667,"streak":1,"rank_m":129481,"pct_m":0.137665,"gas_method":"estimated"},"2023-10":{"txs":2,"uniq":2,"trade":0,"nft":2,"gas":0.000012,"bal":0.002242,"days":2,"spread":0.064516,"streak":1,"rank_m":104027,"pct_m":0.110602,"gas_method":"estimated"},"2023-11":{"txs":2,"uniq":1,"trade":0,"nft":0,"gas":0.000021,"bal":0.002025,"days":2,"spread":0.066667,"streak":1,"rank_m":130438,"pct_m":0.138683,"gas_method":"estimated"},"2023-12":{"txs":5,"uniq":2,"trade":0,"nft":3,"gas":0.000085,"bal":0.002239,"days":3,"spread":0.096774,"streak":1,"rank_m":79986,"pct_m":0.085041,"gas_method":"exact"},"2024-01":{"txs":12,"uniq":4,"trade":0,"nft":2,"gas":0.000185,"bal":0.003326,"days":3,"spread":0.096774,"streak":1,"rank_m":70181,"pct_m":0.074617,"gas_method":"exact"},"2024-02":{"txs":74,"uniq":9,"trade":0,"nft":2,"gas":0.000772,"bal":0.005038,"days":9,"spread":0.310345,"streak":3,"rank_m":48555,"pct_m":0.051623,"gas_method":"estimated"},"2024-03":{"txs":0,"uniq":0,"trade":0,"nft":0,"gas":0,"bal":0.005038,"days":0,"spread":0,"streak":0,"rank_m":392884,"pct_m":0.41772},"2024-04":{"txs":7,"uniq":5,"trade":0,"nft":1,"gas":0.000014,"bal":0.016422,"days":2,"spread":0.066667,"streak":1,"rank_m":306811,"pct_m":0.326206,"gas_method":"estimated"},"2024-05":{"txs":2,"uniq":1,"trade":0,"nft":1,"gas":0.000001,"bal":0.018458,"days":1,"spread":0.032258,"streak":1,"rank_m":358619,"pct_m":0.381289,"gas_method":"estimated"},"2024-06":{"txs":1,"uniq":1,"trade":0,"nft":0,"gas":0,"bal":0.006546,"days":1,"spread":0.033333,"streak":1,"rank_m":386021,"pct_m":0.410423,"gas_method":"exact"},"2024-07":{"txs":0,"uniq":0,"trade":0,"nft":0,"gas":0,"bal":0.006546,"days":0,"spread":0,"streak":0,"rank_m":526157,"pct_m":0.559418},"2024-08":{"txs":58,"uniq":50,"trade":0,"nft":52,"gas":0.000012,"bal":0.005077,"days":5,"spread":0.16129,"streak":1,"rank_m":75975,"pct_m":0.080777,"gas_method":"exact"},"2024-09":{"txs":1,"uniq":1,"trade":0,"nft":1,"gas":0,"bal":0.008902,"days":1,"spread":0.033333,"streak":1,"rank_m":328299,"pct_m":0.349052,"gas_method":"estimated"},"2024-10":{"txs":7,"uniq":6,"trade":1,"nft":6,"gas":0,"bal":0.007751,"days":2,"spread":0.064516,"streak":1,"rank_m":244685,"pct_m":0.260152,"gas_method":"estimated"},"2024-11":{"txs":2,"uniq":2,"trade":0,"nft":0,"gas":0.000005,"bal":0.003301,"days":1,"spread":0.033333,"streak":1,"rank_m":446424,"pct_m":0.474645,"gas_method":"exact"},"2024-12":{"txs":2,"uniq":2,"trade":0,"nft":0,"gas":0.000044,"bal":0.003173,"days":2,"spread":0.064516,"streak":1,"rank_m":498590,"pct_m":0.530109,"gas_method":"exact"},"2025-01":{"txs":0,"uniq":0,"trade":0,"nft":0,"gas":0,"bal":0.003173,"days":0,"spread":0,"streak":0,"rank_m":635777,"pct_m":0.675968},"2025-02":{"txs":3,"uniq":2,"trade":0,"nft":0,"gas":0.000014,"bal":0.007647,"days":3,"spread":0.107143,"streak":1,"rank_m":381733,"pct_m":0.405864,"gas_method":"exact"},"2025-03":{"txs":2,"uniq":1,"trade":0,"nft":0,"gas":0.000016,"bal":0.015087,"days":1,"spread":0.032258,"streak":1,"rank_m":384998,"pct_m":0.409336,"gas_method":"exact"},"2025-04":{"txs":1,"uniq":1,"trade":0,"nft":0,"gas":0.000006,"bal":0.012527,"days":1,"spread":0.033333,"streak":1,"rank_m":448930,"pct_m":0.477309,"gas_method":"exact"},"2025-05":{"txs":2,"uniq":2,"trade":0,"nft":0,"gas":0.000014,"bal":0.006126,"days":1,"spread":0.032258,"streak":1,"rank_m":352640,"pct_m":0.374932,"gas_method":"estimated"},"2025-06":{"txs":0,"uniq":0,"trade":0,"nft":0,"gas":0,"bal":0.006126,"days":0,"spread":0,"streak":0,"rank_m":581728,"pct_m":0.618503},"2025-07":{"txs":5,"uniq":4,"trade":1,"nft":0,"gas":0.000035,"bal":0.004924,"days":3,"spread":0.096774,"streak":2,"rank_m":266797,"pct_m":0.283662,"gas_method":"estimated"},"2025-08":{"txs":3,"uniq":3,"trade":1,"nft":0,"gas":0.000021,"bal":0.000521,"days":2,"spread":0.064516,"streak":1,"rank_m":418839,"pct_m":0.445316,"gas_method":"estimated"},"2025-09":{"txs":0,"uniq":0,"trade":0,"nft":0,"gas":0,"bal":0.000521,"days":0,"spread":0,"streak":0,"rank_m":743030,"pct_m":0.790002},"2025-10":{"txs":0,"uniq":0,"trade":0,"nft":0,"gas":0,"bal":0.000521,"days":0,"spread":0,"streak":0,"rank_m":684244,"pct_m":0.727499}}}