{"wallet":"0x60c6f04eaec440313ffe5821fbfe9af2bc91ff19","rank":117298,"lifetime":{"months_active":27,"first":"2023-07","last":"2025-10","tx_sum":307,"uniq_sum":204,"trade_sum":12,"nft_sum":123,"gas_sum":0.010153,"avg_balance_eth_mean":0.007411,"streak_best_days":0,"gas_sum_filled":0.010153},"months":{"2023-07":{"txs":6,"uniq":3,"trade":0,"nft":2,"gas":0.001171,"bal":0.000009,"days":1,"spread":0.032258,"streak":0,"rank_m":89304,"pct_m":0.094949,"gas_method":"estimated"},"2023-08":{"txs":59,"uniq":51,"trade":0,"nft":44,"gas":0.004672,"bal":0.029835,"days":19,"spread":0.612903,"streak":0,"rank_m":73794,"pct_m":0.078458,"gas_method":"exact"},"2023-09":{"txs":13,"uniq":5,"trade":0,"nft":7,"gas":0.000731,"bal":0.017609,"days":7,"spread":0.233333,"streak":0,"rank_m":97508,"pct_m":0.103671,"gas_method":"exact"},"2023-10":{"txs":6,"uniq":4,"trade":0,"nft":1,"gas":0.000092,"bal":0.005376,"days":4,"spread":0.129032,"streak":0,"rank_m":137791,"pct_m":0.146501,"gas_method":"estimated"},"2023-11":{"txs":1,"uniq":1,"trade":0,"nft":0,"gas":0.000026,"bal":0.012948,"days":1,"spread":0.033333,"streak":0,"rank_m":164505,"pct_m":0.174904,"gas_method":"estimated"},"2023-12":{"txs":10,"uniq":5,"trade":0,"nft":10,"gas":0.000496,"bal":0.011494,"days":7,"spread":0.225806,"streak":0,"rank_m":103563,"pct_m":0.110109,"gas_method":"estimated"},"2024-01":{"txs":17,"uniq":5,"trade":0,"nft":0,"gas":0.000257,"bal":0.01155,"days":12,"spread":0.387097,"streak":0,"rank_m":110969,"pct_m":0.117983,"gas_method":"exact"},"2024-02":{"txs":3,"uniq":3,"trade":0,"nft":2,"gas":0.000078,"bal":0.010802,"days":2,"spread":0.068966,"streak":0,"rank_m":217443,"pct_m":0.231188,"gas_method":"estimated"},"2024-03":{"txs":22,"uniq":19,"trade":0,"nft":17,"gas":0.001447,"bal":0.006791,"days":11,"spread":0.354839,"streak":0,"rank_m":127521,"pct_m":0.135582,"gas_method":"exact"},"2024-04":{"txs":9,"uniq":8,"trade":0,"nft":3,"gas":0.000043,"bal":0.001399,"days":5,"spread":0.166667,"streak":0,"rank_m":379143,"pct_m":0.403111,"gas_method":"estimated"},"2024-05":{"txs":3,"uniq":3,"trade":0,"nft":2,"gas":0.000017,"bal":0.002448,"days":3,"spread":0.096774,"streak":0,"rank_m":380505,"pct_m":0.404559,"gas_method":"exact"},"2024-06":{"txs":7,"uniq":5,"trade":0,"nft":6,"gas":0,"bal":0.001745,"days":4,"spread":0.133333,"streak":0,"rank_m":371290,"pct_m":0.394761,"gas_method":"estimated"},"2024-07":{"txs":5,"uniq":2,"trade":0,"nft":2,"gas":0.000001,"bal":0.001531,"days":1,"spread":0.032258,"streak":0,"rank_m":451788,"pct_m":0.480348,"gas_method":"estimated"},"2024-08":{"txs":2,"uniq":2,"trade":0,"nft":1,"gas":0,"bal":0.001545,"days":1,"spread":0.032258,"streak":0,"rank_m":481340,"pct_m":0.511768,"gas_method":"estimated"},"2024-09":{"txs":0,"uniq":0,"trade":0,"nft":0,"gas":0,"bal":0.001545,"days":0,"spread":0,"streak":0,"rank_m":568308,"pct_m":0.604234},"2024-10":{"txs":22,"uniq":13,"trade":2,"nft":11,"gas":0.000003,"bal":0.001766,"days":9,"spread":0.290323,"streak":0,"rank_m":238903,"pct_m":0.254005,"gas_method":"estimated"},"2024-11":{"txs":24,"uniq":13,"trade":5,"nft":5,"gas":0.000055,"bal":0.001951,"days":10,"spread":0.333333,"streak":0,"rank_m":208322,"pct_m":0.221491,"gas_method":"exact"},"2024-12":{"txs":19,"uniq":15,"trade":1,"nft":3,"gas":0.000419,"bal":0.001819,"days":10,"spread":0.322581,"streak":0,"rank_m":254562,"pct_m":0.270654,"gas_method":"exact"},"2025-01":{"txs":5,"uniq":4,"trade":0,"nft":1,"gas":0.00013,"bal":0.000766,"days":5,"spread":0.16129,"streak":0,"rank_m":412979,"pct_m":0.439086,"gas_method":"exact"},"2025-02":{"txs":7,"uniq":5,"trade":0,"nft":0,"gas":0.000042,"bal":0.001224,"days":2,"spread":0.071429,"streak":0,"rank_m":410909,"pct_m":0.436885,"gas_method":"exact"},"2025-03":{"txs":10,"uniq":7,"trade":4,"nft":0,"gas":0.000079,"bal":0.004243,"days":5,"spread":0.16129,"streak":0,"rank_m":241099,"pct_m":0.25634,"gas_method":"exact"},"2025-04":{"txs":7,"uniq":7,"trade":0,"nft":0,"gas":0.000042,"bal":0.010697,"days":3,"spread":0.1,"streak":0,"rank_m":301896,"pct_m":0.32098,"gas_method":"exact"},"2025-05":{"txs":2,"uniq":2,"trade":0,"nft":0,"gas":0.000014,"bal":0.010736,"days":1,"spread":0.032258,"streak":0,"rank_m":380160,"pct_m":0.404192,"gas_method":"estimated"},"2025-06":{"txs":1,"uniq":1,"trade":0,"nft":0,"gas":0.000007,"bal":0.01023,"days":1,"spread":0.033333,"streak":0,"rank_m":424474,"pct_m":0.451307,"gas_method":"estimated"},"2025-07":{"txs":1,"uniq":1,"trade":0,"nft":0,"gas":0.000007,"bal":0.010366,"days":1,"spread":0.032258,"streak":0,"rank_m":446944,"pct_m":0.475198,"gas_method":"estimated"},"2025-08":{"txs":2,"uniq":2,"trade":0,"nft":0,"gas":0.000014,"bal":0.010362,"days":2,"spread":0.064516,"streak":0,"rank_m":374717,"pct_m":0.398405,"gas_method":"estimated"},"2025-09":{"txs":23,"uniq":8,"trade":0,"nft":4,"gas":0.000162,"bal":0.009629,"days":7,"spread":0.233333,"streak":0,"rank_m":185592,"pct_m":0.197324,"gas_method":"estimated"},"2025-10":{"txs":21,"uniq":10,"trade":0,"nft":2,"gas":0.000148,"bal":0.017103,"days":2,"spread":0.064516,"streak":0,"rank_m":122022,"pct_m":0.129735,"gas_method":"estimated"}}}