{"wallet":"0x606d4c5a576fa2cb38aacb4bdf1411ec36c1c5e6","rank":286363,"lifetime":{"months_active":15,"first":"2023-07","last":"2025-10","tx_sum":416,"uniq_sum":121,"trade_sum":40,"nft_sum":15,"gas_sum":0.005917,"avg_balance_eth_mean":0.000059,"streak_best_days":4,"gas_sum_filled":0.005917},"months":{"2023-07":{"txs":0,"uniq":0,"trade":0,"nft":0,"gas":0,"bal":0,"days":0,"spread":0,"streak":0,"rank_m":605459,"pct_m":0.643734},"2023-08":{"txs":0,"uniq":0,"trade":0,"nft":0,"gas":0,"bal":0,"days":0,"spread":0,"streak":0,"rank_m":648820,"pct_m":0.689836},"2023-09":{"txs":0,"uniq":0,"trade":0,"nft":0,"gas":0,"bal":0,"days":0,"spread":0,"streak":0,"rank_m":660430,"pct_m":0.70218},"2023-10":{"txs":1,"uniq":1,"trade":1,"nft":1,"gas":0.000014,"bal":0.000001,"days":1,"spread":0.032258,"streak":1,"rank_m":140726,"pct_m":0.149621,"gas_method":"estimated"},"2023-11":{"txs":0,"uniq":0,"trade":0,"nft":0,"gas":0,"bal":0.000001,"days":0,"spread":0,"streak":0,"rank_m":356766,"pct_m":0.379319},"2023-12":{"txs":10,"uniq":5,"trade":4,"nft":1,"gas":0.000454,"bal":0.000045,"days":1,"spread":0.032258,"streak":1,"rank_m":137623,"pct_m":0.146322,"gas_method":"estimated"},"2024-01":{"txs":0,"uniq":0,"trade":0,"nft":0,"gas":0,"bal":0.000045,"days":0,"spread":0,"streak":0,"rank_m":386905,"pct_m":0.411363},"2024-02":{"txs":2,"uniq":1,"trade":0,"nft":0,"gas":0.000048,"bal":0.000242,"days":1,"spread":0.034483,"streak":1,"rank_m":274866,"pct_m":0.292241,"gas_method":"estimated"},"2024-03":{"txs":40,"uniq":16,"trade":0,"nft":7,"gas":0.001431,"bal":0.000567,"days":8,"spread":0.258065,"streak":3,"rank_m":145200,"pct_m":0.154378,"gas_method":"estimated"},"2024-04":{"txs":85,"uniq":18,"trade":8,"nft":5,"gas":0.000375,"bal":0.00033,"days":13,"spread":0.433333,"streak":4,"rank_m":156803,"pct_m":0.166715,"gas_method":"estimated"},"2024-05":{"txs":4,"uniq":2,"trade":0,"nft":0,"gas":0.000006,"bal":0.000009,"days":4,"spread":0.129032,"streak":2,"rank_m":451955,"pct_m":0.480526,"gas_method":"estimated"},"2024-06":{"txs":18,"uniq":10,"trade":0,"nft":0,"gas":0.000001,"bal":0.000005,"days":3,"spread":0.1,"streak":3,"rank_m":387585,"pct_m":0.412086,"gas_method":"estimated"},"2024-07":{"txs":1,"uniq":1,"trade":0,"nft":0,"gas":0,"bal":0.000011,"days":1,"spread":0.032258,"streak":1,"rank_m":532943,"pct_m":0.566633,"gas_method":"estimated"},"2024-08":{"txs":0,"uniq":0,"trade":0,"nft":0,"gas":0,"bal":0.000011,"days":0,"spread":0,"streak":0,"rank_m":692072,"pct_m":0.735822},"2024-09":{"txs":0,"uniq":0,"trade":0,"nft":0,"gas":0,"bal":0.000011,"days":0,"spread":0,"streak":0,"rank_m":710090,"pct_m":0.754979},"2024-10":{"txs":4,"uniq":3,"trade":0,"nft":0,"gas":0,"bal":0.000006,"days":2,"spread":0.064516,"streak":1,"rank_m":549620,"pct_m":0.584365,"gas_method":"estimated"},"2024-11":{"txs":81,"uniq":24,"trade":8,"nft":1,"gas":0.000166,"bal":0.000038,"days":10,"spread":0.333333,"streak":2,"rank_m":144698,"pct_m":0.153844,"gas_method":"exact"},"2024-12":{"txs":142,"uniq":20,"trade":15,"nft":0,"gas":0.003065,"bal":0.000056,"days":10,"spread":0.322581,"streak":4,"rank_m":127875,"pct_m":0.135958,"gas_method":"exact"},"2025-01":{"txs":9,"uniq":6,"trade":3,"nft":0,"gas":0.000234,"bal":0.000072,"days":3,"spread":0.096774,"streak":3,"rank_m":328586,"pct_m":0.349357,"gas_method":"exact"},"2025-02":{"txs":0,"uniq":0,"trade":0,"nft":0,"gas":0,"bal":0.000072,"days":0,"spread":0,"streak":0,"rank_m":787477,"pct_m":0.837259},"2025-03":{"txs":0,"uniq":0,"trade":0,"nft":0,"gas":0,"bal":0.000072,"days":0,"spread":0,"streak":0,"rank_m":806226,"pct_m":0.857193},"2025-04":{"txs":10,"uniq":8,"trade":0,"nft":0,"gas":0.00006,"bal":0.000036,"days":1,"spread":0.033333,"streak":1,"rank_m":411614,"pct_m":0.437634,"gas_method":"exact"},"2025-05":{"txs":8,"uniq":5,"trade":1,"nft":0,"gas":0.000056,"bal":0.000009,"days":2,"spread":0.064516,"streak":1,"rank_m":476075,"pct_m":0.50617,"gas_method":"estimated"},"2025-06":{"txs":1,"uniq":1,"trade":0,"nft":0,"gas":0.000007,"bal":0.000004,"days":1,"spread":0.033333,"streak":1,"rank_m":698950,"pct_m":0.743135,"gas_method":"estimated"},"2025-07":{"txs":0,"uniq":0,"trade":0,"nft":0,"gas":0,"bal":0.000004,"days":0,"spread":0,"streak":0,"rank_m":912013,"pct_m":0.969667},"2025-08":{"txs":0,"uniq":0,"trade":0,"nft":0,"gas":0,"bal":0.000004,"days":0,"spread":0,"streak":0,"rank_m":913333,"pct_m":0.971071},"2025-09":{"txs":0,"uniq":0,"trade":0,"nft":0,"gas":0,"bal":0.000004,"days":0,"spread":0,"streak":0,"rank_m":910934,"pct_m":0.96852},"2025-10":{"txs":0,"uniq":0,"trade":0,"nft":0,"gas":0,"bal":0.000004,"days":0,"spread":0,"streak":0,"rank_m":897443,"pct_m":0.954176}}}