{"wallet":"0x60157336466882e64cf690f4c6232149d8eaf33d","rank":151340,"lifetime":{"months_active":22,"first":"2023-07","last":"2025-10","tx_sum":225,"uniq_sum":110,"trade_sum":12,"nft_sum":38,"gas_sum":0.006738,"avg_balance_eth_mean":0.157488,"streak_best_days":0,"gas_sum_filled":0.006738},"months":{"2023-07":{"txs":9,"uniq":2,"trade":0,"nft":1,"gas":0.000869,"bal":0.004572,"days":1,"spread":0.032258,"streak":0,"rank_m":80808,"pct_m":0.085915,"gas_method":"estimated"},"2023-08":{"txs":16,"uniq":16,"trade":0,"nft":12,"gas":0.003533,"bal":0.008644,"days":10,"spread":0.322581,"streak":0,"rank_m":104769,"pct_m":0.111391,"gas_method":"exact"},"2023-09":{"txs":3,"uniq":2,"trade":0,"nft":1,"gas":0.000086,"bal":0.003956,"days":2,"spread":0.066667,"streak":0,"rank_m":149768,"pct_m":0.159235,"gas_method":"estimated"},"2023-10":{"txs":1,"uniq":1,"trade":0,"nft":2,"gas":0.000008,"bal":0.004182,"days":1,"spread":0.032258,"streak":0,"rank_m":155885,"pct_m":0.165739,"gas_method":"estimated"},"2023-11":{"txs":3,"uniq":3,"trade":0,"nft":4,"gas":0.000039,"bal":0.00403,"days":1,"spread":0.033333,"streak":0,"rank_m":154216,"pct_m":0.163964,"gas_method":"estimated"},"2023-12":{"txs":3,"uniq":3,"trade":0,"nft":2,"gas":0.000104,"bal":0.00291,"days":3,"spread":0.096774,"streak":0,"rank_m":150871,"pct_m":0.160408,"gas_method":"exact"},"2024-01":{"txs":22,"uniq":2,"trade":0,"nft":1,"gas":0.000267,"bal":0.010618,"days":19,"spread":0.612903,"streak":0,"rank_m":107923,"pct_m":0.114745,"gas_method":"exact"},"2024-02":{"txs":19,"uniq":11,"trade":6,"nft":7,"gas":0.000087,"bal":0.054506,"days":6,"spread":0.206897,"streak":0,"rank_m":89734,"pct_m":0.095406,"gas_method":"exact"},"2024-03":{"txs":24,"uniq":12,"trade":2,"nft":1,"gas":0.000464,"bal":0.029238,"days":7,"spread":0.225806,"streak":0,"rank_m":143833,"pct_m":0.152925,"gas_method":"estimated"},"2024-04":{"txs":4,"uniq":3,"trade":0,"nft":2,"gas":0.000011,"bal":0.02646,"days":3,"spread":0.1,"streak":0,"rank_m":342361,"pct_m":0.364003,"gas_method":"exact"},"2024-05":{"txs":15,"uniq":11,"trade":0,"nft":2,"gas":0.000047,"bal":0.024262,"days":5,"spread":0.16129,"streak":0,"rank_m":213987,"pct_m":0.227514,"gas_method":"exact"},"2024-06":{"txs":3,"uniq":2,"trade":0,"nft":1,"gas":0,"bal":0.009549,"days":2,"spread":0.066667,"streak":0,"rank_m":401569,"pct_m":0.426954,"gas_method":"estimated"},"2024-07":{"txs":0,"uniq":0,"trade":0,"nft":0,"gas":0,"bal":0.009549,"days":0,"spread":0,"streak":0,"rank_m":513444,"pct_m":0.545902},"2024-08":{"txs":0,"uniq":0,"trade":0,"nft":0,"gas":0,"bal":0.009549,"days":0,"spread":0,"streak":0,"rank_m":523584,"pct_m":0.556683},"2024-09":{"txs":6,"uniq":5,"trade":0,"nft":0,"gas":0,"bal":0.008012,"days":2,"spread":0.066667,"streak":0,"rank_m":341209,"pct_m":0.362778,"gas_method":"estimated"},"2024-10":{"txs":5,"uniq":5,"trade":0,"nft":0,"gas":0,"bal":0.006653,"days":3,"spread":0.096774,"streak":0,"rank_m":392047,"pct_m":0.41683,"gas_method":"estimated"},"2024-11":{"txs":1,"uniq":1,"trade":0,"nft":0,"gas":0.000002,"bal":0.005901,"days":1,"spread":0.033333,"streak":0,"rank_m":496192,"pct_m":0.527559,"gas_method":"exact"},"2024-12":{"txs":25,"uniq":10,"trade":4,"nft":1,"gas":0.000529,"bal":0.021696,"days":9,"spread":0.290323,"streak":0,"rank_m":177314,"pct_m":0.188522,"gas_method":"exact"},"2025-01":{"txs":12,"uniq":7,"trade":0,"nft":1,"gas":0.000312,"bal":0.074229,"days":3,"spread":0.096774,"streak":0,"rank_m":264075,"pct_m":0.280768,"gas_method":"exact"},"2025-02":{"txs":2,"uniq":1,"trade":0,"nft":0,"gas":0.000014,"bal":0.327058,"days":1,"spread":0.035714,"streak":0,"rank_m":440584,"pct_m":0.468436,"gas_method":"exact"},"2025-03":{"txs":1,"uniq":1,"trade":0,"nft":0,"gas":0.000008,"bal":0.645575,"days":1,"spread":0.032258,"streak":0,"rank_m":424394,"pct_m":0.451222,"gas_method":"exact"},"2025-04":{"txs":1,"uniq":1,"trade":0,"nft":0,"gas":0.000006,"bal":0.009932,"days":1,"spread":0.033333,"streak":0,"rank_m":501911,"pct_m":0.53364,"gas_method":"exact"},"2025-05":{"txs":0,"uniq":0,"trade":0,"nft":0,"gas":0,"bal":0.009932,"days":0,"spread":0,"streak":0,"rank_m":544811,"pct_m":0.579252},"2025-06":{"txs":0,"uniq":0,"trade":0,"nft":0,"gas":0,"bal":0.009932,"days":0,"spread":0,"streak":0,"rank_m":543864,"pct_m":0.578245},"2025-07":{"txs":2,"uniq":1,"trade":0,"nft":0,"gas":0.000014,"bal":0.311847,"days":1,"spread":0.032258,"streak":0,"rank_m":327613,"pct_m":0.348323,"gas_method":"estimated"},"2025-08":{"txs":0,"uniq":0,"trade":0,"nft":0,"gas":0,"bal":0.311847,"days":0,"spread":0,"streak":0,"rank_m":399534,"pct_m":0.424791},"2025-09":{"txs":48,"uniq":10,"trade":0,"nft":0,"gas":0.000338,"bal":1.232512,"days":5,"spread":0.166667,"streak":0,"rank_m":89066,"pct_m":0.094695,"gas_method":"estimated"},"2025-10":{"txs":0,"uniq":0,"trade":0,"nft":0,"gas":0,"bal":1.232512,"days":0,"spread":0,"streak":0,"rank_m":295174,"pct_m":0.313833}}}