{"wallet":"0x60a25906ec63bb60e18157c997b4b5e182e6de6f","rank":414600,"lifetime":{"months_active":17,"first":"2023-07","last":"2025-10","tx_sum":173,"uniq_sum":116,"trade_sum":3,"nft_sum":88,"gas_sum":0.000688,"avg_balance_eth_mean":0.003765,"streak_best_days":5,"gas_sum_filled":0.000688},"months":{"2023-07":{"txs":0,"uniq":0,"trade":0,"nft":0,"gas":0,"bal":0,"days":0,"spread":0,"streak":0,"rank_m":604764,"pct_m":0.642995},"2023-08":{"txs":0,"uniq":0,"trade":0,"nft":0,"gas":0,"bal":0,"days":0,"spread":0,"streak":0,"rank_m":648197,"pct_m":0.689174},"2023-09":{"txs":0,"uniq":0,"trade":0,"nft":0,"gas":0,"bal":0,"days":0,"spread":0,"streak":0,"rank_m":659838,"pct_m":0.70155},"2023-10":{"txs":24,"uniq":12,"trade":2,"nft":2,"gas":0.000076,"bal":0.006713,"days":6,"spread":0.193548,"streak":3,"rank_m":15518,"pct_m":0.016498,"gas_method":"exact"},"2023-11":{"txs":9,"uniq":4,"trade":1,"nft":1,"gas":0.000125,"bal":0.008027,"days":3,"spread":0.1,"streak":1,"rank_m":48852,"pct_m":0.051939,"gas_method":"estimated"},"2023-12":{"txs":3,"uniq":2,"trade":0,"nft":0,"gas":0.000078,"bal":0.006266,"days":1,"spread":0.032258,"streak":1,"rank_m":126958,"pct_m":0.134983,"gas_method":"estimated"},"2024-01":{"txs":3,"uniq":2,"trade":0,"nft":0,"gas":0.000131,"bal":0.005939,"days":1,"spread":0.032258,"streak":1,"rank_m":121321,"pct_m":0.12899,"gas_method":"exact"},"2024-02":{"txs":4,"uniq":3,"trade":0,"nft":1,"gas":0.000055,"bal":0.005698,"days":2,"spread":0.068966,"streak":1,"rank_m":169117,"pct_m":0.179807,"gas_method":"estimated"},"2024-03":{"txs":5,"uniq":5,"trade":0,"nft":0,"gas":0.000102,"bal":0.005464,"days":4,"spread":0.129032,"streak":2,"rank_m":220091,"pct_m":0.234004,"gas_method":"estimated"},"2024-04":{"txs":5,"uniq":1,"trade":0,"nft":0,"gas":0.000013,"bal":0.005536,"days":3,"spread":0.1,"streak":2,"rank_m":358561,"pct_m":0.381227,"gas_method":"estimated"},"2024-05":{"txs":5,"uniq":2,"trade":0,"nft":2,"gas":0.000004,"bal":0.006231,"days":2,"spread":0.064516,"streak":1,"rank_m":354407,"pct_m":0.376811,"gas_method":"estimated"},"2024-06":{"txs":2,"uniq":1,"trade":0,"nft":0,"gas":0,"bal":0.006528,"days":2,"spread":0.066667,"streak":1,"rank_m":402705,"pct_m":0.428162,"gas_method":"estimated"},"2024-07":{"txs":30,"uniq":22,"trade":0,"nft":25,"gas":0.000004,"bal":0.001343,"days":5,"spread":0.16129,"streak":4,"rank_m":144877,"pct_m":0.154035,"gas_method":"estimated"},"2024-08":{"txs":69,"uniq":53,"trade":0,"nft":56,"gas":0.000001,"bal":0.0035,"days":18,"spread":0.580645,"streak":5,"rank_m":28387,"pct_m":0.030181,"gas_method":"exact"},"2024-09":{"txs":3,"uniq":1,"trade":0,"nft":1,"gas":0,"bal":0.005941,"days":2,"spread":0.066667,"streak":1,"rank_m":317069,"pct_m":0.337112,"gas_method":"estimated"},"2024-10":{"txs":0,"uniq":0,"trade":0,"nft":0,"gas":0,"bal":0.005941,"days":0,"spread":0,"streak":0,"rank_m":562029,"pct_m":0.597558},"2024-11":{"txs":6,"uniq":3,"trade":0,"nft":0,"gas":0.000014,"bal":0.007701,"days":1,"spread":0.033333,"streak":1,"rank_m":374011,"pct_m":0.397654,"gas_method":"exact"},"2024-12":{"txs":2,"uniq":2,"trade":0,"nft":0,"gas":0.000044,"bal":0.007784,"days":1,"spread":0.032258,"streak":1,"rank_m":490711,"pct_m":0.521732,"gas_method":"exact"},"2025-01":{"txs":1,"uniq":1,"trade":0,"nft":0,"gas":0.000026,"bal":0.006456,"days":1,"spread":0.032258,"streak":1,"rank_m":495781,"pct_m":0.527122,"gas_method":"exact"},"2025-02":{"txs":0,"uniq":0,"trade":0,"nft":0,"gas":0,"bal":0.006456,"days":0,"spread":0,"streak":0,"rank_m":620553,"pct_m":0.659782},"2025-03":{"txs":1,"uniq":1,"trade":0,"nft":0,"gas":0.000008,"bal":0.000832,"days":1,"spread":0.032258,"streak":1,"rank_m":483138,"pct_m":0.51368,"gas_method":"exact"},"2025-04":{"txs":0,"uniq":0,"trade":0,"nft":0,"gas":0,"bal":0.000832,"days":0,"spread":0,"streak":0,"rank_m":725842,"pct_m":0.771727},"2025-05":{"txs":0,"uniq":0,"trade":0,"nft":0,"gas":0,"bal":0.000832,"days":0,"spread":0,"streak":0,"rank_m":724270,"pct_m":0.770056},"2025-06":{"txs":0,"uniq":0,"trade":0,"nft":0,"gas":0,"bal":0.000832,"days":0,"spread":0,"streak":0,"rank_m":725039,"pct_m":0.770873},"2025-07":{"txs":1,"uniq":1,"trade":0,"nft":0,"gas":0.000007,"bal":0.000142,"days":1,"spread":0.032258,"streak":1,"rank_m":660731,"pct_m":0.7025,"gas_method":"estimated"},"2025-08":{"txs":0,"uniq":0,"trade":0,"nft":0,"gas":0,"bal":0.000142,"days":0,"spread":0,"streak":0,"rank_m":841136,"pct_m":0.89431},"2025-09":{"txs":0,"uniq":0,"trade":0,"nft":0,"gas":0,"bal":0.000142,"days":0,"spread":0,"streak":0,"rank_m":835818,"pct_m":0.888656},"2025-10":{"txs":0,"uniq":0,"trade":0,"nft":0,"gas":0,"bal":0.000142,"days":0,"spread":0,"streak":0,"rank_m":804632,"pct_m":0.855498}}}