{"wallet":"0x605724ff6c57793f1a4e0f662947968a1e26ae06","rank":254255,"lifetime":{"months_active":26,"first":"2023-07","last":"2025-10","tx_sum":137,"uniq_sum":99,"trade_sum":4,"nft_sum":39,"gas_sum":0.004011,"avg_balance_eth_mean":0.089398,"streak_best_days":2,"gas_sum_filled":0.004011},"months":{"2023-07":{"txs":8,"uniq":3,"trade":0,"nft":2,"gas":0.001293,"bal":0.001619,"days":2,"spread":0.064516,"streak":1,"rank_m":9646,"pct_m":0.010255,"gas_method":"exact"},"2023-08":{"txs":9,"uniq":7,"trade":0,"nft":4,"gas":0.000202,"bal":0.009208,"days":3,"spread":0.096774,"streak":1,"rank_m":90585,"pct_m":0.096311,"gas_method":"exact"},"2023-09":{"txs":9,"uniq":7,"trade":0,"nft":1,"gas":0.000996,"bal":0.007384,"days":2,"spread":0.066667,"streak":2,"rank_m":47042,"pct_m":0.050015,"gas_method":"exact"},"2023-10":{"txs":1,"uniq":1,"trade":0,"nft":1,"gas":0.000022,"bal":0.00728,"days":1,"spread":0.032258,"streak":1,"rank_m":107777,"pct_m":0.114589,"gas_method":"estimated"},"2023-11":{"txs":5,"uniq":5,"trade":0,"nft":2,"gas":0.000193,"bal":0.004668,"days":5,"spread":0.166667,"streak":1,"rank_m":60048,"pct_m":0.063843,"gas_method":"estimated"},"2023-12":{"txs":5,"uniq":2,"trade":0,"nft":5,"gas":0.000362,"bal":0.00297,"days":1,"spread":0.032258,"streak":1,"rank_m":108976,"pct_m":0.115864,"gas_method":"estimated"},"2024-01":{"txs":2,"uniq":1,"trade":0,"nft":1,"gas":0.000135,"bal":0.004145,"days":1,"spread":0.032258,"streak":1,"rank_m":144422,"pct_m":0.153551,"gas_method":"estimated"},"2024-02":{"txs":12,"uniq":7,"trade":1,"nft":4,"gas":0.000457,"bal":0.006549,"days":3,"spread":0.103448,"streak":1,"rank_m":94215,"pct_m":0.10017,"gas_method":"estimated"},"2024-03":{"txs":1,"uniq":1,"trade":0,"nft":2,"gas":0.000057,"bal":0.015389,"days":1,"spread":0.032258,"streak":1,"rank_m":263153,"pct_m":0.279788,"gas_method":"estimated"},"2024-04":{"txs":3,"uniq":3,"trade":1,"nft":0,"gas":0.000021,"bal":0.015198,"days":1,"spread":0.033333,"streak":1,"rank_m":312004,"pct_m":0.331727,"gas_method":"estimated"},"2024-05":{"txs":8,"uniq":6,"trade":1,"nft":2,"gas":0.000019,"bal":0.012432,"days":5,"spread":0.16129,"streak":2,"rank_m":182457,"pct_m":0.19399,"gas_method":"estimated"},"2024-06":{"txs":16,"uniq":11,"trade":0,"nft":4,"gas":0.000001,"bal":0.01418,"days":4,"spread":0.133333,"streak":1,"rank_m":158407,"pct_m":0.16842,"gas_method":"estimated"},"2024-07":{"txs":22,"uniq":14,"trade":1,"nft":5,"gas":0.000008,"bal":0.040098,"days":3,"spread":0.096774,"streak":1,"rank_m":99455,"pct_m":0.105741,"gas_method":"estimated"},"2024-08":{"txs":3,"uniq":3,"trade":0,"nft":3,"gas":0.000001,"bal":0.011362,"days":3,"spread":0.096774,"streak":1,"rank_m":284592,"pct_m":0.302582,"gas_method":"estimated"},"2024-09":{"txs":0,"uniq":0,"trade":0,"nft":0,"gas":0,"bal":0.011362,"days":0,"spread":0,"streak":0,"rank_m":487058,"pct_m":0.517848},"2024-10":{"txs":4,"uniq":3,"trade":0,"nft":1,"gas":0.000001,"bal":0.009908,"days":2,"spread":0.064516,"streak":1,"rank_m":323202,"pct_m":0.343633,"gas_method":"estimated"},"2024-11":{"txs":2,"uniq":1,"trade":0,"nft":0,"gas":0.000002,"bal":0.066054,"days":1,"spread":0.033333,"streak":1,"rank_m":407495,"pct_m":0.433255,"gas_method":"exact"},"2024-12":{"txs":1,"uniq":1,"trade":0,"nft":0,"gas":0.000022,"bal":0.307594,"days":1,"spread":0.032258,"streak":1,"rank_m":465333,"pct_m":0.494749,"gas_method":"exact"},"2025-01":{"txs":2,"uniq":2,"trade":0,"nft":0,"gas":0.000052,"bal":0.265591,"days":1,"spread":0.032258,"streak":1,"rank_m":408642,"pct_m":0.434474,"gas_method":"exact"},"2025-02":{"txs":3,"uniq":2,"trade":0,"nft":0,"gas":0.000021,"bal":0.23759,"days":1,"spread":0.035714,"streak":1,"rank_m":351467,"pct_m":0.373685,"gas_method":"exact"},"2025-03":{"txs":1,"uniq":1,"trade":0,"nft":0,"gas":0.000008,"bal":0.13359,"days":1,"spread":0.032258,"streak":1,"rank_m":374505,"pct_m":0.398179,"gas_method":"exact"},"2025-04":{"txs":2,"uniq":2,"trade":0,"nft":0,"gas":0.000012,"bal":0.163584,"days":1,"spread":0.033333,"streak":1,"rank_m":374091,"pct_m":0.397739,"gas_method":"exact"},"2025-05":{"txs":0,"uniq":0,"trade":0,"nft":0,"gas":0,"bal":0.163584,"days":0,"spread":0,"streak":0,"rank_m":406024,"pct_m":0.431691},"2025-06":{"txs":2,"uniq":2,"trade":0,"nft":0,"gas":0.000014,"bal":0.390527,"days":1,"spread":0.033333,"streak":1,"rank_m":215372,"pct_m":0.228986,"gas_method":"estimated"},"2025-07":{"txs":8,"uniq":7,"trade":0,"nft":1,"gas":0.000056,"bal":0.345042,"days":3,"spread":0.096774,"streak":1,"rank_m":128718,"pct_m":0.136854,"gas_method":"estimated"},"2025-08":{"txs":1,"uniq":0,"trade":0,"nft":0,"gas":0.000007,"bal":0.14374,"days":1,"spread":0.032258,"streak":1,"rank_m":278354,"pct_m":0.29595,"gas_method":"estimated"},"2025-09":{"txs":1,"uniq":1,"trade":0,"nft":0,"gas":0.000007,"bal":0.095275,"days":1,"spread":0.033333,"streak":1,"rank_m":268800,"pct_m":0.285792,"gas_method":"estimated"},"2025-10":{"txs":6,"uniq":6,"trade":0,"nft":1,"gas":0.000042,"bal":0.017228,"days":1,"spread":0.032258,"streak":1,"rank_m":115123,"pct_m":0.1224,"gas_method":"estimated"}}}