{"wallet":"0x607d2381afecbd80c4ad5cce8059205c2a297966","rank":14519,"lifetime":{"months_active":26,"first":"2023-07","last":"2025-10","tx_sum":1068,"uniq_sum":483,"trade_sum":18,"nft_sum":251,"gas_sum":0.011986,"avg_balance_eth_mean":0.03473,"streak_best_days":11,"gas_sum_filled":0.011986},"months":{"2023-07":{"txs":0,"uniq":0,"trade":0,"nft":0,"gas":0,"bal":0,"days":0,"spread":0,"streak":0,"rank_m":605278,"pct_m":0.643541},"2023-08":{"txs":25,"uniq":16,"trade":0,"nft":10,"gas":0.003813,"bal":0.176822,"days":4,"spread":0.129032,"streak":1,"rank_m":42711,"pct_m":0.04541,"gas_method":"exact"},"2023-09":{"txs":4,"uniq":4,"trade":0,"nft":3,"gas":0.000097,"bal":0.008298,"days":2,"spread":0.066667,"streak":1,"rank_m":78008,"pct_m":0.082938,"gas_method":"estimated"},"2023-10":{"txs":26,"uniq":13,"trade":2,"nft":5,"gas":0.000094,"bal":0.008998,"days":11,"spread":0.354839,"streak":3,"rank_m":10152,"pct_m":0.010793,"gas_method":"exact"},"2023-11":{"txs":14,"uniq":5,"trade":0,"nft":0,"gas":0.000057,"bal":0.005446,"days":9,"spread":0.3,"streak":1,"rank_m":43752,"pct_m":0.046517,"gas_method":"exact"},"2023-12":{"txs":4,"uniq":2,"trade":0,"nft":7,"gas":0.00004,"bal":0.003569,"days":4,"spread":0.129032,"streak":1,"rank_m":69147,"pct_m":0.073517,"gas_method":"exact"},"2024-01":{"txs":15,"uniq":11,"trade":0,"nft":4,"gas":0.000536,"bal":0.027197,"days":10,"spread":0.322581,"streak":3,"rank_m":10857,"pct_m":0.011542,"gas_method":"exact"},"2024-02":{"txs":58,"uniq":20,"trade":4,"nft":11,"gas":0.004085,"bal":0.009302,"days":16,"spread":0.551724,"streak":6,"rank_m":4751,"pct_m":0.00505,"gas_method":"exact"},"2024-03":{"txs":31,"uniq":17,"trade":0,"nft":11,"gas":0.000429,"bal":0.009378,"days":9,"spread":0.290323,"streak":3,"rank_m":46076,"pct_m":0.048988,"gas_method":"exact"},"2024-04":{"txs":65,"uniq":29,"trade":0,"nft":16,"gas":0.000132,"bal":0.007862,"days":13,"spread":0.433333,"streak":4,"rank_m":75994,"pct_m":0.080797,"gas_method":"estimated"},"2024-05":{"txs":99,"uniq":38,"trade":0,"nft":31,"gas":0.000067,"bal":0.144857,"days":18,"spread":0.580645,"streak":5,"rank_m":12088,"pct_m":0.012851,"gas_method":"estimated"},"2024-06":{"txs":72,"uniq":30,"trade":1,"nft":19,"gas":0.000001,"bal":0.073706,"days":24,"spread":0.8,"streak":11,"rank_m":5176,"pct_m":0.005502,"gas_method":"exact"},"2024-07":{"txs":73,"uniq":31,"trade":4,"nft":17,"gas":0.000002,"bal":0.166551,"days":16,"spread":0.516129,"streak":5,"rank_m":3563,"pct_m":0.003787,"gas_method":"exact"},"2024-08":{"txs":93,"uniq":43,"trade":3,"nft":38,"gas":0.000003,"bal":0.019991,"days":20,"spread":0.645161,"streak":5,"rank_m":4580,"pct_m":0.004868,"gas_method":"exact"},"2024-09":{"txs":93,"uniq":50,"trade":0,"nft":29,"gas":0.000002,"bal":0.010846,"days":17,"spread":0.566667,"streak":3,"rank_m":9953,"pct_m":0.010581,"gas_method":"exact"},"2024-10":{"txs":154,"uniq":66,"trade":3,"nft":40,"gas":0.000008,"bal":0.01769,"days":18,"spread":0.580645,"streak":4,"rank_m":7175,"pct_m":0.007628,"gas_method":"exact"},"2024-11":{"txs":81,"uniq":24,"trade":0,"nft":1,"gas":0.000186,"bal":0.030272,"days":19,"spread":0.633333,"streak":10,"rank_m":19284,"pct_m":0.020502,"gas_method":"exact"},"2024-12":{"txs":47,"uniq":21,"trade":1,"nft":1,"gas":0.001036,"bal":0.033249,"days":14,"spread":0.451613,"streak":4,"rank_m":37864,"pct_m":0.040257,"gas_method":"exact"},"2025-01":{"txs":32,"uniq":14,"trade":0,"nft":1,"gas":0.000831,"bal":0.054196,"days":6,"spread":0.193548,"streak":2,"rank_m":74665,"pct_m":0.079384,"gas_method":"exact"},"2025-02":{"txs":18,"uniq":11,"trade":0,"nft":0,"gas":0.00012,"bal":0.017404,"days":5,"spread":0.178571,"streak":1,"rank_m":135924,"pct_m":0.144516,"gas_method":"exact"},"2025-03":{"txs":6,"uniq":5,"trade":0,"nft":1,"gas":0.000047,"bal":0.020747,"days":2,"spread":0.064516,"streak":1,"rank_m":228381,"pct_m":0.242818,"gas_method":"exact"},"2025-04":{"txs":7,"uniq":6,"trade":0,"nft":0,"gas":0.000042,"bal":0.023758,"days":4,"spread":0.133333,"streak":1,"rank_m":206249,"pct_m":0.219287,"gas_method":"exact"},"2025-05":{"txs":0,"uniq":0,"trade":0,"nft":1,"gas":0,"bal":0.023758,"days":0,"spread":0,"streak":0,"rank_m":434347,"pct_m":0.461804},"2025-06":{"txs":18,"uniq":7,"trade":0,"nft":0,"gas":0.000127,"bal":0.027533,"days":4,"spread":0.133333,"streak":1,"rank_m":152278,"pct_m":0.161904,"gas_method":"estimated"},"2025-07":{"txs":13,"uniq":8,"trade":0,"nft":1,"gas":0.000091,"bal":0.027618,"days":5,"spread":0.16129,"streak":1,"rank_m":135590,"pct_m":0.144161,"gas_method":"estimated"},"2025-08":{"txs":10,"uniq":7,"trade":0,"nft":0,"gas":0.00007,"bal":0.01261,"days":4,"spread":0.129032,"streak":2,"rank_m":180087,"pct_m":0.191471,"gas_method":"estimated"},"2025-09":{"txs":8,"uniq":3,"trade":0,"nft":4,"gas":0.000056,"bal":0.009794,"days":5,"spread":0.166667,"streak":1,"rank_m":209367,"pct_m":0.222602,"gas_method":"estimated"},"2025-10":{"txs":2,"uniq":2,"trade":0,"nft":0,"gas":0.000014,"bal":0.000997,"days":2,"spread":0.064516,"streak":1,"rank_m":352478,"pct_m":0.37476,"gas_method":"estimated"}}}