{"wallet":"0x603a2531b6bab9666c77042b1da1639c9c5d1c33","rank":270415,"lifetime":{"months_active":15,"first":"2023-07","last":"2025-10","tx_sum":258,"uniq_sum":138,"trade_sum":8,"nft_sum":41,"gas_sum":0.001039,"avg_balance_eth_mean":0.003231,"streak_best_days":8,"gas_sum_filled":0.001039},"months":{"2023-07":{"txs":0,"uniq":0,"trade":0,"nft":0,"gas":0,"bal":0,"days":0,"spread":0,"streak":0,"rank_m":606159,"pct_m":0.644478},"2023-08":{"txs":0,"uniq":0,"trade":0,"nft":0,"gas":0,"bal":0,"days":0,"spread":0,"streak":0,"rank_m":649438,"pct_m":0.690493},"2023-09":{"txs":0,"uniq":0,"trade":0,"nft":0,"gas":0,"bal":0,"days":0,"spread":0,"streak":0,"rank_m":661021,"pct_m":0.702808},"2023-10":{"txs":0,"uniq":0,"trade":0,"nft":0,"gas":0,"bal":0,"days":0,"spread":0,"streak":0,"rank_m":670388,"pct_m":0.712767},"2023-11":{"txs":0,"uniq":0,"trade":0,"nft":0,"gas":0,"bal":0,"days":0,"spread":0,"streak":0,"rank_m":678634,"pct_m":0.721535},"2023-12":{"txs":47,"uniq":27,"trade":0,"nft":6,"gas":0.000262,"bal":0.010345,"days":6,"spread":0.193548,"streak":3,"rank_m":12872,"pct_m":0.013685,"gas_method":"estimated"},"2024-01":{"txs":46,"uniq":17,"trade":1,"nft":7,"gas":0.000239,"bal":0.000584,"days":12,"spread":0.387097,"streak":8,"rank_m":54161,"pct_m":0.057584,"gas_method":"estimated"},"2024-02":{"txs":22,"uniq":11,"trade":1,"nft":6,"gas":0.000017,"bal":0.003907,"days":13,"spread":0.448276,"streak":3,"rank_m":30061,"pct_m":0.03196,"gas_method":"exact"},"2024-03":{"txs":33,"uniq":17,"trade":1,"nft":6,"gas":0.000051,"bal":0.0078,"days":12,"spread":0.387097,"streak":5,"rank_m":39310,"pct_m":0.041794,"gas_method":"exact"},"2024-04":{"txs":32,"uniq":19,"trade":1,"nft":6,"gas":0.000241,"bal":0.013055,"days":8,"spread":0.266667,"streak":2,"rank_m":84247,"pct_m":0.089572,"gas_method":"exact"},"2024-05":{"txs":31,"uniq":16,"trade":2,"nft":2,"gas":0.000037,"bal":0.007623,"days":13,"spread":0.419355,"streak":7,"rank_m":43480,"pct_m":0.046228,"gas_method":"exact"},"2024-06":{"txs":6,"uniq":4,"trade":0,"nft":0,"gas":0,"bal":0.010568,"days":2,"spread":0.066667,"streak":1,"rank_m":327686,"pct_m":0.348401,"gas_method":"estimated"},"2024-07":{"txs":11,"uniq":3,"trade":0,"nft":2,"gas":0,"bal":0.005203,"days":3,"spread":0.096774,"streak":1,"rank_m":285628,"pct_m":0.303684,"gas_method":"estimated"},"2024-08":{"txs":4,"uniq":4,"trade":0,"nft":2,"gas":0,"bal":0.003068,"days":3,"spread":0.096774,"streak":2,"rank_m":313125,"pct_m":0.332919,"gas_method":"estimated"},"2024-09":{"txs":11,"uniq":8,"trade":2,"nft":3,"gas":0,"bal":0.003573,"days":4,"spread":0.133333,"streak":2,"rank_m":151083,"pct_m":0.160633,"gas_method":"estimated"},"2024-10":{"txs":5,"uniq":3,"trade":0,"nft":1,"gas":0.000008,"bal":0.001484,"days":3,"spread":0.096774,"streak":1,"rank_m":308888,"pct_m":0.328414,"gas_method":"exact"},"2024-11":{"txs":0,"uniq":0,"trade":0,"nft":0,"gas":0,"bal":0.001484,"days":0,"spread":0,"streak":0,"rank_m":620575,"pct_m":0.659805},"2024-12":{"txs":0,"uniq":0,"trade":0,"nft":0,"gas":0,"bal":0.001484,"days":0,"spread":0,"streak":0,"rank_m":665077,"pct_m":0.707121},"2025-01":{"txs":6,"uniq":5,"trade":0,"nft":0,"gas":0.000156,"bal":0.002049,"days":3,"spread":0.096774,"streak":1,"rank_m":384261,"pct_m":0.408552,"gas_method":"exact"},"2025-02":{"txs":1,"uniq":1,"trade":0,"nft":0,"gas":0.000007,"bal":0.003769,"days":1,"spread":0.035714,"streak":1,"rank_m":477649,"pct_m":0.507844,"gas_method":"exact"},"2025-03":{"txs":0,"uniq":0,"trade":0,"nft":0,"gas":0,"bal":0.003769,"days":0,"spread":0,"streak":0,"rank_m":631402,"pct_m":0.671317},"2025-04":{"txs":0,"uniq":0,"trade":0,"nft":0,"gas":0,"bal":0.003769,"days":0,"spread":0,"streak":0,"rank_m":659862,"pct_m":0.701576},"2025-05":{"txs":0,"uniq":0,"trade":0,"nft":0,"gas":0,"bal":0.003769,"days":0,"spread":0,"streak":0,"rank_m":620358,"pct_m":0.659575},"2025-06":{"txs":1,"uniq":1,"trade":0,"nft":0,"gas":0.000007,"bal":0.001669,"days":1,"spread":0.033333,"streak":1,"rank_m":513156,"pct_m":0.545596,"gas_method":"estimated"},"2025-07":{"txs":2,"uniq":2,"trade":0,"nft":0,"gas":0.000014,"bal":0.000375,"days":1,"spread":0.032258,"streak":1,"rank_m":593653,"pct_m":0.631181,"gas_method":"estimated"},"2025-08":{"txs":0,"uniq":0,"trade":0,"nft":0,"gas":0,"bal":0.000375,"days":0,"spread":0,"streak":0,"rank_m":771471,"pct_m":0.820241},"2025-09":{"txs":0,"uniq":0,"trade":0,"nft":0,"gas":0,"bal":0.000375,"days":0,"spread":0,"streak":0,"rank_m":760029,"pct_m":0.808075},"2025-10":{"txs":0,"uniq":0,"trade":0,"nft":0,"gas":0,"bal":0.000375,"days":0,"spread":0,"streak":0,"rank_m":709762,"pct_m":0.754631}}}