{"wallet":"0x60365b27abff56915e21497d5320186922c2e732","rank":35807,"lifetime":{"months_active":14,"first":"2023-07","last":"2025-10","tx_sum":2380,"uniq_sum":2191,"trade_sum":29,"nft_sum":1,"gas_sum":0.09048,"avg_balance_eth_mean":0.042868,"streak_best_days":6,"gas_sum_filled":0.09048},"months":{"2023-07":{"txs":0,"uniq":0,"trade":0,"nft":0,"gas":0,"bal":0,"days":0,"spread":0,"streak":0,"rank_m":606205,"pct_m":0.644527},"2023-08":{"txs":8,"uniq":2,"trade":0,"nft":0,"gas":0.030521,"bal":0.008968,"days":1,"spread":0.032258,"streak":1,"rank_m":98633,"pct_m":0.104867,"gas_method":"exact"},"2023-09":{"txs":0,"uniq":0,"trade":0,"nft":0,"gas":0,"bal":0.008968,"days":0,"spread":0,"streak":0,"rank_m":253203,"pct_m":0.269209},"2023-10":{"txs":1855,"uniq":1831,"trade":0,"nft":0,"gas":0.048838,"bal":0.023081,"days":8,"spread":0.258065,"streak":5,"rank_m":17858,"pct_m":0.018986,"gas_method":"estimated"},"2023-11":{"txs":328,"uniq":328,"trade":0,"nft":0,"gas":0.009829,"bal":0.034735,"days":2,"spread":0.066667,"streak":1,"rank_m":24490,"pct_m":0.026037,"gas_method":"exact"},"2023-12":{"txs":0,"uniq":0,"trade":0,"nft":0,"gas":0,"bal":0.034735,"days":0,"spread":0,"streak":0,"rank_m":241842,"pct_m":0.25713},"2024-01":{"txs":0,"uniq":0,"trade":0,"nft":0,"gas":0,"bal":0.034735,"days":0,"spread":0,"streak":0,"rank_m":251065,"pct_m":0.266936},"2024-02":{"txs":3,"uniq":3,"trade":0,"nft":0,"gas":0.000135,"bal":0.016579,"days":1,"spread":0.034483,"streak":1,"rank_m":176770,"pct_m":0.187944,"gas_method":"estimated"},"2024-03":{"txs":2,"uniq":2,"trade":0,"nft":0,"gas":0.000081,"bal":0.002827,"days":2,"spread":0.064516,"streak":1,"rank_m":276238,"pct_m":0.2937,"gas_method":"exact"},"2024-04":{"txs":0,"uniq":0,"trade":0,"nft":0,"gas":0,"bal":0.002827,"days":0,"spread":0,"streak":0,"rank_m":484016,"pct_m":0.514613},"2024-05":{"txs":0,"uniq":0,"trade":0,"nft":0,"gas":0,"bal":0.002827,"days":0,"spread":0,"streak":0,"rank_m":512850,"pct_m":0.54527},"2024-06":{"txs":0,"uniq":0,"trade":0,"nft":0,"gas":0,"bal":0.002827,"days":0,"spread":0,"streak":0,"rank_m":534590,"pct_m":0.568385},"2024-07":{"txs":1,"uniq":1,"trade":0,"nft":0,"gas":0,"bal":0.003123,"days":1,"spread":0.032258,"streak":1,"rank_m":445584,"pct_m":0.473752,"gas_method":"estimated"},"2024-08":{"txs":0,"uniq":0,"trade":0,"nft":0,"gas":0,"bal":0.003123,"days":0,"spread":0,"streak":0,"rank_m":559911,"pct_m":0.595306},"2024-09":{"txs":1,"uniq":0,"trade":0,"nft":0,"gas":0,"bal":0.013014,"days":1,"spread":0.033333,"streak":1,"rank_m":356582,"pct_m":0.379123,"gas_method":"estimated"},"2024-10":{"txs":101,"uniq":2,"trade":0,"nft":0,"gas":0.000023,"bal":0.052879,"days":1,"spread":0.032258,"streak":1,"rank_m":233483,"pct_m":0.248242,"gas_method":"estimated"},"2024-11":{"txs":0,"uniq":0,"trade":0,"nft":0,"gas":0,"bal":0.052879,"days":0,"spread":0,"streak":0,"rank_m":528402,"pct_m":0.561805},"2024-12":{"txs":34,"uniq":8,"trade":0,"nft":0,"gas":0.00075,"bal":0.035162,"days":2,"spread":0.064516,"streak":2,"rank_m":188115,"pct_m":0.200006,"gas_method":"exact"},"2025-01":{"txs":0,"uniq":0,"trade":0,"nft":0,"gas":0,"bal":0.035162,"days":0,"spread":0,"streak":0,"rank_m":575934,"pct_m":0.612342},"2025-02":{"txs":5,"uniq":1,"trade":4,"nft":0,"gas":0.000028,"bal":0.032311,"days":1,"spread":0.035714,"streak":1,"rank_m":301443,"pct_m":0.320499,"gas_method":"exact"},"2025-03":{"txs":0,"uniq":0,"trade":0,"nft":0,"gas":0,"bal":0.032311,"days":0,"spread":0,"streak":0,"rank_m":548430,"pct_m":0.5831},"2025-04":{"txs":15,"uniq":4,"trade":8,"nft":0,"gas":0.000085,"bal":0.119376,"days":2,"spread":0.066667,"streak":2,"rank_m":105154,"pct_m":0.111801,"gas_method":"exact"},"2025-05":{"txs":23,"uniq":6,"trade":17,"nft":0,"gas":0.000162,"bal":0.170037,"days":4,"spread":0.129032,"streak":2,"rank_m":35060,"pct_m":0.037275,"gas_method":"estimated"},"2025-06":{"txs":0,"uniq":0,"trade":0,"nft":0,"gas":0,"bal":0.170037,"days":0,"spread":0,"streak":0,"rank_m":408553,"pct_m":0.43438},"2025-07":{"txs":2,"uniq":1,"trade":0,"nft":0,"gas":0.000014,"bal":0.166414,"days":1,"spread":0.032258,"streak":1,"rank_m":272767,"pct_m":0.29001,"gas_method":"estimated"},"2025-08":{"txs":2,"uniq":2,"trade":0,"nft":1,"gas":0.000014,"bal":0.047118,"days":1,"spread":0.032258,"streak":1,"rank_m":238548,"pct_m":0.253627,"gas_method":"estimated"},"2025-09":{"txs":0,"uniq":0,"trade":0,"nft":0,"gas":0,"bal":0.047118,"days":0,"spread":0,"streak":0,"rank_m":435054,"pct_m":0.462556},"2025-10":{"txs":0,"uniq":0,"trade":0,"nft":0,"gas":0,"bal":0.047118,"days":0,"spread":0,"streak":0,"rank_m":342253,"pct_m":0.363888}}}