{"wallet":"0x600d104a00fb904706b9746005844b0cb65d6006","rank":286671,"lifetime":{"months_active":15,"first":"2023-07","last":"2025-10","tx_sum":211,"uniq_sum":108,"trade_sum":0,"nft_sum":59,"gas_sum":0.005342,"avg_balance_eth_mean":0.197861,"streak_best_days":3,"gas_sum_filled":0.005342},"months":{"2023-07":{"txs":0,"uniq":0,"trade":0,"nft":0,"gas":0,"bal":0,"days":0,"spread":0,"streak":0,"rank_m":606742,"pct_m":0.645098},"2023-08":{"txs":28,"uniq":22,"trade":0,"nft":21,"gas":0.001256,"bal":0.000936,"days":6,"spread":0.193548,"streak":3,"rank_m":50456,"pct_m":0.053645,"gas_method":"exact"},"2023-09":{"txs":5,"uniq":5,"trade":0,"nft":3,"gas":0.000294,"bal":0.008397,"days":2,"spread":0.066667,"streak":1,"rank_m":61856,"pct_m":0.065765,"gas_method":"exact"},"2023-10":{"txs":0,"uniq":0,"trade":0,"nft":0,"gas":0,"bal":0.008397,"days":0,"spread":0,"streak":0,"rank_m":248414,"pct_m":0.264117},"2023-11":{"txs":3,"uniq":3,"trade":0,"nft":1,"gas":0.000105,"bal":0.009913,"days":2,"spread":0.066667,"streak":1,"rank_m":74155,"pct_m":0.078842,"gas_method":"estimated"},"2023-12":{"txs":75,"uniq":15,"trade":0,"nft":10,"gas":0.000225,"bal":0.025159,"days":4,"spread":0.129032,"streak":2,"rank_m":7894,"pct_m":0.008392,"gas_method":"exact"},"2024-01":{"txs":37,"uniq":14,"trade":0,"nft":5,"gas":0.002265,"bal":0.026795,"days":6,"spread":0.193548,"streak":2,"rank_m":20638,"pct_m":0.021942,"gas_method":"estimated"},"2024-02":{"txs":24,"uniq":18,"trade":0,"nft":9,"gas":0.00083,"bal":0.038092,"days":6,"spread":0.206897,"streak":2,"rank_m":26619,"pct_m":0.028301,"gas_method":"estimated"},"2024-03":{"txs":7,"uniq":7,"trade":0,"nft":6,"gas":0.000126,"bal":0.006644,"days":4,"spread":0.129032,"streak":1,"rank_m":165339,"pct_m":0.17579,"gas_method":"exact"},"2024-04":{"txs":4,"uniq":4,"trade":0,"nft":1,"gas":0.000026,"bal":0.053169,"days":2,"spread":0.066667,"streak":1,"rank_m":301745,"pct_m":0.32082,"gas_method":"estimated"},"2024-05":{"txs":5,"uniq":4,"trade":0,"nft":1,"gas":0.000011,"bal":0.042667,"days":2,"spread":0.064516,"streak":1,"rank_m":286653,"pct_m":0.304774,"gas_method":"estimated"},"2024-06":{"txs":5,"uniq":2,"trade":0,"nft":1,"gas":0,"bal":0.032932,"days":4,"spread":0.133333,"streak":2,"rank_m":224055,"pct_m":0.238218,"gas_method":"estimated"},"2024-07":{"txs":3,"uniq":3,"trade":0,"nft":0,"gas":0.000001,"bal":0.036609,"days":2,"spread":0.064516,"streak":1,"rank_m":294021,"pct_m":0.312607,"gas_method":"estimated"},"2024-08":{"txs":0,"uniq":0,"trade":0,"nft":0,"gas":0,"bal":0.036609,"days":0,"spread":0,"streak":0,"rank_m":483349,"pct_m":0.513904},"2024-09":{"txs":0,"uniq":0,"trade":0,"nft":0,"gas":0,"bal":0.036609,"days":0,"spread":0,"streak":0,"rank_m":450637,"pct_m":0.479124},"2024-10":{"txs":5,"uniq":4,"trade":0,"nft":1,"gas":0.000001,"bal":0.080114,"days":2,"spread":0.064516,"streak":1,"rank_m":245710,"pct_m":0.261242,"gas_method":"estimated"},"2024-11":{"txs":0,"uniq":0,"trade":0,"nft":0,"gas":0,"bal":0.080114,"days":0,"spread":0,"streak":0,"rank_m":524241,"pct_m":0.557381},"2024-12":{"txs":8,"uniq":6,"trade":0,"nft":0,"gas":0.000176,"bal":0.254996,"days":5,"spread":0.16129,"streak":2,"rank_m":252717,"pct_m":0.268692,"gas_method":"exact"},"2025-01":{"txs":0,"uniq":0,"trade":0,"nft":0,"gas":0,"bal":0.254996,"days":0,"spread":0,"streak":0,"rank_m":558123,"pct_m":0.593405},"2025-02":{"txs":1,"uniq":0,"trade":0,"nft":0,"gas":0.00002,"bal":0.314618,"days":1,"spread":0.035714,"streak":1,"rank_m":444596,"pct_m":0.472701,"gas_method":"estimated"},"2025-03":{"txs":0,"uniq":0,"trade":0,"nft":0,"gas":0,"bal":0.314618,"days":0,"spread":0,"streak":0,"rank_m":513549,"pct_m":0.546013},"2025-04":{"txs":1,"uniq":1,"trade":0,"nft":0,"gas":0.000006,"bal":0.55396,"days":1,"spread":0.033333,"streak":1,"rank_m":404766,"pct_m":0.430353,"gas_method":"exact"},"2025-05":{"txs":0,"uniq":0,"trade":0,"nft":0,"gas":0,"bal":0.55396,"days":0,"spread":0,"streak":0,"rank_m":390032,"pct_m":0.414688},"2025-06":{"txs":0,"uniq":0,"trade":0,"nft":0,"gas":0,"bal":0.55396,"days":0,"spread":0,"streak":0,"rank_m":393895,"pct_m":0.418795},"2025-07":{"txs":0,"uniq":0,"trade":0,"nft":0,"gas":0,"bal":0.55396,"days":0,"spread":0,"streak":0,"rank_m":414262,"pct_m":0.44045},"2025-08":{"txs":0,"uniq":0,"trade":0,"nft":0,"gas":0,"bal":0.55396,"days":0,"spread":0,"streak":0,"rank_m":394836,"pct_m":0.419796},"2025-09":{"txs":0,"uniq":0,"trade":0,"nft":0,"gas":0,"bal":0.55396,"days":0,"spread":0,"streak":0,"rank_m":394119,"pct_m":0.419033},"2025-10":{"txs":0,"uniq":0,"trade":0,"nft":0,"gas":0,"bal":0.55396,"days":0,"spread":0,"streak":0,"rank_m":298773,"pct_m":0.31766}}}