{"wallet":"0x607a70e94c612ba045cf48b0f8e241a611f574d7","rank":48376,"lifetime":{"months_active":26,"first":"2023-07","last":"2025-10","tx_sum":422,"uniq_sum":236,"trade_sum":10,"nft_sum":118,"gas_sum":0.010764,"avg_balance_eth_mean":0.018148,"streak_best_days":7,"gas_sum_filled":0.010764},"months":{"2023-07":{"txs":0,"uniq":0,"trade":0,"nft":0,"gas":0,"bal":0,"days":0,"spread":0,"streak":0,"rank_m":605307,"pct_m":0.643572},"2023-08":{"txs":0,"uniq":0,"trade":0,"nft":0,"gas":0,"bal":0,"days":0,"spread":0,"streak":0,"rank_m":648684,"pct_m":0.689691},"2023-09":{"txs":3,"uniq":3,"trade":0,"nft":2,"gas":0.000097,"bal":0.001499,"days":2,"spread":0.066667,"streak":2,"rank_m":95266,"pct_m":0.101287,"gas_method":"estimated"},"2023-10":{"txs":18,"uniq":15,"trade":2,"nft":6,"gas":0.000161,"bal":0.034933,"days":9,"spread":0.290323,"streak":3,"rank_m":6526,"pct_m":0.006937,"gas_method":"exact"},"2023-11":{"txs":5,"uniq":4,"trade":0,"nft":1,"gas":0.000074,"bal":0.014298,"days":4,"spread":0.133333,"streak":2,"rank_m":43964,"pct_m":0.046742,"gas_method":"estimated"},"2023-12":{"txs":3,"uniq":3,"trade":0,"nft":3,"gas":0.000083,"bal":0.008371,"days":2,"spread":0.064516,"streak":1,"rank_m":81047,"pct_m":0.08617,"gas_method":"estimated"},"2024-01":{"txs":6,"uniq":6,"trade":1,"nft":2,"gas":0.000287,"bal":0.009424,"days":5,"spread":0.16129,"streak":1,"rank_m":45027,"pct_m":0.047872,"gas_method":"exact"},"2024-02":{"txs":48,"uniq":16,"trade":2,"nft":12,"gas":0.001642,"bal":0.02789,"days":11,"spread":0.37931,"streak":2,"rank_m":8268,"pct_m":0.00879,"gas_method":"exact"},"2024-03":{"txs":61,"uniq":27,"trade":1,"nft":25,"gas":0.00672,"bal":0.032192,"days":13,"spread":0.419355,"streak":3,"rank_m":12137,"pct_m":0.012903,"gas_method":"exact"},"2024-04":{"txs":25,"uniq":18,"trade":3,"nft":12,"gas":0.000067,"bal":0.066894,"days":10,"spread":0.333333,"streak":3,"rank_m":68228,"pct_m":0.07254,"gas_method":"estimated"},"2024-05":{"txs":22,"uniq":16,"trade":0,"nft":8,"gas":0.00002,"bal":0.062222,"days":8,"spread":0.258065,"streak":3,"rank_m":65359,"pct_m":0.06949,"gas_method":"estimated"},"2024-06":{"txs":47,"uniq":22,"trade":1,"nft":14,"gas":0.000001,"bal":0.015987,"days":21,"spread":0.7,"streak":5,"rank_m":17457,"pct_m":0.01856,"gas_method":"exact"},"2024-07":{"txs":13,"uniq":8,"trade":0,"nft":9,"gas":0.000002,"bal":0.001683,"days":7,"spread":0.225806,"streak":1,"rank_m":230551,"pct_m":0.245125,"gas_method":"estimated"},"2024-08":{"txs":11,"uniq":9,"trade":0,"nft":6,"gas":0.000001,"bal":0.007024,"days":5,"spread":0.16129,"streak":1,"rank_m":219263,"pct_m":0.233123,"gas_method":"estimated"},"2024-09":{"txs":3,"uniq":3,"trade":0,"nft":5,"gas":0,"bal":0.016097,"days":2,"spread":0.066667,"streak":1,"rank_m":195618,"pct_m":0.207983,"gas_method":"exact"},"2024-10":{"txs":9,"uniq":8,"trade":0,"nft":4,"gas":0.000001,"bal":0.008354,"days":4,"spread":0.129032,"streak":2,"rank_m":184825,"pct_m":0.196508,"gas_method":"estimated"},"2024-11":{"txs":12,"uniq":8,"trade":0,"nft":0,"gas":0.000028,"bal":0.006971,"days":3,"spread":0.1,"streak":2,"rank_m":244509,"pct_m":0.259965,"gas_method":"exact"},"2024-12":{"txs":41,"uniq":17,"trade":0,"nft":3,"gas":0.000904,"bal":0.061503,"days":11,"spread":0.354839,"streak":3,"rank_m":54051,"pct_m":0.057467,"gas_method":"exact"},"2025-01":{"txs":1,"uniq":1,"trade":0,"nft":1,"gas":0.000026,"bal":0.012454,"days":1,"spread":0.032258,"streak":1,"rank_m":418622,"pct_m":0.445085,"gas_method":"exact"},"2025-02":{"txs":1,"uniq":1,"trade":0,"nft":0,"gas":0.000007,"bal":0.011896,"days":1,"spread":0.035714,"streak":1,"rank_m":444013,"pct_m":0.472081,"gas_method":"exact"},"2025-03":{"txs":4,"uniq":4,"trade":0,"nft":1,"gas":0.000032,"bal":0.008792,"days":3,"spread":0.096774,"streak":1,"rank_m":264104,"pct_m":0.280799,"gas_method":"exact"},"2025-04":{"txs":8,"uniq":6,"trade":0,"nft":0,"gas":0.000042,"bal":0.001033,"days":3,"spread":0.1,"streak":2,"rank_m":287978,"pct_m":0.306182,"gas_method":"exact"},"2025-05":{"txs":25,"uniq":8,"trade":0,"nft":1,"gas":0.000176,"bal":0.008007,"days":6,"spread":0.193548,"streak":2,"rank_m":81464,"pct_m":0.086613,"gas_method":"estimated"},"2025-06":{"txs":23,"uniq":12,"trade":0,"nft":0,"gas":0.000162,"bal":0.010016,"days":7,"spread":0.233333,"streak":2,"rank_m":148608,"pct_m":0.158002,"gas_method":"estimated"},"2025-07":{"txs":11,"uniq":7,"trade":0,"nft":2,"gas":0.000077,"bal":0.016613,"days":6,"spread":0.193548,"streak":3,"rank_m":114650,"pct_m":0.121897,"gas_method":"estimated"},"2025-08":{"txs":3,"uniq":3,"trade":0,"nft":0,"gas":0.000021,"bal":0.02424,"days":2,"spread":0.064516,"streak":1,"rank_m":247790,"pct_m":0.263454,"gas_method":"estimated"},"2025-09":{"txs":10,"uniq":8,"trade":0,"nft":1,"gas":0.00007,"bal":0.016886,"days":6,"spread":0.2,"streak":2,"rank_m":101629,"pct_m":0.108053,"gas_method":"estimated"},"2025-10":{"txs":9,"uniq":3,"trade":0,"nft":0,"gas":0.000063,"bal":0.022872,"days":8,"spread":0.258065,"streak":4,"rank_m":56962,"pct_m":0.060562,"gas_method":"estimated"}}}