{"wallet":"0x605b2b774296700d466c31f36a593e350e7a33d9","rank":131321,"lifetime":{"months_active":26,"first":"2023-07","last":"2025-10","tx_sum":222,"uniq_sum":138,"trade_sum":12,"nft_sum":41,"gas_sum":0.009922,"avg_balance_eth_mean":0.015581,"streak_best_days":3,"gas_sum_filled":0.009922},"months":{"2023-07":{"txs":3,"uniq":2,"trade":0,"nft":1,"gas":0.000931,"bal":0.000381,"days":1,"spread":0.032258,"streak":1,"rank_m":32195,"pct_m":0.034229,"gas_method":"estimated"},"2023-08":{"txs":37,"uniq":17,"trade":0,"nft":10,"gas":0.005328,"bal":0.016952,"days":8,"spread":0.258065,"streak":2,"rank_m":29308,"pct_m":0.03116,"gas_method":"exact"},"2023-09":{"txs":3,"uniq":3,"trade":2,"nft":3,"gas":0.000085,"bal":0.009651,"days":2,"spread":0.066667,"streak":1,"rank_m":65024,"pct_m":0.069134,"gas_method":"exact"},"2023-10":{"txs":3,"uniq":2,"trade":0,"nft":0,"gas":0.000073,"bal":0.012157,"days":1,"spread":0.032258,"streak":1,"rank_m":100071,"pct_m":0.106396,"gas_method":"estimated"},"2023-11":{"txs":3,"uniq":2,"trade":0,"nft":0,"gas":0.000104,"bal":0.012008,"days":1,"spread":0.033333,"streak":1,"rank_m":84094,"pct_m":0.089409,"gas_method":"exact"},"2023-12":{"txs":21,"uniq":9,"trade":1,"nft":2,"gas":0.001656,"bal":0.010327,"days":2,"spread":0.064516,"streak":1,"rank_m":42200,"pct_m":0.044867,"gas_method":"estimated"},"2024-01":{"txs":3,"uniq":3,"trade":1,"nft":1,"gas":0.00011,"bal":0.008841,"days":2,"spread":0.064516,"streak":1,"rank_m":78048,"pct_m":0.082981,"gas_method":"exact"},"2024-02":{"txs":7,"uniq":6,"trade":0,"nft":4,"gas":0.00029,"bal":0.008742,"days":5,"spread":0.172414,"streak":1,"rank_m":98050,"pct_m":0.104247,"gas_method":"estimated"},"2024-03":{"txs":12,"uniq":7,"trade":0,"nft":3,"gas":0.000746,"bal":0.010572,"days":4,"spread":0.129032,"streak":1,"rank_m":168984,"pct_m":0.179666,"gas_method":"estimated"},"2024-04":{"txs":18,"uniq":10,"trade":0,"nft":4,"gas":0.000138,"bal":0.015487,"days":5,"spread":0.166667,"streak":2,"rank_m":184668,"pct_m":0.196341,"gas_method":"estimated"},"2024-05":{"txs":12,"uniq":10,"trade":0,"nft":4,"gas":0.000031,"bal":0.01528,"days":3,"spread":0.096774,"streak":1,"rank_m":215477,"pct_m":0.229098,"gas_method":"estimated"},"2024-06":{"txs":9,"uniq":6,"trade":0,"nft":3,"gas":0.000001,"bal":0.012664,"days":5,"spread":0.166667,"streak":2,"rank_m":170910,"pct_m":0.181714,"gas_method":"estimated"},"2024-07":{"txs":5,"uniq":4,"trade":0,"nft":2,"gas":0.000002,"bal":0.011262,"days":2,"spread":0.064516,"streak":1,"rank_m":273803,"pct_m":0.291111,"gas_method":"estimated"},"2024-08":{"txs":6,"uniq":3,"trade":1,"nft":2,"gas":0.000002,"bal":0.012179,"days":3,"spread":0.096774,"streak":1,"rank_m":235253,"pct_m":0.250124,"gas_method":"estimated"},"2024-09":{"txs":24,"uniq":12,"trade":0,"nft":1,"gas":0.000003,"bal":0.018741,"days":4,"spread":0.133333,"streak":2,"rank_m":85270,"pct_m":0.09066,"gas_method":"estimated"},"2024-10":{"txs":5,"uniq":4,"trade":0,"nft":0,"gas":0.000001,"bal":0.024963,"days":1,"spread":0.032258,"streak":1,"rank_m":315606,"pct_m":0.335557,"gas_method":"estimated"},"2024-11":{"txs":6,"uniq":5,"trade":0,"nft":1,"gas":0.000014,"bal":0.025481,"days":2,"spread":0.066667,"streak":1,"rank_m":278910,"pct_m":0.296541,"gas_method":"exact"},"2024-12":{"txs":3,"uniq":2,"trade":0,"nft":0,"gas":0.000066,"bal":0.029963,"days":1,"spread":0.032258,"streak":1,"rank_m":442585,"pct_m":0.470563,"gas_method":"exact"},"2025-01":{"txs":3,"uniq":3,"trade":0,"nft":0,"gas":0.000078,"bal":0.029614,"days":1,"spread":0.032258,"streak":1,"rank_m":403374,"pct_m":0.428873,"gas_method":"exact"},"2025-02":{"txs":2,"uniq":2,"trade":1,"nft":0,"gas":0.000014,"bal":0.026113,"days":1,"spread":0.035714,"streak":1,"rank_m":332885,"pct_m":0.353928,"gas_method":"exact"},"2025-03":{"txs":6,"uniq":5,"trade":5,"nft":0,"gas":0.000047,"bal":0.023965,"days":2,"spread":0.064516,"streak":1,"rank_m":202259,"pct_m":0.215044,"gas_method":"exact"},"2025-04":{"txs":9,"uniq":8,"trade":1,"nft":0,"gas":0.000048,"bal":0.021112,"days":3,"spread":0.1,"streak":3,"rank_m":114681,"pct_m":0.12193,"gas_method":"exact"},"2025-05":{"txs":3,"uniq":3,"trade":0,"nft":0,"gas":0.000021,"bal":0.01442,"days":2,"spread":0.064516,"streak":1,"rank_m":232855,"pct_m":0.247575,"gas_method":"estimated"},"2025-06":{"txs":0,"uniq":0,"trade":0,"nft":0,"gas":0,"bal":0.01442,"days":0,"spread":0,"streak":0,"rank_m":511017,"pct_m":0.543321},"2025-07":{"txs":11,"uniq":5,"trade":0,"nft":0,"gas":0.000077,"bal":0.014395,"days":2,"spread":0.064516,"streak":1,"rank_m":257676,"pct_m":0.273965,"gas_method":"estimated"},"2025-08":{"txs":6,"uniq":4,"trade":0,"nft":0,"gas":0.000042,"bal":0.01321,"days":1,"spread":0.032258,"streak":1,"rank_m":282262,"pct_m":0.300105,"gas_method":"estimated"},"2025-09":{"txs":2,"uniq":1,"trade":0,"nft":0,"gas":0.000014,"bal":0.011682,"days":1,"spread":0.033333,"streak":1,"rank_m":340323,"pct_m":0.361836,"gas_method":"estimated"},"2025-10":{"txs":0,"uniq":0,"trade":0,"nft":0,"gas":0,"bal":0.011682,"days":0,"spread":0,"streak":0,"rank_m":426620,"pct_m":0.453589}}}