{"wallet":"0x60e315d6bd9e82370a609ca9d3f5a09e4ffb82e0","rank":2581,"lifetime":{"months_active":26,"first":"2023-07","last":"2025-10","tx_sum":2240,"uniq_sum":1017,"trade_sum":250,"nft_sum":700,"gas_sum":0.018689,"avg_balance_eth_mean":0.018491,"streak_best_days":48,"gas_sum_filled":0.018689},"months":{"2023-07":{"txs":0,"uniq":0,"trade":0,"nft":0,"gas":0,"bal":0,"days":0,"spread":0,"streak":0,"rank_m":603893,"pct_m":0.642069},"2023-08":{"txs":95,"uniq":87,"trade":0,"nft":79,"gas":0.00441,"bal":0.006772,"days":19,"spread":0.612903,"streak":6,"rank_m":8772,"pct_m":0.009325,"gas_method":"exact"},"2023-09":{"txs":95,"uniq":79,"trade":0,"nft":76,"gas":0.001855,"bal":0.036038,"days":14,"spread":0.466667,"streak":4,"rank_m":2382,"pct_m":0.002532,"gas_method":"exact"},"2023-10":{"txs":94,"uniq":41,"trade":0,"nft":48,"gas":0.000269,"bal":0.084528,"days":20,"spread":0.645161,"streak":11,"rank_m":677,"pct_m":0.000719,"gas_method":"exact"},"2023-11":{"txs":80,"uniq":26,"trade":0,"nft":46,"gas":0.000163,"bal":0.021394,"days":21,"spread":0.7,"streak":4,"rank_m":1875,"pct_m":0.001992,"gas_method":"exact"},"2023-12":{"txs":66,"uniq":18,"trade":0,"nft":11,"gas":0.000158,"bal":0.031571,"days":24,"spread":0.774194,"streak":19,"rank_m":1665,"pct_m":0.001769,"gas_method":"exact"},"2024-01":{"txs":39,"uniq":11,"trade":0,"nft":7,"gas":0.001405,"bal":0.034251,"days":23,"spread":0.741935,"streak":12,"rank_m":2876,"pct_m":0.003057,"gas_method":"exact"},"2024-02":{"txs":136,"uniq":72,"trade":7,"nft":65,"gas":0.001544,"bal":0.008086,"days":24,"spread":0.827586,"streak":7,"rank_m":2748,"pct_m":0.002921,"gas_method":"exact"},"2024-03":{"txs":184,"uniq":117,"trade":3,"nft":118,"gas":0.001313,"bal":0.0276,"days":30,"spread":0.967742,"streak":30,"rank_m":1938,"pct_m":0.002059,"gas_method":"exact"},"2024-04":{"txs":163,"uniq":84,"trade":3,"nft":74,"gas":0.000061,"bal":0.073598,"days":28,"spread":0.933333,"streak":18,"rank_m":3242,"pct_m":0.003446,"gas_method":"exact"},"2024-05":{"txs":91,"uniq":43,"trade":2,"nft":43,"gas":0.000051,"bal":0.043778,"days":27,"spread":0.870968,"streak":18,"rank_m":2925,"pct_m":0.003109,"gas_method":"exact"},"2024-06":{"txs":64,"uniq":24,"trade":1,"nft":24,"gas":0.000001,"bal":0.063777,"days":25,"spread":0.833333,"streak":11,"rank_m":6089,"pct_m":0.006473,"gas_method":"exact"},"2024-07":{"txs":30,"uniq":12,"trade":0,"nft":17,"gas":0.000009,"bal":0.010421,"days":11,"spread":0.354839,"streak":2,"rank_m":39934,"pct_m":0.042457,"gas_method":"exact"},"2024-08":{"txs":21,"uniq":9,"trade":0,"nft":9,"gas":0.000002,"bal":0.016618,"days":11,"spread":0.354839,"streak":3,"rank_m":64476,"pct_m":0.068551,"gas_method":"exact"},"2024-09":{"txs":4,"uniq":4,"trade":0,"nft":3,"gas":0,"bal":0.009532,"days":3,"spread":0.1,"streak":1,"rank_m":221951,"pct_m":0.235981,"gas_method":"estimated"},"2024-10":{"txs":51,"uniq":32,"trade":1,"nft":28,"gas":0.000002,"bal":0.008954,"days":5,"spread":0.16129,"streak":1,"rank_m":99900,"pct_m":0.106214,"gas_method":"estimated"},"2024-11":{"txs":9,"uniq":9,"trade":0,"nft":0,"gas":0.000021,"bal":0.00394,"days":4,"spread":0.133333,"streak":2,"rank_m":264593,"pct_m":0.281319,"gas_method":"exact"},"2024-12":{"txs":0,"uniq":0,"trade":0,"nft":0,"gas":0,"bal":0.00394,"days":0,"spread":0,"streak":0,"rank_m":641661,"pct_m":0.682224},"2025-01":{"txs":15,"uniq":5,"trade":0,"nft":1,"gas":0.000364,"bal":0.003162,"days":4,"spread":0.129032,"streak":1,"rank_m":271813,"pct_m":0.288995,"gas_method":"exact"},"2025-02":{"txs":8,"uniq":8,"trade":0,"nft":0,"gas":0.000056,"bal":0.005142,"days":2,"spread":0.071429,"streak":1,"rank_m":278534,"pct_m":0.296141,"gas_method":"exact"},"2025-03":{"txs":21,"uniq":11,"trade":0,"nft":1,"gas":0.000166,"bal":0.00293,"days":3,"spread":0.096774,"streak":1,"rank_m":186936,"pct_m":0.198753,"gas_method":"exact"},"2025-04":{"txs":17,"uniq":2,"trade":0,"nft":1,"gas":0.000103,"bal":0.002288,"days":3,"spread":0.1,"streak":3,"rank_m":204264,"pct_m":0.217176,"gas_method":"exact"},"2025-05":{"txs":61,"uniq":11,"trade":1,"nft":0,"gas":0.000429,"bal":0.002739,"days":12,"spread":0.387097,"streak":4,"rank_m":75871,"pct_m":0.080666,"gas_method":"estimated"},"2025-06":{"txs":121,"uniq":42,"trade":22,"nft":0,"gas":0.000852,"bal":0.005487,"days":15,"spread":0.5,"streak":5,"rank_m":30499,"pct_m":0.032426,"gas_method":"estimated"},"2025-07":{"txs":225,"uniq":78,"trade":60,"nft":19,"gas":0.001584,"bal":0.005846,"days":17,"spread":0.548387,"streak":6,"rank_m":23124,"pct_m":0.024585,"gas_method":"estimated"},"2025-08":{"txs":165,"uniq":54,"trade":144,"nft":4,"gas":0.001161,"bal":0.001395,"days":16,"spread":0.516129,"streak":6,"rank_m":64796,"pct_m":0.068891,"gas_method":"estimated"},"2025-09":{"txs":76,"uniq":20,"trade":0,"nft":1,"gas":0.000535,"bal":0.002768,"days":14,"spread":0.466667,"streak":8,"rank_m":76215,"pct_m":0.081032,"gas_method":"estimated"},"2025-10":{"txs":309,"uniq":118,"trade":6,"nft":25,"gas":0.002175,"bal":0.001192,"days":15,"spread":0.483871,"streak":13,"rank_m":62606,"pct_m":0.066563,"gas_method":"estimated"}}}