{"wallet":"0x607e064d6d9dc45d4109b835b915d9c75780103e","rank":471705,"lifetime":{"months_active":12,"first":"2023-07","last":"2025-10","tx_sum":149,"uniq_sum":82,"trade_sum":10,"nft_sum":20,"gas_sum":0.00314,"avg_balance_eth_mean":0.020231,"streak_best_days":3,"gas_sum_filled":0.00314},"months":{"2023-07":{"txs":0,"uniq":0,"trade":0,"nft":0,"gas":0,"bal":0,"days":0,"spread":0,"streak":0,"rank_m":605266,"pct_m":0.643529},"2023-08":{"txs":0,"uniq":0,"trade":0,"nft":0,"gas":0,"bal":0,"days":0,"spread":0,"streak":0,"rank_m":648649,"pct_m":0.689654},"2023-09":{"txs":0,"uniq":0,"trade":0,"nft":0,"gas":0,"bal":0,"days":0,"spread":0,"streak":0,"rank_m":660264,"pct_m":0.702003},"2023-10":{"txs":0,"uniq":0,"trade":0,"nft":0,"gas":0,"bal":0,"days":0,"spread":0,"streak":0,"rank_m":669655,"pct_m":0.711988},"2023-11":{"txs":0,"uniq":0,"trade":0,"nft":0,"gas":0,"bal":0,"days":0,"spread":0,"streak":0,"rank_m":677924,"pct_m":0.72078},"2023-12":{"txs":0,"uniq":0,"trade":0,"nft":0,"gas":0,"bal":0,"days":0,"spread":0,"streak":0,"rank_m":687916,"pct_m":0.731404},"2024-01":{"txs":5,"uniq":4,"trade":0,"nft":1,"gas":0.000367,"bal":0.00299,"days":1,"spread":0.032258,"streak":1,"rank_m":126496,"pct_m":0.134492,"gas_method":"estimated"},"2024-02":{"txs":5,"uniq":5,"trade":2,"nft":0,"gas":0.000205,"bal":0.014711,"days":2,"spread":0.068966,"streak":1,"rank_m":95844,"pct_m":0.101902,"gas_method":"exact"},"2024-03":{"txs":35,"uniq":18,"trade":2,"nft":4,"gas":0.002177,"bal":0.077989,"days":9,"spread":0.290323,"streak":3,"rank_m":31341,"pct_m":0.033321,"gas_method":"estimated"},"2024-04":{"txs":18,"uniq":12,"trade":0,"nft":5,"gas":0.000138,"bal":0.048348,"days":7,"spread":0.233333,"streak":1,"rank_m":162388,"pct_m":0.172653,"gas_method":"estimated"},"2024-05":{"txs":6,"uniq":2,"trade":0,"nft":0,"gas":0.000015,"bal":0.060236,"days":3,"spread":0.096774,"streak":1,"rank_m":298051,"pct_m":0.316892,"gas_method":"estimated"},"2024-06":{"txs":40,"uniq":20,"trade":6,"nft":7,"gas":0.000002,"bal":0.032825,"days":8,"spread":0.266667,"streak":2,"rank_m":25989,"pct_m":0.027631,"gas_method":"exact"},"2024-07":{"txs":19,"uniq":6,"trade":0,"nft":2,"gas":0.000007,"bal":0.051207,"days":4,"spread":0.129032,"streak":1,"rank_m":147404,"pct_m":0.156722,"gas_method":"estimated"},"2024-08":{"txs":0,"uniq":0,"trade":0,"nft":0,"gas":0,"bal":0.051207,"days":0,"spread":0,"streak":0,"rank_m":477743,"pct_m":0.507944},"2024-09":{"txs":5,"uniq":4,"trade":0,"nft":1,"gas":0.000001,"bal":0.05461,"days":1,"spread":0.033333,"streak":1,"rank_m":218537,"pct_m":0.232351,"gas_method":"estimated"},"2024-10":{"txs":4,"uniq":3,"trade":0,"nft":0,"gas":0.000001,"bal":0.008615,"days":1,"spread":0.032258,"streak":1,"rank_m":379318,"pct_m":0.403297,"gas_method":"estimated"},"2024-11":{"txs":0,"uniq":0,"trade":0,"nft":0,"gas":0,"bal":0.008615,"days":0,"spread":0,"streak":0,"rank_m":565416,"pct_m":0.601159},"2024-12":{"txs":7,"uniq":4,"trade":0,"nft":0,"gas":0.000154,"bal":0.005637,"days":1,"spread":0.032258,"streak":1,"rank_m":417903,"pct_m":0.444321,"gas_method":"exact"},"2025-01":{"txs":2,"uniq":2,"trade":0,"nft":0,"gas":0.000052,"bal":0.01756,"days":1,"spread":0.032258,"streak":1,"rank_m":438032,"pct_m":0.465722,"gas_method":"exact"},"2025-02":{"txs":0,"uniq":0,"trade":0,"nft":0,"gas":0,"bal":0.01756,"days":0,"spread":0,"streak":0,"rank_m":584539,"pct_m":0.621491},"2025-03":{"txs":0,"uniq":0,"trade":0,"nft":0,"gas":0,"bal":0.01756,"days":0,"spread":0,"streak":0,"rank_m":566532,"pct_m":0.602346},"2025-04":{"txs":0,"uniq":0,"trade":0,"nft":0,"gas":0,"bal":0.01756,"days":0,"spread":0,"streak":0,"rank_m":599425,"pct_m":0.637318},"2025-05":{"txs":0,"uniq":0,"trade":0,"nft":0,"gas":0,"bal":0.01756,"days":0,"spread":0,"streak":0,"rank_m":497168,"pct_m":0.528597},"2025-06":{"txs":0,"uniq":0,"trade":0,"nft":0,"gas":0,"bal":0.01756,"days":0,"spread":0,"streak":0,"rank_m":496344,"pct_m":0.527721},"2025-07":{"txs":0,"uniq":0,"trade":0,"nft":0,"gas":0,"bal":0.01756,"days":0,"spread":0,"streak":0,"rank_m":513976,"pct_m":0.546467},"2025-08":{"txs":0,"uniq":0,"trade":0,"nft":0,"gas":0,"bal":0.01756,"days":0,"spread":0,"streak":0,"rank_m":491016,"pct_m":0.522056},"2025-09":{"txs":3,"uniq":2,"trade":0,"nft":0,"gas":0.000021,"bal":0.004498,"days":2,"spread":0.066667,"streak":1,"rank_m":375246,"pct_m":0.398967,"gas_method":"estimated"},"2025-10":{"txs":0,"uniq":0,"trade":0,"nft":0,"gas":0,"bal":0.004498,"days":0,"spread":0,"streak":0,"rank_m":515794,"pct_m":0.5484}}}