{"wallet":"0x60a876cdab03ed2b629c9051041eb29280915f05","rank":560394,"lifetime":{"months_active":8,"first":"2023-07","last":"2025-10","tx_sum":168,"uniq_sum":52,"trade_sum":0,"nft_sum":18,"gas_sum":0.016682,"avg_balance_eth_mean":0.008822,"streak_best_days":4,"gas_sum_filled":0.016682},"months":{"2023-07":{"txs":69,"uniq":10,"trade":0,"nft":1,"gas":0.009202,"bal":0.001635,"days":2,"spread":0.064516,"streak":2,"rank_m":2344,"pct_m":0.002491,"gas_method":"exact"},"2023-08":{"txs":68,"uniq":33,"trade":0,"nft":12,"gas":0.006575,"bal":0.082887,"days":17,"spread":0.548387,"streak":4,"rank_m":8522,"pct_m":0.00906,"gas_method":"exact"},"2023-09":{"txs":2,"uniq":2,"trade":0,"nft":1,"gas":0.00007,"bal":0.076662,"days":2,"spread":0.066667,"streak":1,"rank_m":79982,"pct_m":0.085037,"gas_method":"exact"},"2023-10":{"txs":0,"uniq":0,"trade":0,"nft":0,"gas":0,"bal":0.076662,"days":0,"spread":0,"streak":0,"rank_m":227120,"pct_m":0.241477},"2023-11":{"txs":1,"uniq":1,"trade":0,"nft":1,"gas":0.000062,"bal":0.003522,"days":1,"spread":0.033333,"streak":1,"rank_m":116857,"pct_m":0.124243,"gas_method":"estimated"},"2023-12":{"txs":2,"uniq":2,"trade":0,"nft":2,"gas":0.000231,"bal":0.000454,"days":1,"spread":0.032258,"streak":1,"rank_m":160389,"pct_m":0.170527,"gas_method":"estimated"},"2024-01":{"txs":23,"uniq":1,"trade":0,"nft":0,"gas":0.000486,"bal":0.000513,"days":1,"spread":0.032258,"streak":1,"rank_m":126167,"pct_m":0.134142,"gas_method":"exact"},"2024-02":{"txs":0,"uniq":0,"trade":0,"nft":0,"gas":0,"bal":0.000513,"days":0,"spread":0,"streak":0,"rank_m":394802,"pct_m":0.419759},"2024-03":{"txs":0,"uniq":0,"trade":0,"nft":0,"gas":0,"bal":0.000513,"days":0,"spread":0,"streak":0,"rank_m":465748,"pct_m":0.495191},"2024-04":{"txs":0,"uniq":0,"trade":0,"nft":0,"gas":0,"bal":0.000513,"days":0,"spread":0,"streak":0,"rank_m":537254,"pct_m":0.571217},"2024-05":{"txs":1,"uniq":1,"trade":0,"nft":1,"gas":0.000004,"bal":0.00018,"days":1,"spread":0.032258,"streak":1,"rank_m":474804,"pct_m":0.504819,"gas_method":"estimated"},"2024-06":{"txs":0,"uniq":0,"trade":0,"nft":0,"gas":0,"bal":0.00018,"days":0,"spread":0,"streak":0,"rank_m":615985,"pct_m":0.654925},"2024-07":{"txs":0,"uniq":0,"trade":0,"nft":0,"gas":0,"bal":0.00018,"days":0,"spread":0,"streak":0,"rank_m":636198,"pct_m":0.676416},"2024-08":{"txs":0,"uniq":0,"trade":0,"nft":0,"gas":0,"bal":0.00018,"days":0,"spread":0,"streak":0,"rank_m":651584,"pct_m":0.692775},"2024-09":{"txs":0,"uniq":0,"trade":0,"nft":0,"gas":0,"bal":0.00018,"days":0,"spread":0,"streak":0,"rank_m":660922,"pct_m":0.702703},"2024-10":{"txs":0,"uniq":0,"trade":0,"nft":0,"gas":0,"bal":0.00018,"days":0,"spread":0,"streak":0,"rank_m":686196,"pct_m":0.729575},"2024-11":{"txs":0,"uniq":0,"trade":0,"nft":0,"gas":0,"bal":0.00018,"days":0,"spread":0,"streak":0,"rank_m":701102,"pct_m":0.745423},"2024-12":{"txs":0,"uniq":0,"trade":0,"nft":0,"gas":0,"bal":0.00018,"days":0,"spread":0,"streak":0,"rank_m":729344,"pct_m":0.775451},"2025-01":{"txs":2,"uniq":2,"trade":0,"nft":0,"gas":0.000052,"bal":0.00017,"days":1,"spread":0.032258,"streak":1,"rank_m":545058,"pct_m":0.579514,"gas_method":"exact"},"2025-02":{"txs":0,"uniq":0,"trade":0,"nft":0,"gas":0,"bal":0.00017,"days":0,"spread":0,"streak":0,"rank_m":761406,"pct_m":0.809539},"2025-03":{"txs":0,"uniq":0,"trade":0,"nft":0,"gas":0,"bal":0.00017,"days":0,"spread":0,"streak":0,"rank_m":771578,"pct_m":0.820354},"2025-04":{"txs":0,"uniq":0,"trade":0,"nft":0,"gas":0,"bal":0.00017,"days":0,"spread":0,"streak":0,"rank_m":791662,"pct_m":0.841708},"2025-05":{"txs":0,"uniq":0,"trade":0,"nft":0,"gas":0,"bal":0.00017,"days":0,"spread":0,"streak":0,"rank_m":804006,"pct_m":0.854832},"2025-06":{"txs":0,"uniq":0,"trade":0,"nft":0,"gas":0,"bal":0.00017,"days":0,"spread":0,"streak":0,"rank_m":816990,"pct_m":0.868637},"2025-07":{"txs":0,"uniq":0,"trade":0,"nft":0,"gas":0,"bal":0.00017,"days":0,"spread":0,"streak":0,"rank_m":834693,"pct_m":0.887459},"2025-08":{"txs":0,"uniq":0,"trade":0,"nft":0,"gas":0,"bal":0.00017,"days":0,"spread":0,"streak":0,"rank_m":824032,"pct_m":0.876124},"2025-09":{"txs":0,"uniq":0,"trade":0,"nft":0,"gas":0,"bal":0.00017,"days":0,"spread":0,"streak":0,"rank_m":818371,"pct_m":0.870106},"2025-10":{"txs":0,"uniq":0,"trade":0,"nft":0,"gas":0,"bal":0.00017,"days":0,"spread":0,"streak":0,"rank_m":783899,"pct_m":0.833454}}}