{"wallet":"0x60230386884e42e782e68eb9a44b18a0476b82ec","rank":112417,"lifetime":{"months_active":17,"first":"2023-07","last":"2025-10","tx_sum":690,"uniq_sum":174,"trade_sum":77,"nft_sum":11,"gas_sum":0.001711,"avg_balance_eth_mean":0.001398,"streak_best_days":17,"gas_sum_filled":0.001711},"months":{"2023-07":{"txs":0,"uniq":0,"trade":0,"nft":0,"gas":0,"bal":0,"days":0,"spread":0,"streak":0,"rank_m":606465,"pct_m":0.644803},"2023-08":{"txs":0,"uniq":0,"trade":0,"nft":0,"gas":0,"bal":0,"days":0,"spread":0,"streak":0,"rank_m":649708,"pct_m":0.69078},"2023-09":{"txs":0,"uniq":0,"trade":0,"nft":0,"gas":0,"bal":0,"days":0,"spread":0,"streak":0,"rank_m":661277,"pct_m":0.70308},"2023-10":{"txs":0,"uniq":0,"trade":0,"nft":0,"gas":0,"bal":0,"days":0,"spread":0,"streak":0,"rank_m":670636,"pct_m":0.713031},"2023-11":{"txs":0,"uniq":0,"trade":0,"nft":0,"gas":0,"bal":0,"days":0,"spread":0,"streak":0,"rank_m":678874,"pct_m":0.72179},"2023-12":{"txs":0,"uniq":0,"trade":0,"nft":0,"gas":0,"bal":0,"days":0,"spread":0,"streak":0,"rank_m":688830,"pct_m":0.732375},"2024-01":{"txs":1,"uniq":0,"trade":0,"nft":0,"gas":0.000005,"bal":0.006705,"days":1,"spread":0.032258,"streak":1,"rank_m":167335,"pct_m":0.177912,"gas_method":"estimated"},"2024-02":{"txs":0,"uniq":0,"trade":0,"nft":0,"gas":0,"bal":0.006705,"days":0,"spread":0,"streak":0,"rank_m":317490,"pct_m":0.33756},"2024-03":{"txs":54,"uniq":15,"trade":40,"nft":4,"gas":0.000216,"bal":0.008977,"days":3,"spread":0.096774,"streak":2,"rank_m":77965,"pct_m":0.082893,"gas_method":"estimated"},"2024-04":{"txs":167,"uniq":22,"trade":25,"nft":3,"gas":0.000082,"bal":0.000899,"days":20,"spread":0.666667,"streak":5,"rank_m":96675,"pct_m":0.102786,"gas_method":"estimated"},"2024-05":{"txs":44,"uniq":16,"trade":3,"nft":3,"gas":0.00004,"bal":0.000363,"days":7,"spread":0.225806,"streak":2,"rank_m":125894,"pct_m":0.133852,"gas_method":"exact"},"2024-06":{"txs":0,"uniq":0,"trade":0,"nft":0,"gas":0,"bal":0.000363,"days":0,"spread":0,"streak":0,"rank_m":599586,"pct_m":0.637489},"2024-07":{"txs":30,"uniq":14,"trade":0,"nft":0,"gas":0.000003,"bal":0.000169,"days":4,"spread":0.129032,"streak":2,"rank_m":205971,"pct_m":0.218991,"gas_method":"exact"},"2024-08":{"txs":3,"uniq":3,"trade":0,"nft":0,"gas":0,"bal":0.000124,"days":1,"spread":0.032258,"streak":1,"rank_m":513157,"pct_m":0.545597,"gas_method":"estimated"},"2024-09":{"txs":3,"uniq":3,"trade":0,"nft":0,"gas":0,"bal":0.000123,"days":1,"spread":0.033333,"streak":1,"rank_m":481862,"pct_m":0.512323,"gas_method":"estimated"},"2024-10":{"txs":12,"uniq":10,"trade":0,"nft":0,"gas":0,"bal":0.00011,"days":3,"spread":0.096774,"streak":1,"rank_m":450126,"pct_m":0.478581,"gas_method":"estimated"},"2024-11":{"txs":40,"uniq":22,"trade":5,"nft":0,"gas":0.000087,"bal":0.00068,"days":6,"spread":0.2,"streak":2,"rank_m":142404,"pct_m":0.151405,"gas_method":"exact"},"2024-12":{"txs":21,"uniq":9,"trade":4,"nft":0,"gas":0.000463,"bal":0.001467,"days":3,"spread":0.096774,"streak":1,"rank_m":272721,"pct_m":0.289961,"gas_method":"exact"},"2025-01":{"txs":0,"uniq":0,"trade":0,"nft":0,"gas":0,"bal":0.001467,"days":0,"spread":0,"streak":0,"rank_m":657770,"pct_m":0.699352},"2025-02":{"txs":0,"uniq":0,"trade":0,"nft":0,"gas":0,"bal":0.001467,"days":0,"spread":0,"streak":0,"rank_m":674489,"pct_m":0.717128},"2025-03":{"txs":52,"uniq":13,"trade":0,"nft":0,"gas":0.000411,"bal":0.001436,"days":7,"spread":0.225806,"streak":3,"rank_m":113135,"pct_m":0.120286,"gas_method":"exact"},"2025-04":{"txs":208,"uniq":22,"trade":0,"nft":0,"gas":0.000017,"bal":0.001249,"days":18,"spread":0.6,"streak":14,"rank_m":120734,"pct_m":0.128365,"gas_method":"exact"},"2025-05":{"txs":17,"uniq":4,"trade":0,"nft":0,"gas":0.00012,"bal":0.001171,"days":5,"spread":0.16129,"streak":2,"rank_m":298329,"pct_m":0.317188,"gas_method":"estimated"},"2025-06":{"txs":14,"uniq":5,"trade":0,"nft":0,"gas":0.000099,"bal":0.00116,"days":3,"spread":0.1,"streak":1,"rank_m":424873,"pct_m":0.451732,"gas_method":"estimated"},"2025-07":{"txs":8,"uniq":3,"trade":0,"nft":0,"gas":0.000056,"bal":0.001145,"days":2,"spread":0.064516,"streak":1,"rank_m":473659,"pct_m":0.503602,"gas_method":"estimated"},"2025-08":{"txs":11,"uniq":8,"trade":0,"nft":1,"gas":0.000077,"bal":0.001127,"days":3,"spread":0.096774,"streak":1,"rank_m":320305,"pct_m":0.340553,"gas_method":"estimated"},"2025-09":{"txs":5,"uniq":5,"trade":0,"nft":0,"gas":0.000035,"bal":0.001121,"days":1,"spread":0.033333,"streak":1,"rank_m":448797,"pct_m":0.477168,"gas_method":"estimated"},"2025-10":{"txs":0,"uniq":0,"trade":0,"nft":0,"gas":0,"bal":0.001121,"days":0,"spread":0,"streak":0,"rank_m":624354,"pct_m":0.663823}}}