{"wallet":"0x6638d34d6d4b11a4753c66fede03bc766842d0ce","rank":282144,"lifetime":{"months_active":19,"first":"2023-07","last":"2025-10","tx_sum":164,"uniq_sum":94,"trade_sum":5,"nft_sum":40,"gas_sum":0.002186,"avg_balance_eth_mean":0.007893,"streak_best_days":6,"gas_sum_filled":0.002186},"months":{"2023-07":{"txs":0,"uniq":0,"trade":0,"nft":0,"gas":0,"bal":0,"days":0,"spread":0,"streak":0,"rank_m":585589,"pct_m":0.622608},"2023-08":{"txs":13,"uniq":7,"trade":0,"nft":6,"gas":0.000384,"bal":0.007114,"days":7,"spread":0.225806,"streak":2,"rank_m":66772,"pct_m":0.070992,"gas_method":"exact"},"2023-09":{"txs":26,"uniq":15,"trade":1,"nft":9,"gas":0.000348,"bal":0.008415,"days":15,"spread":0.5,"streak":6,"rank_m":12306,"pct_m":0.013083,"gas_method":"exact"},"2023-10":{"txs":15,"uniq":10,"trade":4,"nft":7,"gas":0.000017,"bal":0.007857,"days":9,"spread":0.290323,"streak":3,"rank_m":17669,"pct_m":0.018785,"gas_method":"exact"},"2023-11":{"txs":0,"uniq":0,"trade":0,"nft":0,"gas":0,"bal":0.007857,"days":0,"spread":0,"streak":0,"rank_m":241091,"pct_m":0.256331},"2023-12":{"txs":0,"uniq":0,"trade":0,"nft":0,"gas":0,"bal":0.007857,"days":0,"spread":0,"streak":0,"rank_m":256542,"pct_m":0.272759},"2024-01":{"txs":1,"uniq":1,"trade":0,"nft":0,"gas":0.000041,"bal":0.007417,"days":1,"spread":0.032258,"streak":1,"rank_m":157987,"pct_m":0.167974,"gas_method":"estimated"},"2024-02":{"txs":4,"uniq":3,"trade":0,"nft":2,"gas":0.000698,"bal":0.006074,"days":4,"spread":0.137931,"streak":2,"rank_m":99719,"pct_m":0.106022,"gas_method":"exact"},"2024-03":{"txs":5,"uniq":5,"trade":0,"nft":3,"gas":0.000174,"bal":0.004199,"days":2,"spread":0.064516,"streak":1,"rank_m":238583,"pct_m":0.253665,"gas_method":"estimated"},"2024-04":{"txs":17,"uniq":5,"trade":0,"nft":2,"gas":0.000073,"bal":0.003655,"days":9,"spread":0.3,"streak":2,"rank_m":256424,"pct_m":0.272634,"gas_method":"estimated"},"2024-05":{"txs":3,"uniq":2,"trade":0,"nft":1,"gas":0.000004,"bal":0.010168,"days":3,"spread":0.096774,"streak":1,"rank_m":339607,"pct_m":0.361075,"gas_method":"estimated"},"2024-06":{"txs":0,"uniq":0,"trade":0,"nft":0,"gas":0,"bal":0.010168,"days":0,"spread":0,"streak":0,"rank_m":503031,"pct_m":0.53483},"2024-07":{"txs":15,"uniq":9,"trade":0,"nft":0,"gas":0.000003,"bal":0.006854,"days":2,"spread":0.064516,"streak":1,"rank_m":276298,"pct_m":0.293764,"gas_method":"estimated"},"2024-08":{"txs":7,"uniq":7,"trade":0,"nft":9,"gas":0.000001,"bal":0.002253,"days":5,"spread":0.16129,"streak":5,"rank_m":234037,"pct_m":0.248831,"gas_method":"estimated"},"2024-09":{"txs":0,"uniq":0,"trade":0,"nft":0,"gas":0,"bal":0.002253,"days":0,"spread":0,"streak":0,"rank_m":551058,"pct_m":0.585894},"2024-10":{"txs":4,"uniq":3,"trade":0,"nft":0,"gas":0,"bal":0.001084,"days":2,"spread":0.064516,"streak":2,"rank_m":428932,"pct_m":0.456047,"gas_method":"estimated"},"2024-11":{"txs":0,"uniq":0,"trade":0,"nft":0,"gas":0,"bal":0.001084,"days":0,"spread":0,"streak":0,"rank_m":629959,"pct_m":0.669783},"2024-12":{"txs":0,"uniq":0,"trade":0,"nft":0,"gas":0,"bal":0.001084,"days":0,"spread":0,"streak":0,"rank_m":672488,"pct_m":0.715},"2025-01":{"txs":4,"uniq":3,"trade":0,"nft":0,"gas":0.000104,"bal":0.008568,"days":1,"spread":0.032258,"streak":1,"rank_m":417499,"pct_m":0.443891,"gas_method":"exact"},"2025-02":{"txs":1,"uniq":1,"trade":0,"nft":0,"gas":0.000007,"bal":0.004586,"days":1,"spread":0.035714,"streak":1,"rank_m":471430,"pct_m":0.501232,"gas_method":"exact"},"2025-03":{"txs":0,"uniq":0,"trade":0,"nft":1,"gas":0,"bal":0.004586,"days":0,"spread":0,"streak":0,"rank_m":532442,"pct_m":0.566101},"2025-04":{"txs":12,"uniq":5,"trade":0,"nft":0,"gas":0.000072,"bal":0.002755,"days":4,"spread":0.133333,"streak":2,"rank_m":209438,"pct_m":0.222677,"gas_method":"exact"},"2025-05":{"txs":2,"uniq":1,"trade":0,"nft":0,"gas":0.000014,"bal":0.00509,"days":2,"spread":0.064516,"streak":1,"rank_m":360915,"pct_m":0.38373,"gas_method":"estimated"},"2025-06":{"txs":0,"uniq":0,"trade":0,"nft":0,"gas":0,"bal":0.00509,"days":0,"spread":0,"streak":0,"rank_m":594606,"pct_m":0.632195},"2025-07":{"txs":22,"uniq":9,"trade":0,"nft":0,"gas":0.000155,"bal":0.017645,"days":7,"spread":0.225806,"streak":1,"rank_m":152458,"pct_m":0.162095,"gas_method":"estimated"},"2025-08":{"txs":6,"uniq":4,"trade":0,"nft":0,"gas":0.000042,"bal":0.021619,"days":4,"spread":0.129032,"streak":2,"rank_m":180882,"pct_m":0.192316,"gas_method":"estimated"},"2025-09":{"txs":4,"uniq":2,"trade":0,"nft":0,"gas":0.000028,"bal":0.027919,"days":3,"spread":0.1,"streak":1,"rank_m":238071,"pct_m":0.25312,"gas_method":"estimated"},"2025-10":{"txs":3,"uniq":2,"trade":0,"nft":0,"gas":0.000021,"bal":0.027759,"days":2,"spread":0.064516,"streak":2,"rank_m":112983,"pct_m":0.120124,"gas_method":"estimated"}}}