{"wallet":"0x66c80a6ce6498d66fa10ab42befebf5747f5f962","rank":91541,"lifetime":{"months_active":14,"first":"2023-07","last":"2025-10","tx_sum":558,"uniq_sum":129,"trade_sum":58,"nft_sum":2,"gas_sum":0.00408,"avg_balance_eth_mean":0.007995,"streak_best_days":10,"gas_sum_filled":0.00408},"months":{"2023-07":{"txs":0,"uniq":0,"trade":0,"nft":0,"gas":0,"bal":0,"days":0,"spread":0,"streak":0,"rank_m":583630,"pct_m":0.620525},"2023-08":{"txs":0,"uniq":0,"trade":0,"nft":0,"gas":0,"bal":0,"days":0,"spread":0,"streak":0,"rank_m":629789,"pct_m":0.669602},"2023-09":{"txs":0,"uniq":0,"trade":0,"nft":0,"gas":0,"bal":0,"days":0,"spread":0,"streak":0,"rank_m":642154,"pct_m":0.682749},"2023-10":{"txs":0,"uniq":0,"trade":0,"nft":0,"gas":0,"bal":0,"days":0,"spread":0,"streak":0,"rank_m":652126,"pct_m":0.693351},"2023-11":{"txs":0,"uniq":0,"trade":0,"nft":0,"gas":0,"bal":0,"days":0,"spread":0,"streak":0,"rank_m":660951,"pct_m":0.702734},"2023-12":{"txs":0,"uniq":0,"trade":0,"nft":0,"gas":0,"bal":0,"days":0,"spread":0,"streak":0,"rank_m":671628,"pct_m":0.714086},"2024-01":{"txs":0,"uniq":0,"trade":0,"nft":0,"gas":0,"bal":0,"days":0,"spread":0,"streak":0,"rank_m":681124,"pct_m":0.724182},"2024-02":{"txs":0,"uniq":0,"trade":0,"nft":0,"gas":0,"bal":0,"days":0,"spread":0,"streak":0,"rank_m":701586,"pct_m":0.745938},"2024-03":{"txs":24,"uniq":8,"trade":3,"nft":0,"gas":0.000493,"bal":0.000359,"days":7,"spread":0.225806,"streak":5,"rank_m":164604,"pct_m":0.175009,"gas_method":"estimated"},"2024-04":{"txs":12,"uniq":5,"trade":3,"nft":0,"gas":0.000095,"bal":0.002167,"days":5,"spread":0.166667,"streak":1,"rank_m":243824,"pct_m":0.259237,"gas_method":"exact"},"2024-05":{"txs":42,"uniq":9,"trade":3,"nft":0,"gas":0.000035,"bal":0.051903,"days":10,"spread":0.322581,"streak":4,"rank_m":47592,"pct_m":0.0506,"gas_method":"estimated"},"2024-06":{"txs":91,"uniq":19,"trade":3,"nft":0,"gas":0.000003,"bal":0.125347,"days":16,"spread":0.533333,"streak":6,"rank_m":11596,"pct_m":0.012328,"gas_method":"estimated"},"2024-07":{"txs":13,"uniq":8,"trade":1,"nft":0,"gas":0.000002,"bal":0.000906,"days":3,"spread":0.096774,"streak":2,"rank_m":249517,"pct_m":0.26529,"gas_method":"estimated"},"2024-08":{"txs":10,"uniq":3,"trade":0,"nft":0,"gas":0.000001,"bal":0.007523,"days":4,"spread":0.129032,"streak":2,"rank_m":283140,"pct_m":0.301038,"gas_method":"estimated"},"2024-09":{"txs":54,"uniq":12,"trade":7,"nft":0,"gas":0.000002,"bal":0.006606,"days":11,"spread":0.366667,"streak":4,"rank_m":41517,"pct_m":0.044141,"gas_method":"estimated"},"2024-10":{"txs":42,"uniq":12,"trade":8,"nft":2,"gas":0.000003,"bal":0.003029,"days":11,"spread":0.354839,"streak":3,"rank_m":98128,"pct_m":0.10433,"gas_method":"estimated"},"2024-11":{"txs":122,"uniq":18,"trade":12,"nft":0,"gas":0.000281,"bal":0.006578,"days":20,"spread":0.666667,"streak":6,"rank_m":24198,"pct_m":0.025727,"gas_method":"exact"},"2024-12":{"txs":110,"uniq":17,"trade":16,"nft":0,"gas":0.002425,"bal":0.003239,"days":18,"spread":0.580645,"streak":10,"rank_m":40608,"pct_m":0.043174,"gas_method":"exact"},"2025-01":{"txs":25,"uniq":7,"trade":1,"nft":0,"gas":0.000649,"bal":0.001056,"days":8,"spread":0.258065,"streak":3,"rank_m":175785,"pct_m":0.186897,"gas_method":"exact"},"2025-02":{"txs":6,"uniq":5,"trade":0,"nft":0,"gas":0.000042,"bal":0.001058,"days":1,"spread":0.035714,"streak":1,"rank_m":384847,"pct_m":0.409175,"gas_method":"exact"},"2025-03":{"txs":0,"uniq":0,"trade":0,"nft":0,"gas":0,"bal":0.001058,"days":0,"spread":0,"streak":0,"rank_m":686108,"pct_m":0.729481},"2025-04":{"txs":0,"uniq":0,"trade":0,"nft":0,"gas":0,"bal":0.001058,"days":0,"spread":0,"streak":0,"rank_m":708882,"pct_m":0.753695},"2025-05":{"txs":3,"uniq":2,"trade":1,"nft":0,"gas":0.000021,"bal":0.001661,"days":3,"spread":0.096774,"streak":2,"rank_m":285389,"pct_m":0.30343,"gas_method":"estimated"},"2025-06":{"txs":4,"uniq":4,"trade":0,"nft":0,"gas":0.000028,"bal":0.002064,"days":2,"spread":0.066667,"streak":1,"rank_m":427896,"pct_m":0.454946,"gas_method":"estimated"},"2025-07":{"txs":0,"uniq":0,"trade":0,"nft":0,"gas":0,"bal":0.002064,"days":0,"spread":0,"streak":0,"rank_m":679214,"pct_m":0.722151},"2025-08":{"txs":0,"uniq":0,"trade":0,"nft":0,"gas":0,"bal":0.002064,"days":0,"spread":0,"streak":0,"rank_m":660989,"pct_m":0.702774},"2025-09":{"txs":0,"uniq":0,"trade":0,"nft":0,"gas":0,"bal":0.002064,"days":0,"spread":0,"streak":0,"rank_m":645511,"pct_m":0.686318},"2025-10":{"txs":0,"uniq":0,"trade":0,"nft":0,"gas":0,"bal":0.002064,"days":0,"spread":0,"streak":0,"rank_m":576276,"pct_m":0.612706}}}