{"wallet":"0x66a1e70aa7421a5c9858d636c0885a60c6631606","rank":111472,"lifetime":{"months_active":18,"first":"2023-07","last":"2025-10","tx_sum":318,"uniq_sum":168,"trade_sum":1,"nft_sum":109,"gas_sum":0.005807,"avg_balance_eth_mean":0.042432,"streak_best_days":9,"gas_sum_filled":0.005807},"months":{"2023-07":{"txs":0,"uniq":0,"trade":0,"nft":0,"gas":0,"bal":0,"days":0,"spread":0,"streak":0,"rank_m":584115,"pct_m":0.62104},"2023-08":{"txs":54,"uniq":16,"trade":0,"nft":7,"gas":0.003644,"bal":0.010793,"days":9,"spread":0.290323,"streak":2,"rank_m":31102,"pct_m":0.033067,"gas_method":"exact"},"2023-09":{"txs":28,"uniq":5,"trade":0,"nft":1,"gas":0.0003,"bal":0.045903,"days":18,"spread":0.6,"streak":9,"rank_m":21713,"pct_m":0.023085,"gas_method":"exact"},"2023-10":{"txs":39,"uniq":18,"trade":0,"nft":15,"gas":0.000112,"bal":0.043136,"days":16,"spread":0.516129,"streak":4,"rank_m":3740,"pct_m":0.003975,"gas_method":"exact"},"2023-11":{"txs":22,"uniq":9,"trade":0,"nft":4,"gas":0.000154,"bal":0.047113,"days":10,"spread":0.333333,"streak":3,"rank_m":6937,"pct_m":0.007374,"gas_method":"exact"},"2023-12":{"txs":27,"uniq":12,"trade":0,"nft":6,"gas":0.000786,"bal":0.047057,"days":6,"spread":0.193548,"streak":2,"rank_m":11185,"pct_m":0.011891,"gas_method":"estimated"},"2024-01":{"txs":65,"uniq":62,"trade":0,"nft":61,"gas":0.00029,"bal":0.045829,"days":7,"spread":0.225806,"streak":1,"rank_m":11362,"pct_m":0.012079,"gas_method":"exact"},"2024-02":{"txs":7,"uniq":4,"trade":0,"nft":4,"gas":0.000107,"bal":0.042387,"days":5,"spread":0.172414,"streak":1,"rank_m":86505,"pct_m":0.091973,"gas_method":"estimated"},"2024-03":{"txs":13,"uniq":9,"trade":0,"nft":5,"gas":0.000142,"bal":0.042034,"days":6,"spread":0.193548,"streak":1,"rank_m":108492,"pct_m":0.11535,"gas_method":"exact"},"2024-04":{"txs":34,"uniq":9,"trade":0,"nft":2,"gas":0.000096,"bal":0.0521,"days":3,"spread":0.1,"streak":2,"rank_m":174297,"pct_m":0.185315,"gas_method":"estimated"},"2024-05":{"txs":4,"uniq":3,"trade":0,"nft":2,"gas":0.000004,"bal":0.110296,"days":2,"spread":0.064516,"streak":1,"rank_m":274175,"pct_m":0.291507,"gas_method":"estimated"},"2024-06":{"txs":6,"uniq":4,"trade":0,"nft":1,"gas":0,"bal":0.108125,"days":1,"spread":0.033333,"streak":1,"rank_m":264400,"pct_m":0.281114,"gas_method":"estimated"},"2024-07":{"txs":3,"uniq":3,"trade":0,"nft":0,"gas":0,"bal":0.038895,"days":2,"spread":0.064516,"streak":1,"rank_m":291525,"pct_m":0.309954,"gas_method":"estimated"},"2024-08":{"txs":0,"uniq":0,"trade":0,"nft":0,"gas":0,"bal":0.038895,"days":0,"spread":0,"streak":0,"rank_m":479156,"pct_m":0.509446},"2024-09":{"txs":2,"uniq":2,"trade":0,"nft":0,"gas":0,"bal":0.024967,"days":1,"spread":0.033333,"streak":1,"rank_m":295000,"pct_m":0.313648,"gas_method":"estimated"},"2024-10":{"txs":0,"uniq":0,"trade":0,"nft":0,"gas":0,"bal":0.024967,"days":0,"spread":0,"streak":0,"rank_m":497711,"pct_m":0.529174},"2024-11":{"txs":2,"uniq":2,"trade":0,"nft":1,"gas":0.000005,"bal":0.026075,"days":1,"spread":0.033333,"streak":1,"rank_m":355188,"pct_m":0.377641,"gas_method":"exact"},"2024-12":{"txs":5,"uniq":4,"trade":0,"nft":0,"gas":0.00011,"bal":0.029597,"days":1,"spread":0.032258,"streak":1,"rank_m":398184,"pct_m":0.423355,"gas_method":"exact"},"2025-01":{"txs":1,"uniq":1,"trade":0,"nft":0,"gas":0.000026,"bal":0.030543,"days":1,"spread":0.032258,"streak":1,"rank_m":456457,"pct_m":0.485312,"gas_method":"exact"},"2025-02":{"txs":0,"uniq":0,"trade":0,"nft":0,"gas":0,"bal":0.030543,"days":0,"spread":0,"streak":0,"rank_m":566137,"pct_m":0.601926},"2025-03":{"txs":0,"uniq":0,"trade":0,"nft":0,"gas":0,"bal":0.030543,"days":0,"spread":0,"streak":0,"rank_m":546260,"pct_m":0.580792},"2025-04":{"txs":5,"uniq":4,"trade":1,"nft":0,"gas":0.000024,"bal":0.036136,"days":1,"spread":0.033333,"streak":1,"rank_m":269615,"pct_m":0.286658,"gas_method":"exact"},"2025-05":{"txs":0,"uniq":0,"trade":0,"nft":0,"gas":0,"bal":0.036136,"days":0,"spread":0,"streak":0,"rank_m":450143,"pct_m":0.478599},"2025-06":{"txs":1,"uniq":1,"trade":0,"nft":0,"gas":0.000007,"bal":0.049207,"days":1,"spread":0.033333,"streak":1,"rank_m":268743,"pct_m":0.285731,"gas_method":"estimated"},"2025-07":{"txs":0,"uniq":0,"trade":0,"nft":0,"gas":0,"bal":0.049207,"days":0,"spread":0,"streak":0,"rank_m":455892,"pct_m":0.484711},"2025-08":{"txs":0,"uniq":0,"trade":0,"nft":0,"gas":0,"bal":0.049207,"days":0,"spread":0,"streak":0,"rank_m":432995,"pct_m":0.460367},"2025-09":{"txs":0,"uniq":0,"trade":0,"nft":0,"gas":0,"bal":0.049207,"days":0,"spread":0,"streak":0,"rank_m":429440,"pct_m":0.456587},"2025-10":{"txs":0,"uniq":0,"trade":0,"nft":0,"gas":0,"bal":0.049207,"days":0,"spread":0,"streak":0,"rank_m":335040,"pct_m":0.356219}}}