{"wallet":"0x66e562c8eb9032d5ba90dc629287978d9557135c","rank":383394,"lifetime":{"months_active":15,"first":"2023-07","last":"2025-10","tx_sum":144,"uniq_sum":70,"trade_sum":16,"nft_sum":30,"gas_sum":0.001354,"avg_balance_eth_mean":0.031835,"streak_best_days":3,"gas_sum_filled":0.001354},"months":{"2023-07":{"txs":0,"uniq":0,"trade":0,"nft":0,"gas":0,"bal":0,"days":0,"spread":0,"streak":0,"rank_m":583239,"pct_m":0.620109},"2023-08":{"txs":6,"uniq":5,"trade":0,"nft":3,"gas":0.000954,"bal":0.041741,"days":3,"spread":0.096774,"streak":1,"rank_m":84091,"pct_m":0.089406,"gas_method":"exact"},"2023-09":{"txs":0,"uniq":0,"trade":0,"nft":0,"gas":0,"bal":0.041741,"days":0,"spread":0,"streak":0,"rank_m":235810,"pct_m":0.250716},"2023-10":{"txs":0,"uniq":0,"trade":0,"nft":0,"gas":0,"bal":0.041741,"days":0,"spread":0,"streak":0,"rank_m":223554,"pct_m":0.237686},"2023-11":{"txs":0,"uniq":0,"trade":0,"nft":0,"gas":0,"bal":0.041741,"days":0,"spread":0,"streak":0,"rank_m":217967,"pct_m":0.231745},"2023-12":{"txs":0,"uniq":0,"trade":0,"nft":0,"gas":0,"bal":0.041741,"days":0,"spread":0,"streak":0,"rank_m":232776,"pct_m":0.247491},"2024-01":{"txs":13,"uniq":6,"trade":9,"nft":0,"gas":0.00019,"bal":0.032228,"days":8,"spread":0.258065,"streak":3,"rank_m":22226,"pct_m":0.02363,"gas_method":"estimated"},"2024-02":{"txs":10,"uniq":8,"trade":1,"nft":4,"gas":0.000089,"bal":0.099704,"days":7,"spread":0.241379,"streak":1,"rank_m":43077,"pct_m":0.045799,"gas_method":"exact"},"2024-03":{"txs":3,"uniq":3,"trade":0,"nft":2,"gas":0.000037,"bal":0.108765,"days":3,"spread":0.096774,"streak":1,"rank_m":193645,"pct_m":0.205886,"gas_method":"estimated"},"2024-04":{"txs":62,"uniq":24,"trade":0,"nft":17,"gas":0.000044,"bal":0.067739,"days":10,"spread":0.333333,"streak":2,"rank_m":54028,"pct_m":0.057442,"gas_method":"exact"},"2024-05":{"txs":17,"uniq":3,"trade":0,"nft":1,"gas":0.000009,"bal":0.050996,"days":3,"spread":0.096774,"streak":2,"rank_m":211545,"pct_m":0.224917,"gas_method":"estimated"},"2024-06":{"txs":13,"uniq":8,"trade":0,"nft":2,"gas":0,"bal":0.059669,"days":4,"spread":0.133333,"streak":1,"rank_m":158237,"pct_m":0.168239,"gas_method":"estimated"},"2024-07":{"txs":3,"uniq":2,"trade":0,"nft":0,"gas":0,"bal":0.028701,"days":2,"spread":0.064516,"streak":2,"rank_m":272557,"pct_m":0.289786,"gas_method":"estimated"},"2024-08":{"txs":4,"uniq":1,"trade":0,"nft":0,"gas":0,"bal":0.045819,"days":2,"spread":0.064516,"streak":1,"rank_m":314972,"pct_m":0.334883,"gas_method":"estimated"},"2024-09":{"txs":2,"uniq":2,"trade":1,"nft":1,"gas":0,"bal":0.052517,"days":2,"spread":0.066667,"streak":2,"rank_m":159645,"pct_m":0.169736,"gas_method":"estimated"},"2024-10":{"txs":2,"uniq":1,"trade":0,"nft":0,"gas":0,"bal":0.040684,"days":2,"spread":0.064516,"streak":1,"rank_m":337055,"pct_m":0.358362,"gas_method":"estimated"},"2024-11":{"txs":5,"uniq":4,"trade":5,"nft":0,"gas":0.000011,"bal":0.02588,"days":2,"spread":0.066667,"streak":1,"rank_m":261875,"pct_m":0.278429,"gas_method":"exact"},"2024-12":{"txs":0,"uniq":0,"trade":0,"nft":0,"gas":0,"bal":0.02588,"days":0,"spread":0,"streak":0,"rank_m":593001,"pct_m":0.630488},"2025-01":{"txs":0,"uniq":0,"trade":0,"nft":0,"gas":0,"bal":0.02588,"days":0,"spread":0,"streak":0,"rank_m":578144,"pct_m":0.614692},"2025-02":{"txs":2,"uniq":1,"trade":0,"nft":0,"gas":0.000007,"bal":0.005902,"days":1,"spread":0.035714,"streak":1,"rank_m":459038,"pct_m":0.488056,"gas_method":"exact"},"2025-03":{"txs":0,"uniq":0,"trade":0,"nft":0,"gas":0,"bal":0.005902,"days":0,"spread":0,"streak":0,"rank_m":607406,"pct_m":0.645804},"2025-04":{"txs":1,"uniq":1,"trade":0,"nft":0,"gas":0.000006,"bal":0.000915,"days":1,"spread":0.033333,"streak":1,"rank_m":520338,"pct_m":0.553232,"gas_method":"exact"},"2025-05":{"txs":0,"uniq":0,"trade":0,"nft":0,"gas":0,"bal":0.000915,"days":0,"spread":0,"streak":0,"rank_m":715830,"pct_m":0.761082},"2025-06":{"txs":0,"uniq":0,"trade":0,"nft":0,"gas":0,"bal":0.000915,"days":0,"spread":0,"streak":0,"rank_m":717222,"pct_m":0.762562},"2025-07":{"txs":1,"uniq":1,"trade":0,"nft":0,"gas":0.000007,"bal":0.000914,"days":1,"spread":0.032258,"streak":1,"rank_m":564471,"pct_m":0.600155,"gas_method":"estimated"},"2025-08":{"txs":0,"uniq":0,"trade":0,"nft":0,"gas":0,"bal":0.000914,"days":0,"spread":0,"streak":0,"rank_m":715682,"pct_m":0.760925},"2025-09":{"txs":0,"uniq":0,"trade":0,"nft":0,"gas":0,"bal":0.000914,"days":0,"spread":0,"streak":0,"rank_m":702332,"pct_m":0.746731},"2025-10":{"txs":0,"uniq":0,"trade":0,"nft":0,"gas":0,"bal":0.000914,"days":0,"spread":0,"streak":0,"rank_m":636560,"pct_m":0.676801}}}