{"wallet":"0x66bf9d252990fc55e35744670bebe2ecc72d874c","rank":41009,"lifetime":{"months_active":19,"first":"2023-07","last":"2025-10","tx_sum":858,"uniq_sum":275,"trade_sum":16,"nft_sum":167,"gas_sum":0.012369,"avg_balance_eth_mean":0.002826,"streak_best_days":120,"gas_sum_filled":0.012369},"months":{"2023-07":{"txs":0,"uniq":0,"trade":0,"nft":0,"gas":0,"bal":0,"days":0,"spread":0,"streak":0,"rank_m":583750,"pct_m":0.620652},"2023-08":{"txs":0,"uniq":0,"trade":0,"nft":0,"gas":0,"bal":0,"days":0,"spread":0,"streak":0,"rank_m":629900,"pct_m":0.66972},"2023-09":{"txs":0,"uniq":0,"trade":0,"nft":0,"gas":0,"bal":0,"days":0,"spread":0,"streak":0,"rank_m":642262,"pct_m":0.682863},"2023-10":{"txs":0,"uniq":0,"trade":0,"nft":0,"gas":0,"bal":0,"days":0,"spread":0,"streak":0,"rank_m":652230,"pct_m":0.693462},"2023-11":{"txs":0,"uniq":0,"trade":0,"nft":0,"gas":0,"bal":0,"days":0,"spread":0,"streak":0,"rank_m":661051,"pct_m":0.70284},"2023-12":{"txs":0,"uniq":0,"trade":0,"nft":0,"gas":0,"bal":0,"days":0,"spread":0,"streak":0,"rank_m":671723,"pct_m":0.714187},"2024-01":{"txs":0,"uniq":0,"trade":0,"nft":0,"gas":0,"bal":0,"days":0,"spread":0,"streak":0,"rank_m":681217,"pct_m":0.724281},"2024-02":{"txs":99,"uniq":43,"trade":4,"nft":29,"gas":0.000306,"bal":0.030984,"days":11,"spread":0.37931,"streak":3,"rank_m":7022,"pct_m":0.007465,"gas_method":"estimated"},"2024-03":{"txs":158,"uniq":56,"trade":0,"nft":38,"gas":0.010831,"bal":0.018737,"days":28,"spread":0.903226,"streak":13,"rank_m":4443,"pct_m":0.004723,"gas_method":"exact"},"2024-04":{"txs":237,"uniq":54,"trade":4,"nft":29,"gas":0.000303,"bal":0.007414,"days":30,"spread":1,"streak":30,"rank_m":8654,"pct_m":0.0092,"gas_method":"exact"},"2024-05":{"txs":140,"uniq":36,"trade":4,"nft":25,"gas":0.00005,"bal":0.003089,"days":31,"spread":1,"streak":31,"rank_m":17884,"pct_m":0.019014,"gas_method":"exact"},"2024-06":{"txs":79,"uniq":24,"trade":0,"nft":21,"gas":0.000001,"bal":0.001566,"days":30,"spread":1,"streak":30,"rank_m":38406,"pct_m":0.040833,"gas_method":"exact"},"2024-07":{"txs":54,"uniq":9,"trade":0,"nft":12,"gas":0.000001,"bal":0.000371,"days":28,"spread":0.903226,"streak":25,"rank_m":82573,"pct_m":0.087792,"gas_method":"exact"},"2024-08":{"txs":7,"uniq":2,"trade":0,"nft":5,"gas":0,"bal":0.000275,"days":6,"spread":0.193548,"streak":2,"rank_m":291668,"pct_m":0.310106,"gas_method":"exact"},"2024-09":{"txs":9,"uniq":8,"trade":4,"nft":2,"gas":0.000002,"bal":0.000546,"days":3,"spread":0.1,"streak":1,"rank_m":191240,"pct_m":0.203329,"gas_method":"exact"},"2024-10":{"txs":2,"uniq":1,"trade":0,"nft":0,"gas":0,"bal":0.001628,"days":1,"spread":0.032258,"streak":1,"rank_m":481881,"pct_m":0.512343,"gas_method":"estimated"},"2024-11":{"txs":2,"uniq":2,"trade":0,"nft":2,"gas":0.000005,"bal":0.001464,"days":2,"spread":0.066667,"streak":1,"rank_m":399961,"pct_m":0.425245,"gas_method":"exact"},"2024-12":{"txs":28,"uniq":17,"trade":0,"nft":1,"gas":0.000529,"bal":0.000952,"days":9,"spread":0.290323,"streak":1,"rank_m":220010,"pct_m":0.233918,"gas_method":"exact"},"2025-01":{"txs":2,"uniq":2,"trade":0,"nft":1,"gas":0.000052,"bal":0.000354,"days":2,"spread":0.064516,"streak":1,"rank_m":468974,"pct_m":0.49862,"gas_method":"exact"},"2025-02":{"txs":6,"uniq":5,"trade":0,"nft":1,"gas":0.000042,"bal":0.000532,"days":3,"spread":0.107143,"streak":1,"rank_m":332478,"pct_m":0.353495,"gas_method":"exact"},"2025-03":{"txs":1,"uniq":1,"trade":0,"nft":0,"gas":0.000008,"bal":0.001738,"days":1,"spread":0.032258,"streak":1,"rank_m":463083,"pct_m":0.492357,"gas_method":"exact"},"2025-04":{"txs":0,"uniq":0,"trade":0,"nft":0,"gas":0,"bal":0.001738,"days":0,"spread":0,"streak":0,"rank_m":686197,"pct_m":0.729576},"2025-05":{"txs":4,"uniq":3,"trade":0,"nft":0,"gas":0.000028,"bal":0.001717,"days":2,"spread":0.064516,"streak":1,"rank_m":396653,"pct_m":0.421727,"gas_method":"estimated"},"2025-06":{"txs":0,"uniq":0,"trade":0,"nft":0,"gas":0,"bal":0.001717,"days":0,"spread":0,"streak":0,"rank_m":672799,"pct_m":0.715331},"2025-07":{"txs":17,"uniq":2,"trade":0,"nft":1,"gas":0.00012,"bal":0.00167,"days":2,"spread":0.064516,"streak":1,"rank_m":369314,"pct_m":0.39266,"gas_method":"estimated"},"2025-08":{"txs":2,"uniq":1,"trade":0,"nft":0,"gas":0.000014,"bal":0.001605,"days":1,"spread":0.032258,"streak":1,"rank_m":491736,"pct_m":0.522821,"gas_method":"estimated"},"2025-09":{"txs":1,"uniq":1,"trade":0,"nft":0,"gas":0.000007,"bal":0.000784,"days":1,"spread":0.033333,"streak":1,"rank_m":535196,"pct_m":0.569029,"gas_method":"estimated"},"2025-10":{"txs":10,"uniq":8,"trade":0,"nft":0,"gas":0.00007,"bal":0.000233,"days":1,"spread":0.032258,"streak":1,"rank_m":391069,"pct_m":0.41579,"gas_method":"estimated"}}}