{"wallet":"0x667ea6b628e6a8bf4751461a104f7691c35988f9","rank":654415,"lifetime":{"months_active":17,"first":"2023-07","last":"2025-10","tx_sum":131,"uniq_sum":61,"trade_sum":3,"nft_sum":11,"gas_sum":0.001227,"avg_balance_eth_mean":0.004341,"streak_best_days":0,"gas_sum_filled":0.001227},"months":{"2023-07":{"txs":0,"uniq":0,"trade":0,"nft":0,"gas":0,"bal":0,"days":0,"spread":0,"streak":0,"rank_m":584646,"pct_m":0.621605},"2023-08":{"txs":1,"uniq":1,"trade":0,"nft":0,"gas":0.000092,"bal":0.000098,"days":1,"spread":0.032258,"streak":0,"rank_m":203372,"pct_m":0.216228,"gas_method":"exact"},"2023-09":{"txs":0,"uniq":0,"trade":0,"nft":0,"gas":0,"bal":0.000098,"days":0,"spread":0,"streak":0,"rank_m":301218,"pct_m":0.320259},"2023-10":{"txs":0,"uniq":0,"trade":0,"nft":0,"gas":0,"bal":0.000098,"days":0,"spread":0,"streak":0,"rank_m":318723,"pct_m":0.338871},"2023-11":{"txs":0,"uniq":0,"trade":0,"nft":0,"gas":0,"bal":0.000098,"days":0,"spread":0,"streak":0,"rank_m":332975,"pct_m":0.354024},"2023-12":{"txs":0,"uniq":0,"trade":0,"nft":0,"gas":0,"bal":0.000098,"days":0,"spread":0,"streak":0,"rank_m":355445,"pct_m":0.377914},"2024-01":{"txs":13,"uniq":3,"trade":0,"nft":3,"gas":0.000596,"bal":0.00095,"days":2,"spread":0.064516,"streak":0,"rank_m":180669,"pct_m":0.192089,"gas_method":"estimated"},"2024-02":{"txs":3,"uniq":2,"trade":0,"nft":0,"gas":0.000078,"bal":0.00275,"days":2,"spread":0.068966,"streak":0,"rank_m":263941,"pct_m":0.280626,"gas_method":"estimated"},"2024-03":{"txs":0,"uniq":0,"trade":0,"nft":0,"gas":0,"bal":0.00275,"days":0,"spread":0,"streak":0,"rank_m":405450,"pct_m":0.431081},"2024-04":{"txs":2,"uniq":1,"trade":0,"nft":0,"gas":0.00001,"bal":0.00634,"days":1,"spread":0.033333,"streak":0,"rank_m":436179,"pct_m":0.463752,"gas_method":"estimated"},"2024-05":{"txs":3,"uniq":2,"trade":0,"nft":0,"gas":0.000005,"bal":0.006953,"days":1,"spread":0.032258,"streak":0,"rank_m":444804,"pct_m":0.472922,"gas_method":"estimated"},"2024-06":{"txs":6,"uniq":4,"trade":0,"nft":2,"gas":0,"bal":0.005377,"days":3,"spread":0.1,"streak":0,"rank_m":370549,"pct_m":0.393973,"gas_method":"estimated"},"2024-07":{"txs":11,"uniq":10,"trade":0,"nft":3,"gas":0.000003,"bal":0.010786,"days":4,"spread":0.129032,"streak":0,"rank_m":241755,"pct_m":0.257037,"gas_method":"estimated"},"2024-08":{"txs":0,"uniq":0,"trade":0,"nft":0,"gas":0,"bal":0.010786,"days":0,"spread":0,"streak":0,"rank_m":514534,"pct_m":0.547061},"2024-09":{"txs":2,"uniq":2,"trade":0,"nft":2,"gas":0,"bal":0.01684,"days":2,"spread":0.066667,"streak":0,"rank_m":311969,"pct_m":0.33169,"gas_method":"estimated"},"2024-10":{"txs":38,"uniq":9,"trade":0,"nft":1,"gas":0.000005,"bal":0.022783,"days":5,"spread":0.16129,"streak":0,"rank_m":196960,"pct_m":0.20941,"gas_method":"estimated"},"2024-11":{"txs":19,"uniq":5,"trade":0,"nft":0,"gas":0.000039,"bal":0.002949,"days":4,"spread":0.133333,"streak":0,"rank_m":329203,"pct_m":0.350013,"gas_method":"exact"},"2024-12":{"txs":6,"uniq":6,"trade":0,"nft":0,"gas":0.000132,"bal":0.000635,"days":3,"spread":0.096774,"streak":0,"rank_m":480754,"pct_m":0.511145,"gas_method":"exact"},"2025-01":{"txs":4,"uniq":4,"trade":0,"nft":0,"gas":0.000104,"bal":0.000086,"days":1,"spread":0.032258,"streak":0,"rank_m":548977,"pct_m":0.583681,"gas_method":"exact"},"2025-02":{"txs":0,"uniq":0,"trade":0,"nft":0,"gas":0,"bal":0.000086,"days":0,"spread":0,"streak":0,"rank_m":777127,"pct_m":0.826254},"2025-03":{"txs":3,"uniq":2,"trade":1,"nft":0,"gas":0.000024,"bal":0.000491,"days":1,"spread":0.032258,"streak":0,"rank_m":460157,"pct_m":0.489246,"gas_method":"exact"},"2025-04":{"txs":1,"uniq":1,"trade":0,"nft":0,"gas":0.000006,"bal":0.000746,"days":1,"spread":0.033333,"streak":0,"rank_m":574168,"pct_m":0.610465,"gas_method":"exact"},"2025-05":{"txs":2,"uniq":1,"trade":1,"nft":0,"gas":0.000014,"bal":0.002892,"days":1,"spread":0.032258,"streak":0,"rank_m":433097,"pct_m":0.460475,"gas_method":"estimated"},"2025-06":{"txs":12,"uniq":3,"trade":1,"nft":0,"gas":0.000084,"bal":0.008301,"days":2,"spread":0.066667,"streak":0,"rank_m":303287,"pct_m":0.322459,"gas_method":"estimated"},"2025-07":{"txs":0,"uniq":0,"trade":0,"nft":0,"gas":0,"bal":0.008301,"days":0,"spread":0,"streak":0,"rank_m":573055,"pct_m":0.609281},"2025-08":{"txs":0,"uniq":0,"trade":0,"nft":0,"gas":0,"bal":0.008301,"days":0,"spread":0,"streak":0,"rank_m":551270,"pct_m":0.586119},"2025-09":{"txs":5,"uniq":5,"trade":0,"nft":0,"gas":0.000035,"bal":0.000975,"days":2,"spread":0.066667,"streak":0,"rank_m":495247,"pct_m":0.526554,"gas_method":"estimated"},"2025-10":{"txs":0,"uniq":0,"trade":0,"nft":0,"gas":0,"bal":0.000975,"days":0,"spread":0,"streak":0,"rank_m":630873,"pct_m":0.670754}}}