{"wallet":"0x666745d348f0b8fdb6ccf46d82dd54fb2e033333","rank":185468,"lifetime":{"months_active":17,"first":"2023-07","last":"2025-10","tx_sum":394,"uniq_sum":104,"trade_sum":2,"nft_sum":34,"gas_sum":0.001718,"avg_balance_eth_mean":0.002304,"streak_best_days":37,"gas_sum_filled":0.001718},"months":{"2023-07":{"txs":0,"uniq":0,"trade":0,"nft":0,"gas":0,"bal":0,"days":0,"spread":0,"streak":0,"rank_m":584968,"pct_m":0.621947},"2023-08":{"txs":2,"uniq":2,"trade":0,"nft":0,"gas":0.00033,"bal":0.00017,"days":1,"spread":0.032258,"streak":1,"rank_m":147721,"pct_m":0.157059,"gas_method":"exact"},"2023-09":{"txs":0,"uniq":0,"trade":0,"nft":0,"gas":0,"bal":0.00017,"days":0,"spread":0,"streak":0,"rank_m":297826,"pct_m":0.316653},"2023-10":{"txs":0,"uniq":0,"trade":0,"nft":0,"gas":0,"bal":0.00017,"days":0,"spread":0,"streak":0,"rank_m":314250,"pct_m":0.334115},"2023-11":{"txs":0,"uniq":0,"trade":0,"nft":0,"gas":0,"bal":0.00017,"days":0,"spread":0,"streak":0,"rank_m":327550,"pct_m":0.348256},"2023-12":{"txs":1,"uniq":1,"trade":0,"nft":1,"gas":0.000008,"bal":0.000843,"days":1,"spread":0.032258,"streak":1,"rank_m":168832,"pct_m":0.179504,"gas_method":"estimated"},"2024-01":{"txs":0,"uniq":0,"trade":0,"nft":0,"gas":0,"bal":0.000843,"days":0,"spread":0,"streak":0,"rank_m":327658,"pct_m":0.348371},"2024-02":{"txs":2,"uniq":1,"trade":0,"nft":2,"gas":0.000008,"bal":0.000976,"days":2,"spread":0.068966,"streak":1,"rank_m":223829,"pct_m":0.237978,"gas_method":"estimated"},"2024-03":{"txs":1,"uniq":0,"trade":0,"nft":0,"gas":0.000006,"bal":0.001681,"days":1,"spread":0.032258,"streak":1,"rank_m":347255,"pct_m":0.369207,"gas_method":"estimated"},"2024-04":{"txs":9,"uniq":2,"trade":0,"nft":3,"gas":0.000007,"bal":0.001557,"days":8,"spread":0.266667,"streak":7,"rank_m":293689,"pct_m":0.312254,"gas_method":"estimated"},"2024-05":{"txs":61,"uniq":21,"trade":0,"nft":8,"gas":0.000003,"bal":0.002697,"days":29,"spread":0.935484,"streak":16,"rank_m":49602,"pct_m":0.052737,"gas_method":"exact"},"2024-06":{"txs":62,"uniq":8,"trade":0,"nft":2,"gas":0,"bal":0.003362,"days":29,"spread":0.966667,"streak":24,"rank_m":73209,"pct_m":0.077836,"gas_method":"exact"},"2024-07":{"txs":61,"uniq":11,"trade":0,"nft":7,"gas":0.000001,"bal":0.00382,"days":30,"spread":0.967742,"streak":27,"rank_m":37271,"pct_m":0.039626,"gas_method":"exact"},"2024-08":{"txs":41,"uniq":9,"trade":0,"nft":5,"gas":0.000001,"bal":0.002557,"days":25,"spread":0.806452,"streak":16,"rank_m":73004,"pct_m":0.077618,"gas_method":"exact"},"2024-09":{"txs":41,"uniq":7,"trade":1,"nft":2,"gas":0,"bal":0.001311,"days":22,"spread":0.733333,"streak":7,"rank_m":58118,"pct_m":0.061791,"gas_method":"exact"},"2024-10":{"txs":20,"uniq":6,"trade":0,"nft":3,"gas":0,"bal":0.000445,"days":18,"spread":0.580645,"streak":6,"rank_m":236083,"pct_m":0.251007,"gas_method":"estimated"},"2024-11":{"txs":23,"uniq":2,"trade":0,"nft":1,"gas":0.000053,"bal":0.000272,"days":21,"spread":0.7,"streak":9,"rank_m":217635,"pct_m":0.231392,"gas_method":"exact"},"2024-12":{"txs":21,"uniq":4,"trade":0,"nft":0,"gas":0.000463,"bal":0.000338,"days":18,"spread":0.580645,"streak":8,"rank_m":258682,"pct_m":0.275034,"gas_method":"exact"},"2025-01":{"txs":28,"uniq":14,"trade":1,"nft":0,"gas":0.000701,"bal":0.003338,"days":13,"spread":0.419355,"streak":9,"rank_m":80283,"pct_m":0.085357,"gas_method":"exact"},"2025-02":{"txs":14,"uniq":10,"trade":0,"nft":0,"gas":0.000091,"bal":0.006152,"days":9,"spread":0.321429,"streak":5,"rank_m":114569,"pct_m":0.121811,"gas_method":"exact"},"2025-03":{"txs":5,"uniq":4,"trade":0,"nft":0,"gas":0.000032,"bal":0.004574,"days":2,"spread":0.064516,"streak":2,"rank_m":300643,"pct_m":0.319648,"gas_method":"exact"},"2025-04":{"txs":0,"uniq":0,"trade":0,"nft":0,"gas":0,"bal":0.004574,"days":0,"spread":0,"streak":0,"rank_m":648800,"pct_m":0.689815},"2025-05":{"txs":0,"uniq":0,"trade":0,"nft":0,"gas":0,"bal":0.004574,"days":0,"spread":0,"streak":0,"rank_m":602438,"pct_m":0.640522},"2025-06":{"txs":0,"uniq":0,"trade":0,"nft":0,"gas":0,"bal":0.004574,"days":0,"spread":0,"streak":0,"rank_m":603332,"pct_m":0.641472},"2025-07":{"txs":0,"uniq":0,"trade":0,"nft":0,"gas":0,"bal":0.004574,"days":0,"spread":0,"streak":0,"rank_m":621869,"pct_m":0.661181},"2025-08":{"txs":0,"uniq":0,"trade":0,"nft":0,"gas":0,"bal":0.004574,"days":0,"spread":0,"streak":0,"rank_m":604104,"pct_m":0.642293},"2025-09":{"txs":2,"uniq":2,"trade":0,"nft":0,"gas":0.000014,"bal":0.003097,"days":2,"spread":0.066667,"streak":1,"rank_m":405655,"pct_m":0.431299,"gas_method":"estimated"},"2025-10":{"txs":0,"uniq":0,"trade":0,"nft":0,"gas":0,"bal":0.003097,"days":0,"spread":0,"streak":0,"rank_m":546155,"pct_m":0.580681}}}