{"wallet":"0x6627f796f092b84b406981c1e4ce81f9a4fb43a5","rank":114425,"lifetime":{"months_active":23,"first":"2023-07","last":"2025-10","tx_sum":788,"uniq_sum":310,"trade_sum":7,"nft_sum":43,"gas_sum":0.011285,"avg_balance_eth_mean":0.0032,"streak_best_days":0,"gas_sum_filled":0.011285},"months":{"2023-07":{"txs":11,"uniq":5,"trade":0,"nft":0,"gas":0.002687,"bal":0.000351,"days":2,"spread":0.064516,"streak":0,"rank_m":73960,"pct_m":0.078635,"gas_method":"exact"},"2023-08":{"txs":24,"uniq":24,"trade":1,"nft":1,"gas":0.001704,"bal":0.000915,"days":4,"spread":0.129032,"streak":0,"rank_m":122482,"pct_m":0.130224,"gas_method":"exact"},"2023-09":{"txs":0,"uniq":0,"trade":0,"nft":0,"gas":0,"bal":0.000915,"days":0,"spread":0,"streak":0,"rank_m":279210,"pct_m":0.29686},"2023-10":{"txs":0,"uniq":0,"trade":0,"nft":0,"gas":0,"bal":0.000915,"days":0,"spread":0,"streak":0,"rank_m":287730,"pct_m":0.305919},"2023-11":{"txs":0,"uniq":0,"trade":0,"nft":0,"gas":0,"bal":0.000915,"days":0,"spread":0,"streak":0,"rank_m":296026,"pct_m":0.314739},"2023-12":{"txs":0,"uniq":0,"trade":0,"nft":0,"gas":0,"bal":0.000915,"days":0,"spread":0,"streak":0,"rank_m":315001,"pct_m":0.334914},"2024-01":{"txs":0,"uniq":0,"trade":0,"nft":0,"gas":0,"bal":0.000915,"days":0,"spread":0,"streak":0,"rank_m":325286,"pct_m":0.345849},"2024-02":{"txs":1,"uniq":1,"trade":0,"nft":0,"gas":0.000124,"bal":0.000122,"days":1,"spread":0.034483,"streak":0,"rank_m":283670,"pct_m":0.301602,"gas_method":"exact"},"2024-03":{"txs":50,"uniq":39,"trade":3,"nft":2,"gas":0.002197,"bal":0.000688,"days":7,"spread":0.225806,"streak":0,"rank_m":202790,"pct_m":0.215609,"gas_method":"estimated"},"2024-04":{"txs":74,"uniq":43,"trade":0,"nft":11,"gas":0.000401,"bal":0.008842,"days":17,"spread":0.566667,"streak":0,"rank_m":142883,"pct_m":0.151915,"gas_method":"estimated"},"2024-05":{"txs":52,"uniq":37,"trade":0,"nft":7,"gas":0.000093,"bal":0.054542,"days":14,"spread":0.451613,"streak":0,"rank_m":97839,"pct_m":0.104023,"gas_method":"estimated"},"2024-06":{"txs":1,"uniq":1,"trade":0,"nft":0,"gas":0,"bal":0.000008,"days":1,"spread":0.033333,"streak":0,"rank_m":543473,"pct_m":0.577829,"gas_method":"estimated"},"2024-07":{"txs":18,"uniq":4,"trade":0,"nft":2,"gas":0.000005,"bal":0.0073,"days":12,"spread":0.387097,"streak":0,"rank_m":242676,"pct_m":0.258016,"gas_method":"estimated"},"2024-08":{"txs":12,"uniq":8,"trade":0,"nft":4,"gas":0.000002,"bal":0.001481,"days":5,"spread":0.16129,"streak":0,"rank_m":354015,"pct_m":0.376394,"gas_method":"estimated"},"2024-09":{"txs":3,"uniq":3,"trade":0,"nft":5,"gas":0,"bal":0.000737,"days":3,"spread":0.1,"streak":0,"rank_m":395173,"pct_m":0.420154,"gas_method":"estimated"},"2024-10":{"txs":26,"uniq":10,"trade":0,"nft":7,"gas":0.000004,"bal":0.0005,"days":11,"spread":0.354839,"streak":0,"rank_m":314286,"pct_m":0.334153,"gas_method":"estimated"},"2024-11":{"txs":13,"uniq":8,"trade":0,"nft":2,"gas":0.000023,"bal":0.000442,"days":7,"spread":0.233333,"streak":0,"rank_m":331572,"pct_m":0.352532,"gas_method":"exact"},"2024-12":{"txs":26,"uniq":13,"trade":0,"nft":1,"gas":0.000441,"bal":0.00118,"days":10,"spread":0.322581,"streak":0,"rank_m":272968,"pct_m":0.290223,"gas_method":"exact"},"2025-01":{"txs":14,"uniq":4,"trade":0,"nft":0,"gas":0.00026,"bal":0.001339,"days":6,"spread":0.193548,"streak":0,"rank_m":375891,"pct_m":0.399653,"gas_method":"exact"},"2025-02":{"txs":32,"uniq":15,"trade":1,"nft":1,"gas":0.00019,"bal":0.000703,"days":7,"spread":0.25,"streak":0,"rank_m":209001,"pct_m":0.222213,"gas_method":"exact"},"2025-03":{"txs":255,"uniq":18,"trade":0,"nft":0,"gas":0.001991,"bal":0.000354,"days":21,"spread":0.677419,"streak":0,"rank_m":175948,"pct_m":0.18707,"gas_method":"exact"},"2025-04":{"txs":11,"uniq":6,"trade":0,"nft":0,"gas":0.000001,"bal":0.000533,"days":6,"spread":0.2,"streak":0,"rank_m":437551,"pct_m":0.465211,"gas_method":"exact"},"2025-05":{"txs":41,"uniq":17,"trade":0,"nft":0,"gas":0.000289,"bal":0.000837,"days":13,"spread":0.419355,"streak":0,"rank_m":317701,"pct_m":0.337784,"gas_method":"estimated"},"2025-06":{"txs":23,"uniq":12,"trade":0,"nft":0,"gas":0.000162,"bal":0.000632,"days":10,"spread":0.333333,"streak":0,"rank_m":437898,"pct_m":0.46558,"gas_method":"estimated"},"2025-07":{"txs":24,"uniq":15,"trade":2,"nft":0,"gas":0.000169,"bal":0.000263,"days":8,"spread":0.258065,"streak":0,"rank_m":364186,"pct_m":0.387208,"gas_method":"estimated"},"2025-08":{"txs":24,"uniq":10,"trade":0,"nft":0,"gas":0.000169,"bal":0.000432,"days":6,"spread":0.193548,"streak":0,"rank_m":453027,"pct_m":0.481665,"gas_method":"estimated"},"2025-09":{"txs":50,"uniq":14,"trade":0,"nft":0,"gas":0.000352,"bal":0.002598,"days":9,"spread":0.3,"streak":0,"rank_m":283708,"pct_m":0.301642,"gas_method":"estimated"},"2025-10":{"txs":3,"uniq":3,"trade":0,"nft":0,"gas":0.000021,"bal":0.000229,"days":1,"spread":0.032258,"streak":0,"rank_m":500100,"pct_m":0.531714,"gas_method":"estimated"}}}