{"wallet":"0x6665d422058313bca405fb653b75820186c43813","rank":734280,"lifetime":{"months_active":4,"first":"2023-07","last":"2025-10","tx_sum":129,"uniq_sum":37,"trade_sum":0,"nft_sum":0,"gas_sum":0.001283,"avg_balance_eth_mean":0.016823,"streak_best_days":12,"gas_sum_filled":0.001283},"months":{"2023-07":{"txs":0,"uniq":0,"trade":0,"nft":0,"gas":0,"bal":0,"days":0,"spread":0,"streak":0,"rank_m":585006,"pct_m":0.621988},"2023-08":{"txs":5,"uniq":2,"trade":0,"nft":0,"gas":0.000205,"bal":0.000718,"days":1,"spread":0.032258,"streak":1,"rank_m":140958,"pct_m":0.149868,"gas_method":"exact"},"2023-09":{"txs":0,"uniq":0,"trade":0,"nft":0,"gas":0,"bal":0.000718,"days":0,"spread":0,"streak":0,"rank_m":282710,"pct_m":0.300581},"2023-10":{"txs":0,"uniq":0,"trade":0,"nft":0,"gas":0,"bal":0.000718,"days":0,"spread":0,"streak":0,"rank_m":293009,"pct_m":0.311531},"2023-11":{"txs":0,"uniq":0,"trade":0,"nft":0,"gas":0,"bal":0.000718,"days":0,"spread":0,"streak":0,"rank_m":302445,"pct_m":0.321564},"2023-12":{"txs":0,"uniq":0,"trade":0,"nft":0,"gas":0,"bal":0.000718,"days":0,"spread":0,"streak":0,"rank_m":321764,"pct_m":0.342104},"2024-01":{"txs":0,"uniq":0,"trade":0,"nft":0,"gas":0,"bal":0.000718,"days":0,"spread":0,"streak":0,"rank_m":332891,"pct_m":0.353935},"2024-02":{"txs":0,"uniq":0,"trade":0,"nft":0,"gas":0,"bal":0.000718,"days":0,"spread":0,"streak":0,"rank_m":380815,"pct_m":0.404888},"2024-03":{"txs":0,"uniq":0,"trade":0,"nft":0,"gas":0,"bal":0.000718,"days":0,"spread":0,"streak":0,"rank_m":452229,"pct_m":0.480817},"2024-04":{"txs":0,"uniq":0,"trade":0,"nft":0,"gas":0,"bal":0.000718,"days":0,"spread":0,"streak":0,"rank_m":525269,"pct_m":0.558474},"2024-05":{"txs":0,"uniq":0,"trade":0,"nft":0,"gas":0,"bal":0.000718,"days":0,"spread":0,"streak":0,"rank_m":552674,"pct_m":0.587612},"2024-06":{"txs":0,"uniq":0,"trade":0,"nft":0,"gas":0,"bal":0.000718,"days":0,"spread":0,"streak":0,"rank_m":572160,"pct_m":0.60833},"2024-07":{"txs":0,"uniq":0,"trade":0,"nft":0,"gas":0,"bal":0.000718,"days":0,"spread":0,"streak":0,"rank_m":584221,"pct_m":0.621153},"2024-08":{"txs":0,"uniq":0,"trade":0,"nft":0,"gas":0,"bal":0.000718,"days":0,"spread":0,"streak":0,"rank_m":598417,"pct_m":0.636247},"2024-09":{"txs":0,"uniq":0,"trade":0,"nft":0,"gas":0,"bal":0.000718,"days":0,"spread":0,"streak":0,"rank_m":599086,"pct_m":0.636958},"2024-10":{"txs":0,"uniq":0,"trade":0,"nft":0,"gas":0,"bal":0.000718,"days":0,"spread":0,"streak":0,"rank_m":636078,"pct_m":0.676288},"2024-11":{"txs":0,"uniq":0,"trade":0,"nft":0,"gas":0,"bal":0.000718,"days":0,"spread":0,"streak":0,"rank_m":645492,"pct_m":0.686298},"2024-12":{"txs":49,"uniq":17,"trade":0,"nft":0,"gas":0.001036,"bal":0.009684,"days":12,"spread":0.387097,"streak":5,"rank_m":83787,"pct_m":0.089083,"gas_method":"exact"},"2025-01":{"txs":74,"uniq":17,"trade":0,"nft":0,"gas":0.000035,"bal":0.05155,"days":11,"spread":0.354839,"streak":7,"rank_m":121834,"pct_m":0.129535,"gas_method":"exact"},"2025-02":{"txs":0,"uniq":0,"trade":0,"nft":0,"gas":0,"bal":0.05155,"days":0,"spread":0,"streak":0,"rank_m":555214,"pct_m":0.590312},"2025-03":{"txs":0,"uniq":0,"trade":0,"nft":0,"gas":0,"bal":0.05155,"days":0,"spread":0,"streak":0,"rank_m":533257,"pct_m":0.566967},"2025-04":{"txs":0,"uniq":0,"trade":0,"nft":0,"gas":0,"bal":0.05155,"days":0,"spread":0,"streak":0,"rank_m":569235,"pct_m":0.60522},"2025-05":{"txs":0,"uniq":0,"trade":0,"nft":0,"gas":0,"bal":0.05155,"days":0,"spread":0,"streak":0,"rank_m":434393,"pct_m":0.461853},"2025-06":{"txs":0,"uniq":0,"trade":0,"nft":0,"gas":0,"bal":0.05155,"days":0,"spread":0,"streak":0,"rank_m":436367,"pct_m":0.463952},"2025-07":{"txs":1,"uniq":1,"trade":0,"nft":0,"gas":0.000007,"bal":0.035144,"days":1,"spread":0.032258,"streak":1,"rank_m":310696,"pct_m":0.330336,"gas_method":"estimated"},"2025-08":{"txs":0,"uniq":0,"trade":0,"nft":0,"gas":0,"bal":0.035144,"days":0,"spread":0,"streak":0,"rank_m":446434,"pct_m":0.474656},"2025-09":{"txs":0,"uniq":0,"trade":0,"nft":0,"gas":0,"bal":0.035144,"days":0,"spread":0,"streak":0,"rank_m":442720,"pct_m":0.470707},"2025-10":{"txs":0,"uniq":0,"trade":0,"nft":0,"gas":0,"bal":0.035144,"days":0,"spread":0,"streak":0,"rank_m":349691,"pct_m":0.371797}}}