{"wallet":"0x665bd7e5cef57cf535268adf3df53f20115a9daa","rank":103061,"lifetime":{"months_active":21,"first":"2023-07","last":"2025-10","tx_sum":572,"uniq_sum":124,"trade_sum":20,"nft_sum":16,"gas_sum":0.005113,"avg_balance_eth_mean":0.008618,"streak_best_days":7,"gas_sum_filled":0.005113},"months":{"2023-07":{"txs":0,"uniq":0,"trade":0,"nft":0,"gas":0,"bal":0,"days":0,"spread":0,"streak":0,"rank_m":585134,"pct_m":0.622124},"2023-08":{"txs":9,"uniq":8,"trade":0,"nft":6,"gas":0.000859,"bal":0.007977,"days":6,"spread":0.193548,"streak":2,"rank_m":65414,"pct_m":0.069548,"gas_method":"exact"},"2023-09":{"txs":3,"uniq":3,"trade":0,"nft":1,"gas":0.000069,"bal":0.010422,"days":2,"spread":0.066667,"streak":1,"rank_m":81541,"pct_m":0.086695,"gas_method":"exact"},"2023-10":{"txs":1,"uniq":1,"trade":0,"nft":1,"gas":0.000008,"bal":0.008614,"days":1,"spread":0.032258,"streak":1,"rank_m":105005,"pct_m":0.111642,"gas_method":"estimated"},"2023-11":{"txs":0,"uniq":0,"trade":0,"nft":0,"gas":0,"bal":0.008614,"days":0,"spread":0,"streak":0,"rank_m":238895,"pct_m":0.253996},"2023-12":{"txs":6,"uniq":4,"trade":0,"nft":2,"gas":0.000162,"bal":0.00328,"days":2,"spread":0.064516,"streak":1,"rank_m":91369,"pct_m":0.097144,"gas_method":"estimated"},"2024-01":{"txs":0,"uniq":0,"trade":0,"nft":0,"gas":0,"bal":0.00328,"days":0,"spread":0,"streak":0,"rank_m":287273,"pct_m":0.305433},"2024-02":{"txs":0,"uniq":0,"trade":0,"nft":0,"gas":0,"bal":0.00328,"days":0,"spread":0,"streak":0,"rank_m":332544,"pct_m":0.353566},"2024-03":{"txs":14,"uniq":8,"trade":0,"nft":2,"gas":0.000298,"bal":0.002773,"days":3,"spread":0.096774,"streak":2,"rank_m":192479,"pct_m":0.204646,"gas_method":"estimated"},"2024-04":{"txs":10,"uniq":8,"trade":0,"nft":4,"gas":0.000026,"bal":0.007427,"days":4,"spread":0.133333,"streak":2,"rank_m":247336,"pct_m":0.262971,"gas_method":"estimated"},"2024-05":{"txs":6,"uniq":5,"trade":0,"nft":0,"gas":0.000068,"bal":0.008678,"days":1,"spread":0.032258,"streak":1,"rank_m":309211,"pct_m":0.328758,"gas_method":"exact"},"2024-06":{"txs":3,"uniq":1,"trade":0,"nft":0,"gas":0,"bal":0.008417,"days":1,"spread":0.033333,"streak":1,"rank_m":400878,"pct_m":0.42622,"gas_method":"estimated"},"2024-07":{"txs":0,"uniq":0,"trade":0,"nft":0,"gas":0,"bal":0.008417,"days":0,"spread":0,"streak":0,"rank_m":515536,"pct_m":0.548126},"2024-08":{"txs":0,"uniq":0,"trade":0,"nft":0,"gas":0,"bal":0.008417,"days":0,"spread":0,"streak":0,"rank_m":525815,"pct_m":0.559055},"2024-09":{"txs":1,"uniq":1,"trade":0,"nft":0,"gas":0,"bal":0.005872,"days":1,"spread":0.033333,"streak":1,"rank_m":380951,"pct_m":0.405033,"gas_method":"estimated"},"2024-10":{"txs":2,"uniq":2,"trade":0,"nft":0,"gas":0,"bal":0.005871,"days":1,"spread":0.032258,"streak":1,"rank_m":418931,"pct_m":0.445414,"gas_method":"estimated"},"2024-11":{"txs":1,"uniq":1,"trade":0,"nft":0,"gas":0.000002,"bal":0.007661,"days":1,"spread":0.033333,"streak":1,"rank_m":448202,"pct_m":0.476535,"gas_method":"exact"},"2024-12":{"txs":2,"uniq":2,"trade":0,"nft":0,"gas":0.000044,"bal":0.006487,"days":2,"spread":0.064516,"streak":1,"rank_m":478058,"pct_m":0.508279,"gas_method":"exact"},"2025-01":{"txs":0,"uniq":0,"trade":0,"nft":0,"gas":0,"bal":0.006487,"days":0,"spread":0,"streak":0,"rank_m":612841,"pct_m":0.651582},"2025-02":{"txs":6,"uniq":2,"trade":0,"nft":0,"gas":0.000021,"bal":0.000116,"days":3,"spread":0.107143,"streak":1,"rank_m":455763,"pct_m":0.484574,"gas_method":"exact"},"2025-03":{"txs":2,"uniq":1,"trade":0,"nft":0,"gas":0.000008,"bal":0.000067,"days":1,"spread":0.032258,"streak":1,"rank_m":528390,"pct_m":0.561793,"gas_method":"exact"},"2025-04":{"txs":7,"uniq":5,"trade":2,"nft":0,"gas":0.000036,"bal":0.000005,"days":3,"spread":0.1,"streak":1,"rank_m":388037,"pct_m":0.412567,"gas_method":"exact"},"2025-05":{"txs":13,"uniq":7,"trade":4,"nft":0,"gas":0.000091,"bal":0.032227,"days":4,"spread":0.129032,"streak":1,"rank_m":72433,"pct_m":0.077011,"gas_method":"estimated"},"2025-06":{"txs":136,"uniq":21,"trade":8,"nft":0,"gas":0.000957,"bal":0.001294,"days":21,"spread":0.7,"streak":7,"rank_m":79889,"pct_m":0.084938,"gas_method":"estimated"},"2025-07":{"txs":125,"uniq":17,"trade":6,"nft":0,"gas":0.00088,"bal":0.00719,"days":16,"spread":0.516129,"streak":2,"rank_m":39013,"pct_m":0.041478,"gas_method":"estimated"},"2025-08":{"txs":68,"uniq":10,"trade":0,"nft":0,"gas":0.000479,"bal":0.013187,"days":14,"spread":0.451613,"streak":4,"rank_m":50385,"pct_m":0.053569,"gas_method":"estimated"},"2025-09":{"txs":105,"uniq":10,"trade":0,"nft":0,"gas":0.000739,"bal":0.019711,"days":16,"spread":0.533333,"streak":3,"rank_m":34220,"pct_m":0.036382,"gas_method":"estimated"},"2025-10":{"txs":52,"uniq":7,"trade":0,"nft":0,"gas":0.000366,"bal":0.045542,"days":9,"spread":0.290323,"streak":5,"rank_m":15364,"pct_m":0.016334,"gas_method":"estimated"}}}