{"wallet":"0x6658a12dee3f76dd67bf90554dab7f63e24d7110","rank":172715,"lifetime":{"months_active":17,"first":"2023-07","last":"2025-10","tx_sum":411,"uniq_sum":216,"trade_sum":1,"nft_sum":200,"gas_sum":0.001926,"avg_balance_eth_mean":0.000894,"streak_best_days":107,"gas_sum_filled":0.001926},"months":{"2023-07":{"txs":0,"uniq":0,"trade":0,"nft":0,"gas":0,"bal":0,"days":0,"spread":0,"streak":0,"rank_m":585176,"pct_m":0.622169},"2023-08":{"txs":7,"uniq":6,"trade":0,"nft":5,"gas":0.000421,"bal":0.001143,"days":6,"spread":0.193548,"streak":1,"rank_m":96059,"pct_m":0.102131,"gas_method":"exact"},"2023-09":{"txs":38,"uniq":30,"trade":0,"nft":30,"gas":0.000346,"bal":0.000732,"days":27,"spread":0.9,"streak":26,"rank_m":23095,"pct_m":0.024554,"gas_method":"exact"},"2023-10":{"txs":36,"uniq":32,"trade":0,"nft":33,"gas":0.000011,"bal":0.002144,"days":31,"spread":1,"streak":31,"rank_m":15931,"pct_m":0.016937,"gas_method":"exact"},"2023-11":{"txs":39,"uniq":18,"trade":0,"nft":31,"gas":0.000206,"bal":0.001669,"days":30,"spread":1,"streak":30,"rank_m":12649,"pct_m":0.013448,"gas_method":"exact"},"2023-12":{"txs":36,"uniq":19,"trade":0,"nft":20,"gas":0.000491,"bal":0.001356,"days":30,"spread":0.967742,"streak":20,"rank_m":13900,"pct_m":0.014778,"gas_method":"exact"},"2024-01":{"txs":21,"uniq":2,"trade":0,"nft":1,"gas":0.000157,"bal":0.000341,"days":19,"spread":0.612903,"streak":9,"rank_m":68104,"pct_m":0.072408,"gas_method":"exact"},"2024-02":{"txs":4,"uniq":3,"trade":0,"nft":3,"gas":0.000039,"bal":0.002166,"days":2,"spread":0.068966,"streak":1,"rank_m":178687,"pct_m":0.189982,"gas_method":"estimated"},"2024-03":{"txs":5,"uniq":3,"trade":0,"nft":2,"gas":0.000073,"bal":0.002493,"days":3,"spread":0.096774,"streak":1,"rank_m":258277,"pct_m":0.274604,"gas_method":"estimated"},"2024-04":{"txs":48,"uniq":21,"trade":0,"nft":17,"gas":0.000087,"bal":0.001656,"days":27,"spread":0.9,"streak":27,"rank_m":109229,"pct_m":0.116133,"gas_method":"estimated"},"2024-05":{"txs":72,"uniq":31,"trade":0,"nft":25,"gas":0.00001,"bal":0.000647,"days":31,"spread":1,"streak":31,"rank_m":54945,"pct_m":0.058417,"gas_method":"exact"},"2024-06":{"txs":63,"uniq":20,"trade":0,"nft":16,"gas":0.000001,"bal":0.00104,"days":30,"spread":1,"streak":30,"rank_m":50097,"pct_m":0.053263,"gas_method":"exact"},"2024-07":{"txs":24,"uniq":14,"trade":0,"nft":16,"gas":0.000001,"bal":0.001145,"days":17,"spread":0.548387,"streak":16,"rank_m":70111,"pct_m":0.074542,"gas_method":"exact"},"2024-08":{"txs":4,"uniq":4,"trade":0,"nft":1,"gas":0,"bal":0.000232,"days":2,"spread":0.064516,"streak":1,"rank_m":449762,"pct_m":0.478194,"gas_method":"estimated"},"2024-09":{"txs":0,"uniq":0,"trade":0,"nft":0,"gas":0,"bal":0.000232,"days":0,"spread":0,"streak":0,"rank_m":647740,"pct_m":0.688688},"2024-10":{"txs":0,"uniq":0,"trade":0,"nft":0,"gas":0,"bal":0.000232,"days":0,"spread":0,"streak":0,"rank_m":673584,"pct_m":0.716165},"2024-11":{"txs":3,"uniq":3,"trade":0,"nft":0,"gas":0.000007,"bal":0.000228,"days":2,"spread":0.066667,"streak":1,"rank_m":461266,"pct_m":0.490425,"gas_method":"exact"},"2024-12":{"txs":0,"uniq":0,"trade":0,"nft":0,"gas":0,"bal":0.000228,"days":0,"spread":0,"streak":0,"rank_m":717320,"pct_m":0.762666},"2025-01":{"txs":0,"uniq":0,"trade":0,"nft":0,"gas":0,"bal":0.000228,"days":0,"spread":0,"streak":0,"rank_m":719755,"pct_m":0.765255},"2025-02":{"txs":8,"uniq":7,"trade":1,"nft":0,"gas":0.000056,"bal":0.000478,"days":5,"spread":0.178571,"streak":1,"rank_m":274241,"pct_m":0.291577,"gas_method":"exact"},"2025-03":{"txs":0,"uniq":0,"trade":0,"nft":0,"gas":0,"bal":0.000478,"days":0,"spread":0,"streak":0,"rank_m":729942,"pct_m":0.776086},"2025-04":{"txs":1,"uniq":1,"trade":0,"nft":0,"gas":0.000006,"bal":0.000879,"days":1,"spread":0.033333,"streak":1,"rank_m":521625,"pct_m":0.5546,"gas_method":"exact"},"2025-05":{"txs":0,"uniq":0,"trade":0,"nft":0,"gas":0,"bal":0.000879,"days":0,"spread":0,"streak":0,"rank_m":719022,"pct_m":0.764476},"2025-06":{"txs":0,"uniq":0,"trade":0,"nft":0,"gas":0,"bal":0.000879,"days":0,"spread":0,"streak":0,"rank_m":719840,"pct_m":0.765346},"2025-07":{"txs":0,"uniq":0,"trade":0,"nft":0,"gas":0,"bal":0.000879,"days":0,"spread":0,"streak":0,"rank_m":739700,"pct_m":0.786461},"2025-08":{"txs":2,"uniq":2,"trade":0,"nft":0,"gas":0.000014,"bal":0.000878,"days":1,"spread":0.032258,"streak":1,"rank_m":519483,"pct_m":0.552323,"gas_method":"estimated"},"2025-09":{"txs":0,"uniq":0,"trade":0,"nft":0,"gas":0,"bal":0.000878,"days":0,"spread":0,"streak":0,"rank_m":705684,"pct_m":0.750295},"2025-10":{"txs":0,"uniq":0,"trade":0,"nft":0,"gas":0,"bal":0.000878,"days":0,"spread":0,"streak":0,"rank_m":639542,"pct_m":0.679971}}}