{"wallet":"0x667d7b03958543a03c4018310093722f33353fd8","rank":164715,"lifetime":{"months_active":15,"first":"2023-07","last":"2025-10","tx_sum":418,"uniq_sum":125,"trade_sum":15,"nft_sum":36,"gas_sum":0.006773,"avg_balance_eth_mean":0.002474,"streak_best_days":6,"gas_sum_filled":0.006773},"months":{"2023-07":{"txs":0,"uniq":0,"trade":0,"nft":0,"gas":0,"bal":0,"days":0,"spread":0,"streak":0,"rank_m":584668,"pct_m":0.621628},"2023-08":{"txs":0,"uniq":0,"trade":0,"nft":0,"gas":0,"bal":0,"days":0,"spread":0,"streak":0,"rank_m":630715,"pct_m":0.670586},"2023-09":{"txs":0,"uniq":0,"trade":0,"nft":0,"gas":0,"bal":0,"days":0,"spread":0,"streak":0,"rank_m":643043,"pct_m":0.683694},"2023-10":{"txs":0,"uniq":0,"trade":0,"nft":0,"gas":0,"bal":0,"days":0,"spread":0,"streak":0,"rank_m":652982,"pct_m":0.694261},"2023-11":{"txs":0,"uniq":0,"trade":0,"nft":0,"gas":0,"bal":0,"days":0,"spread":0,"streak":0,"rank_m":661765,"pct_m":0.703599},"2023-12":{"txs":5,"uniq":4,"trade":0,"nft":4,"gas":0.000289,"bal":0.000436,"days":2,"spread":0.064516,"streak":1,"rank_m":126510,"pct_m":0.134507,"gas_method":"estimated"},"2024-01":{"txs":148,"uniq":46,"trade":9,"nft":26,"gas":0.001848,"bal":0.002641,"days":21,"spread":0.677419,"streak":5,"rank_m":6706,"pct_m":0.007129,"gas_method":"exact"},"2024-02":{"txs":15,"uniq":10,"trade":1,"nft":3,"gas":0.00093,"bal":0.009026,"days":6,"spread":0.206897,"streak":3,"rank_m":27333,"pct_m":0.02906,"gas_method":"exact"},"2024-03":{"txs":2,"uniq":2,"trade":0,"nft":0,"gas":0.000165,"bal":0.002155,"days":2,"spread":0.064516,"streak":1,"rank_m":277387,"pct_m":0.294922,"gas_method":"exact"},"2024-04":{"txs":48,"uniq":9,"trade":0,"nft":0,"gas":0.00027,"bal":0.005457,"days":10,"spread":0.333333,"streak":4,"rank_m":194624,"pct_m":0.206927,"gas_method":"estimated"},"2024-05":{"txs":9,"uniq":2,"trade":0,"nft":0,"gas":0.000017,"bal":0.01632,"days":2,"spread":0.064516,"streak":1,"rank_m":324855,"pct_m":0.345391,"gas_method":"estimated"},"2024-06":{"txs":18,"uniq":4,"trade":0,"nft":2,"gas":0.000001,"bal":0.006805,"days":7,"spread":0.233333,"streak":1,"rank_m":219657,"pct_m":0.233542,"gas_method":"estimated"},"2024-07":{"txs":7,"uniq":2,"trade":0,"nft":1,"gas":0.000002,"bal":0.000521,"days":4,"spread":0.129032,"streak":3,"rank_m":362836,"pct_m":0.385773,"gas_method":"estimated"},"2024-08":{"txs":0,"uniq":0,"trade":0,"nft":0,"gas":0,"bal":0.000521,"days":0,"spread":0,"streak":0,"rank_m":610704,"pct_m":0.64931},"2024-09":{"txs":0,"uniq":0,"trade":0,"nft":0,"gas":0,"bal":0.000521,"days":0,"spread":0,"streak":0,"rank_m":609660,"pct_m":0.6482},"2024-10":{"txs":0,"uniq":0,"trade":0,"nft":0,"gas":0,"bal":0.000521,"days":0,"spread":0,"streak":0,"rank_m":645132,"pct_m":0.685915},"2024-11":{"txs":0,"uniq":0,"trade":0,"nft":0,"gas":0,"bal":0.000521,"days":0,"spread":0,"streak":0,"rank_m":656886,"pct_m":0.698412},"2024-12":{"txs":13,"uniq":4,"trade":0,"nft":0,"gas":0.000154,"bal":0.002206,"days":4,"spread":0.129032,"streak":1,"rank_m":378044,"pct_m":0.401942,"gas_method":"exact"},"2025-01":{"txs":129,"uniq":29,"trade":4,"nft":0,"gas":0.002935,"bal":0.000477,"days":13,"spread":0.419355,"streak":4,"rank_m":74773,"pct_m":0.079499,"gas_method":"exact"},"2025-02":{"txs":2,"uniq":1,"trade":0,"nft":0,"gas":0.000007,"bal":0.001045,"days":2,"spread":0.071429,"streak":1,"rank_m":484967,"pct_m":0.515625,"gas_method":"exact"},"2025-03":{"txs":0,"uniq":0,"trade":0,"nft":0,"gas":0,"bal":0.001045,"days":0,"spread":0,"streak":0,"rank_m":686742,"pct_m":0.730155},"2025-04":{"txs":0,"uniq":0,"trade":0,"nft":0,"gas":0,"bal":0.001045,"days":0,"spread":0,"streak":0,"rank_m":709478,"pct_m":0.754329},"2025-05":{"txs":3,"uniq":2,"trade":0,"nft":0,"gas":0.000021,"bal":0.009912,"days":3,"spread":0.096774,"streak":1,"rank_m":263801,"pct_m":0.280477,"gas_method":"estimated"},"2025-06":{"txs":1,"uniq":1,"trade":0,"nft":0,"gas":0.000007,"bal":0.007437,"days":1,"spread":0.033333,"streak":1,"rank_m":384661,"pct_m":0.408977,"gas_method":"estimated"},"2025-07":{"txs":14,"uniq":6,"trade":0,"nft":0,"gas":0.000099,"bal":0.00067,"days":1,"spread":0.032258,"streak":1,"rank_m":493975,"pct_m":0.525202,"gas_method":"estimated"},"2025-08":{"txs":4,"uniq":3,"trade":1,"nft":0,"gas":0.000028,"bal":0.000001,"days":1,"spread":0.032258,"streak":1,"rank_m":562654,"pct_m":0.598223,"gas_method":"estimated"},"2025-09":{"txs":0,"uniq":0,"trade":0,"nft":0,"gas":0,"bal":0.000001,"days":0,"spread":0,"streak":0,"rank_m":918325,"pct_m":0.976378},"2025-10":{"txs":0,"uniq":0,"trade":0,"nft":0,"gas":0,"bal":0.000001,"days":0,"spread":0,"streak":0,"rank_m":906668,"pct_m":0.963985}}}