{"wallet":"0x66717ce85efce25975449ee49b212937723ad351","rank":632202,"lifetime":{"months_active":13,"first":"2023-07","last":"2025-10","tx_sum":113,"uniq_sum":58,"trade_sum":16,"nft_sum":19,"gas_sum":0.00191,"avg_balance_eth_mean":0.003079,"streak_best_days":3,"gas_sum_filled":0.00191},"months":{"2023-07":{"txs":0,"uniq":0,"trade":0,"nft":0,"gas":0,"bal":0,"days":0,"spread":0,"streak":0,"rank_m":584819,"pct_m":0.621789},"2023-08":{"txs":0,"uniq":0,"trade":0,"nft":0,"gas":0,"bal":0,"days":0,"spread":0,"streak":0,"rank_m":630845,"pct_m":0.670725},"2023-09":{"txs":0,"uniq":0,"trade":0,"nft":0,"gas":0,"bal":0,"days":0,"spread":0,"streak":0,"rank_m":643169,"pct_m":0.683828},"2023-10":{"txs":0,"uniq":0,"trade":0,"nft":0,"gas":0,"bal":0,"days":0,"spread":0,"streak":0,"rank_m":653105,"pct_m":0.694392},"2023-11":{"txs":24,"uniq":9,"trade":0,"nft":1,"gas":0.000928,"bal":0.00191,"days":3,"spread":0.1,"streak":2,"rank_m":58008,"pct_m":0.061674,"gas_method":"estimated"},"2023-12":{"txs":0,"uniq":0,"trade":0,"nft":0,"gas":0,"bal":0.00191,"days":0,"spread":0,"streak":0,"rank_m":293244,"pct_m":0.311781},"2024-01":{"txs":3,"uniq":1,"trade":0,"nft":0,"gas":0.000098,"bal":0.00102,"days":1,"spread":0.032258,"streak":1,"rank_m":151375,"pct_m":0.160944,"gas_method":"exact"},"2024-02":{"txs":1,"uniq":1,"trade":0,"nft":1,"gas":0.000038,"bal":0.000964,"days":1,"spread":0.034483,"streak":1,"rank_m":247856,"pct_m":0.263524,"gas_method":"estimated"},"2024-03":{"txs":6,"uniq":2,"trade":0,"nft":2,"gas":0.000398,"bal":0.004137,"days":3,"spread":0.096774,"streak":2,"rank_m":194546,"pct_m":0.206844,"gas_method":"exact"},"2024-04":{"txs":21,"uniq":10,"trade":0,"nft":3,"gas":0.000148,"bal":0.00563,"days":1,"spread":0.033333,"streak":1,"rank_m":299252,"pct_m":0.318169,"gas_method":"estimated"},"2024-05":{"txs":0,"uniq":0,"trade":0,"nft":0,"gas":0,"bal":0.00563,"days":0,"spread":0,"streak":0,"rank_m":502354,"pct_m":0.534111},"2024-06":{"txs":0,"uniq":0,"trade":0,"nft":0,"gas":0,"bal":0.00563,"days":0,"spread":0,"streak":0,"rank_m":519411,"pct_m":0.552246},"2024-07":{"txs":0,"uniq":0,"trade":0,"nft":0,"gas":0,"bal":0.00563,"days":0,"spread":0,"streak":0,"rank_m":529193,"pct_m":0.562646},"2024-08":{"txs":10,"uniq":9,"trade":0,"nft":10,"gas":0.000003,"bal":0.005471,"days":3,"spread":0.096774,"streak":2,"rank_m":218490,"pct_m":0.232301,"gas_method":"estimated"},"2024-09":{"txs":3,"uniq":1,"trade":0,"nft":1,"gas":0.000001,"bal":0.005089,"days":2,"spread":0.066667,"streak":1,"rank_m":272976,"pct_m":0.290232,"gas_method":"exact"},"2024-10":{"txs":0,"uniq":0,"trade":0,"nft":0,"gas":0,"bal":0.005089,"days":0,"spread":0,"streak":0,"rank_m":566188,"pct_m":0.60198},"2024-11":{"txs":0,"uniq":0,"trade":0,"nft":0,"gas":0,"bal":0.005089,"days":0,"spread":0,"streak":0,"rank_m":579140,"pct_m":0.615751},"2024-12":{"txs":2,"uniq":2,"trade":0,"nft":0,"gas":0.000044,"bal":0.018322,"days":2,"spread":0.064516,"streak":1,"rank_m":448040,"pct_m":0.476363,"gas_method":"exact"},"2025-01":{"txs":1,"uniq":1,"trade":0,"nft":1,"gas":0.000026,"bal":0.000552,"days":1,"spread":0.032258,"streak":1,"rank_m":496955,"pct_m":0.52837,"gas_method":"exact"},"2025-02":{"txs":0,"uniq":0,"trade":0,"nft":0,"gas":0,"bal":0.000552,"days":0,"spread":0,"streak":0,"rank_m":713819,"pct_m":0.758944},"2025-03":{"txs":2,"uniq":2,"trade":2,"nft":0,"gas":0.000016,"bal":0.000493,"days":1,"spread":0.032258,"streak":1,"rank_m":414605,"pct_m":0.440814,"gas_method":"exact"},"2025-04":{"txs":29,"uniq":12,"trade":10,"nft":0,"gas":0.000133,"bal":0.001644,"days":5,"spread":0.166667,"streak":1,"rank_m":136183,"pct_m":0.144791,"gas_method":"exact"},"2025-05":{"txs":6,"uniq":4,"trade":4,"nft":0,"gas":0.000042,"bal":0.00238,"days":1,"spread":0.032258,"streak":1,"rank_m":288337,"pct_m":0.306564,"gas_method":"estimated"},"2025-06":{"txs":0,"uniq":0,"trade":0,"nft":0,"gas":0,"bal":0.00238,"days":0,"spread":0,"streak":0,"rank_m":651224,"pct_m":0.692392},"2025-07":{"txs":0,"uniq":0,"trade":0,"nft":0,"gas":0,"bal":0.00238,"days":0,"spread":0,"streak":0,"rank_m":670454,"pct_m":0.712838},"2025-08":{"txs":0,"uniq":0,"trade":0,"nft":0,"gas":0,"bal":0.00238,"days":0,"spread":0,"streak":0,"rank_m":651642,"pct_m":0.692836},"2025-09":{"txs":5,"uniq":4,"trade":0,"nft":0,"gas":0.000035,"bal":0.000957,"days":2,"spread":0.066667,"streak":1,"rank_m":445903,"pct_m":0.474091,"gas_method":"estimated"},"2025-10":{"txs":0,"uniq":0,"trade":0,"nft":0,"gas":0,"bal":0.000957,"days":0,"spread":0,"streak":0,"rank_m":633249,"pct_m":0.673281}}}