{"wallet":"0x66aa5a2c7de67bf40de6f29b7e14bda793d2dcbd","rank":664843,"lifetime":{"months_active":13,"first":"2023-07","last":"2025-10","tx_sum":134,"uniq_sum":43,"trade_sum":1,"nft_sum":8,"gas_sum":0.001738,"avg_balance_eth_mean":0.004874,"streak_best_days":3,"gas_sum_filled":0.001738},"months":{"2023-07":{"txs":0,"uniq":0,"trade":0,"nft":0,"gas":0,"bal":0,"days":0,"spread":0,"streak":0,"rank_m":584004,"pct_m":0.620922},"2023-08":{"txs":0,"uniq":0,"trade":0,"nft":0,"gas":0,"bal":0,"days":0,"spread":0,"streak":0,"rank_m":630123,"pct_m":0.669957},"2023-09":{"txs":1,"uniq":0,"trade":0,"nft":0,"gas":0.000011,"bal":0.000335,"days":1,"spread":0.033333,"streak":1,"rank_m":147791,"pct_m":0.157133,"gas_method":"estimated"},"2023-10":{"txs":0,"uniq":0,"trade":0,"nft":0,"gas":0,"bal":0.000335,"days":0,"spread":0,"streak":0,"rank_m":306145,"pct_m":0.325498},"2023-11":{"txs":0,"uniq":0,"trade":0,"nft":0,"gas":0,"bal":0.000335,"days":0,"spread":0,"streak":0,"rank_m":317740,"pct_m":0.337826},"2023-12":{"txs":0,"uniq":0,"trade":0,"nft":0,"gas":0,"bal":0.000335,"days":0,"spread":0,"streak":0,"rank_m":338454,"pct_m":0.359849},"2024-01":{"txs":0,"uniq":0,"trade":0,"nft":0,"gas":0,"bal":0.000335,"days":0,"spread":0,"streak":0,"rank_m":352285,"pct_m":0.374555},"2024-02":{"txs":0,"uniq":0,"trade":0,"nft":0,"gas":0,"bal":0.000335,"days":0,"spread":0,"streak":0,"rank_m":399288,"pct_m":0.424529},"2024-03":{"txs":14,"uniq":3,"trade":0,"nft":0,"gas":0.000102,"bal":0.002638,"days":3,"spread":0.096774,"streak":2,"rank_m":238563,"pct_m":0.253643,"gas_method":"estimated"},"2024-04":{"txs":28,"uniq":8,"trade":0,"nft":3,"gas":0.000025,"bal":0.015102,"days":7,"spread":0.233333,"streak":2,"rank_m":170476,"pct_m":0.181252,"gas_method":"estimated"},"2024-05":{"txs":10,"uniq":5,"trade":0,"nft":2,"gas":0.000002,"bal":0.005466,"days":5,"spread":0.16129,"streak":1,"rank_m":253146,"pct_m":0.269148,"gas_method":"exact"},"2024-06":{"txs":1,"uniq":1,"trade":0,"nft":1,"gas":0,"bal":0.01071,"days":1,"spread":0.033333,"streak":1,"rank_m":375375,"pct_m":0.399104,"gas_method":"estimated"},"2024-07":{"txs":0,"uniq":0,"trade":0,"nft":0,"gas":0,"bal":0.01071,"days":0,"spread":0,"streak":0,"rank_m":504833,"pct_m":0.536746},"2024-08":{"txs":1,"uniq":1,"trade":0,"nft":2,"gas":0,"bal":0.010359,"days":1,"spread":0.032258,"streak":1,"rank_m":359442,"pct_m":0.382164,"gas_method":"estimated"},"2024-09":{"txs":2,"uniq":2,"trade":0,"nft":0,"gas":0,"bal":0.009558,"days":1,"spread":0.033333,"streak":1,"rank_m":336593,"pct_m":0.357871,"gas_method":"estimated"},"2024-10":{"txs":0,"uniq":0,"trade":0,"nft":0,"gas":0,"bal":0.009558,"days":0,"spread":0,"streak":0,"rank_m":536707,"pct_m":0.570635},"2024-11":{"txs":2,"uniq":1,"trade":0,"nft":0,"gas":0.000002,"bal":0.019356,"days":1,"spread":0.033333,"streak":1,"rank_m":422113,"pct_m":0.448797,"gas_method":"exact"},"2024-12":{"txs":36,"uniq":8,"trade":0,"nft":0,"gas":0.000794,"bal":0.029591,"days":6,"spread":0.193548,"streak":2,"rank_m":143047,"pct_m":0.152089,"gas_method":"exact"},"2025-01":{"txs":29,"uniq":7,"trade":0,"nft":0,"gas":0.000753,"bal":0.007145,"days":7,"spread":0.225806,"streak":3,"rank_m":145476,"pct_m":0.154672,"gas_method":"exact"},"2025-02":{"txs":5,"uniq":2,"trade":0,"nft":0,"gas":0.000014,"bal":0.000719,"days":1,"spread":0.035714,"streak":1,"rank_m":470641,"pct_m":0.500393,"gas_method":"exact"},"2025-03":{"txs":0,"uniq":0,"trade":0,"nft":0,"gas":0,"bal":0.000719,"days":0,"spread":0,"streak":0,"rank_m":706738,"pct_m":0.751415},"2025-04":{"txs":0,"uniq":0,"trade":0,"nft":0,"gas":0,"bal":0.000719,"days":0,"spread":0,"streak":0,"rank_m":730024,"pct_m":0.776174},"2025-05":{"txs":0,"uniq":0,"trade":0,"nft":0,"gas":0,"bal":0.000719,"days":0,"spread":0,"streak":0,"rank_m":730357,"pct_m":0.776528},"2025-06":{"txs":0,"uniq":0,"trade":0,"nft":0,"gas":0,"bal":0.000719,"days":0,"spread":0,"streak":0,"rank_m":731328,"pct_m":0.77756},"2025-07":{"txs":2,"uniq":2,"trade":0,"nft":0,"gas":0.000014,"bal":0.000272,"days":1,"spread":0.032258,"streak":1,"rank_m":606813,"pct_m":0.645173,"gas_method":"estimated"},"2025-08":{"txs":3,"uniq":3,"trade":1,"nft":0,"gas":0.000021,"bal":0.00013,"days":1,"spread":0.032258,"streak":1,"rank_m":506925,"pct_m":0.538971,"gas_method":"estimated"},"2025-09":{"txs":0,"uniq":0,"trade":0,"nft":0,"gas":0,"bal":0.00013,"days":0,"spread":0,"streak":0,"rank_m":837177,"pct_m":0.8901},"2025-10":{"txs":0,"uniq":0,"trade":0,"nft":0,"gas":0,"bal":0.00013,"days":0,"spread":0,"streak":0,"rank_m":805437,"pct_m":0.856354}}}