{"wallet":"0x6686c642e0966c319005b579221a3d1a0d14cdff","rank":378793,"lifetime":{"months_active":16,"first":"2023-07","last":"2025-10","tx_sum":290,"uniq_sum":141,"trade_sum":3,"nft_sum":59,"gas_sum":0.001135,"avg_balance_eth_mean":0.000243,"streak_best_days":8,"gas_sum_filled":0.001135},"months":{"2023-07":{"txs":0,"uniq":0,"trade":0,"nft":0,"gas":0,"bal":0,"days":0,"spread":0,"streak":0,"rank_m":584512,"pct_m":0.621463},"2023-08":{"txs":0,"uniq":0,"trade":0,"nft":0,"gas":0,"bal":0,"days":0,"spread":0,"streak":0,"rank_m":630580,"pct_m":0.670443},"2023-09":{"txs":0,"uniq":0,"trade":0,"nft":0,"gas":0,"bal":0,"days":0,"spread":0,"streak":0,"rank_m":642915,"pct_m":0.683558},"2023-10":{"txs":0,"uniq":0,"trade":0,"nft":0,"gas":0,"bal":0,"days":0,"spread":0,"streak":0,"rank_m":652856,"pct_m":0.694127},"2023-11":{"txs":0,"uniq":0,"trade":0,"nft":0,"gas":0,"bal":0,"days":0,"spread":0,"streak":0,"rank_m":661649,"pct_m":0.703476},"2023-12":{"txs":0,"uniq":0,"trade":0,"nft":0,"gas":0,"bal":0,"days":0,"spread":0,"streak":0,"rank_m":672302,"pct_m":0.714802},"2024-01":{"txs":0,"uniq":0,"trade":0,"nft":0,"gas":0,"bal":0,"days":0,"spread":0,"streak":0,"rank_m":681775,"pct_m":0.724874},"2024-02":{"txs":12,"uniq":6,"trade":0,"nft":8,"gas":0.000078,"bal":0.000504,"days":5,"spread":0.172414,"streak":2,"rank_m":134683,"pct_m":0.143196,"gas_method":"estimated"},"2024-03":{"txs":41,"uniq":17,"trade":0,"nft":10,"gas":0.000402,"bal":0.00141,"days":7,"spread":0.225806,"streak":3,"rank_m":120397,"pct_m":0.128007,"gas_method":"estimated"},"2024-04":{"txs":42,"uniq":21,"trade":1,"nft":17,"gas":0.000009,"bal":0.002336,"days":19,"spread":0.633333,"streak":5,"rank_m":80399,"pct_m":0.085481,"gas_method":"exact"},"2024-05":{"txs":39,"uniq":22,"trade":0,"nft":7,"gas":0.000012,"bal":0.001146,"days":8,"spread":0.258065,"streak":2,"rank_m":120903,"pct_m":0.128545,"gas_method":"exact"},"2024-06":{"txs":8,"uniq":6,"trade":0,"nft":3,"gas":0,"bal":0.00006,"days":5,"spread":0.166667,"streak":1,"rank_m":377975,"pct_m":0.401869,"gas_method":"estimated"},"2024-07":{"txs":11,"uniq":6,"trade":0,"nft":4,"gas":0.000001,"bal":0.000104,"days":4,"spread":0.129032,"streak":2,"rank_m":333625,"pct_m":0.354715,"gas_method":"estimated"},"2024-08":{"txs":28,"uniq":6,"trade":0,"nft":4,"gas":0.000007,"bal":0.000071,"days":12,"spread":0.387097,"streak":3,"rank_m":185284,"pct_m":0.196996,"gas_method":"exact"},"2024-09":{"txs":48,"uniq":14,"trade":2,"nft":4,"gas":0.000001,"bal":0.000108,"days":12,"spread":0.4,"streak":4,"rank_m":177523,"pct_m":0.188745,"gas_method":"estimated"},"2024-10":{"txs":16,"uniq":11,"trade":0,"nft":1,"gas":0.000003,"bal":0.000141,"days":4,"spread":0.129032,"streak":1,"rank_m":268971,"pct_m":0.285974,"gas_method":"exact"},"2024-11":{"txs":3,"uniq":3,"trade":0,"nft":0,"gas":0.000007,"bal":0.000015,"days":3,"spread":0.1,"streak":1,"rank_m":471096,"pct_m":0.500877,"gas_method":"exact"},"2024-12":{"txs":16,"uniq":11,"trade":0,"nft":1,"gas":0.000287,"bal":0.000016,"days":6,"spread":0.193548,"streak":2,"rank_m":317411,"pct_m":0.337476,"gas_method":"exact"},"2025-01":{"txs":8,"uniq":6,"trade":0,"nft":0,"gas":0.000208,"bal":0.00002,"days":4,"spread":0.129032,"streak":1,"rank_m":426594,"pct_m":0.453561,"gas_method":"exact"},"2025-02":{"txs":3,"uniq":2,"trade":0,"nft":0,"gas":0.000021,"bal":0.000022,"days":2,"spread":0.071429,"streak":1,"rank_m":497191,"pct_m":0.528621,"gas_method":"exact"},"2025-03":{"txs":3,"uniq":2,"trade":0,"nft":0,"gas":0.000016,"bal":0.000095,"days":2,"spread":0.064516,"streak":1,"rank_m":471145,"pct_m":0.500929,"gas_method":"exact"},"2025-04":{"txs":1,"uniq":1,"trade":0,"nft":0,"gas":0.000006,"bal":0.000123,"days":1,"spread":0.033333,"streak":1,"rank_m":565303,"pct_m":0.601039,"gas_method":"exact"},"2025-05":{"txs":0,"uniq":0,"trade":0,"nft":0,"gas":0,"bal":0.000123,"days":0,"spread":0,"streak":0,"rank_m":812312,"pct_m":0.863664},"2025-06":{"txs":0,"uniq":0,"trade":0,"nft":0,"gas":0,"bal":0.000123,"days":0,"spread":0,"streak":0,"rank_m":826808,"pct_m":0.879076},"2025-07":{"txs":11,"uniq":7,"trade":0,"nft":0,"gas":0.000077,"bal":0.000096,"days":2,"spread":0.064516,"streak":2,"rank_m":545703,"pct_m":0.5802,"gas_method":"estimated"},"2025-08":{"txs":0,"uniq":0,"trade":0,"nft":0,"gas":0,"bal":0.000096,"days":0,"spread":0,"streak":0,"rank_m":854824,"pct_m":0.908863},"2025-09":{"txs":0,"uniq":0,"trade":0,"nft":0,"gas":0,"bal":0.000096,"days":0,"spread":0,"streak":0,"rank_m":850506,"pct_m":0.904272},"2025-10":{"txs":0,"uniq":0,"trade":0,"nft":0,"gas":0,"bal":0.000096,"days":0,"spread":0,"streak":0,"rank_m":821563,"pct_m":0.873499}}}