{"wallet":"0x661a850dd27539ce6ac87b9eca69a49d446776f0","rank":636670,"lifetime":{"months_active":14,"first":"2023-07","last":"2025-10","tx_sum":155,"uniq_sum":63,"trade_sum":6,"nft_sum":6,"gas_sum":0.001207,"avg_balance_eth_mean":0.001422,"streak_best_days":4,"gas_sum_filled":0.001207},"months":{"2023-07":{"txs":0,"uniq":0,"trade":0,"nft":0,"gas":0,"bal":0,"days":0,"spread":0,"streak":0,"rank_m":586002,"pct_m":0.623047},"2023-08":{"txs":1,"uniq":0,"trade":0,"nft":0,"gas":0.000179,"bal":0.0004,"days":1,"spread":0.032258,"streak":1,"rank_m":156927,"pct_m":0.166847,"gas_method":"estimated"},"2023-09":{"txs":2,"uniq":1,"trade":0,"nft":0,"gas":0.000043,"bal":0.000674,"days":1,"spread":0.033333,"streak":1,"rank_m":130189,"pct_m":0.138418,"gas_method":"exact"},"2023-10":{"txs":0,"uniq":0,"trade":0,"nft":0,"gas":0,"bal":0.000674,"days":0,"spread":0,"streak":0,"rank_m":294788,"pct_m":0.313423},"2023-11":{"txs":4,"uniq":3,"trade":0,"nft":1,"gas":0.000103,"bal":0.00176,"days":2,"spread":0.066667,"streak":1,"rank_m":102769,"pct_m":0.109265,"gas_method":"estimated"},"2023-12":{"txs":0,"uniq":0,"trade":0,"nft":0,"gas":0,"bal":0.00176,"days":0,"spread":0,"streak":0,"rank_m":295856,"pct_m":0.314558},"2024-01":{"txs":3,"uniq":1,"trade":2,"nft":0,"gas":0.000135,"bal":0.001326,"days":3,"spread":0.096774,"streak":2,"rank_m":112108,"pct_m":0.119194,"gas_method":"estimated"},"2024-02":{"txs":0,"uniq":0,"trade":0,"nft":0,"gas":0,"bal":0.001326,"days":0,"spread":0,"streak":0,"rank_m":361302,"pct_m":0.384142},"2024-03":{"txs":0,"uniq":0,"trade":0,"nft":0,"gas":0,"bal":0.001326,"days":0,"spread":0,"streak":0,"rank_m":432922,"pct_m":0.460289},"2024-04":{"txs":0,"uniq":0,"trade":0,"nft":0,"gas":0,"bal":0.001326,"days":0,"spread":0,"streak":0,"rank_m":506793,"pct_m":0.53883},"2024-05":{"txs":0,"uniq":0,"trade":0,"nft":0,"gas":0,"bal":0.001326,"days":0,"spread":0,"streak":0,"rank_m":529137,"pct_m":0.562587},"2024-06":{"txs":0,"uniq":0,"trade":0,"nft":0,"gas":0,"bal":0.001326,"days":0,"spread":0,"streak":0,"rank_m":546705,"pct_m":0.581265},"2024-07":{"txs":0,"uniq":0,"trade":0,"nft":0,"gas":0,"bal":0.001326,"days":0,"spread":0,"streak":0,"rank_m":565560,"pct_m":0.601312},"2024-08":{"txs":0,"uniq":0,"trade":0,"nft":0,"gas":0,"bal":0.001326,"days":0,"spread":0,"streak":0,"rank_m":581166,"pct_m":0.617905},"2024-09":{"txs":11,"uniq":4,"trade":0,"nft":1,"gas":0.000001,"bal":0.000309,"days":6,"spread":0.2,"streak":2,"rank_m":312162,"pct_m":0.331895,"gas_method":"estimated"},"2024-10":{"txs":24,"uniq":7,"trade":1,"nft":2,"gas":0.000003,"bal":0.003022,"days":10,"spread":0.322581,"streak":4,"rank_m":136218,"pct_m":0.144828,"gas_method":"estimated"},"2024-11":{"txs":35,"uniq":13,"trade":3,"nft":2,"gas":0.000076,"bal":0.002263,"days":12,"spread":0.4,"streak":4,"rank_m":89370,"pct_m":0.095019,"gas_method":"exact"},"2024-12":{"txs":6,"uniq":5,"trade":0,"nft":0,"gas":0.000132,"bal":0.000256,"days":3,"spread":0.096774,"streak":2,"rank_m":433808,"pct_m":0.461231,"gas_method":"exact"},"2025-01":{"txs":3,"uniq":3,"trade":0,"nft":0,"gas":0.000078,"bal":0.002505,"days":2,"spread":0.064516,"streak":1,"rank_m":449306,"pct_m":0.477709,"gas_method":"exact"},"2025-02":{"txs":0,"uniq":0,"trade":0,"nft":0,"gas":0,"bal":0.002505,"days":0,"spread":0,"streak":0,"rank_m":653252,"pct_m":0.694548},"2025-03":{"txs":2,"uniq":2,"trade":0,"nft":0,"gas":0.000016,"bal":0.003121,"days":2,"spread":0.064516,"streak":1,"rank_m":400951,"pct_m":0.426297,"gas_method":"exact"},"2025-04":{"txs":9,"uniq":7,"trade":0,"nft":0,"gas":0.000054,"bal":0.002993,"days":3,"spread":0.1,"streak":1,"rank_m":265112,"pct_m":0.281871,"gas_method":"exact"},"2025-05":{"txs":51,"uniq":14,"trade":0,"nft":0,"gas":0.000359,"bal":0.001401,"days":13,"spread":0.419355,"streak":3,"rank_m":173696,"pct_m":0.184676,"gas_method":"estimated"},"2025-06":{"txs":0,"uniq":0,"trade":0,"nft":0,"gas":0,"bal":0.001401,"days":0,"spread":0,"streak":0,"rank_m":687073,"pct_m":0.730507},"2025-07":{"txs":0,"uniq":0,"trade":0,"nft":0,"gas":0,"bal":0.001401,"days":0,"spread":0,"streak":0,"rank_m":704205,"pct_m":0.748722},"2025-08":{"txs":2,"uniq":1,"trade":0,"nft":0,"gas":0.000014,"bal":0.00088,"days":1,"spread":0.032258,"streak":1,"rank_m":532576,"pct_m":0.566243,"gas_method":"estimated"},"2025-09":{"txs":2,"uniq":2,"trade":0,"nft":0,"gas":0.000014,"bal":0.00094,"days":1,"spread":0.033333,"streak":1,"rank_m":504416,"pct_m":0.536303,"gas_method":"estimated"},"2025-10":{"txs":0,"uniq":0,"trade":0,"nft":0,"gas":0,"bal":0.00094,"days":0,"spread":0,"streak":0,"rank_m":635156,"pct_m":0.675308}}}