{"wallet":"0x663c7ed2f72d0dd7ea54d1f6118297e578b2628f","rank":88610,"lifetime":{"months_active":26,"first":"2023-07","last":"2025-10","tx_sum":520,"uniq_sum":248,"trade_sum":10,"nft_sum":83,"gas_sum":0.006114,"avg_balance_eth_mean":0.002196,"streak_best_days":7,"gas_sum_filled":0.006114},"months":{"2023-07":{"txs":0,"uniq":0,"trade":0,"nft":0,"gas":0,"bal":0,"days":0,"spread":0,"streak":0,"rank_m":585540,"pct_m":0.622556},"2023-08":{"txs":12,"uniq":9,"trade":0,"nft":5,"gas":0.002656,"bal":0.003234,"days":7,"spread":0.225806,"streak":3,"rank_m":56991,"pct_m":0.060593,"gas_method":"exact"},"2023-09":{"txs":2,"uniq":1,"trade":0,"nft":0,"gas":0.000051,"bal":0.002626,"days":1,"spread":0.033333,"streak":1,"rank_m":130260,"pct_m":0.138494,"gas_method":"estimated"},"2023-10":{"txs":1,"uniq":1,"trade":0,"nft":3,"gas":0.000007,"bal":0.001111,"days":1,"spread":0.032258,"streak":1,"rank_m":124376,"pct_m":0.132238,"gas_method":"estimated"},"2023-11":{"txs":0,"uniq":0,"trade":0,"nft":0,"gas":0,"bal":0.001111,"days":0,"spread":0,"streak":0,"rank_m":290655,"pct_m":0.309029},"2023-12":{"txs":10,"uniq":7,"trade":1,"nft":2,"gas":0.00022,"bal":0.000988,"days":3,"spread":0.096774,"streak":2,"rank_m":70118,"pct_m":0.07455,"gas_method":"estimated"},"2024-01":{"txs":3,"uniq":2,"trade":0,"nft":2,"gas":0.000062,"bal":0.000841,"days":3,"spread":0.096774,"streak":1,"rank_m":137368,"pct_m":0.146051,"gas_method":"estimated"},"2024-02":{"txs":10,"uniq":7,"trade":0,"nft":9,"gas":0.00002,"bal":0.002277,"days":7,"spread":0.241379,"streak":2,"rank_m":71837,"pct_m":0.076377,"gas_method":"exact"},"2024-03":{"txs":16,"uniq":12,"trade":0,"nft":8,"gas":0.000278,"bal":0.003463,"days":9,"spread":0.290323,"streak":5,"rank_m":106500,"pct_m":0.113232,"gas_method":"estimated"},"2024-04":{"txs":24,"uniq":12,"trade":2,"nft":3,"gas":0.000051,"bal":0.003699,"days":3,"spread":0.1,"streak":3,"rank_m":209289,"pct_m":0.222519,"gas_method":"estimated"},"2024-05":{"txs":57,"uniq":19,"trade":0,"nft":13,"gas":0.00004,"bal":0.001933,"days":10,"spread":0.322581,"streak":7,"rank_m":116930,"pct_m":0.124321,"gas_method":"estimated"},"2024-06":{"txs":21,"uniq":12,"trade":0,"nft":8,"gas":0.000001,"bal":0.002005,"days":12,"spread":0.4,"streak":3,"rank_m":152900,"pct_m":0.162565,"gas_method":"estimated"},"2024-07":{"txs":10,"uniq":9,"trade":0,"nft":6,"gas":0,"bal":0.001327,"days":8,"spread":0.258065,"streak":2,"rank_m":160658,"pct_m":0.170813,"gas_method":"exact"},"2024-08":{"txs":20,"uniq":10,"trade":1,"nft":2,"gas":0.000002,"bal":0.002388,"days":5,"spread":0.16129,"streak":2,"rank_m":189755,"pct_m":0.20175,"gas_method":"estimated"},"2024-09":{"txs":11,"uniq":6,"trade":0,"nft":2,"gas":0,"bal":0.008781,"days":4,"spread":0.133333,"streak":2,"rank_m":151092,"pct_m":0.160643,"gas_method":"estimated"},"2024-10":{"txs":37,"uniq":22,"trade":0,"nft":10,"gas":0.000002,"bal":0.00322,"days":15,"spread":0.483871,"streak":3,"rank_m":97001,"pct_m":0.103132,"gas_method":"estimated"},"2024-11":{"txs":5,"uniq":5,"trade":0,"nft":1,"gas":0.000011,"bal":0.003656,"days":4,"spread":0.133333,"streak":2,"rank_m":286441,"pct_m":0.304548,"gas_method":"exact"},"2024-12":{"txs":37,"uniq":21,"trade":3,"nft":4,"gas":0.000772,"bal":0.001722,"days":12,"spread":0.387097,"streak":3,"rank_m":109926,"pct_m":0.116874,"gas_method":"exact"},"2025-01":{"txs":28,"uniq":17,"trade":0,"nft":1,"gas":0.000701,"bal":0.002348,"days":12,"spread":0.387097,"streak":3,"rank_m":113088,"pct_m":0.120236,"gas_method":"exact"},"2025-02":{"txs":21,"uniq":13,"trade":1,"nft":0,"gas":0.000141,"bal":0.001201,"days":9,"spread":0.321429,"streak":6,"rank_m":103370,"pct_m":0.109904,"gas_method":"exact"},"2025-03":{"txs":59,"uniq":10,"trade":2,"nft":0,"gas":0.00045,"bal":0.000785,"days":8,"spread":0.258065,"streak":3,"rank_m":107702,"pct_m":0.11451,"gas_method":"exact"},"2025-04":{"txs":44,"uniq":17,"trade":0,"nft":0,"gas":0.000001,"bal":0.001226,"days":13,"spread":0.433333,"streak":3,"rank_m":217075,"pct_m":0.230797,"gas_method":"exact"},"2025-05":{"txs":21,"uniq":8,"trade":0,"nft":1,"gas":0.000148,"bal":0.00205,"days":2,"spread":0.064516,"streak":1,"rank_m":225479,"pct_m":0.239732,"gas_method":"estimated"},"2025-06":{"txs":27,"uniq":7,"trade":0,"nft":0,"gas":0.00019,"bal":0.001036,"days":7,"spread":0.233333,"streak":3,"rank_m":339950,"pct_m":0.36144,"gas_method":"estimated"},"2025-07":{"txs":16,"uniq":9,"trade":0,"nft":1,"gas":0.000113,"bal":0.000505,"days":7,"spread":0.225806,"streak":2,"rank_m":317733,"pct_m":0.337818,"gas_method":"estimated"},"2025-08":{"txs":4,"uniq":4,"trade":0,"nft":0,"gas":0.000028,"bal":0.000866,"days":3,"spread":0.096774,"streak":1,"rank_m":457709,"pct_m":0.486643,"gas_method":"estimated"},"2025-09":{"txs":14,"uniq":6,"trade":0,"nft":1,"gas":0.000099,"bal":0.001269,"days":5,"spread":0.166667,"streak":1,"rank_m":298050,"pct_m":0.316891,"gas_method":"estimated"},"2025-10":{"txs":10,"uniq":2,"trade":0,"nft":1,"gas":0.00007,"bal":0.005825,"days":3,"spread":0.096774,"streak":2,"rank_m":135149,"pct_m":0.143692,"gas_method":"estimated"}}}