{"wallet":"0x66913c9e78f260768c60ed3e44e4260dfd2156cc","rank":231470,"lifetime":{"months_active":25,"first":"2023-07","last":"2025-10","tx_sum":224,"uniq_sum":170,"trade_sum":4,"nft_sum":66,"gas_sum":0.003566,"avg_balance_eth_mean":0.00098,"streak_best_days":5,"gas_sum_filled":0.003566},"months":{"2023-07":{"txs":8,"uniq":5,"trade":0,"nft":3,"gas":0.000161,"bal":0.000947,"days":5,"spread":0.16129,"streak":2,"rank_m":4975,"pct_m":0.005288,"gas_method":"exact"},"2023-08":{"txs":15,"uniq":13,"trade":0,"nft":9,"gas":0.001224,"bal":0.00127,"days":8,"spread":0.258065,"streak":2,"rank_m":61564,"pct_m":0.065455,"gas_method":"exact"},"2023-09":{"txs":5,"uniq":2,"trade":0,"nft":3,"gas":0.000035,"bal":0.002465,"days":3,"spread":0.1,"streak":2,"rank_m":74114,"pct_m":0.078798,"gas_method":"exact"},"2023-10":{"txs":4,"uniq":3,"trade":0,"nft":5,"gas":0.000064,"bal":0.002476,"days":3,"spread":0.096774,"streak":1,"rank_m":66665,"pct_m":0.070878,"gas_method":"exact"},"2023-11":{"txs":7,"uniq":5,"trade":0,"nft":3,"gas":0.000099,"bal":0.001832,"days":4,"spread":0.133333,"streak":1,"rank_m":73644,"pct_m":0.078299,"gas_method":"estimated"},"2023-12":{"txs":18,"uniq":9,"trade":0,"nft":8,"gas":0.000145,"bal":0.000609,"days":12,"spread":0.387097,"streak":5,"rank_m":31453,"pct_m":0.03344,"gas_method":"exact"},"2024-01":{"txs":2,"uniq":1,"trade":0,"nft":0,"gas":0.000084,"bal":0.000139,"days":2,"spread":0.064516,"streak":2,"rank_m":148846,"pct_m":0.158255,"gas_method":"exact"},"2024-02":{"txs":11,"uniq":10,"trade":0,"nft":6,"gas":0.000153,"bal":0.002438,"days":4,"spread":0.137931,"streak":1,"rank_m":113106,"pct_m":0.120255,"gas_method":"estimated"},"2024-03":{"txs":18,"uniq":14,"trade":0,"nft":5,"gas":0.000743,"bal":0.004153,"days":9,"spread":0.290323,"streak":2,"rank_m":84535,"pct_m":0.089878,"gas_method":"exact"},"2024-04":{"txs":11,"uniq":10,"trade":0,"nft":6,"gas":0.000028,"bal":0.0009,"days":6,"spread":0.2,"streak":2,"rank_m":295726,"pct_m":0.31442,"gas_method":"estimated"},"2024-05":{"txs":18,"uniq":14,"trade":3,"nft":6,"gas":0.000004,"bal":0.000923,"days":6,"spread":0.193548,"streak":2,"rank_m":159736,"pct_m":0.169833,"gas_method":"exact"},"2024-06":{"txs":1,"uniq":1,"trade":0,"nft":2,"gas":0,"bal":0.000812,"days":1,"spread":0.033333,"streak":1,"rank_m":451529,"pct_m":0.480073,"gas_method":"estimated"},"2024-07":{"txs":6,"uniq":6,"trade":0,"nft":0,"gas":0.000001,"bal":0.000187,"days":2,"spread":0.064516,"streak":1,"rank_m":447721,"pct_m":0.476024,"gas_method":"estimated"},"2024-08":{"txs":0,"uniq":0,"trade":0,"nft":0,"gas":0,"bal":0.000187,"days":0,"spread":0,"streak":0,"rank_m":646732,"pct_m":0.687616},"2024-09":{"txs":3,"uniq":3,"trade":0,"nft":2,"gas":0,"bal":0.000031,"days":3,"spread":0.1,"streak":1,"rank_m":328590,"pct_m":0.349362,"gas_method":"exact"},"2024-10":{"txs":14,"uniq":9,"trade":0,"nft":5,"gas":0.000001,"bal":0.000066,"days":5,"spread":0.16129,"streak":3,"rank_m":326526,"pct_m":0.347167,"gas_method":"estimated"},"2024-11":{"txs":7,"uniq":7,"trade":0,"nft":0,"gas":0.000016,"bal":0.000176,"days":5,"spread":0.166667,"streak":3,"rank_m":339593,"pct_m":0.36106,"gas_method":"exact"},"2024-12":{"txs":12,"uniq":10,"trade":0,"nft":1,"gas":0.000243,"bal":0.001401,"days":6,"spread":0.193548,"streak":2,"rank_m":265209,"pct_m":0.281974,"gas_method":"exact"},"2025-01":{"txs":11,"uniq":8,"trade":0,"nft":0,"gas":0.000286,"bal":0.001748,"days":6,"spread":0.193548,"streak":2,"rank_m":270438,"pct_m":0.287533,"gas_method":"exact"},"2025-02":{"txs":7,"uniq":7,"trade":0,"nft":0,"gas":0.000049,"bal":0.000877,"days":3,"spread":0.107143,"streak":2,"rank_m":293325,"pct_m":0.311867,"gas_method":"exact"},"2025-03":{"txs":13,"uniq":9,"trade":1,"nft":1,"gas":0.000001,"bal":0.000653,"days":8,"spread":0.258065,"streak":1,"rank_m":267504,"pct_m":0.284414,"gas_method":"exact"},"2025-04":{"txs":2,"uniq":2,"trade":0,"nft":0,"gas":0.000012,"bal":0.000264,"days":2,"spread":0.066667,"streak":1,"rank_m":497144,"pct_m":0.528571,"gas_method":"exact"},"2025-05":{"txs":11,"uniq":7,"trade":0,"nft":0,"gas":0.000077,"bal":0.000595,"days":4,"spread":0.129032,"streak":1,"rank_m":387625,"pct_m":0.412129,"gas_method":"estimated"},"2025-06":{"txs":4,"uniq":4,"trade":0,"nft":0,"gas":0.000028,"bal":0.001506,"days":2,"spread":0.066667,"streak":1,"rank_m":450693,"pct_m":0.479184,"gas_method":"estimated"},"2025-07":{"txs":8,"uniq":6,"trade":0,"nft":0,"gas":0.000056,"bal":0.000313,"days":2,"spread":0.064516,"streak":1,"rank_m":528905,"pct_m":0.56234,"gas_method":"estimated"},"2025-08":{"txs":0,"uniq":0,"trade":0,"nft":0,"gas":0,"bal":0.000313,"days":0,"spread":0,"streak":0,"rank_m":778361,"pct_m":0.827566},"2025-09":{"txs":8,"uniq":5,"trade":0,"nft":1,"gas":0.000056,"bal":0.000077,"days":4,"spread":0.133333,"streak":2,"rank_m":423528,"pct_m":0.450301,"gas_method":"estimated"},"2025-10":{"txs":0,"uniq":0,"trade":0,"nft":0,"gas":0,"bal":0.000077,"days":0,"spread":0,"streak":0,"rank_m":835040,"pct_m":0.887828}}}