{"wallet":"0x6609ebdc5363f5103c0d8b7cd36f8e1a012de58e","rank":198776,"lifetime":{"months_active":19,"first":"2023-07","last":"2025-10","tx_sum":376,"uniq_sum":160,"trade_sum":2,"nft_sum":79,"gas_sum":0.001915,"avg_balance_eth_mean":0.012109,"streak_best_days":7,"gas_sum_filled":0.001915},"months":{"2023-07":{"txs":0,"uniq":0,"trade":0,"nft":0,"gas":0,"bal":0,"days":0,"spread":0,"streak":0,"rank_m":586210,"pct_m":0.623268},"2023-08":{"txs":0,"uniq":0,"trade":0,"nft":0,"gas":0,"bal":0,"days":0,"spread":0,"streak":0,"rank_m":632044,"pct_m":0.671999},"2023-09":{"txs":0,"uniq":0,"trade":0,"nft":0,"gas":0,"bal":0,"days":0,"spread":0,"streak":0,"rank_m":644319,"pct_m":0.68505},"2023-10":{"txs":0,"uniq":0,"trade":0,"nft":0,"gas":0,"bal":0,"days":0,"spread":0,"streak":0,"rank_m":654219,"pct_m":0.695576},"2023-11":{"txs":0,"uniq":0,"trade":0,"nft":0,"gas":0,"bal":0,"days":0,"spread":0,"streak":0,"rank_m":662964,"pct_m":0.704874},"2023-12":{"txs":1,"uniq":1,"trade":0,"nft":1,"gas":0.00002,"bal":0.000629,"days":1,"spread":0.032258,"streak":1,"rank_m":173045,"pct_m":0.183983,"gas_method":"estimated"},"2024-01":{"txs":0,"uniq":0,"trade":0,"nft":0,"gas":0,"bal":0.000629,"days":0,"spread":0,"streak":0,"rank_m":337043,"pct_m":0.358349},"2024-02":{"txs":1,"uniq":1,"trade":0,"nft":1,"gas":0.00001,"bal":0.003128,"days":1,"spread":0.034483,"streak":1,"rank_m":220307,"pct_m":0.234233,"gas_method":"estimated"},"2024-03":{"txs":0,"uniq":0,"trade":0,"nft":0,"gas":0,"bal":0.003128,"days":0,"spread":0,"streak":0,"rank_m":401462,"pct_m":0.426841},"2024-04":{"txs":0,"uniq":0,"trade":0,"nft":0,"gas":0,"bal":0.003128,"days":0,"spread":0,"streak":0,"rank_m":481302,"pct_m":0.511728},"2024-05":{"txs":0,"uniq":0,"trade":0,"nft":0,"gas":0,"bal":0.003128,"days":0,"spread":0,"streak":0,"rank_m":510264,"pct_m":0.542521},"2024-06":{"txs":3,"uniq":3,"trade":0,"nft":1,"gas":0.000001,"bal":0.002361,"days":1,"spread":0.033333,"streak":1,"rank_m":352019,"pct_m":0.374272,"gas_method":"exact"},"2024-07":{"txs":7,"uniq":4,"trade":0,"nft":0,"gas":0.000003,"bal":0.034437,"days":3,"spread":0.096774,"streak":1,"rank_m":216794,"pct_m":0.230498,"gas_method":"exact"},"2024-08":{"txs":57,"uniq":50,"trade":0,"nft":56,"gas":0.000004,"bal":0.056059,"days":4,"spread":0.129032,"streak":2,"rank_m":41573,"pct_m":0.0442,"gas_method":"estimated"},"2024-09":{"txs":18,"uniq":8,"trade":0,"nft":3,"gas":0,"bal":0.030375,"days":8,"spread":0.266667,"streak":4,"rank_m":41188,"pct_m":0.043791,"gas_method":"exact"},"2024-10":{"txs":29,"uniq":26,"trade":0,"nft":17,"gas":0.000002,"bal":0.00719,"days":5,"spread":0.16129,"streak":1,"rank_m":131776,"pct_m":0.140106,"gas_method":"estimated"},"2024-11":{"txs":4,"uniq":2,"trade":0,"nft":0,"gas":0.000007,"bal":0.012881,"days":1,"spread":0.033333,"streak":1,"rank_m":391852,"pct_m":0.416623,"gas_method":"exact"},"2024-12":{"txs":1,"uniq":1,"trade":0,"nft":0,"gas":0.000022,"bal":0.031975,"days":1,"spread":0.032258,"streak":1,"rank_m":482773,"pct_m":0.513292,"gas_method":"exact"},"2025-01":{"txs":4,"uniq":2,"trade":0,"nft":0,"gas":0.000078,"bal":0.019694,"days":2,"spread":0.064516,"streak":1,"rank_m":395164,"pct_m":0.420144,"gas_method":"exact"},"2025-02":{"txs":5,"uniq":5,"trade":0,"nft":0,"gas":0.000035,"bal":0.015157,"days":2,"spread":0.071429,"streak":1,"rank_m":297441,"pct_m":0.316244,"gas_method":"exact"},"2025-03":{"txs":3,"uniq":3,"trade":0,"nft":0,"gas":0.000024,"bal":0.01273,"days":2,"spread":0.064516,"streak":1,"rank_m":329175,"pct_m":0.349984,"gas_method":"exact"},"2025-04":{"txs":1,"uniq":1,"trade":0,"nft":0,"gas":0.000006,"bal":0.009791,"days":1,"spread":0.033333,"streak":1,"rank_m":456181,"pct_m":0.485019,"gas_method":"exact"},"2025-05":{"txs":4,"uniq":3,"trade":0,"nft":0,"gas":0.000028,"bal":0.023583,"days":1,"spread":0.032258,"streak":1,"rank_m":220326,"pct_m":0.234253,"gas_method":"estimated"},"2025-06":{"txs":90,"uniq":19,"trade":0,"nft":0,"gas":0.000633,"bal":0.019058,"days":18,"spread":0.6,"streak":7,"rank_m":22099,"pct_m":0.023495,"gas_method":"estimated"},"2025-07":{"txs":56,"uniq":11,"trade":0,"nft":0,"gas":0.000394,"bal":0.011408,"days":15,"spread":0.483871,"streak":3,"rank_m":72178,"pct_m":0.07674,"gas_method":"estimated"},"2025-08":{"txs":43,"uniq":12,"trade":2,"nft":0,"gas":0.000303,"bal":0.010568,"days":14,"spread":0.451613,"streak":4,"rank_m":35228,"pct_m":0.037454,"gas_method":"estimated"},"2025-09":{"txs":35,"uniq":7,"trade":0,"nft":0,"gas":0.000246,"bal":0.011948,"days":9,"spread":0.3,"streak":1,"rank_m":133004,"pct_m":0.141411,"gas_method":"estimated"},"2025-10":{"txs":14,"uniq":1,"trade":0,"nft":0,"gas":0.000099,"bal":0.016063,"days":3,"spread":0.096774,"streak":1,"rank_m":133335,"pct_m":0.141763,"gas_method":"estimated"}}}