{"wallet":"0x6637b4b8fc4102135340509e294beeebf4793fa7","rank":228354,"lifetime":{"months_active":23,"first":"2023-07","last":"2025-10","tx_sum":183,"uniq_sum":139,"trade_sum":1,"nft_sum":46,"gas_sum":0.002804,"avg_balance_eth_mean":0.030896,"streak_best_days":3,"gas_sum_filled":0.002804},"months":{"2023-07":{"txs":3,"uniq":2,"trade":0,"nft":1,"gas":0.000613,"bal":0.000134,"days":1,"spread":0.032258,"streak":1,"rank_m":42684,"pct_m":0.045381,"gas_method":"estimated"},"2023-08":{"txs":12,"uniq":7,"trade":0,"nft":3,"gas":0.000692,"bal":0.004375,"days":4,"spread":0.129032,"streak":1,"rank_m":85287,"pct_m":0.090678,"gas_method":"exact"},"2023-09":{"txs":4,"uniq":2,"trade":0,"nft":2,"gas":0.000048,"bal":0.003237,"days":3,"spread":0.1,"streak":1,"rank_m":85341,"pct_m":0.090735,"gas_method":"exact"},"2023-10":{"txs":0,"uniq":0,"trade":0,"nft":0,"gas":0,"bal":0.003237,"days":0,"spread":0,"streak":0,"rank_m":260932,"pct_m":0.277427},"2023-11":{"txs":0,"uniq":0,"trade":0,"nft":0,"gas":0,"bal":0.003237,"days":0,"spread":0,"streak":0,"rank_m":262633,"pct_m":0.279235},"2023-12":{"txs":5,"uniq":5,"trade":0,"nft":2,"gas":0.000098,"bal":0.002671,"days":3,"spread":0.096774,"streak":1,"rank_m":68549,"pct_m":0.072881,"gas_method":"exact"},"2024-01":{"txs":6,"uniq":5,"trade":0,"nft":2,"gas":0.00017,"bal":0.007221,"days":4,"spread":0.129032,"streak":1,"rank_m":61442,"pct_m":0.065325,"gas_method":"exact"},"2024-02":{"txs":3,"uniq":2,"trade":0,"nft":1,"gas":0.000297,"bal":0.006526,"days":2,"spread":0.068966,"streak":1,"rank_m":153884,"pct_m":0.163611,"gas_method":"exact"},"2024-03":{"txs":1,"uniq":1,"trade":0,"nft":1,"gas":0.000041,"bal":0.01061,"days":1,"spread":0.032258,"streak":1,"rank_m":279561,"pct_m":0.297233,"gas_method":"estimated"},"2024-04":{"txs":13,"uniq":12,"trade":0,"nft":1,"gas":0.000066,"bal":0.022179,"days":7,"spread":0.233333,"streak":2,"rank_m":182557,"pct_m":0.194097,"gas_method":"estimated"},"2024-05":{"txs":7,"uniq":7,"trade":0,"nft":3,"gas":0.000012,"bal":0.310919,"days":5,"spread":0.16129,"streak":3,"rank_m":140838,"pct_m":0.14974,"gas_method":"estimated"},"2024-06":{"txs":5,"uniq":5,"trade":0,"nft":10,"gas":0.000001,"bal":0.036905,"days":4,"spread":0.133333,"streak":1,"rank_m":167621,"pct_m":0.178217,"gas_method":"exact"},"2024-07":{"txs":6,"uniq":4,"trade":0,"nft":5,"gas":0.000002,"bal":0.04755,"days":3,"spread":0.096774,"streak":2,"rank_m":161554,"pct_m":0.171766,"gas_method":"estimated"},"2024-08":{"txs":9,"uniq":6,"trade":0,"nft":2,"gas":0.000002,"bal":0.008908,"days":3,"spread":0.096774,"streak":1,"rank_m":262490,"pct_m":0.279083,"gas_method":"estimated"},"2024-09":{"txs":5,"uniq":5,"trade":0,"nft":2,"gas":0,"bal":0.0141,"days":2,"spread":0.066667,"streak":1,"rank_m":210803,"pct_m":0.224128,"gas_method":"estimated"},"2024-10":{"txs":23,"uniq":17,"trade":0,"nft":9,"gas":0.000001,"bal":0.039119,"days":8,"spread":0.258065,"streak":2,"rank_m":48944,"pct_m":0.052037,"gas_method":"exact"},"2024-11":{"txs":11,"uniq":8,"trade":0,"nft":0,"gas":0.000025,"bal":0.063854,"days":5,"spread":0.166667,"streak":1,"rank_m":212659,"pct_m":0.226102,"gas_method":"exact"},"2024-12":{"txs":13,"uniq":11,"trade":0,"nft":0,"gas":0.000287,"bal":0.010349,"days":5,"spread":0.16129,"streak":2,"rank_m":235174,"pct_m":0.25004,"gas_method":"exact"},"2025-01":{"txs":3,"uniq":3,"trade":0,"nft":0,"gas":0.000078,"bal":0.007943,"days":2,"spread":0.064516,"streak":2,"rank_m":385649,"pct_m":0.410028,"gas_method":"exact"},"2025-02":{"txs":12,"uniq":8,"trade":0,"nft":0,"gas":0.000084,"bal":0.013044,"days":3,"spread":0.107143,"streak":2,"rank_m":165973,"pct_m":0.176464,"gas_method":"exact"},"2025-03":{"txs":0,"uniq":0,"trade":0,"nft":0,"gas":0,"bal":0.013044,"days":0,"spread":0,"streak":0,"rank_m":573961,"pct_m":0.610245},"2025-04":{"txs":7,"uniq":7,"trade":1,"nft":0,"gas":0.000042,"bal":0.022625,"days":3,"spread":0.1,"streak":2,"rank_m":143940,"pct_m":0.153039,"gas_method":"exact"},"2025-05":{"txs":0,"uniq":0,"trade":0,"nft":0,"gas":0,"bal":0.022625,"days":0,"spread":0,"streak":0,"rank_m":476353,"pct_m":0.506466},"2025-06":{"txs":5,"uniq":3,"trade":0,"nft":0,"gas":0.000035,"bal":0.019364,"days":2,"spread":0.066667,"streak":2,"rank_m":216191,"pct_m":0.229857,"gas_method":"estimated"},"2025-07":{"txs":0,"uniq":0,"trade":0,"nft":0,"gas":0,"bal":0.019364,"days":0,"spread":0,"streak":0,"rank_m":503847,"pct_m":0.535698},"2025-08":{"txs":9,"uniq":5,"trade":0,"nft":0,"gas":0.000063,"bal":0.072314,"days":6,"spread":0.193548,"streak":2,"rank_m":104815,"pct_m":0.11144,"gas_method":"estimated"},"2025-09":{"txs":9,"uniq":7,"trade":0,"nft":1,"gas":0.000063,"bal":0.045494,"days":4,"spread":0.133333,"streak":1,"rank_m":115359,"pct_m":0.122651,"gas_method":"estimated"},"2025-10":{"txs":12,"uniq":7,"trade":0,"nft":1,"gas":0.000084,"bal":0.034127,"days":2,"spread":0.064516,"streak":1,"rank_m":65596,"pct_m":0.069742,"gas_method":"estimated"}}}