{"wallet":"0x66e387620b6cbd072497fd7a61081f78be8e9191","rank":203062,"lifetime":{"months_active":19,"first":"2023-07","last":"2025-10","tx_sum":265,"uniq_sum":113,"trade_sum":10,"nft_sum":17,"gas_sum":0.001914,"avg_balance_eth_mean":0.020879,"streak_best_days":4,"gas_sum_filled":0.001914},"months":{"2023-07":{"txs":0,"uniq":0,"trade":0,"nft":0,"gas":0,"bal":0,"days":0,"spread":0,"streak":0,"rank_m":583266,"pct_m":0.620138},"2023-08":{"txs":3,"uniq":2,"trade":0,"nft":3,"gas":0.00015,"bal":0.000001,"days":3,"spread":0.096774,"streak":1,"rank_m":135772,"pct_m":0.144354,"gas_method":"exact"},"2023-09":{"txs":0,"uniq":0,"trade":0,"nft":0,"gas":0,"bal":0.000001,"days":0,"spread":0,"streak":0,"rank_m":310666,"pct_m":0.330305},"2023-10":{"txs":0,"uniq":0,"trade":0,"nft":0,"gas":0,"bal":0.000001,"days":0,"spread":0,"streak":0,"rank_m":331524,"pct_m":0.352481},"2023-11":{"txs":0,"uniq":0,"trade":0,"nft":0,"gas":0,"bal":0.000001,"days":0,"spread":0,"streak":0,"rank_m":350101,"pct_m":0.372233},"2023-12":{"txs":0,"uniq":0,"trade":0,"nft":0,"gas":0,"bal":0.000001,"days":0,"spread":0,"streak":0,"rank_m":373332,"pct_m":0.396932},"2024-01":{"txs":0,"uniq":0,"trade":0,"nft":0,"gas":0,"bal":0.000001,"days":0,"spread":0,"streak":0,"rank_m":393174,"pct_m":0.418029},"2024-02":{"txs":0,"uniq":0,"trade":0,"nft":0,"gas":0,"bal":0.000001,"days":0,"spread":0,"streak":0,"rank_m":438244,"pct_m":0.465948},"2024-03":{"txs":0,"uniq":0,"trade":0,"nft":0,"gas":0,"bal":0.000001,"days":0,"spread":0,"streak":0,"rank_m":509909,"pct_m":0.542143},"2024-04":{"txs":17,"uniq":10,"trade":3,"nft":2,"gas":0.000043,"bal":0.009621,"days":9,"spread":0.3,"streak":2,"rank_m":151554,"pct_m":0.161134,"gas_method":"estimated"},"2024-05":{"txs":24,"uniq":13,"trade":0,"nft":6,"gas":0.00002,"bal":0.011489,"days":7,"spread":0.225806,"streak":2,"rank_m":122437,"pct_m":0.130176,"gas_method":"estimated"},"2024-06":{"txs":9,"uniq":4,"trade":0,"nft":2,"gas":0,"bal":0.01808,"days":4,"spread":0.133333,"streak":1,"rank_m":219747,"pct_m":0.233638,"gas_method":"estimated"},"2024-07":{"txs":1,"uniq":1,"trade":0,"nft":1,"gas":0,"bal":0.047796,"days":1,"spread":0.032258,"streak":1,"rank_m":321535,"pct_m":0.341861,"gas_method":"estimated"},"2024-08":{"txs":0,"uniq":0,"trade":0,"nft":0,"gas":0,"bal":0.047796,"days":0,"spread":0,"streak":0,"rank_m":475538,"pct_m":0.505599},"2024-09":{"txs":1,"uniq":1,"trade":0,"nft":0,"gas":0,"bal":0.057869,"days":1,"spread":0.033333,"streak":1,"rank_m":299477,"pct_m":0.318408,"gas_method":"estimated"},"2024-10":{"txs":4,"uniq":4,"trade":1,"nft":1,"gas":0,"bal":0.053162,"days":2,"spread":0.064516,"streak":1,"rank_m":210414,"pct_m":0.223715,"gas_method":"estimated"},"2024-11":{"txs":3,"uniq":3,"trade":1,"nft":0,"gas":0.000007,"bal":0.045952,"days":3,"spread":0.1,"streak":1,"rank_m":281008,"pct_m":0.298772,"gas_method":"exact"},"2024-12":{"txs":12,"uniq":8,"trade":0,"nft":1,"gas":0.000265,"bal":0.043124,"days":3,"spread":0.096774,"streak":1,"rank_m":246913,"pct_m":0.262521,"gas_method":"exact"},"2025-01":{"txs":6,"uniq":3,"trade":1,"nft":0,"gas":0.00013,"bal":0.043754,"days":5,"spread":0.16129,"streak":2,"rank_m":226263,"pct_m":0.240566,"gas_method":"exact"},"2025-02":{"txs":6,"uniq":4,"trade":0,"nft":0,"gas":0.000042,"bal":0.023666,"days":2,"spread":0.071429,"streak":1,"rank_m":283378,"pct_m":0.301291,"gas_method":"exact"},"2025-03":{"txs":5,"uniq":4,"trade":1,"nft":0,"gas":0.00004,"bal":0.021151,"days":4,"spread":0.129032,"streak":1,"rank_m":206559,"pct_m":0.219616,"gas_method":"exact"},"2025-04":{"txs":7,"uniq":6,"trade":1,"nft":0,"gas":0.000042,"bal":0.020946,"days":2,"spread":0.066667,"streak":1,"rank_m":204824,"pct_m":0.217771,"gas_method":"exact"},"2025-05":{"txs":2,"uniq":2,"trade":0,"nft":0,"gas":0.000014,"bal":0.019246,"days":2,"spread":0.064516,"streak":1,"rank_m":235963,"pct_m":0.250879,"gas_method":"estimated"},"2025-06":{"txs":51,"uniq":15,"trade":0,"nft":0,"gas":0.000359,"bal":0.017715,"days":10,"spread":0.333333,"streak":4,"rank_m":53571,"pct_m":0.056957,"gas_method":"estimated"},"2025-07":{"txs":43,"uniq":11,"trade":2,"nft":0,"gas":0.000303,"bal":0.026614,"days":9,"spread":0.290323,"streak":2,"rank_m":40189,"pct_m":0.042729,"gas_method":"estimated"},"2025-08":{"txs":38,"uniq":11,"trade":0,"nft":0,"gas":0.000267,"bal":0.026956,"days":13,"spread":0.419355,"streak":3,"rank_m":40644,"pct_m":0.043212,"gas_method":"estimated"},"2025-09":{"txs":27,"uniq":10,"trade":0,"nft":1,"gas":0.00019,"bal":0.025228,"days":12,"spread":0.4,"streak":2,"rank_m":43252,"pct_m":0.045985,"gas_method":"estimated"},"2025-10":{"txs":6,"uniq":1,"trade":0,"nft":0,"gas":0.000042,"bal":0.024438,"days":4,"spread":0.129032,"streak":2,"rank_m":103758,"pct_m":0.110316,"gas_method":"estimated"}}}