{"wallet":"0x66f39c9cb386d2774cd0314a2d578f2165e7994d","rank":516056,"lifetime":{"months_active":16,"first":"2023-07","last":"2025-10","tx_sum":143,"uniq_sum":61,"trade_sum":1,"nft_sum":23,"gas_sum":0.000895,"avg_balance_eth_mean":0.004281,"streak_best_days":11,"gas_sum_filled":0.000895},"months":{"2023-07":{"txs":0,"uniq":0,"trade":0,"nft":0,"gas":0,"bal":0,"days":0,"spread":0,"streak":0,"rank_m":583045,"pct_m":0.619903},"2023-08":{"txs":0,"uniq":0,"trade":0,"nft":0,"gas":0,"bal":0,"days":0,"spread":0,"streak":0,"rank_m":629291,"pct_m":0.669072},"2023-09":{"txs":0,"uniq":0,"trade":0,"nft":0,"gas":0,"bal":0,"days":0,"spread":0,"streak":0,"rank_m":641673,"pct_m":0.682237},"2023-10":{"txs":0,"uniq":0,"trade":0,"nft":0,"gas":0,"bal":0,"days":0,"spread":0,"streak":0,"rank_m":651662,"pct_m":0.692858},"2023-11":{"txs":5,"uniq":3,"trade":0,"nft":2,"gas":0.000071,"bal":0.008664,"days":2,"spread":0.066667,"streak":1,"rank_m":58424,"pct_m":0.062116,"gas_method":"exact"},"2023-12":{"txs":2,"uniq":2,"trade":0,"nft":0,"gas":0.000099,"bal":0.00823,"days":2,"spread":0.064516,"streak":1,"rank_m":113323,"pct_m":0.120486,"gas_method":"estimated"},"2024-01":{"txs":3,"uniq":3,"trade":0,"nft":0,"gas":0.000047,"bal":0.004595,"days":3,"spread":0.096774,"streak":2,"rank_m":93512,"pct_m":0.099423,"gas_method":"exact"},"2024-02":{"txs":1,"uniq":1,"trade":0,"nft":0,"gas":0.000026,"bal":0.000848,"days":1,"spread":0.034483,"streak":1,"rank_m":263895,"pct_m":0.280577,"gas_method":"estimated"},"2024-03":{"txs":1,"uniq":1,"trade":0,"nft":1,"gas":0.000151,"bal":0.000706,"days":1,"spread":0.032258,"streak":1,"rank_m":307958,"pct_m":0.327425,"gas_method":"exact"},"2024-04":{"txs":2,"uniq":2,"trade":0,"nft":1,"gas":0.00001,"bal":0.000671,"days":2,"spread":0.066667,"streak":1,"rank_m":423619,"pct_m":0.450398,"gas_method":"estimated"},"2024-05":{"txs":25,"uniq":3,"trade":0,"nft":0,"gas":0.00004,"bal":0.000561,"days":1,"spread":0.032258,"streak":1,"rank_m":425133,"pct_m":0.452008,"gas_method":"estimated"},"2024-06":{"txs":0,"uniq":0,"trade":0,"nft":0,"gas":0,"bal":0.000561,"days":0,"spread":0,"streak":0,"rank_m":581110,"pct_m":0.617845},"2024-07":{"txs":14,"uniq":9,"trade":0,"nft":7,"gas":0.000003,"bal":0.008838,"days":7,"spread":0.225806,"streak":2,"rank_m":126368,"pct_m":0.134356,"gas_method":"estimated"},"2024-08":{"txs":11,"uniq":11,"trade":0,"nft":12,"gas":0.000002,"bal":0.010436,"days":5,"spread":0.16129,"streak":2,"rank_m":154342,"pct_m":0.164098,"gas_method":"estimated"},"2024-09":{"txs":13,"uniq":5,"trade":1,"nft":0,"gas":0.000001,"bal":0.010049,"days":3,"spread":0.1,"streak":1,"rank_m":156903,"pct_m":0.166821,"gas_method":"estimated"},"2024-10":{"txs":1,"uniq":1,"trade":0,"nft":0,"gas":0,"bal":0.010025,"days":1,"spread":0.032258,"streak":1,"rank_m":409798,"pct_m":0.435703,"gas_method":"estimated"},"2024-11":{"txs":0,"uniq":0,"trade":0,"nft":0,"gas":0,"bal":0.010025,"days":0,"spread":0,"streak":0,"rank_m":558311,"pct_m":0.593605},"2024-12":{"txs":5,"uniq":4,"trade":0,"nft":0,"gas":0.00011,"bal":0.010014,"days":1,"spread":0.032258,"streak":1,"rank_m":421550,"pct_m":0.448198,"gas_method":"exact"},"2025-01":{"txs":2,"uniq":1,"trade":0,"nft":0,"gas":0.000026,"bal":0.007993,"days":1,"spread":0.032258,"streak":1,"rank_m":485450,"pct_m":0.516138,"gas_method":"exact"},"2025-02":{"txs":0,"uniq":0,"trade":0,"nft":0,"gas":0,"bal":0.007993,"days":0,"spread":0,"streak":0,"rank_m":610737,"pct_m":0.649345},"2025-03":{"txs":0,"uniq":0,"trade":0,"nft":0,"gas":0,"bal":0.007993,"days":0,"spread":0,"streak":0,"rank_m":595071,"pct_m":0.632689},"2025-04":{"txs":39,"uniq":7,"trade":0,"nft":0,"gas":0.000175,"bal":0.001555,"days":11,"spread":0.366667,"streak":11,"rank_m":94608,"pct_m":0.100588,"gas_method":"exact"},"2025-05":{"txs":14,"uniq":7,"trade":0,"nft":0,"gas":0.000099,"bal":0.003987,"days":7,"spread":0.225806,"streak":5,"rank_m":155743,"pct_m":0.165588,"gas_method":"estimated"},"2025-06":{"txs":5,"uniq":1,"trade":0,"nft":0,"gas":0.000035,"bal":0.001227,"days":2,"spread":0.066667,"streak":1,"rank_m":493517,"pct_m":0.524715,"gas_method":"estimated"},"2025-07":{"txs":0,"uniq":0,"trade":0,"nft":0,"gas":0,"bal":0.001227,"days":0,"spread":0,"streak":0,"rank_m":713119,"pct_m":0.7582},"2025-08":{"txs":0,"uniq":0,"trade":0,"nft":0,"gas":0,"bal":0.001227,"days":0,"spread":0,"streak":0,"rank_m":695645,"pct_m":0.739621},"2025-09":{"txs":0,"uniq":0,"trade":0,"nft":0,"gas":0,"bal":0.001227,"days":0,"spread":0,"streak":0,"rank_m":679316,"pct_m":0.72226},"2025-10":{"txs":0,"uniq":0,"trade":0,"nft":0,"gas":0,"bal":0.001227,"days":0,"spread":0,"streak":0,"rank_m":613811,"pct_m":0.652614}}}