{"wallet":"0x66f2fc396eca4c8bbff7fc5953c8fd5a6c7a15dd","rank":131563,"lifetime":{"months_active":23,"first":"2023-07","last":"2025-10","tx_sum":750,"uniq_sum":198,"trade_sum":42,"nft_sum":48,"gas_sum":0.00533,"avg_balance_eth_mean":0.000343,"streak_best_days":6,"gas_sum_filled":0.00533},"months":{"2023-07":{"txs":0,"uniq":0,"trade":0,"nft":0,"gas":0,"bal":0,"days":0,"spread":0,"streak":0,"rank_m":583052,"pct_m":0.61991},"2023-08":{"txs":0,"uniq":0,"trade":0,"nft":0,"gas":0,"bal":0,"days":0,"spread":0,"streak":0,"rank_m":629298,"pct_m":0.66908},"2023-09":{"txs":0,"uniq":0,"trade":0,"nft":0,"gas":0,"bal":0,"days":0,"spread":0,"streak":0,"rank_m":641680,"pct_m":0.682245},"2023-10":{"txs":8,"uniq":7,"trade":0,"nft":0,"gas":0.000053,"bal":0.000011,"days":1,"spread":0.032258,"streak":1,"rank_m":142336,"pct_m":0.151333,"gas_method":"estimated"},"2023-11":{"txs":23,"uniq":6,"trade":0,"nft":0,"gas":0.000262,"bal":0.001511,"days":2,"spread":0.066667,"streak":2,"rank_m":83706,"pct_m":0.088997,"gas_method":"estimated"},"2023-12":{"txs":0,"uniq":0,"trade":0,"nft":0,"gas":0,"bal":0.001511,"days":0,"spread":0,"streak":0,"rank_m":299253,"pct_m":0.31817},"2024-01":{"txs":59,"uniq":11,"trade":11,"nft":5,"gas":0.00005,"bal":0.001603,"days":6,"spread":0.193548,"streak":4,"rank_m":28775,"pct_m":0.030593,"gas_method":"exact"},"2024-02":{"txs":23,"uniq":7,"trade":0,"nft":1,"gas":0.000258,"bal":0.000029,"days":1,"spread":0.034483,"streak":1,"rank_m":225432,"pct_m":0.239682,"gas_method":"estimated"},"2024-03":{"txs":40,"uniq":18,"trade":6,"nft":6,"gas":0.000673,"bal":0.00021,"days":6,"spread":0.193548,"streak":3,"rank_m":149894,"pct_m":0.159369,"gas_method":"estimated"},"2024-04":{"txs":73,"uniq":20,"trade":13,"nft":8,"gas":0.000658,"bal":0.000671,"days":12,"spread":0.4,"streak":3,"rank_m":81839,"pct_m":0.087012,"gas_method":"exact"},"2024-05":{"txs":18,"uniq":8,"trade":0,"nft":3,"gas":0.000012,"bal":0.000586,"days":5,"spread":0.16129,"streak":3,"rank_m":284905,"pct_m":0.302915,"gas_method":"estimated"},"2024-06":{"txs":13,"uniq":4,"trade":0,"nft":0,"gas":0.000001,"bal":0.000764,"days":5,"spread":0.166667,"streak":3,"rank_m":250438,"pct_m":0.266269,"gas_method":"exact"},"2024-07":{"txs":0,"uniq":0,"trade":0,"nft":0,"gas":0,"bal":0.000764,"days":0,"spread":0,"streak":0,"rank_m":580916,"pct_m":0.617639},"2024-08":{"txs":18,"uniq":4,"trade":0,"nft":0,"gas":0.000001,"bal":0.000193,"days":3,"spread":0.096774,"streak":2,"rank_m":418659,"pct_m":0.445125,"gas_method":"estimated"},"2024-09":{"txs":11,"uniq":4,"trade":3,"nft":1,"gas":0,"bal":0.000107,"days":3,"spread":0.1,"streak":1,"rank_m":331490,"pct_m":0.352445,"gas_method":"estimated"},"2024-10":{"txs":82,"uniq":16,"trade":2,"nft":11,"gas":0.000005,"bal":0.000106,"days":10,"spread":0.322581,"streak":3,"rank_m":201791,"pct_m":0.214547,"gas_method":"estimated"},"2024-11":{"txs":22,"uniq":6,"trade":0,"nft":1,"gas":0.000051,"bal":0.000205,"days":7,"spread":0.233333,"streak":3,"rank_m":241909,"pct_m":0.257201,"gas_method":"exact"},"2024-12":{"txs":25,"uniq":12,"trade":2,"nft":0,"gas":0.000551,"bal":0.000168,"days":8,"spread":0.258065,"streak":4,"rank_m":214979,"pct_m":0.228568,"gas_method":"exact"},"2025-01":{"txs":27,"uniq":9,"trade":1,"nft":0,"gas":0.000623,"bal":0.00033,"days":7,"spread":0.225806,"streak":2,"rank_m":219059,"pct_m":0.232906,"gas_method":"exact"},"2025-02":{"txs":13,"uniq":10,"trade":0,"nft":1,"gas":0.000084,"bal":0.000315,"days":7,"spread":0.25,"streak":2,"rank_m":212436,"pct_m":0.225865,"gas_method":"exact"},"2025-03":{"txs":2,"uniq":1,"trade":0,"nft":0,"gas":0.000016,"bal":0.000012,"days":1,"spread":0.032258,"streak":1,"rank_m":513130,"pct_m":0.545568,"gas_method":"exact"},"2025-04":{"txs":18,"uniq":7,"trade":2,"nft":1,"gas":0.000097,"bal":0.000087,"days":5,"spread":0.166667,"streak":2,"rank_m":229241,"pct_m":0.243732,"gas_method":"exact"},"2025-05":{"txs":25,"uniq":6,"trade":0,"nft":1,"gas":0.000176,"bal":0.000082,"days":4,"spread":0.129032,"streak":2,"rank_m":339367,"pct_m":0.36082,"gas_method":"estimated"},"2025-06":{"txs":11,"uniq":3,"trade":0,"nft":0,"gas":0.000077,"bal":0.000033,"days":3,"spread":0.1,"streak":2,"rank_m":591060,"pct_m":0.628424,"gas_method":"estimated"},"2025-07":{"txs":167,"uniq":18,"trade":2,"nft":1,"gas":0.001175,"bal":0.00008,"days":13,"spread":0.419355,"streak":6,"rank_m":226263,"pct_m":0.240566,"gas_method":"estimated"},"2025-08":{"txs":26,"uniq":12,"trade":0,"nft":7,"gas":0.000183,"bal":0.000096,"days":5,"spread":0.16129,"streak":1,"rank_m":368980,"pct_m":0.392305,"gas_method":"estimated"},"2025-09":{"txs":6,"uniq":2,"trade":0,"nft":1,"gas":0.000042,"bal":0.000065,"days":1,"spread":0.033333,"streak":1,"rank_m":528542,"pct_m":0.561954,"gas_method":"estimated"},"2025-10":{"txs":40,"uniq":7,"trade":0,"nft":0,"gas":0.000282,"bal":0.000073,"days":7,"spread":0.225806,"streak":3,"rank_m":351959,"pct_m":0.374208,"gas_method":"estimated"}}}