{"wallet":"0x6656f31e29b05f27d55afa6d7b8299762038705d","rank":99848,"lifetime":{"months_active":16,"first":"2023-07","last":"2025-10","tx_sum":1030,"uniq_sum":268,"trade_sum":72,"nft_sum":100,"gas_sum":0.00232,"avg_balance_eth_mean":0.001141,"streak_best_days":12,"gas_sum_filled":0.00232},"months":{"2023-07":{"txs":0,"uniq":0,"trade":0,"nft":0,"gas":0,"bal":0,"days":0,"spread":0,"streak":0,"rank_m":585201,"pct_m":0.622195},"2023-08":{"txs":0,"uniq":0,"trade":0,"nft":0,"gas":0,"bal":0,"days":0,"spread":0,"streak":0,"rank_m":631178,"pct_m":0.671079},"2023-09":{"txs":0,"uniq":0,"trade":0,"nft":0,"gas":0,"bal":0,"days":0,"spread":0,"streak":0,"rank_m":643486,"pct_m":0.684165},"2023-10":{"txs":0,"uniq":0,"trade":0,"nft":0,"gas":0,"bal":0,"days":0,"spread":0,"streak":0,"rank_m":653412,"pct_m":0.694718},"2023-11":{"txs":0,"uniq":0,"trade":0,"nft":0,"gas":0,"bal":0,"days":0,"spread":0,"streak":0,"rank_m":662181,"pct_m":0.704042},"2023-12":{"txs":0,"uniq":0,"trade":0,"nft":0,"gas":0,"bal":0,"days":0,"spread":0,"streak":0,"rank_m":672808,"pct_m":0.71534},"2024-01":{"txs":0,"uniq":0,"trade":0,"nft":0,"gas":0,"bal":0,"days":0,"spread":0,"streak":0,"rank_m":682259,"pct_m":0.725389},"2024-02":{"txs":0,"uniq":0,"trade":0,"nft":0,"gas":0,"bal":0,"days":0,"spread":0,"streak":0,"rank_m":702621,"pct_m":0.747038},"2024-03":{"txs":3,"uniq":2,"trade":0,"nft":1,"gas":0.000032,"bal":0.000561,"days":1,"spread":0.032258,"streak":1,"rank_m":336712,"pct_m":0.357997,"gas_method":"estimated"},"2024-04":{"txs":106,"uniq":37,"trade":4,"nft":22,"gas":0.000141,"bal":0.002035,"days":8,"spread":0.266667,"streak":7,"rank_m":98736,"pct_m":0.104977,"gas_method":"estimated"},"2024-05":{"txs":134,"uniq":39,"trade":7,"nft":19,"gas":0.000013,"bal":0.002042,"days":17,"spread":0.548387,"streak":5,"rank_m":36744,"pct_m":0.039066,"gas_method":"exact"},"2024-06":{"txs":259,"uniq":51,"trade":30,"nft":20,"gas":0.000005,"bal":0.001092,"days":21,"spread":0.7,"streak":11,"rank_m":25576,"pct_m":0.027192,"gas_method":"exact"},"2024-07":{"txs":180,"uniq":53,"trade":12,"nft":25,"gas":0.000002,"bal":0.000498,"days":16,"spread":0.516129,"streak":4,"rank_m":43206,"pct_m":0.045936,"gas_method":"exact"},"2024-08":{"txs":18,"uniq":9,"trade":0,"nft":7,"gas":0.000001,"bal":0.002013,"days":6,"spread":0.193548,"streak":3,"rank_m":206890,"pct_m":0.219968,"gas_method":"estimated"},"2024-09":{"txs":25,"uniq":9,"trade":1,"nft":4,"gas":0.000001,"bal":0.007214,"days":8,"spread":0.266667,"streak":1,"rank_m":101353,"pct_m":0.107759,"gas_method":"estimated"},"2024-10":{"txs":67,"uniq":9,"trade":6,"nft":2,"gas":0.000002,"bal":0.000408,"days":11,"spread":0.354839,"streak":3,"rank_m":180123,"pct_m":0.191509,"gas_method":"estimated"},"2024-11":{"txs":124,"uniq":17,"trade":5,"nft":0,"gas":0.000281,"bal":0.004159,"days":21,"spread":0.7,"streak":6,"rank_m":32310,"pct_m":0.034352,"gas_method":"exact"},"2024-12":{"txs":19,"uniq":9,"trade":3,"nft":0,"gas":0.000419,"bal":0.000996,"days":5,"spread":0.16129,"streak":2,"rank_m":236223,"pct_m":0.251155,"gas_method":"exact"},"2025-01":{"txs":40,"uniq":9,"trade":2,"nft":0,"gas":0.001039,"bal":0.000865,"days":10,"spread":0.322581,"streak":2,"rank_m":149425,"pct_m":0.15887,"gas_method":"exact"},"2025-02":{"txs":8,"uniq":5,"trade":1,"nft":0,"gas":0.000056,"bal":0.000543,"days":3,"spread":0.107143,"streak":1,"rank_m":307098,"pct_m":0.326511,"gas_method":"exact"},"2025-03":{"txs":0,"uniq":0,"trade":0,"nft":0,"gas":0,"bal":0.000543,"days":0,"spread":0,"streak":0,"rank_m":722846,"pct_m":0.768542},"2025-04":{"txs":2,"uniq":2,"trade":0,"nft":0,"gas":0.000012,"bal":0.000013,"days":1,"spread":0.033333,"streak":1,"rank_m":550961,"pct_m":0.585791,"gas_method":"exact"},"2025-05":{"txs":37,"uniq":10,"trade":1,"nft":0,"gas":0.00026,"bal":0.001479,"days":5,"spread":0.16129,"streak":5,"rank_m":129144,"pct_m":0.137307,"gas_method":"estimated"},"2025-06":{"txs":0,"uniq":0,"trade":0,"nft":0,"gas":0,"bal":0.001479,"days":0,"spread":0,"streak":0,"rank_m":682760,"pct_m":0.725922},"2025-07":{"txs":4,"uniq":4,"trade":0,"nft":0,"gas":0.000028,"bal":0.001581,"days":1,"spread":0.032258,"streak":1,"rank_m":478434,"pct_m":0.508679,"gas_method":"estimated"},"2025-08":{"txs":0,"uniq":0,"trade":0,"nft":0,"gas":0,"bal":0.001581,"days":0,"spread":0,"streak":0,"rank_m":678424,"pct_m":0.721311},"2025-09":{"txs":4,"uniq":3,"trade":0,"nft":0,"gas":0.000028,"bal":0.001429,"days":1,"spread":0.033333,"streak":1,"rank_m":455015,"pct_m":0.483779,"gas_method":"estimated"},"2025-10":{"txs":0,"uniq":0,"trade":0,"nft":0,"gas":0,"bal":0.001429,"days":0,"spread":0,"streak":0,"rank_m":603021,"pct_m":0.641142}}}