{"wallet":"0x6641fd7d854a718a38ea01a52d379276a340d23c","rank":59673,"lifetime":{"months_active":19,"first":"2023-07","last":"2025-10","tx_sum":506,"uniq_sum":153,"trade_sum":195,"nft_sum":49,"gas_sum":0.005864,"avg_balance_eth_mean":0.016873,"streak_best_days":6,"gas_sum_filled":0.005864},"months":{"2023-07":{"txs":0,"uniq":0,"trade":0,"nft":0,"gas":0,"bal":0,"days":0,"spread":0,"streak":0,"rank_m":585464,"pct_m":0.622475},"2023-08":{"txs":0,"uniq":0,"trade":0,"nft":0,"gas":0,"bal":0,"days":0,"spread":0,"streak":0,"rank_m":631399,"pct_m":0.671314},"2023-09":{"txs":0,"uniq":0,"trade":0,"nft":0,"gas":0,"bal":0,"days":0,"spread":0,"streak":0,"rank_m":643705,"pct_m":0.684398},"2023-10":{"txs":1,"uniq":0,"trade":0,"nft":0,"gas":0.000013,"bal":0.00128,"days":1,"spread":0.032258,"streak":1,"rank_m":145755,"pct_m":0.154968,"gas_method":"estimated"},"2023-11":{"txs":4,"uniq":4,"trade":0,"nft":4,"gas":0.000088,"bal":0.006345,"days":2,"spread":0.066667,"streak":1,"rank_m":67089,"pct_m":0.071329,"gas_method":"estimated"},"2023-12":{"txs":9,"uniq":1,"trade":0,"nft":0,"gas":0.000372,"bal":0.003764,"days":2,"spread":0.064516,"streak":1,"rank_m":119598,"pct_m":0.127158,"gas_method":"estimated"},"2024-01":{"txs":10,"uniq":3,"trade":0,"nft":1,"gas":0.00032,"bal":0.001514,"days":4,"spread":0.129032,"streak":3,"rank_m":65165,"pct_m":0.069284,"gas_method":"exact"},"2024-02":{"txs":38,"uniq":10,"trade":9,"nft":4,"gas":0.000826,"bal":0.014996,"days":10,"spread":0.344828,"streak":5,"rank_m":15277,"pct_m":0.016242,"gas_method":"estimated"},"2024-03":{"txs":17,"uniq":5,"trade":2,"nft":0,"gas":0.000554,"bal":0.032186,"days":5,"spread":0.16129,"streak":2,"rank_m":100598,"pct_m":0.106957,"gas_method":"estimated"},"2024-04":{"txs":17,"uniq":6,"trade":4,"nft":1,"gas":0.000068,"bal":0.013988,"days":4,"spread":0.133333,"streak":1,"rank_m":209684,"pct_m":0.222939,"gas_method":"estimated"},"2024-05":{"txs":1,"uniq":1,"trade":0,"nft":1,"gas":0.000001,"bal":0.015248,"days":1,"spread":0.032258,"streak":1,"rank_m":367784,"pct_m":0.391033,"gas_method":"estimated"},"2024-06":{"txs":4,"uniq":4,"trade":1,"nft":0,"gas":0,"bal":0.011007,"days":1,"spread":0.033333,"streak":1,"rank_m":283405,"pct_m":0.30132,"gas_method":"estimated"},"2024-07":{"txs":0,"uniq":0,"trade":0,"nft":0,"gas":0,"bal":0.011007,"days":0,"spread":0,"streak":0,"rank_m":503731,"pct_m":0.535575},"2024-08":{"txs":39,"uniq":36,"trade":0,"nft":35,"gas":0.000006,"bal":0.00745,"days":3,"spread":0.096774,"streak":3,"rank_m":97618,"pct_m":0.103788,"gas_method":"estimated"},"2024-09":{"txs":2,"uniq":2,"trade":0,"nft":0,"gas":0,"bal":0.014405,"days":2,"spread":0.066667,"streak":1,"rank_m":293924,"pct_m":0.312504,"gas_method":"estimated"},"2024-10":{"txs":2,"uniq":2,"trade":0,"nft":2,"gas":0,"bal":0.015445,"days":1,"spread":0.032258,"streak":1,"rank_m":327650,"pct_m":0.348362,"gas_method":"estimated"},"2024-11":{"txs":13,"uniq":2,"trade":0,"nft":0,"gas":0.000028,"bal":0.026562,"days":3,"spread":0.1,"streak":2,"rank_m":247575,"pct_m":0.263225,"gas_method":"exact"},"2024-12":{"txs":56,"uniq":4,"trade":0,"nft":0,"gas":0.001014,"bal":0.005967,"days":10,"spread":0.322581,"streak":5,"rank_m":147194,"pct_m":0.156498,"gas_method":"exact"},"2025-01":{"txs":42,"uniq":5,"trade":0,"nft":0,"gas":0.001039,"bal":0.010379,"days":8,"spread":0.258065,"streak":6,"rank_m":107864,"pct_m":0.114682,"gas_method":"exact"},"2025-02":{"txs":6,"uniq":4,"trade":0,"nft":0,"gas":0.000042,"bal":0.010357,"days":4,"spread":0.142857,"streak":1,"rank_m":273149,"pct_m":0.290416,"gas_method":"exact"},"2025-03":{"txs":0,"uniq":0,"trade":0,"nft":0,"gas":0,"bal":0.010357,"days":0,"spread":0,"streak":0,"rank_m":584181,"pct_m":0.621111},"2025-04":{"txs":219,"uniq":50,"trade":157,"nft":0,"gas":0.00131,"bal":0.031166,"days":10,"spread":0.333333,"streak":4,"rank_m":3035,"pct_m":0.003226,"gas_method":"exact"},"2025-05":{"txs":23,"uniq":13,"trade":22,"nft":0,"gas":0.000162,"bal":0.043957,"days":5,"spread":0.16129,"streak":1,"rank_m":44904,"pct_m":0.047742,"gas_method":"estimated"},"2025-06":{"txs":0,"uniq":0,"trade":0,"nft":0,"gas":0,"bal":0.043957,"days":0,"spread":0,"streak":0,"rank_m":442834,"pct_m":0.470828},"2025-07":{"txs":3,"uniq":1,"trade":0,"nft":1,"gas":0.000021,"bal":0.035276,"days":1,"spread":0.032258,"streak":1,"rank_m":277404,"pct_m":0.29494,"gas_method":"estimated"},"2025-08":{"txs":0,"uniq":0,"trade":0,"nft":0,"gas":0,"bal":0.035276,"days":0,"spread":0,"streak":0,"rank_m":446360,"pct_m":0.474577},"2025-09":{"txs":0,"uniq":0,"trade":0,"nft":0,"gas":0,"bal":0.035276,"days":0,"spread":0,"streak":0,"rank_m":442629,"pct_m":0.47061},"2025-10":{"txs":0,"uniq":0,"trade":0,"nft":0,"gas":0,"bal":0.035276,"days":0,"spread":0,"streak":0,"rank_m":349616,"pct_m":0.371717}}}