{"wallet":"0x666c76014e5efa43c4741abb017cb174a9c1d6c6","rank":310596,"lifetime":{"months_active":19,"first":"2023-07","last":"2025-10","tx_sum":152,"uniq_sum":114,"trade_sum":0,"nft_sum":78,"gas_sum":0.005855,"avg_balance_eth_mean":0.002277,"streak_best_days":11,"gas_sum_filled":0.005855},"months":{"2023-07":{"txs":0,"uniq":0,"trade":0,"nft":0,"gas":0,"bal":0,"days":0,"spread":0,"streak":0,"rank_m":584895,"pct_m":0.62187},"2023-08":{"txs":73,"uniq":56,"trade":0,"nft":56,"gas":0.005288,"bal":0.003454,"days":19,"spread":0.612903,"streak":10,"rank_m":11890,"pct_m":0.012641,"gas_method":"exact"},"2023-09":{"txs":5,"uniq":5,"trade":0,"nft":5,"gas":0.000102,"bal":0.000757,"days":4,"spread":0.133333,"streak":2,"rank_m":66988,"pct_m":0.071222,"gas_method":"exact"},"2023-10":{"txs":2,"uniq":1,"trade":0,"nft":2,"gas":0.000008,"bal":0.000652,"days":2,"spread":0.064516,"streak":1,"rank_m":108051,"pct_m":0.114881,"gas_method":"exact"},"2023-11":{"txs":2,"uniq":2,"trade":0,"nft":1,"gas":0.000025,"bal":0.000576,"days":2,"spread":0.066667,"streak":1,"rank_m":129034,"pct_m":0.13719,"gas_method":"estimated"},"2023-12":{"txs":0,"uniq":0,"trade":0,"nft":0,"gas":0,"bal":0.000576,"days":0,"spread":0,"streak":0,"rank_m":327177,"pct_m":0.347859},"2024-01":{"txs":0,"uniq":0,"trade":0,"nft":0,"gas":0,"bal":0.000576,"days":0,"spread":0,"streak":0,"rank_m":339066,"pct_m":0.3605},"2024-02":{"txs":0,"uniq":0,"trade":0,"nft":0,"gas":0,"bal":0.000576,"days":0,"spread":0,"streak":0,"rank_m":386648,"pct_m":0.41109},"2024-03":{"txs":4,"uniq":3,"trade":0,"nft":0,"gas":0.000073,"bal":0.002247,"days":1,"spread":0.032258,"streak":1,"rank_m":310199,"pct_m":0.329808,"gas_method":"estimated"},"2024-04":{"txs":6,"uniq":4,"trade":0,"nft":2,"gas":0.000013,"bal":0.006224,"days":5,"spread":0.166667,"streak":2,"rank_m":291111,"pct_m":0.309513,"gas_method":"estimated"},"2024-05":{"txs":7,"uniq":5,"trade":0,"nft":5,"gas":0.000005,"bal":0.002465,"days":5,"spread":0.16129,"streak":2,"rank_m":282083,"pct_m":0.299915,"gas_method":"estimated"},"2024-06":{"txs":5,"uniq":4,"trade":0,"nft":2,"gas":0,"bal":0.002398,"days":4,"spread":0.133333,"streak":1,"rank_m":336950,"pct_m":0.35825,"gas_method":"estimated"},"2024-07":{"txs":8,"uniq":6,"trade":0,"nft":2,"gas":0.000001,"bal":0.003015,"days":5,"spread":0.16129,"streak":3,"rank_m":229016,"pct_m":0.243493,"gas_method":"estimated"},"2024-08":{"txs":1,"uniq":1,"trade":0,"nft":0,"gas":0,"bal":0.001373,"days":1,"spread":0.032258,"streak":1,"rank_m":479366,"pct_m":0.509669,"gas_method":"estimated"},"2024-09":{"txs":8,"uniq":4,"trade":0,"nft":2,"gas":0,"bal":0.001368,"days":6,"spread":0.2,"streak":3,"rank_m":239701,"pct_m":0.254853,"gas_method":"estimated"},"2024-10":{"txs":9,"uniq":6,"trade":0,"nft":1,"gas":0.000001,"bal":0.001236,"days":7,"spread":0.225806,"streak":4,"rank_m":276347,"pct_m":0.293816,"gas_method":"estimated"},"2024-11":{"txs":3,"uniq":2,"trade":0,"nft":0,"gas":0.000005,"bal":0.001257,"days":2,"spread":0.066667,"streak":1,"rank_m":447430,"pct_m":0.475715,"gas_method":"exact"},"2024-12":{"txs":0,"uniq":0,"trade":0,"nft":0,"gas":0,"bal":0.001257,"days":0,"spread":0,"streak":0,"rank_m":668571,"pct_m":0.710836},"2025-01":{"txs":12,"uniq":9,"trade":0,"nft":0,"gas":0.000286,"bal":0.003951,"days":6,"spread":0.193548,"streak":2,"rank_m":240312,"pct_m":0.255503,"gas_method":"exact"},"2025-02":{"txs":2,"uniq":2,"trade":0,"nft":0,"gas":0.000014,"bal":0.003523,"days":2,"spread":0.071429,"streak":1,"rank_m":426681,"pct_m":0.453654,"gas_method":"exact"},"2025-03":{"txs":0,"uniq":0,"trade":0,"nft":0,"gas":0,"bal":0.003523,"days":0,"spread":0,"streak":0,"rank_m":631365,"pct_m":0.671277},"2025-04":{"txs":1,"uniq":1,"trade":0,"nft":0,"gas":0.000006,"bal":0.003519,"days":1,"spread":0.033333,"streak":1,"rank_m":483776,"pct_m":0.514358,"gas_method":"exact"},"2025-05":{"txs":0,"uniq":0,"trade":0,"nft":0,"gas":0,"bal":0.003519,"days":0,"spread":0,"streak":0,"rank_m":621737,"pct_m":0.661041},"2025-06":{"txs":1,"uniq":1,"trade":0,"nft":0,"gas":0.000007,"bal":0.003436,"days":1,"spread":0.033333,"streak":1,"rank_m":458009,"pct_m":0.486962,"gas_method":"estimated"},"2025-07":{"txs":0,"uniq":0,"trade":0,"nft":0,"gas":0,"bal":0.003436,"days":0,"spread":0,"streak":0,"rank_m":645467,"pct_m":0.686271},"2025-08":{"txs":1,"uniq":1,"trade":0,"nft":0,"gas":0.000007,"bal":0.003083,"days":1,"spread":0.032258,"streak":1,"rank_m":455043,"pct_m":0.483809,"gas_method":"estimated"},"2025-09":{"txs":2,"uniq":1,"trade":0,"nft":0,"gas":0.000014,"bal":0.002882,"days":1,"spread":0.033333,"streak":1,"rank_m":445073,"pct_m":0.473209,"gas_method":"estimated"},"2025-10":{"txs":0,"uniq":0,"trade":0,"nft":0,"gas":0,"bal":0.002882,"days":0,"spread":0,"streak":0,"rank_m":551831,"pct_m":0.586716}}}