{"wallet":"0x66d7799ea49bd6ef4f210f4da32b58db99e61b5b","rank":114723,"lifetime":{"months_active":22,"first":"2023-07","last":"2025-10","tx_sum":384,"uniq_sum":103,"trade_sum":2,"nft_sum":18,"gas_sum":0.0038,"avg_balance_eth_mean":0.02921,"streak_best_days":12,"gas_sum_filled":0.0038},"months":{"2023-07":{"txs":0,"uniq":0,"trade":0,"nft":0,"gas":0,"bal":0,"days":0,"spread":0,"streak":0,"rank_m":583431,"pct_m":0.620313},"2023-08":{"txs":8,"uniq":5,"trade":0,"nft":3,"gas":0.00035,"bal":0.001049,"days":3,"spread":0.096774,"streak":1,"rank_m":108083,"pct_m":0.114915,"gas_method":"exact"},"2023-09":{"txs":0,"uniq":0,"trade":0,"nft":0,"gas":0,"bal":0.001049,"days":0,"spread":0,"streak":0,"rank_m":276403,"pct_m":0.293876},"2023-10":{"txs":0,"uniq":0,"trade":0,"nft":0,"gas":0,"bal":0.001049,"days":0,"spread":0,"streak":0,"rank_m":283767,"pct_m":0.301705},"2023-11":{"txs":0,"uniq":0,"trade":0,"nft":0,"gas":0,"bal":0.001049,"days":0,"spread":0,"streak":0,"rank_m":291466,"pct_m":0.309891},"2023-12":{"txs":1,"uniq":1,"trade":0,"nft":2,"gas":0.000025,"bal":0.003041,"days":1,"spread":0.032258,"streak":1,"rank_m":135352,"pct_m":0.143908,"gas_method":"estimated"},"2024-01":{"txs":1,"uniq":1,"trade":0,"nft":1,"gas":0.000023,"bal":0.002602,"days":1,"spread":0.032258,"streak":1,"rank_m":154259,"pct_m":0.16401,"gas_method":"estimated"},"2024-02":{"txs":2,"uniq":1,"trade":0,"nft":2,"gas":0.000026,"bal":0.001923,"days":1,"spread":0.034483,"streak":1,"rank_m":219932,"pct_m":0.233835,"gas_method":"estimated"},"2024-03":{"txs":0,"uniq":0,"trade":0,"nft":0,"gas":0,"bal":0.001923,"days":0,"spread":0,"streak":0,"rank_m":419232,"pct_m":0.445734},"2024-04":{"txs":1,"uniq":1,"trade":0,"nft":1,"gas":0.000002,"bal":0.001296,"days":1,"spread":0.033333,"streak":1,"rank_m":426473,"pct_m":0.453433,"gas_method":"estimated"},"2024-05":{"txs":2,"uniq":1,"trade":0,"nft":2,"gas":0.000002,"bal":0.000683,"days":1,"spread":0.032258,"streak":1,"rank_m":446461,"pct_m":0.474684,"gas_method":"estimated"},"2024-06":{"txs":0,"uniq":0,"trade":0,"nft":0,"gas":0,"bal":0.000683,"days":0,"spread":0,"streak":0,"rank_m":573713,"pct_m":0.609981},"2024-07":{"txs":8,"uniq":1,"trade":0,"nft":2,"gas":0.000001,"bal":0.000181,"days":1,"spread":0.032258,"streak":1,"rank_m":446203,"pct_m":0.47441,"gas_method":"estimated"},"2024-08":{"txs":5,"uniq":3,"trade":0,"nft":2,"gas":0.000001,"bal":0.061052,"days":3,"spread":0.096774,"streak":1,"rank_m":222213,"pct_m":0.23626,"gas_method":"exact"},"2024-09":{"txs":1,"uniq":1,"trade":0,"nft":1,"gas":0,"bal":0.299588,"days":1,"spread":0.033333,"streak":1,"rank_m":254057,"pct_m":0.270117,"gas_method":"estimated"},"2024-10":{"txs":9,"uniq":4,"trade":0,"nft":0,"gas":0.000001,"bal":0.197922,"days":4,"spread":0.129032,"streak":2,"rank_m":180675,"pct_m":0.192096,"gas_method":"estimated"},"2024-11":{"txs":15,"uniq":7,"trade":0,"nft":0,"gas":0.000034,"bal":0.041155,"days":5,"spread":0.166667,"streak":2,"rank_m":174477,"pct_m":0.185506,"gas_method":"exact"},"2024-12":{"txs":35,"uniq":7,"trade":0,"nft":0,"gas":0.000772,"bal":0.035337,"days":6,"spread":0.193548,"streak":4,"rank_m":127328,"pct_m":0.135376,"gas_method":"exact"},"2025-01":{"txs":26,"uniq":10,"trade":0,"nft":0,"gas":0.000675,"bal":0.039493,"days":10,"spread":0.322581,"streak":3,"rank_m":85783,"pct_m":0.091205,"gas_method":"exact"},"2025-02":{"txs":15,"uniq":10,"trade":0,"nft":0,"gas":0.000106,"bal":0.007244,"days":6,"spread":0.214286,"streak":2,"rank_m":136692,"pct_m":0.145332,"gas_method":"exact"},"2025-03":{"txs":2,"uniq":1,"trade":0,"nft":0,"gas":0.000016,"bal":0.001466,"days":1,"spread":0.032258,"streak":1,"rank_m":446484,"pct_m":0.474709,"gas_method":"exact"},"2025-04":{"txs":16,"uniq":2,"trade":0,"nft":0,"gas":0.000097,"bal":0.00128,"days":7,"spread":0.233333,"streak":2,"rank_m":227224,"pct_m":0.241588,"gas_method":"exact"},"2025-05":{"txs":1,"uniq":1,"trade":0,"nft":0,"gas":0.000007,"bal":0.000484,"days":1,"spread":0.032258,"streak":1,"rank_m":580833,"pct_m":0.617551,"gas_method":"estimated"},"2025-06":{"txs":41,"uniq":17,"trade":2,"nft":0,"gas":0.000289,"bal":0.011086,"days":13,"spread":0.433333,"streak":4,"rank_m":40729,"pct_m":0.043303,"gas_method":"estimated"},"2025-07":{"txs":44,"uniq":10,"trade":0,"nft":1,"gas":0.00031,"bal":0.023759,"days":13,"spread":0.419355,"streak":2,"rank_m":44875,"pct_m":0.047711,"gas_method":"estimated"},"2025-08":{"txs":23,"uniq":5,"trade":0,"nft":0,"gas":0.000162,"bal":0.019055,"days":8,"spread":0.258065,"streak":1,"rank_m":146466,"pct_m":0.155724,"gas_method":"estimated"},"2025-09":{"txs":88,"uniq":8,"trade":0,"nft":1,"gas":0.000619,"bal":0.023285,"days":15,"spread":0.5,"streak":12,"rank_m":19636,"pct_m":0.020876,"gas_method":"estimated"},"2025-10":{"txs":40,"uniq":6,"trade":0,"nft":0,"gas":0.000282,"bal":0.039152,"days":6,"spread":0.193548,"streak":2,"rank_m":30497,"pct_m":0.032424,"gas_method":"estimated"}}}