{"wallet":"0x66e41cae81ee95d56da2d7d14164119e948bd64f","rank":11614,"lifetime":{"months_active":27,"first":"2023-07","last":"2025-10","tx_sum":704,"uniq_sum":298,"trade_sum":21,"nft_sum":57,"gas_sum":0.019011,"avg_balance_eth_mean":0.0879,"streak_best_days":15,"gas_sum_filled":0.019011},"months":{"2023-07":{"txs":0,"uniq":0,"trade":0,"nft":0,"gas":0,"bal":0,"days":0,"spread":0,"streak":0,"rank_m":583254,"pct_m":0.620125},"2023-08":{"txs":63,"uniq":31,"trade":2,"nft":18,"gas":0.010659,"bal":0.005863,"days":16,"spread":0.516129,"streak":5,"rank_m":10397,"pct_m":0.011053,"gas_method":"exact"},"2023-09":{"txs":39,"uniq":21,"trade":7,"nft":14,"gas":0.001335,"bal":0.05029,"days":19,"spread":0.633333,"streak":7,"rank_m":2260,"pct_m":0.002402,"gas_method":"exact"},"2023-10":{"txs":2,"uniq":2,"trade":0,"nft":0,"gas":0.000111,"bal":0.000132,"days":2,"spread":0.064516,"streak":1,"rank_m":115025,"pct_m":0.122296,"gas_method":"exact"},"2023-11":{"txs":5,"uniq":5,"trade":0,"nft":1,"gas":0.000123,"bal":0.000569,"days":4,"spread":0.133333,"streak":2,"rank_m":93732,"pct_m":0.099656,"gas_method":"estimated"},"2023-12":{"txs":3,"uniq":2,"trade":0,"nft":2,"gas":0.000138,"bal":0.001357,"days":3,"spread":0.096774,"streak":1,"rank_m":119008,"pct_m":0.12653,"gas_method":"estimated"},"2024-01":{"txs":5,"uniq":5,"trade":0,"nft":1,"gas":0.000172,"bal":0.000653,"days":4,"spread":0.129032,"streak":1,"rank_m":97533,"pct_m":0.103698,"gas_method":"exact"},"2024-02":{"txs":8,"uniq":5,"trade":0,"nft":1,"gas":0.000194,"bal":0.002199,"days":4,"spread":0.137931,"streak":2,"rank_m":137959,"pct_m":0.146679,"gas_method":"estimated"},"2024-03":{"txs":6,"uniq":6,"trade":0,"nft":1,"gas":0.000126,"bal":0.008082,"days":5,"spread":0.16129,"streak":1,"rank_m":179773,"pct_m":0.191137,"gas_method":"exact"},"2024-04":{"txs":12,"uniq":10,"trade":0,"nft":0,"gas":0.000054,"bal":0.014706,"days":6,"spread":0.2,"streak":3,"rank_m":212419,"pct_m":0.225847,"gas_method":"estimated"},"2024-05":{"txs":10,"uniq":8,"trade":0,"nft":4,"gas":0.000019,"bal":0.022927,"days":8,"spread":0.258065,"streak":2,"rank_m":121472,"pct_m":0.12915,"gas_method":"exact"},"2024-06":{"txs":8,"uniq":2,"trade":0,"nft":1,"gas":0.000001,"bal":0.032582,"days":6,"spread":0.2,"streak":1,"rank_m":196426,"pct_m":0.208843,"gas_method":"exact"},"2024-07":{"txs":5,"uniq":3,"trade":0,"nft":0,"gas":0.000001,"bal":0.185606,"days":4,"spread":0.129032,"streak":1,"rank_m":227482,"pct_m":0.241862,"gas_method":"estimated"},"2024-08":{"txs":12,"uniq":9,"trade":0,"nft":2,"gas":0.000002,"bal":0.218311,"days":5,"spread":0.16129,"streak":2,"rank_m":120061,"pct_m":0.12765,"gas_method":"estimated"},"2024-09":{"txs":14,"uniq":9,"trade":0,"nft":3,"gas":0.000001,"bal":0.254016,"days":8,"spread":0.266667,"streak":3,"rank_m":31229,"pct_m":0.033202,"gas_method":"exact"},"2024-10":{"txs":15,"uniq":11,"trade":3,"nft":2,"gas":0.000002,"bal":0.173778,"days":12,"spread":0.387097,"streak":4,"rank_m":35948,"pct_m":0.038219,"gas_method":"estimated"},"2024-11":{"txs":12,"uniq":5,"trade":3,"nft":1,"gas":0.000025,"bal":0.137252,"days":10,"spread":0.333333,"streak":2,"rank_m":112936,"pct_m":0.120075,"gas_method":"exact"},"2024-12":{"txs":142,"uniq":30,"trade":1,"nft":1,"gas":0.003043,"bal":0.26926,"days":27,"spread":0.870968,"streak":13,"rank_m":5108,"pct_m":0.00543,"gas_method":"exact"},"2025-01":{"txs":35,"uniq":21,"trade":1,"nft":0,"gas":0.000883,"bal":0.002931,"days":16,"spread":0.516129,"streak":7,"rank_m":64543,"pct_m":0.068622,"gas_method":"exact"},"2025-02":{"txs":10,"uniq":6,"trade":0,"nft":0,"gas":0.00007,"bal":0.025006,"days":8,"spread":0.285714,"streak":2,"rank_m":138990,"pct_m":0.147776,"gas_method":"exact"},"2025-03":{"txs":36,"uniq":13,"trade":1,"nft":0,"gas":0.000221,"bal":0.262918,"days":11,"spread":0.354839,"streak":4,"rank_m":21380,"pct_m":0.022731,"gas_method":"exact"},"2025-04":{"txs":12,"uniq":10,"trade":2,"nft":0,"gas":0.000072,"bal":0.519022,"days":5,"spread":0.166667,"streak":2,"rank_m":52092,"pct_m":0.055384,"gas_method":"exact"},"2025-05":{"txs":9,"uniq":6,"trade":0,"nft":1,"gas":0.000063,"bal":0.125993,"days":4,"spread":0.129032,"streak":2,"rank_m":56847,"pct_m":0.06044,"gas_method":"estimated"},"2025-06":{"txs":25,"uniq":11,"trade":0,"nft":0,"gas":0.000176,"bal":0.025451,"days":8,"spread":0.266667,"streak":2,"rank_m":90160,"pct_m":0.095859,"gas_method":"estimated"},"2025-07":{"txs":51,"uniq":18,"trade":0,"nft":2,"gas":0.000359,"bal":0.054779,"days":18,"spread":0.580645,"streak":4,"rank_m":13214,"pct_m":0.014048,"gas_method":"estimated"},"2025-08":{"txs":30,"uniq":15,"trade":0,"nft":0,"gas":0.000211,"bal":0.03565,"days":10,"spread":0.322581,"streak":2,"rank_m":47298,"pct_m":0.050287,"gas_method":"estimated"},"2025-09":{"txs":53,"uniq":17,"trade":1,"nft":1,"gas":0.000373,"bal":0.012764,"days":19,"spread":0.633333,"streak":4,"rank_m":22720,"pct_m":0.024155,"gas_method":"estimated"},"2025-10":{"txs":82,"uniq":17,"trade":0,"nft":1,"gas":0.000577,"bal":0.019101,"days":14,"spread":0.451613,"streak":12,"rank_m":9505,"pct_m":0.010105,"gas_method":"estimated"}}}