{"wallet":"0x66c11e8b70e68b48d2e4b944a5e1ae0a84c5a8b3","rank":314171,"lifetime":{"months_active":6,"first":"2023-07","last":"2025-10","tx_sum":319,"uniq_sum":54,"trade_sum":11,"nft_sum":10,"gas_sum":0.001032,"avg_balance_eth_mean":0.049122,"streak_best_days":15,"gas_sum_filled":0.001032},"months":{"2023-07":{"txs":0,"uniq":0,"trade":0,"nft":0,"gas":0,"bal":0,"days":0,"spread":0,"streak":0,"rank_m":583730,"pct_m":0.620631},"2023-08":{"txs":8,"uniq":7,"trade":2,"nft":8,"gas":0.000454,"bal":0.010657,"days":6,"spread":0.193548,"streak":2,"rank_m":60410,"pct_m":0.064228,"gas_method":"exact"},"2023-09":{"txs":0,"uniq":0,"trade":0,"nft":0,"gas":0,"bal":0.010657,"days":0,"spread":0,"streak":0,"rank_m":244750,"pct_m":0.260222},"2023-10":{"txs":0,"uniq":0,"trade":0,"nft":0,"gas":0,"bal":0.010657,"days":0,"spread":0,"streak":0,"rank_m":237183,"pct_m":0.252176},"2023-11":{"txs":0,"uniq":0,"trade":0,"nft":0,"gas":0,"bal":0.010657,"days":0,"spread":0,"streak":0,"rank_m":234081,"pct_m":0.248878},"2023-12":{"txs":0,"uniq":0,"trade":0,"nft":0,"gas":0,"bal":0.010657,"days":0,"spread":0,"streak":0,"rank_m":249571,"pct_m":0.265347},"2024-01":{"txs":0,"uniq":0,"trade":0,"nft":0,"gas":0,"bal":0.010657,"days":0,"spread":0,"streak":0,"rank_m":258604,"pct_m":0.274951},"2024-02":{"txs":1,"uniq":1,"trade":0,"nft":0,"gas":0.000015,"bal":0.004084,"days":1,"spread":0.034483,"streak":1,"rank_m":230790,"pct_m":0.245379,"gas_method":"estimated"},"2024-03":{"txs":0,"uniq":0,"trade":0,"nft":0,"gas":0,"bal":0.004084,"days":0,"spread":0,"streak":0,"rank_m":393169,"pct_m":0.418023},"2024-04":{"txs":31,"uniq":10,"trade":5,"nft":1,"gas":0.000538,"bal":0.000799,"days":6,"spread":0.2,"streak":2,"rank_m":170946,"pct_m":0.181752,"gas_method":"exact"},"2024-05":{"txs":19,"uniq":11,"trade":0,"nft":0,"gas":0.000018,"bal":0.001168,"days":5,"spread":0.16129,"streak":1,"rank_m":331470,"pct_m":0.352424,"gas_method":"estimated"},"2024-06":{"txs":165,"uniq":9,"trade":4,"nft":0,"gas":0.000006,"bal":0.208409,"days":26,"spread":0.866667,"streak":12,"rank_m":4336,"pct_m":0.004609,"gas_method":"exact"},"2024-07":{"txs":95,"uniq":16,"trade":0,"nft":1,"gas":0.000001,"bal":0.068307,"days":25,"spread":0.806452,"streak":15,"rank_m":15146,"pct_m":0.016102,"gas_method":"exact"},"2024-08":{"txs":0,"uniq":0,"trade":0,"nft":0,"gas":0,"bal":0.068307,"days":0,"spread":0,"streak":0,"rank_m":470969,"pct_m":0.500742},"2024-09":{"txs":0,"uniq":0,"trade":0,"nft":0,"gas":0,"bal":0.068307,"days":0,"spread":0,"streak":0,"rank_m":435865,"pct_m":0.463418},"2024-10":{"txs":0,"uniq":0,"trade":0,"nft":0,"gas":0,"bal":0.068307,"days":0,"spread":0,"streak":0,"rank_m":478592,"pct_m":0.508847},"2024-11":{"txs":0,"uniq":0,"trade":0,"nft":0,"gas":0,"bal":0.068307,"days":0,"spread":0,"streak":0,"rank_m":522813,"pct_m":0.555863},"2024-12":{"txs":0,"uniq":0,"trade":0,"nft":0,"gas":0,"bal":0.068307,"days":0,"spread":0,"streak":0,"rank_m":581127,"pct_m":0.617864},"2025-01":{"txs":0,"uniq":0,"trade":0,"nft":0,"gas":0,"bal":0.068307,"days":0,"spread":0,"streak":0,"rank_m":564925,"pct_m":0.600637},"2025-02":{"txs":0,"uniq":0,"trade":0,"nft":0,"gas":0,"bal":0.068307,"days":0,"spread":0,"streak":0,"rank_m":550609,"pct_m":0.585416},"2025-03":{"txs":0,"uniq":0,"trade":0,"nft":0,"gas":0,"bal":0.068307,"days":0,"spread":0,"streak":0,"rank_m":527581,"pct_m":0.560932},"2025-04":{"txs":0,"uniq":0,"trade":0,"nft":0,"gas":0,"bal":0.068307,"days":0,"spread":0,"streak":0,"rank_m":564180,"pct_m":0.599845},"2025-05":{"txs":0,"uniq":0,"trade":0,"nft":0,"gas":0,"bal":0.068307,"days":0,"spread":0,"streak":0,"rank_m":424116,"pct_m":0.450927},"2025-06":{"txs":0,"uniq":0,"trade":0,"nft":0,"gas":0,"bal":0.068307,"days":0,"spread":0,"streak":0,"rank_m":426781,"pct_m":0.45376},"2025-07":{"txs":0,"uniq":0,"trade":0,"nft":0,"gas":0,"bal":0.068307,"days":0,"spread":0,"streak":0,"rank_m":444785,"pct_m":0.472902},"2025-08":{"txs":0,"uniq":0,"trade":0,"nft":0,"gas":0,"bal":0.068307,"days":0,"spread":0,"streak":0,"rank_m":422993,"pct_m":0.449733},"2025-09":{"txs":0,"uniq":0,"trade":0,"nft":0,"gas":0,"bal":0.068307,"days":0,"spread":0,"streak":0,"rank_m":419698,"pct_m":0.446229},"2025-10":{"txs":0,"uniq":0,"trade":0,"nft":0,"gas":0,"bal":0.068307,"days":0,"spread":0,"streak":0,"rank_m":324195,"pct_m":0.344689}}}