{"wallet":"0x66827ce30ab1f46fcc4b1155a585e0b79db8ef67","rank":456720,"lifetime":{"months_active":14,"first":"2023-07","last":"2025-10","tx_sum":139,"uniq_sum":64,"trade_sum":8,"nft_sum":34,"gas_sum":0.005135,"avg_balance_eth_mean":0.005727,"streak_best_days":3,"gas_sum_filled":0.005135},"months":{"2023-07":{"txs":0,"uniq":0,"trade":0,"nft":0,"gas":0,"bal":0,"days":0,"spread":0,"streak":0,"rank_m":584584,"pct_m":0.621539},"2023-08":{"txs":11,"uniq":8,"trade":0,"nft":1,"gas":0.003888,"bal":0.000836,"days":6,"spread":0.193548,"streak":1,"rank_m":86038,"pct_m":0.091476,"gas_method":"exact"},"2023-09":{"txs":0,"uniq":0,"trade":0,"nft":0,"gas":0,"bal":0.000836,"days":0,"spread":0,"streak":0,"rank_m":280254,"pct_m":0.29797},"2023-10":{"txs":0,"uniq":0,"trade":0,"nft":0,"gas":0,"bal":0.000836,"days":0,"spread":0,"streak":0,"rank_m":289399,"pct_m":0.307693},"2023-11":{"txs":1,"uniq":1,"trade":0,"nft":1,"gas":0.000039,"bal":0.000761,"days":1,"spread":0.033333,"streak":1,"rank_m":141390,"pct_m":0.150327,"gas_method":"estimated"},"2023-12":{"txs":0,"uniq":0,"trade":0,"nft":0,"gas":0,"bal":0.000761,"days":0,"spread":0,"streak":0,"rank_m":320076,"pct_m":0.340309},"2024-01":{"txs":0,"uniq":0,"trade":0,"nft":0,"gas":0,"bal":0.000761,"days":0,"spread":0,"streak":0,"rank_m":330949,"pct_m":0.35187},"2024-02":{"txs":1,"uniq":1,"trade":0,"nft":1,"gas":0.000038,"bal":0.002877,"days":1,"spread":0.034483,"streak":1,"rank_m":222256,"pct_m":0.236305,"gas_method":"estimated"},"2024-03":{"txs":7,"uniq":5,"trade":0,"nft":3,"gas":0.0004,"bal":0.002788,"days":5,"spread":0.16129,"streak":2,"rank_m":198896,"pct_m":0.211469,"gas_method":"estimated"},"2024-04":{"txs":88,"uniq":28,"trade":0,"nft":19,"gas":0.00062,"bal":0.006391,"days":6,"spread":0.2,"streak":3,"rank_m":105495,"pct_m":0.112163,"gas_method":"estimated"},"2024-05":{"txs":6,"uniq":5,"trade":0,"nft":4,"gas":0.000014,"bal":0.006949,"days":4,"spread":0.129032,"streak":1,"rank_m":284214,"pct_m":0.30218,"gas_method":"estimated"},"2024-06":{"txs":0,"uniq":0,"trade":0,"nft":0,"gas":0,"bal":0.006949,"days":0,"spread":0,"streak":0,"rank_m":513571,"pct_m":0.546037},"2024-07":{"txs":2,"uniq":1,"trade":0,"nft":2,"gas":0.000001,"bal":0.005214,"days":1,"spread":0.032258,"streak":1,"rank_m":381057,"pct_m":0.405146,"gas_method":"estimated"},"2024-08":{"txs":2,"uniq":2,"trade":0,"nft":1,"gas":0.000001,"bal":0.004285,"days":2,"spread":0.064516,"streak":1,"rank_m":379672,"pct_m":0.403673,"gas_method":"estimated"},"2024-09":{"txs":5,"uniq":4,"trade":1,"nft":1,"gas":0.000001,"bal":0.0042,"days":2,"spread":0.066667,"streak":1,"rank_m":248526,"pct_m":0.264236,"gas_method":"estimated"},"2024-10":{"txs":0,"uniq":0,"trade":0,"nft":0,"gas":0,"bal":0.0042,"days":0,"spread":0,"streak":0,"rank_m":573325,"pct_m":0.609568},"2024-11":{"txs":2,"uniq":2,"trade":0,"nft":1,"gas":0.000005,"bal":0.004127,"days":1,"spread":0.033333,"streak":1,"rank_m":401242,"pct_m":0.426607,"gas_method":"exact"},"2024-12":{"txs":2,"uniq":2,"trade":0,"nft":0,"gas":0.000044,"bal":0.004098,"days":1,"spread":0.032258,"streak":1,"rank_m":506949,"pct_m":0.538996,"gas_method":"exact"},"2025-01":{"txs":0,"uniq":0,"trade":0,"nft":0,"gas":0,"bal":0.004098,"days":0,"spread":0,"streak":0,"rank_m":626539,"pct_m":0.666146},"2025-02":{"txs":0,"uniq":0,"trade":0,"nft":0,"gas":0,"bal":0.004098,"days":0,"spread":0,"streak":0,"rank_m":636391,"pct_m":0.676621},"2025-03":{"txs":0,"uniq":0,"trade":0,"nft":0,"gas":0,"bal":0.004098,"days":0,"spread":0,"streak":0,"rank_m":624682,"pct_m":0.664172},"2025-04":{"txs":0,"uniq":0,"trade":0,"nft":0,"gas":0,"bal":0.004098,"days":0,"spread":0,"streak":0,"rank_m":653913,"pct_m":0.695251},"2025-05":{"txs":0,"uniq":0,"trade":0,"nft":0,"gas":0,"bal":0.004098,"days":0,"spread":0,"streak":0,"rank_m":611076,"pct_m":0.649706},"2025-06":{"txs":0,"uniq":0,"trade":0,"nft":0,"gas":0,"bal":0.004098,"days":0,"spread":0,"streak":0,"rank_m":612712,"pct_m":0.651445},"2025-07":{"txs":0,"uniq":0,"trade":0,"nft":0,"gas":0,"bal":0.004098,"days":0,"spread":0,"streak":0,"rank_m":631698,"pct_m":0.671632},"2025-08":{"txs":5,"uniq":2,"trade":7,"nft":0,"gas":0.000035,"bal":0.025913,"days":3,"spread":0.096774,"streak":2,"rank_m":153573,"pct_m":0.16328,"gas_method":"estimated"},"2025-09":{"txs":1,"uniq":0,"trade":0,"nft":0,"gas":0.000007,"bal":0,"days":1,"spread":0.033333,"streak":1,"rank_m":795027,"pct_m":0.845286,"gas_method":"estimated"},"2025-10":{"txs":6,"uniq":3,"trade":0,"nft":0,"gas":0.000042,"bal":0.048904,"days":1,"spread":0.032258,"streak":1,"rank_m":117061,"pct_m":0.12446,"gas_method":"estimated"}}}