{"wallet":"0x66651be0b31afd2fbae570353ad14ec58b5fda0a","rank":356330,"lifetime":{"months_active":20,"first":"2023-07","last":"2025-10","tx_sum":189,"uniq_sum":88,"trade_sum":4,"nft_sum":14,"gas_sum":0.001832,"avg_balance_eth_mean":0.001998,"streak_best_days":8,"gas_sum_filled":0.001832},"months":{"2023-07":{"txs":0,"uniq":0,"trade":0,"nft":0,"gas":0,"bal":0,"days":0,"spread":0,"streak":0,"rank_m":585019,"pct_m":0.622002},"2023-08":{"txs":7,"uniq":4,"trade":0,"nft":2,"gas":0.000527,"bal":0.003655,"days":2,"spread":0.064516,"streak":1,"rank_m":106249,"pct_m":0.112965,"gas_method":"exact"},"2023-09":{"txs":10,"uniq":6,"trade":0,"nft":1,"gas":0.00023,"bal":0.003553,"days":1,"spread":0.033333,"streak":1,"rank_m":92194,"pct_m":0.098021,"gas_method":"estimated"},"2023-10":{"txs":6,"uniq":6,"trade":0,"nft":1,"gas":0.000009,"bal":0.001409,"days":2,"spread":0.064516,"streak":1,"rank_m":81858,"pct_m":0.087032,"gas_method":"exact"},"2023-11":{"txs":0,"uniq":0,"trade":0,"nft":0,"gas":0,"bal":0.001409,"days":0,"spread":0,"streak":0,"rank_m":284426,"pct_m":0.302406},"2023-12":{"txs":0,"uniq":0,"trade":0,"nft":0,"gas":0,"bal":0.001409,"days":0,"spread":0,"streak":0,"rank_m":301844,"pct_m":0.320925},"2024-01":{"txs":0,"uniq":0,"trade":0,"nft":0,"gas":0,"bal":0.001409,"days":0,"spread":0,"streak":0,"rank_m":311336,"pct_m":0.331017},"2024-02":{"txs":11,"uniq":5,"trade":0,"nft":0,"gas":0.000114,"bal":0.000017,"days":2,"spread":0.068966,"streak":2,"rank_m":229518,"pct_m":0.244027,"gas_method":"estimated"},"2024-03":{"txs":16,"uniq":6,"trade":0,"nft":2,"gas":0.000249,"bal":0.000848,"days":7,"spread":0.225806,"streak":4,"rank_m":194471,"pct_m":0.206764,"gas_method":"estimated"},"2024-04":{"txs":23,"uniq":12,"trade":3,"nft":5,"gas":0.000072,"bal":0.008242,"days":5,"spread":0.166667,"streak":2,"rank_m":135407,"pct_m":0.143966,"gas_method":"exact"},"2024-05":{"txs":6,"uniq":4,"trade":0,"nft":1,"gas":0.000004,"bal":0.001744,"days":2,"spread":0.064516,"streak":1,"rank_m":391453,"pct_m":0.416199,"gas_method":"estimated"},"2024-06":{"txs":2,"uniq":1,"trade":0,"nft":1,"gas":0,"bal":0.000943,"days":1,"spread":0.033333,"streak":1,"rank_m":455735,"pct_m":0.484545,"gas_method":"estimated"},"2024-07":{"txs":14,"uniq":2,"trade":0,"nft":1,"gas":0.000001,"bal":0.000951,"days":3,"spread":0.096774,"streak":1,"rank_m":370351,"pct_m":0.393763,"gas_method":"estimated"},"2024-08":{"txs":1,"uniq":1,"trade":0,"nft":0,"gas":0,"bal":0.000012,"days":1,"spread":0.032258,"streak":1,"rank_m":551094,"pct_m":0.585932,"gas_method":"estimated"},"2024-09":{"txs":0,"uniq":0,"trade":0,"nft":0,"gas":0,"bal":0.000012,"days":0,"spread":0,"streak":0,"rank_m":706100,"pct_m":0.750737},"2024-10":{"txs":1,"uniq":1,"trade":0,"nft":0,"gas":0,"bal":0.001332,"days":1,"spread":0.032258,"streak":1,"rank_m":497096,"pct_m":0.52852,"gas_method":"estimated"},"2024-11":{"txs":0,"uniq":0,"trade":0,"nft":0,"gas":0,"bal":0.001332,"days":0,"spread":0,"streak":0,"rank_m":622469,"pct_m":0.661819},"2024-12":{"txs":0,"uniq":0,"trade":0,"nft":0,"gas":0,"bal":0.001332,"days":0,"spread":0,"streak":0,"rank_m":666694,"pct_m":0.70884},"2025-01":{"txs":0,"uniq":0,"trade":0,"nft":0,"gas":0,"bal":0.001332,"days":0,"spread":0,"streak":0,"rank_m":659381,"pct_m":0.701065},"2025-02":{"txs":20,"uniq":13,"trade":0,"nft":0,"gas":0.00012,"bal":0.002394,"days":5,"spread":0.178571,"streak":3,"rank_m":141426,"pct_m":0.150366,"gas_method":"exact"},"2025-03":{"txs":1,"uniq":1,"trade":0,"nft":0,"gas":0.000008,"bal":0.004245,"days":1,"spread":0.032258,"streak":1,"rank_m":440348,"pct_m":0.468185,"gas_method":"exact"},"2025-04":{"txs":1,"uniq":1,"trade":0,"nft":0,"gas":0.000006,"bal":0.004227,"days":1,"spread":0.033333,"streak":1,"rank_m":479053,"pct_m":0.509337,"gas_method":"exact"},"2025-05":{"txs":1,"uniq":1,"trade":0,"nft":0,"gas":0.000007,"bal":0.003822,"days":1,"spread":0.032258,"streak":1,"rank_m":421249,"pct_m":0.447878,"gas_method":"estimated"},"2025-06":{"txs":5,"uniq":5,"trade":0,"nft":0,"gas":0.000035,"bal":0.001809,"days":2,"spread":0.066667,"streak":1,"rank_m":426414,"pct_m":0.45337,"gas_method":"estimated"},"2025-07":{"txs":6,"uniq":2,"trade":0,"nft":0,"gas":0.000042,"bal":0.000236,"days":2,"spread":0.064516,"streak":1,"rank_m":578520,"pct_m":0.615092,"gas_method":"estimated"},"2025-08":{"txs":33,"uniq":9,"trade":1,"nft":0,"gas":0.000232,"bal":0.003759,"days":12,"spread":0.387097,"streak":5,"rank_m":103859,"pct_m":0.110424,"gas_method":"estimated"},"2025-09":{"txs":17,"uniq":8,"trade":0,"nft":0,"gas":0.00012,"bal":0.004518,"days":8,"spread":0.266667,"streak":3,"rank_m":205698,"pct_m":0.218701,"gas_method":"estimated"},"2025-10":{"txs":8,"uniq":0,"trade":0,"nft":0,"gas":0.000056,"bal":0,"days":1,"spread":0.032258,"streak":1,"rank_m":688663,"pct_m":0.732198,"gas_method":"estimated"}}}