{"wallet":"0x666217f98dd4f24a02bbc0cc757f87ec36fddccd","rank":147549,"lifetime":{"months_active":22,"first":"2023-07","last":"2025-10","tx_sum":461,"uniq_sum":148,"trade_sum":6,"nft_sum":36,"gas_sum":0.003089,"avg_balance_eth_mean":0.010197,"streak_best_days":3,"gas_sum_filled":0.003089},"months":{"2023-07":{"txs":0,"uniq":0,"trade":0,"nft":0,"gas":0,"bal":0,"days":0,"spread":0,"streak":0,"rank_m":585059,"pct_m":0.622044},"2023-08":{"txs":0,"uniq":0,"trade":0,"nft":0,"gas":0,"bal":0,"days":0,"spread":0,"streak":0,"rank_m":631053,"pct_m":0.670946},"2023-09":{"txs":0,"uniq":0,"trade":0,"nft":0,"gas":0,"bal":0,"days":0,"spread":0,"streak":0,"rank_m":643370,"pct_m":0.684041},"2023-10":{"txs":0,"uniq":0,"trade":0,"nft":0,"gas":0,"bal":0,"days":0,"spread":0,"streak":0,"rank_m":653297,"pct_m":0.694596},"2023-11":{"txs":5,"uniq":3,"trade":0,"nft":0,"gas":0.000049,"bal":0.00115,"days":2,"spread":0.066667,"streak":1,"rank_m":122405,"pct_m":0.130142,"gas_method":"estimated"},"2023-12":{"txs":2,"uniq":2,"trade":0,"nft":1,"gas":0.000037,"bal":0.002732,"days":2,"spread":0.064516,"streak":1,"rank_m":123023,"pct_m":0.130799,"gas_method":"estimated"},"2024-01":{"txs":5,"uniq":3,"trade":0,"nft":1,"gas":0.000019,"bal":0.001872,"days":2,"spread":0.064516,"streak":1,"rank_m":114831,"pct_m":0.122089,"gas_method":"exact"},"2024-02":{"txs":4,"uniq":3,"trade":0,"nft":3,"gas":0.000038,"bal":0.002515,"days":3,"spread":0.103448,"streak":1,"rank_m":165596,"pct_m":0.176064,"gas_method":"estimated"},"2024-03":{"txs":24,"uniq":9,"trade":0,"nft":5,"gas":0.000151,"bal":0.00876,"days":5,"spread":0.16129,"streak":3,"rank_m":89436,"pct_m":0.095089,"gas_method":"exact"},"2024-04":{"txs":0,"uniq":0,"trade":0,"nft":0,"gas":0,"bal":0.00876,"days":0,"spread":0,"streak":0,"rank_m":471244,"pct_m":0.501034},"2024-05":{"txs":0,"uniq":0,"trade":0,"nft":0,"gas":0,"bal":0.00876,"days":0,"spread":0,"streak":0,"rank_m":493896,"pct_m":0.525118},"2024-06":{"txs":2,"uniq":2,"trade":0,"nft":1,"gas":0,"bal":0.031799,"days":2,"spread":0.066667,"streak":1,"rank_m":303015,"pct_m":0.32217,"gas_method":"estimated"},"2024-07":{"txs":26,"uniq":15,"trade":1,"nft":8,"gas":0.000002,"bal":0.00817,"days":6,"spread":0.193548,"streak":1,"rank_m":112887,"pct_m":0.120022,"gas_method":"estimated"},"2024-08":{"txs":14,"uniq":9,"trade":0,"nft":4,"gas":0.000001,"bal":0.015071,"days":6,"spread":0.193548,"streak":1,"rank_m":168210,"pct_m":0.178843,"gas_method":"estimated"},"2024-09":{"txs":11,"uniq":5,"trade":0,"nft":4,"gas":0.000001,"bal":0.018114,"days":5,"spread":0.166667,"streak":2,"rank_m":79104,"pct_m":0.084104,"gas_method":"exact"},"2024-10":{"txs":6,"uniq":4,"trade":0,"nft":1,"gas":0,"bal":0.016934,"days":3,"spread":0.096774,"streak":1,"rank_m":237618,"pct_m":0.252639,"gas_method":"exact"},"2024-11":{"txs":3,"uniq":3,"trade":1,"nft":1,"gas":0.000007,"bal":0.011961,"days":3,"spread":0.1,"streak":1,"rank_m":301125,"pct_m":0.32016,"gas_method":"exact"},"2024-12":{"txs":6,"uniq":5,"trade":2,"nft":0,"gas":0.000132,"bal":0.010464,"days":4,"spread":0.129032,"streak":2,"rank_m":271161,"pct_m":0.288302,"gas_method":"exact"},"2025-01":{"txs":9,"uniq":7,"trade":0,"nft":0,"gas":0.000234,"bal":0.012644,"days":4,"spread":0.129032,"streak":1,"rank_m":275454,"pct_m":0.292867,"gas_method":"exact"},"2025-02":{"txs":22,"uniq":10,"trade":0,"nft":6,"gas":0.000155,"bal":0.012139,"days":7,"spread":0.25,"streak":1,"rank_m":103080,"pct_m":0.109595,"gas_method":"exact"},"2025-03":{"txs":65,"uniq":17,"trade":2,"nft":1,"gas":0.000466,"bal":0.006721,"days":10,"spread":0.322581,"streak":2,"rank_m":44341,"pct_m":0.047143,"gas_method":"exact"},"2025-04":{"txs":5,"uniq":4,"trade":0,"nft":0,"gas":0.000024,"bal":0.010568,"days":3,"spread":0.1,"streak":1,"rank_m":305751,"pct_m":0.325079,"gas_method":"exact"},"2025-05":{"txs":13,"uniq":5,"trade":0,"nft":0,"gas":0.000091,"bal":0.023279,"days":3,"spread":0.096774,"streak":1,"rank_m":126474,"pct_m":0.134468,"gas_method":"estimated"},"2025-06":{"txs":58,"uniq":15,"trade":0,"nft":0,"gas":0.000408,"bal":0.009685,"days":13,"spread":0.433333,"streak":3,"rank_m":79685,"pct_m":0.084721,"gas_method":"estimated"},"2025-07":{"txs":47,"uniq":9,"trade":0,"nft":0,"gas":0.000331,"bal":0.019175,"days":14,"spread":0.451613,"streak":3,"rank_m":59631,"pct_m":0.0634,"gas_method":"estimated"},"2025-08":{"txs":29,"uniq":6,"trade":0,"nft":0,"gas":0.000204,"bal":0.016103,"days":13,"spread":0.419355,"streak":3,"rank_m":82945,"pct_m":0.088188,"gas_method":"estimated"},"2025-09":{"txs":33,"uniq":6,"trade":0,"nft":0,"gas":0.000232,"bal":0.015238,"days":10,"spread":0.333333,"streak":2,"rank_m":96877,"pct_m":0.103,"gas_method":"estimated"},"2025-10":{"txs":72,"uniq":6,"trade":0,"nft":0,"gas":0.000507,"bal":0.012912,"days":5,"spread":0.16129,"streak":1,"rank_m":72389,"pct_m":0.076964,"gas_method":"estimated"}}}