{"wallet":"0x6666da1d4acdc3b3aa0407434998c84cf4b65275","rank":305730,"lifetime":{"months_active":24,"first":"2023-07","last":"2025-10","tx_sum":232,"uniq_sum":124,"trade_sum":9,"nft_sum":49,"gas_sum":0.002095,"avg_balance_eth_mean":0.0002,"streak_best_days":5,"gas_sum_filled":0.002095},"months":{"2023-07":{"txs":0,"uniq":0,"trade":0,"nft":0,"gas":0,"bal":0,"days":0,"spread":0,"streak":0,"rank_m":584979,"pct_m":0.621959},"2023-08":{"txs":20,"uniq":9,"trade":0,"nft":4,"gas":0.001132,"bal":0.00022,"days":5,"spread":0.16129,"streak":2,"rank_m":81851,"pct_m":0.087024,"gas_method":"exact"},"2023-09":{"txs":2,"uniq":2,"trade":0,"nft":0,"gas":0.000046,"bal":0.000993,"days":1,"spread":0.033333,"streak":1,"rank_m":134576,"pct_m":0.143083,"gas_method":"estimated"},"2023-10":{"txs":1,"uniq":1,"trade":0,"nft":1,"gas":0.000006,"bal":0.000554,"days":1,"spread":0.032258,"streak":1,"rank_m":140532,"pct_m":0.149415,"gas_method":"estimated"},"2023-11":{"txs":1,"uniq":1,"trade":0,"nft":0,"gas":0.000011,"bal":0.000234,"days":1,"spread":0.033333,"streak":1,"rank_m":165237,"pct_m":0.175682,"gas_method":"estimated"},"2023-12":{"txs":0,"uniq":0,"trade":0,"nft":0,"gas":0,"bal":0.000234,"days":0,"spread":0,"streak":0,"rank_m":344603,"pct_m":0.366387},"2024-01":{"txs":0,"uniq":0,"trade":0,"nft":0,"gas":0,"bal":0.000234,"days":0,"spread":0,"streak":0,"rank_m":359298,"pct_m":0.382011},"2024-02":{"txs":1,"uniq":1,"trade":0,"nft":16,"gas":0.00001,"bal":0.000046,"days":1,"spread":0.034483,"streak":1,"rank_m":255214,"pct_m":0.271347,"gas_method":"estimated"},"2024-03":{"txs":3,"uniq":2,"trade":0,"nft":0,"gas":0.000047,"bal":0.000067,"days":1,"spread":0.032258,"streak":1,"rank_m":369541,"pct_m":0.392902,"gas_method":"estimated"},"2024-04":{"txs":48,"uniq":14,"trade":2,"nft":7,"gas":0.000093,"bal":0.000533,"days":9,"spread":0.3,"streak":4,"rank_m":198766,"pct_m":0.211331,"gas_method":"estimated"},"2024-05":{"txs":25,"uniq":14,"trade":0,"nft":4,"gas":0.000016,"bal":0.000597,"days":6,"spread":0.193548,"streak":2,"rank_m":252681,"pct_m":0.268654,"gas_method":"estimated"},"2024-06":{"txs":11,"uniq":8,"trade":0,"nft":4,"gas":0,"bal":0.000372,"days":4,"spread":0.133333,"streak":1,"rank_m":261438,"pct_m":0.277964,"gas_method":"exact"},"2024-07":{"txs":20,"uniq":7,"trade":0,"nft":5,"gas":0.000002,"bal":0.000233,"days":9,"spread":0.290323,"streak":5,"rank_m":152904,"pct_m":0.162569,"gas_method":"exact"},"2024-08":{"txs":12,"uniq":9,"trade":0,"nft":5,"gas":0.000001,"bal":0.000196,"days":8,"spread":0.258065,"streak":3,"rank_m":300514,"pct_m":0.319511,"gas_method":"estimated"},"2024-09":{"txs":3,"uniq":2,"trade":0,"nft":1,"gas":0,"bal":0.000144,"days":2,"spread":0.066667,"streak":1,"rank_m":428105,"pct_m":0.455168,"gas_method":"estimated"},"2024-10":{"txs":1,"uniq":1,"trade":0,"nft":0,"gas":0,"bal":0.000041,"days":1,"spread":0.032258,"streak":1,"rank_m":582356,"pct_m":0.61917,"gas_method":"estimated"},"2024-11":{"txs":9,"uniq":6,"trade":6,"nft":0,"gas":0.000018,"bal":0.000046,"days":3,"spread":0.1,"streak":1,"rank_m":347378,"pct_m":0.369337,"gas_method":"exact"},"2024-12":{"txs":16,"uniq":10,"trade":0,"nft":1,"gas":0.000287,"bal":0.000165,"days":9,"spread":0.290323,"streak":3,"rank_m":274510,"pct_m":0.291863,"gas_method":"exact"},"2025-01":{"txs":5,"uniq":3,"trade":0,"nft":0,"gas":0.000078,"bal":0.000002,"days":3,"spread":0.096774,"streak":3,"rank_m":477369,"pct_m":0.507546,"gas_method":"exact"},"2025-02":{"txs":10,"uniq":5,"trade":0,"nft":0,"gas":0.000035,"bal":0.000044,"days":4,"spread":0.142857,"streak":2,"rank_m":360118,"pct_m":0.382883,"gas_method":"exact"},"2025-03":{"txs":9,"uniq":4,"trade":0,"nft":1,"gas":0.000071,"bal":0.000115,"days":3,"spread":0.096774,"streak":3,"rank_m":305109,"pct_m":0.324396,"gas_method":"exact"},"2025-04":{"txs":4,"uniq":3,"trade":0,"nft":0,"gas":0.000024,"bal":0.000094,"days":3,"spread":0.1,"streak":1,"rank_m":455086,"pct_m":0.483855,"gas_method":"exact"},"2025-05":{"txs":9,"uniq":8,"trade":1,"nft":0,"gas":0.000063,"bal":0.000112,"days":6,"spread":0.193548,"streak":2,"rank_m":327675,"pct_m":0.348389,"gas_method":"estimated"},"2025-06":{"txs":4,"uniq":4,"trade":0,"nft":0,"gas":0.000028,"bal":0.000079,"days":3,"spread":0.1,"streak":1,"rank_m":601204,"pct_m":0.63921,"gas_method":"estimated"},"2025-07":{"txs":2,"uniq":2,"trade":0,"nft":0,"gas":0.000014,"bal":0.000025,"days":2,"spread":0.064516,"streak":1,"rank_m":667192,"pct_m":0.709369,"gas_method":"estimated"},"2025-08":{"txs":15,"uniq":7,"trade":0,"nft":0,"gas":0.000106,"bal":0.000048,"days":4,"spread":0.129032,"streak":1,"rank_m":552323,"pct_m":0.587239,"gas_method":"estimated"},"2025-09":{"txs":1,"uniq":1,"trade":0,"nft":0,"gas":0.000007,"bal":0.000088,"days":1,"spread":0.033333,"streak":1,"rank_m":641843,"pct_m":0.682418,"gas_method":"estimated"},"2025-10":{"txs":0,"uniq":0,"trade":0,"nft":0,"gas":0,"bal":0.000088,"days":0,"spread":0,"streak":0,"rank_m":824779,"pct_m":0.876919}}}