{"wallet":"0x66327196ba39dd44347011b00bdc324f8cb3cf12","rank":177133,"lifetime":{"months_active":16,"first":"2023-07","last":"2025-10","tx_sum":301,"uniq_sum":118,"trade_sum":3,"nft_sum":11,"gas_sum":0.009666,"avg_balance_eth_mean":0.008069,"streak_best_days":6,"gas_sum_filled":0.009666},"months":{"2023-07":{"txs":68,"uniq":15,"trade":0,"nft":0,"gas":0.005027,"bal":0.029209,"days":2,"spread":0.064516,"streak":2,"rank_m":3427,"pct_m":0.003643,"gas_method":"exact"},"2023-08":{"txs":33,"uniq":24,"trade":0,"nft":0,"gas":0.003149,"bal":0.014755,"days":6,"spread":0.193548,"streak":4,"rank_m":40350,"pct_m":0.0429,"gas_method":"exact"},"2023-09":{"txs":0,"uniq":0,"trade":0,"nft":0,"gas":0,"bal":0.014755,"days":0,"spread":0,"streak":0,"rank_m":242647,"pct_m":0.257986},"2023-10":{"txs":0,"uniq":0,"trade":0,"nft":0,"gas":0,"bal":0.014755,"days":0,"spread":0,"streak":0,"rank_m":233635,"pct_m":0.248404},"2023-11":{"txs":0,"uniq":0,"trade":0,"nft":0,"gas":0,"bal":0.014755,"days":0,"spread":0,"streak":0,"rank_m":229547,"pct_m":0.244057},"2023-12":{"txs":0,"uniq":0,"trade":0,"nft":0,"gas":0,"bal":0.014755,"days":0,"spread":0,"streak":0,"rank_m":244850,"pct_m":0.260328},"2024-01":{"txs":0,"uniq":0,"trade":0,"nft":0,"gas":0,"bal":0.014755,"days":0,"spread":0,"streak":0,"rank_m":253700,"pct_m":0.269737},"2024-02":{"txs":5,"uniq":4,"trade":0,"nft":3,"gas":0.000068,"bal":0.000757,"days":2,"spread":0.068966,"streak":2,"rank_m":176535,"pct_m":0.187694,"gas_method":"estimated"},"2024-03":{"txs":42,"uniq":12,"trade":0,"nft":4,"gas":0.00086,"bal":0.001954,"days":7,"spread":0.225806,"streak":3,"rank_m":126850,"pct_m":0.134868,"gas_method":"estimated"},"2024-04":{"txs":1,"uniq":1,"trade":0,"nft":0,"gas":0.000003,"bal":0.000477,"days":1,"spread":0.033333,"streak":1,"rank_m":456893,"pct_m":0.485776,"gas_method":"estimated"},"2024-05":{"txs":1,"uniq":1,"trade":0,"nft":2,"gas":0.000001,"bal":0.000459,"days":1,"spread":0.032258,"streak":1,"rank_m":454938,"pct_m":0.483697,"gas_method":"estimated"},"2024-06":{"txs":0,"uniq":0,"trade":0,"nft":0,"gas":0,"bal":0.000459,"days":0,"spread":0,"streak":0,"rank_m":588359,"pct_m":0.625553},"2024-07":{"txs":0,"uniq":0,"trade":0,"nft":0,"gas":0,"bal":0.000459,"days":0,"spread":0,"streak":0,"rank_m":603941,"pct_m":0.64212},"2024-08":{"txs":0,"uniq":0,"trade":0,"nft":0,"gas":0,"bal":0.000459,"days":0,"spread":0,"streak":0,"rank_m":617220,"pct_m":0.656238},"2024-09":{"txs":1,"uniq":0,"trade":0,"nft":1,"gas":0,"bal":0.00107,"days":1,"spread":0.033333,"streak":1,"rank_m":426174,"pct_m":0.453115,"gas_method":"estimated"},"2024-10":{"txs":2,"uniq":1,"trade":0,"nft":0,"gas":0,"bal":0.001569,"days":1,"spread":0.032258,"streak":1,"rank_m":483345,"pct_m":0.5139,"gas_method":"estimated"},"2024-11":{"txs":26,"uniq":11,"trade":0,"nft":1,"gas":0.000057,"bal":0.003373,"days":6,"spread":0.2,"streak":2,"rank_m":161180,"pct_m":0.171368,"gas_method":"exact"},"2024-12":{"txs":85,"uniq":25,"trade":0,"nft":0,"gas":0.000046,"bal":0.008798,"days":15,"spread":0.483871,"streak":4,"rank_m":158484,"pct_m":0.168502,"gas_method":"exact"},"2025-01":{"txs":10,"uniq":7,"trade":0,"nft":0,"gas":0.00026,"bal":0.038961,"days":5,"spread":0.16129,"streak":1,"rank_m":234703,"pct_m":0.249539,"gas_method":"exact"},"2025-02":{"txs":5,"uniq":5,"trade":3,"nft":0,"gas":0.000035,"bal":0.010061,"days":3,"spread":0.107143,"streak":2,"rank_m":200816,"pct_m":0.21351,"gas_method":"exact"},"2025-03":{"txs":7,"uniq":5,"trade":0,"nft":0,"gas":0.000055,"bal":0.008559,"days":4,"spread":0.129032,"streak":2,"rank_m":219774,"pct_m":0.233667,"gas_method":"exact"},"2025-04":{"txs":0,"uniq":0,"trade":0,"nft":0,"gas":0,"bal":0.008559,"days":0,"spread":0,"streak":0,"rank_m":624605,"pct_m":0.66409},"2025-05":{"txs":1,"uniq":1,"trade":0,"nft":0,"gas":0.000007,"bal":0.005349,"days":1,"spread":0.032258,"streak":1,"rank_m":391752,"pct_m":0.416517,"gas_method":"estimated"},"2025-06":{"txs":0,"uniq":0,"trade":0,"nft":0,"gas":0,"bal":0.005349,"days":0,"spread":0,"streak":0,"rank_m":590421,"pct_m":0.627745},"2025-07":{"txs":0,"uniq":0,"trade":0,"nft":0,"gas":0,"bal":0.005349,"days":0,"spread":0,"streak":0,"rank_m":609365,"pct_m":0.647887},"2025-08":{"txs":0,"uniq":0,"trade":0,"nft":0,"gas":0,"bal":0.005349,"days":0,"spread":0,"streak":0,"rank_m":590884,"pct_m":0.628237},"2025-09":{"txs":12,"uniq":5,"trade":0,"nft":0,"gas":0.000084,"bal":0.000311,"days":3,"spread":0.1,"streak":2,"rank_m":444057,"pct_m":0.472128,"gas_method":"estimated"},"2025-10":{"txs":2,"uniq":1,"trade":0,"nft":0,"gas":0.000014,"bal":0.000519,"days":1,"spread":0.032258,"streak":1,"rank_m":430142,"pct_m":0.457334,"gas_method":"estimated"}}}