{"wallet":"0x66726b5938112ba33b425ea995d6b6141f916cd6","rank":55573,"lifetime":{"months_active":24,"first":"2023-07","last":"2025-10","tx_sum":354,"uniq_sum":131,"trade_sum":10,"nft_sum":32,"gas_sum":0.00317,"avg_balance_eth_mean":0.018059,"streak_best_days":59,"gas_sum_filled":0.00317},"months":{"2023-07":{"txs":0,"uniq":0,"trade":0,"nft":0,"gas":0,"bal":0,"days":0,"spread":0,"streak":0,"rank_m":584805,"pct_m":0.621774},"2023-08":{"txs":0,"uniq":0,"trade":0,"nft":0,"gas":0,"bal":0,"days":0,"spread":0,"streak":0,"rank_m":630832,"pct_m":0.670711},"2023-09":{"txs":36,"uniq":4,"trade":0,"nft":0,"gas":0.000054,"bal":0.001636,"days":15,"spread":0.5,"streak":14,"rank_m":52321,"pct_m":0.055628,"gas_method":"exact"},"2023-10":{"txs":90,"uniq":22,"trade":1,"nft":3,"gas":0.000056,"bal":0.005916,"days":31,"spread":1,"streak":31,"rank_m":5427,"pct_m":0.005769,"gas_method":"exact"},"2023-11":{"txs":31,"uniq":11,"trade":5,"nft":1,"gas":0.000996,"bal":0.009327,"days":17,"spread":0.566667,"streak":14,"rank_m":3740,"pct_m":0.003975,"gas_method":"exact"},"2023-12":{"txs":7,"uniq":5,"trade":0,"nft":1,"gas":0.000499,"bal":0.002859,"days":3,"spread":0.096774,"streak":2,"rank_m":50523,"pct_m":0.053716,"gas_method":"exact"},"2024-01":{"txs":8,"uniq":7,"trade":0,"nft":1,"gas":0.000419,"bal":0.00275,"days":4,"spread":0.129032,"streak":2,"rank_m":53076,"pct_m":0.05643,"gas_method":"exact"},"2024-02":{"txs":20,"uniq":14,"trade":0,"nft":4,"gas":0.000088,"bal":0.003383,"days":7,"spread":0.241379,"streak":2,"rank_m":46773,"pct_m":0.049729,"gas_method":"exact"},"2024-03":{"txs":6,"uniq":3,"trade":0,"nft":2,"gas":0.000078,"bal":0.003319,"days":4,"spread":0.129032,"streak":2,"rank_m":193175,"pct_m":0.205386,"gas_method":"exact"},"2024-04":{"txs":7,"uniq":5,"trade":3,"nft":1,"gas":0.000022,"bal":0.002052,"days":3,"spread":0.1,"streak":1,"rank_m":326102,"pct_m":0.346716,"gas_method":"estimated"},"2024-05":{"txs":7,"uniq":3,"trade":0,"nft":1,"gas":0.000007,"bal":0.003545,"days":2,"spread":0.064516,"streak":1,"rank_m":372526,"pct_m":0.396075,"gas_method":"estimated"},"2024-06":{"txs":2,"uniq":2,"trade":0,"nft":1,"gas":0,"bal":0.010385,"days":1,"spread":0.033333,"streak":1,"rank_m":362402,"pct_m":0.385311,"gas_method":"estimated"},"2024-07":{"txs":2,"uniq":1,"trade":0,"nft":1,"gas":0,"bal":0.010221,"days":1,"spread":0.032258,"streak":1,"rank_m":361424,"pct_m":0.384271,"gas_method":"estimated"},"2024-08":{"txs":2,"uniq":2,"trade":0,"nft":3,"gas":0,"bal":0.009938,"days":2,"spread":0.064516,"streak":1,"rank_m":322278,"pct_m":0.342651,"gas_method":"estimated"},"2024-09":{"txs":4,"uniq":4,"trade":0,"nft":3,"gas":0,"bal":0.010582,"days":3,"spread":0.1,"streak":1,"rank_m":214903,"pct_m":0.228488,"gas_method":"estimated"},"2024-10":{"txs":21,"uniq":11,"trade":0,"nft":6,"gas":0.000002,"bal":0.013115,"days":7,"spread":0.225806,"streak":4,"rank_m":84456,"pct_m":0.089794,"gas_method":"estimated"},"2024-11":{"txs":3,"uniq":1,"trade":0,"nft":4,"gas":0.000007,"bal":0.013435,"days":3,"spread":0.1,"streak":1,"rank_m":326868,"pct_m":0.347531,"gas_method":"exact"},"2024-12":{"txs":14,"uniq":6,"trade":0,"nft":0,"gas":0.000287,"bal":0.012013,"days":4,"spread":0.129032,"streak":1,"rank_m":292904,"pct_m":0.31142,"gas_method":"exact"},"2025-01":{"txs":1,"uniq":1,"trade":0,"nft":0,"gas":0.000026,"bal":0.006271,"days":1,"spread":0.032258,"streak":1,"rank_m":495617,"pct_m":0.526948,"gas_method":"exact"},"2025-02":{"txs":2,"uniq":2,"trade":0,"nft":0,"gas":0.000014,"bal":0.006465,"days":2,"spread":0.071429,"streak":1,"rank_m":407729,"pct_m":0.433504,"gas_method":"exact"},"2025-03":{"txs":0,"uniq":0,"trade":0,"nft":0,"gas":0,"bal":0.006465,"days":0,"spread":0,"streak":0,"rank_m":603701,"pct_m":0.641865},"2025-04":{"txs":12,"uniq":8,"trade":1,"nft":0,"gas":0.00006,"bal":0.007679,"days":4,"spread":0.133333,"streak":3,"rank_m":119110,"pct_m":0.126639,"gas_method":"exact"},"2025-05":{"txs":2,"uniq":2,"trade":0,"nft":0,"gas":0.000014,"bal":0.017045,"days":2,"spread":0.064516,"streak":1,"rank_m":245173,"pct_m":0.260671,"gas_method":"estimated"},"2025-06":{"txs":4,"uniq":3,"trade":0,"nft":0,"gas":0.000028,"bal":0.02614,"days":2,"spread":0.066667,"streak":1,"rank_m":234909,"pct_m":0.249758,"gas_method":"estimated"},"2025-07":{"txs":0,"uniq":0,"trade":0,"nft":0,"gas":0,"bal":0.02614,"days":0,"spread":0,"streak":0,"rank_m":485301,"pct_m":0.51598},"2025-08":{"txs":2,"uniq":2,"trade":0,"nft":0,"gas":0.000014,"bal":0.062155,"days":2,"spread":0.064516,"streak":1,"rank_m":230413,"pct_m":0.244978,"gas_method":"estimated"},"2025-09":{"txs":37,"uniq":10,"trade":0,"nft":0,"gas":0.00026,"bal":0.090766,"days":11,"spread":0.366667,"streak":9,"rank_m":22960,"pct_m":0.02441,"gas_method":"estimated"},"2025-10":{"txs":34,"uniq":2,"trade":0,"nft":0,"gas":0.000239,"bal":0.142054,"days":9,"spread":0.290323,"streak":7,"rank_m":18084,"pct_m":0.019226,"gas_method":"estimated"}}}