{"wallet":"0x6341cffa55f95c31a2634a104f0eaa2520a91470","rank":437597,"lifetime":{"months_active":14,"first":"2023-07","last":"2025-10","tx_sum":185,"uniq_sum":94,"trade_sum":5,"nft_sum":32,"gas_sum":0.001716,"avg_balance_eth_mean":0.003911,"streak_best_days":3,"gas_sum_filled":0.001716},"months":{"2023-07":{"txs":0,"uniq":0,"trade":0,"nft":0,"gas":0,"bal":0,"days":0,"spread":0,"streak":0,"rank_m":595827,"pct_m":0.633493},"2023-08":{"txs":0,"uniq":0,"trade":0,"nft":0,"gas":0,"bal":0,"days":0,"spread":0,"streak":0,"rank_m":640410,"pct_m":0.680894},"2023-09":{"txs":0,"uniq":0,"trade":0,"nft":0,"gas":0,"bal":0,"days":0,"spread":0,"streak":0,"rank_m":652364,"pct_m":0.693604},"2023-10":{"txs":0,"uniq":0,"trade":0,"nft":0,"gas":0,"bal":0,"days":0,"spread":0,"streak":0,"rank_m":662028,"pct_m":0.703879},"2023-11":{"txs":0,"uniq":0,"trade":0,"nft":0,"gas":0,"bal":0,"days":0,"spread":0,"streak":0,"rank_m":670515,"pct_m":0.712902},"2023-12":{"txs":0,"uniq":0,"trade":0,"nft":0,"gas":0,"bal":0,"days":0,"spread":0,"streak":0,"rank_m":680787,"pct_m":0.723824},"2024-01":{"txs":0,"uniq":0,"trade":0,"nft":0,"gas":0,"bal":0,"days":0,"spread":0,"streak":0,"rank_m":689926,"pct_m":0.733541},"2024-02":{"txs":0,"uniq":0,"trade":0,"nft":0,"gas":0,"bal":0,"days":0,"spread":0,"streak":0,"rank_m":709670,"pct_m":0.754533},"2024-03":{"txs":40,"uniq":17,"trade":2,"nft":3,"gas":0.000729,"bal":0.00002,"days":2,"spread":0.064516,"streak":2,"rank_m":215211,"pct_m":0.228815,"gas_method":"estimated"},"2024-04":{"txs":39,"uniq":20,"trade":2,"nft":7,"gas":0.000088,"bal":0.008683,"days":5,"spread":0.166667,"streak":1,"rank_m":157342,"pct_m":0.167288,"gas_method":"estimated"},"2024-05":{"txs":3,"uniq":2,"trade":0,"nft":0,"gas":0.000002,"bal":0.010685,"days":1,"spread":0.032258,"streak":1,"rank_m":384184,"pct_m":0.40847,"gas_method":"estimated"},"2024-06":{"txs":5,"uniq":3,"trade":0,"nft":0,"gas":0,"bal":0.010645,"days":1,"spread":0.033333,"streak":1,"rank_m":361643,"pct_m":0.384504,"gas_method":"estimated"},"2024-07":{"txs":12,"uniq":3,"trade":0,"nft":0,"gas":0.000001,"bal":0.010627,"days":4,"spread":0.129032,"streak":1,"rank_m":268603,"pct_m":0.285582,"gas_method":"estimated"},"2024-08":{"txs":12,"uniq":12,"trade":0,"nft":13,"gas":0.000001,"bal":0.010383,"days":4,"spread":0.129032,"streak":2,"rank_m":156449,"pct_m":0.166338,"gas_method":"estimated"},"2024-09":{"txs":14,"uniq":10,"trade":0,"nft":9,"gas":0.000001,"bal":0.009013,"days":4,"spread":0.133333,"streak":2,"rank_m":73894,"pct_m":0.078564,"gas_method":"exact"},"2024-10":{"txs":2,"uniq":1,"trade":0,"nft":0,"gas":0,"bal":0.008954,"days":1,"spread":0.032258,"streak":1,"rank_m":410179,"pct_m":0.436109,"gas_method":"estimated"},"2024-11":{"txs":11,"uniq":6,"trade":1,"nft":0,"gas":0.000025,"bal":0.008491,"days":4,"spread":0.133333,"streak":2,"rank_m":201788,"pct_m":0.214544,"gas_method":"exact"},"2024-12":{"txs":19,"uniq":6,"trade":0,"nft":0,"gas":0.000419,"bal":0.007318,"days":3,"spread":0.096774,"streak":1,"rank_m":297456,"pct_m":0.316259,"gas_method":"exact"},"2025-01":{"txs":13,"uniq":7,"trade":0,"nft":0,"gas":0.000338,"bal":0.004836,"days":3,"spread":0.096774,"streak":2,"rank_m":261414,"pct_m":0.277939,"gas_method":"exact"},"2025-02":{"txs":3,"uniq":2,"trade":0,"nft":0,"gas":0.000021,"bal":0.00428,"days":1,"spread":0.035714,"streak":1,"rank_m":422266,"pct_m":0.44896,"gas_method":"exact"},"2025-03":{"txs":10,"uniq":4,"trade":0,"nft":0,"gas":0.000079,"bal":0.002355,"days":2,"spread":0.064516,"streak":2,"rank_m":267833,"pct_m":0.284764,"gas_method":"exact"},"2025-04":{"txs":2,"uniq":1,"trade":0,"nft":0,"gas":0.000012,"bal":0.001887,"days":1,"spread":0.033333,"streak":1,"rank_m":476761,"pct_m":0.5069,"gas_method":"exact"},"2025-05":{"txs":0,"uniq":0,"trade":0,"nft":0,"gas":0,"bal":0.001887,"days":0,"spread":0,"streak":0,"rank_m":665040,"pct_m":0.707081},"2025-06":{"txs":0,"uniq":0,"trade":0,"nft":0,"gas":0,"bal":0.001887,"days":0,"spread":0,"streak":0,"rank_m":668332,"pct_m":0.710581},"2025-07":{"txs":0,"uniq":0,"trade":0,"nft":0,"gas":0,"bal":0.001887,"days":0,"spread":0,"streak":0,"rank_m":686791,"pct_m":0.730207},"2025-08":{"txs":0,"uniq":0,"trade":0,"nft":0,"gas":0,"bal":0.001887,"days":0,"spread":0,"streak":0,"rank_m":668765,"pct_m":0.711042},"2025-09":{"txs":0,"uniq":0,"trade":0,"nft":0,"gas":0,"bal":0.001887,"days":0,"spread":0,"streak":0,"rank_m":652849,"pct_m":0.69412},"2025-10":{"txs":0,"uniq":0,"trade":0,"nft":0,"gas":0,"bal":0.001887,"days":0,"spread":0,"streak":0,"rank_m":585364,"pct_m":0.622368}}}