{"wallet":"0x63adc4aa7f0d8129f079b17ef35525b76a533bb3","rank":320063,"lifetime":{"months_active":26,"first":"2023-07","last":"2025-10","tx_sum":122,"uniq_sum":86,"trade_sum":2,"nft_sum":39,"gas_sum":0.002435,"avg_balance_eth_mean":0.019867,"streak_best_days":4,"gas_sum_filled":0.002435},"months":{"2023-07":{"txs":0,"uniq":0,"trade":0,"nft":0,"gas":0,"bal":0,"days":0,"spread":0,"streak":0,"rank_m":594391,"pct_m":0.631966},"2023-08":{"txs":12,"uniq":6,"trade":0,"nft":5,"gas":0.001331,"bal":0.003233,"days":6,"spread":0.193548,"streak":3,"rank_m":66306,"pct_m":0.070497,"gas_method":"exact"},"2023-09":{"txs":0,"uniq":0,"trade":0,"nft":0,"gas":0,"bal":0.003233,"days":0,"spread":0,"streak":0,"rank_m":263368,"pct_m":0.280017},"2023-10":{"txs":10,"uniq":7,"trade":0,"nft":5,"gas":0.000084,"bal":0.001349,"days":5,"spread":0.16129,"streak":2,"rank_m":62661,"pct_m":0.066621,"gas_method":"estimated"},"2023-11":{"txs":13,"uniq":8,"trade":0,"nft":2,"gas":0.000345,"bal":0.043525,"days":4,"spread":0.133333,"streak":2,"rank_m":16069,"pct_m":0.017084,"gas_method":"exact"},"2023-12":{"txs":5,"uniq":4,"trade":0,"nft":1,"gas":0.000136,"bal":0.084836,"days":5,"spread":0.16129,"streak":1,"rank_m":47535,"pct_m":0.050539,"gas_method":"estimated"},"2024-01":{"txs":8,"uniq":5,"trade":0,"nft":3,"gas":0.000066,"bal":0.069031,"days":3,"spread":0.096774,"streak":1,"rank_m":53299,"pct_m":0.056667,"gas_method":"exact"},"2024-02":{"txs":5,"uniq":4,"trade":0,"nft":1,"gas":0.000065,"bal":0.050914,"days":4,"spread":0.137931,"streak":1,"rank_m":106292,"pct_m":0.11301,"gas_method":"exact"},"2024-03":{"txs":19,"uniq":11,"trade":0,"nft":5,"gas":0.000206,"bal":0.01964,"days":10,"spread":0.322581,"streak":4,"rank_m":54213,"pct_m":0.057639,"gas_method":"exact"},"2024-04":{"txs":8,"uniq":7,"trade":0,"nft":3,"gas":0.000009,"bal":0.010303,"days":7,"spread":0.233333,"streak":2,"rank_m":206396,"pct_m":0.219443,"gas_method":"exact"},"2024-05":{"txs":7,"uniq":5,"trade":0,"nft":6,"gas":0.000001,"bal":0.009152,"days":6,"spread":0.193548,"streak":1,"rank_m":219956,"pct_m":0.23386,"gas_method":"exact"},"2024-06":{"txs":3,"uniq":3,"trade":0,"nft":2,"gas":0,"bal":0.010529,"days":3,"spread":0.1,"streak":1,"rank_m":295331,"pct_m":0.314,"gas_method":"estimated"},"2024-07":{"txs":1,"uniq":1,"trade":0,"nft":1,"gas":0,"bal":0.011668,"days":1,"spread":0.032258,"streak":1,"rank_m":359613,"pct_m":0.382346,"gas_method":"estimated"},"2024-08":{"txs":1,"uniq":1,"trade":0,"nft":0,"gas":0,"bal":0.011667,"days":1,"spread":0.032258,"streak":1,"rank_m":392466,"pct_m":0.417276,"gas_method":"estimated"},"2024-09":{"txs":1,"uniq":1,"trade":0,"nft":2,"gas":0,"bal":0.011578,"days":1,"spread":0.033333,"streak":1,"rank_m":301756,"pct_m":0.320831,"gas_method":"estimated"},"2024-10":{"txs":2,"uniq":2,"trade":0,"nft":0,"gas":0,"bal":0.011506,"days":2,"spread":0.064516,"streak":1,"rank_m":366214,"pct_m":0.389364,"gas_method":"estimated"},"2024-11":{"txs":7,"uniq":6,"trade":2,"nft":1,"gas":0.000016,"bal":0.0111,"days":3,"spread":0.1,"streak":1,"rank_m":245352,"pct_m":0.260862,"gas_method":"exact"},"2024-12":{"txs":1,"uniq":1,"trade":0,"nft":1,"gas":0.000022,"bal":0.010578,"days":1,"spread":0.032258,"streak":1,"rank_m":451581,"pct_m":0.480128,"gas_method":"exact"},"2025-01":{"txs":1,"uniq":1,"trade":0,"nft":0,"gas":0.000026,"bal":0.010553,"days":1,"spread":0.032258,"streak":1,"rank_m":481106,"pct_m":0.511519,"gas_method":"exact"},"2025-02":{"txs":1,"uniq":1,"trade":0,"nft":0,"gas":0.000007,"bal":0.010552,"days":1,"spread":0.035714,"streak":1,"rank_m":447698,"pct_m":0.475999,"gas_method":"exact"},"2025-03":{"txs":3,"uniq":2,"trade":0,"nft":0,"gas":0.000024,"bal":0.012896,"days":2,"spread":0.064516,"streak":1,"rank_m":338989,"pct_m":0.360418,"gas_method":"exact"},"2025-04":{"txs":1,"uniq":1,"trade":0,"nft":0,"gas":0.000006,"bal":0.022015,"days":1,"spread":0.033333,"streak":1,"rank_m":433973,"pct_m":0.461407,"gas_method":"exact"},"2025-05":{"txs":1,"uniq":1,"trade":0,"nft":0,"gas":0.000007,"bal":0.02163,"days":1,"spread":0.032258,"streak":1,"rank_m":282386,"pct_m":0.300237,"gas_method":"estimated"},"2025-06":{"txs":1,"uniq":1,"trade":0,"nft":0,"gas":0.000007,"bal":0.018416,"days":1,"spread":0.033333,"streak":1,"rank_m":313047,"pct_m":0.332836,"gas_method":"estimated"},"2025-07":{"txs":1,"uniq":1,"trade":0,"nft":0,"gas":0.000007,"bal":0.017381,"days":1,"spread":0.032258,"streak":1,"rank_m":344955,"pct_m":0.366761,"gas_method":"estimated"},"2025-08":{"txs":1,"uniq":1,"trade":0,"nft":0,"gas":0.000007,"bal":0.014481,"days":1,"spread":0.032258,"streak":1,"rank_m":329659,"pct_m":0.350498,"gas_method":"estimated"},"2025-09":{"txs":8,"uniq":4,"trade":0,"nft":1,"gas":0.000056,"bal":0.033041,"days":3,"spread":0.1,"streak":1,"rank_m":168838,"pct_m":0.179511,"gas_method":"estimated"},"2025-10":{"txs":1,"uniq":1,"trade":0,"nft":0,"gas":0.000007,"bal":0.021458,"days":1,"spread":0.032258,"streak":1,"rank_m":192385,"pct_m":0.204546,"gas_method":"estimated"}}}