{"wallet":"0x63b49ad6b47d33cba339be0e4362965d52b1dc58","rank":208846,"lifetime":{"months_active":19,"first":"2023-07","last":"2025-10","tx_sum":386,"uniq_sum":93,"trade_sum":39,"nft_sum":11,"gas_sum":0.004011,"avg_balance_eth_mean":0.00277,"streak_best_days":4,"gas_sum_filled":0.004011},"months":{"2023-07":{"txs":0,"uniq":0,"trade":0,"nft":0,"gas":0,"bal":0,"days":0,"spread":0,"streak":0,"rank_m":594286,"pct_m":0.631854},"2023-08":{"txs":2,"uniq":1,"trade":0,"nft":0,"gas":0.000127,"bal":0.000292,"days":1,"spread":0.032258,"streak":1,"rank_m":153045,"pct_m":0.162719,"gas_method":"exact"},"2023-09":{"txs":1,"uniq":1,"trade":0,"nft":1,"gas":0.000126,"bal":0.00123,"days":1,"spread":0.033333,"streak":1,"rank_m":118033,"pct_m":0.125494,"gas_method":"exact"},"2023-10":{"txs":0,"uniq":0,"trade":0,"nft":0,"gas":0,"bal":0.00123,"days":0,"spread":0,"streak":0,"rank_m":283781,"pct_m":0.30172},"2023-11":{"txs":0,"uniq":0,"trade":0,"nft":0,"gas":0,"bal":0.00123,"days":0,"spread":0,"streak":0,"rank_m":290785,"pct_m":0.309167},"2023-12":{"txs":2,"uniq":1,"trade":0,"nft":0,"gas":0.000047,"bal":0.00042,"days":1,"spread":0.032258,"streak":1,"rank_m":155972,"pct_m":0.165831,"gas_method":"exact"},"2024-01":{"txs":0,"uniq":0,"trade":0,"nft":0,"gas":0,"bal":0.00042,"days":0,"spread":0,"streak":0,"rank_m":349928,"pct_m":0.372049},"2024-02":{"txs":4,"uniq":3,"trade":0,"nft":2,"gas":0.000158,"bal":0.000541,"days":1,"spread":0.034483,"streak":1,"rank_m":229786,"pct_m":0.244312,"gas_method":"estimated"},"2024-03":{"txs":9,"uniq":7,"trade":0,"nft":1,"gas":0.000531,"bal":0.001369,"days":4,"spread":0.129032,"streak":2,"rank_m":229818,"pct_m":0.244346,"gas_method":"estimated"},"2024-04":{"txs":6,"uniq":6,"trade":0,"nft":4,"gas":0.000044,"bal":0.00255,"days":4,"spread":0.133333,"streak":1,"rank_m":332931,"pct_m":0.353977,"gas_method":"estimated"},"2024-05":{"txs":0,"uniq":0,"trade":0,"nft":0,"gas":0,"bal":0.00255,"days":0,"spread":0,"streak":0,"rank_m":513434,"pct_m":0.545891},"2024-06":{"txs":2,"uniq":1,"trade":0,"nft":0,"gas":0,"bal":0.000131,"days":1,"spread":0.033333,"streak":1,"rank_m":507467,"pct_m":0.539547,"gas_method":"estimated"},"2024-07":{"txs":0,"uniq":0,"trade":0,"nft":0,"gas":0,"bal":0.000131,"days":0,"spread":0,"streak":0,"rank_m":640397,"pct_m":0.68088},"2024-08":{"txs":0,"uniq":0,"trade":0,"nft":0,"gas":0,"bal":0.000131,"days":0,"spread":0,"streak":0,"rank_m":656993,"pct_m":0.698526},"2024-09":{"txs":0,"uniq":0,"trade":0,"nft":0,"gas":0,"bal":0.000131,"days":0,"spread":0,"streak":0,"rank_m":667893,"pct_m":0.710115},"2024-10":{"txs":1,"uniq":1,"trade":0,"nft":2,"gas":0,"bal":0.001839,"days":1,"spread":0.032258,"streak":1,"rank_m":436095,"pct_m":0.463663,"gas_method":"estimated"},"2024-11":{"txs":1,"uniq":1,"trade":0,"nft":0,"gas":0.000002,"bal":0.009015,"days":1,"spread":0.033333,"streak":1,"rank_m":444578,"pct_m":0.472682,"gas_method":"exact"},"2024-12":{"txs":14,"uniq":4,"trade":9,"nft":0,"gas":0.000309,"bal":0.007421,"days":5,"spread":0.16129,"streak":1,"rank_m":254942,"pct_m":0.271058,"gas_method":"exact"},"2025-01":{"txs":15,"uniq":9,"trade":0,"nft":0,"gas":0.00039,"bal":0.00444,"days":3,"spread":0.096774,"streak":1,"rank_m":276646,"pct_m":0.294134,"gas_method":"exact"},"2025-02":{"txs":0,"uniq":0,"trade":0,"nft":0,"gas":0,"bal":0.00444,"days":0,"spread":0,"streak":0,"rank_m":633695,"pct_m":0.673755},"2025-03":{"txs":8,"uniq":4,"trade":4,"nft":0,"gas":0.000032,"bal":0.000495,"days":2,"spread":0.064516,"streak":1,"rank_m":331509,"pct_m":0.352465,"gas_method":"exact"},"2025-04":{"txs":15,"uniq":10,"trade":14,"nft":0,"gas":0.000091,"bal":0.001368,"days":3,"spread":0.1,"streak":1,"rank_m":195574,"pct_m":0.207937,"gas_method":"exact"},"2025-05":{"txs":11,"uniq":5,"trade":11,"nft":0,"gas":0.000077,"bal":0.006018,"days":1,"spread":0.032258,"streak":1,"rank_m":200656,"pct_m":0.21334,"gas_method":"estimated"},"2025-06":{"txs":72,"uniq":16,"trade":0,"nft":0,"gas":0.000507,"bal":0.003625,"days":10,"spread":0.333333,"streak":3,"rank_m":159135,"pct_m":0.169194,"gas_method":"estimated"},"2025-07":{"txs":1,"uniq":1,"trade":0,"nft":0,"gas":0.000007,"bal":0.002699,"days":1,"spread":0.032258,"streak":1,"rank_m":497846,"pct_m":0.529318,"gas_method":"estimated"},"2025-08":{"txs":25,"uniq":9,"trade":1,"nft":0,"gas":0.000176,"bal":0.005428,"days":4,"spread":0.129032,"streak":1,"rank_m":184747,"pct_m":0.196425,"gas_method":"estimated"},"2025-09":{"txs":128,"uniq":8,"trade":0,"nft":0,"gas":0.000901,"bal":0.009491,"days":10,"spread":0.333333,"streak":4,"rank_m":74274,"pct_m":0.078968,"gas_method":"estimated"},"2025-10":{"txs":69,"uniq":5,"trade":0,"nft":1,"gas":0.000486,"bal":0.008919,"days":9,"spread":0.290323,"streak":3,"rank_m":40666,"pct_m":0.043236,"gas_method":"estimated"}}}