{"wallet":"0x63e1fd4791cef0950748bffee317aa6dcadd6db4","rank":233668,"lifetime":{"months_active":21,"first":"2023-07","last":"2025-10","tx_sum":374,"uniq_sum":150,"trade_sum":0,"nft_sum":24,"gas_sum":0.003018,"avg_balance_eth_mean":0.007236,"streak_best_days":0,"gas_sum_filled":0.003018},"months":{"2023-07":{"txs":0,"uniq":0,"trade":0,"nft":0,"gas":0,"bal":0,"days":0,"spread":0,"streak":0,"rank_m":593678,"pct_m":0.631208},"2023-08":{"txs":2,"uniq":2,"trade":0,"nft":0,"gas":0.000213,"bal":0.000557,"days":1,"spread":0.032258,"streak":0,"rank_m":192337,"pct_m":0.204495,"gas_method":"exact"},"2023-09":{"txs":0,"uniq":0,"trade":0,"nft":0,"gas":0,"bal":0.000557,"days":0,"spread":0,"streak":0,"rank_m":289033,"pct_m":0.307304},"2023-10":{"txs":0,"uniq":0,"trade":0,"nft":0,"gas":0,"bal":0.000557,"days":0,"spread":0,"streak":0,"rank_m":301029,"pct_m":0.320058},"2023-11":{"txs":0,"uniq":0,"trade":0,"nft":0,"gas":0,"bal":0.000557,"days":0,"spread":0,"streak":0,"rank_m":311159,"pct_m":0.330829},"2023-12":{"txs":1,"uniq":1,"trade":0,"nft":0,"gas":0.000023,"bal":0.001561,"days":1,"spread":0.032258,"streak":0,"rank_m":203221,"pct_m":0.216067,"gas_method":"estimated"},"2024-01":{"txs":0,"uniq":0,"trade":0,"nft":0,"gas":0,"bal":0.001561,"days":0,"spread":0,"streak":0,"rank_m":310996,"pct_m":0.330655},"2024-02":{"txs":2,"uniq":2,"trade":0,"nft":2,"gas":0.000024,"bal":0.002145,"days":2,"spread":0.068966,"streak":0,"rank_m":255429,"pct_m":0.271576,"gas_method":"estimated"},"2024-03":{"txs":0,"uniq":0,"trade":0,"nft":0,"gas":0,"bal":0.002145,"days":0,"spread":0,"streak":0,"rank_m":416458,"pct_m":0.442785},"2024-04":{"txs":5,"uniq":4,"trade":0,"nft":1,"gas":0.000011,"bal":0.001565,"days":2,"spread":0.066667,"streak":0,"rank_m":429035,"pct_m":0.456157,"gas_method":"estimated"},"2024-05":{"txs":0,"uniq":0,"trade":0,"nft":0,"gas":0,"bal":0.001565,"days":0,"spread":0,"streak":0,"rank_m":524221,"pct_m":0.55736},"2024-06":{"txs":2,"uniq":1,"trade":0,"nft":0,"gas":0,"bal":0.005971,"days":1,"spread":0.033333,"streak":0,"rank_m":467100,"pct_m":0.496628,"gas_method":"estimated"},"2024-07":{"txs":3,"uniq":2,"trade":0,"nft":2,"gas":0,"bal":0.009541,"days":2,"spread":0.064516,"streak":0,"rank_m":377239,"pct_m":0.401086,"gas_method":"estimated"},"2024-08":{"txs":14,"uniq":7,"trade":0,"nft":4,"gas":0.000001,"bal":0.008373,"days":6,"spread":0.193548,"streak":0,"rank_m":266096,"pct_m":0.282917,"gas_method":"estimated"},"2024-09":{"txs":29,"uniq":14,"trade":0,"nft":7,"gas":0.000001,"bal":0.010423,"days":8,"spread":0.266667,"streak":0,"rank_m":140340,"pct_m":0.149211,"gas_method":"estimated"},"2024-10":{"txs":13,"uniq":9,"trade":0,"nft":7,"gas":0.000001,"bal":0.008127,"days":5,"spread":0.16129,"streak":0,"rank_m":241806,"pct_m":0.257091,"gas_method":"estimated"},"2024-11":{"txs":33,"uniq":19,"trade":0,"nft":1,"gas":0.000074,"bal":0.008646,"days":12,"spread":0.4,"streak":0,"rank_m":160359,"pct_m":0.170495,"gas_method":"exact"},"2024-12":{"txs":19,"uniq":11,"trade":0,"nft":0,"gas":0.000419,"bal":0.014869,"days":8,"spread":0.258065,"streak":0,"rank_m":254431,"pct_m":0.270515,"gas_method":"exact"},"2025-01":{"txs":29,"uniq":10,"trade":0,"nft":0,"gas":0.000727,"bal":0.009281,"days":8,"spread":0.258065,"streak":0,"rank_m":213838,"pct_m":0.227355,"gas_method":"exact"},"2025-02":{"txs":14,"uniq":8,"trade":0,"nft":0,"gas":0.000091,"bal":0.006416,"days":6,"spread":0.214286,"streak":0,"rank_m":234929,"pct_m":0.24978,"gas_method":"exact"},"2025-03":{"txs":18,"uniq":5,"trade":0,"nft":0,"gas":0.000126,"bal":0.006077,"days":6,"spread":0.193548,"streak":0,"rank_m":247822,"pct_m":0.263488,"gas_method":"exact"},"2025-04":{"txs":18,"uniq":8,"trade":0,"nft":0,"gas":0.000097,"bal":0.007316,"days":7,"spread":0.233333,"streak":0,"rank_m":197952,"pct_m":0.210465,"gas_method":"exact"},"2025-05":{"txs":10,"uniq":6,"trade":0,"nft":0,"gas":0.00007,"bal":0.008369,"days":4,"spread":0.129032,"streak":0,"rank_m":249081,"pct_m":0.264826,"gas_method":"estimated"},"2025-06":{"txs":32,"uniq":14,"trade":0,"nft":0,"gas":0.000225,"bal":0.007362,"days":11,"spread":0.366667,"streak":0,"rank_m":214180,"pct_m":0.227719,"gas_method":"estimated"},"2025-07":{"txs":6,"uniq":1,"trade":0,"nft":0,"gas":0.000042,"bal":0.009448,"days":1,"spread":0.032258,"streak":0,"rank_m":425753,"pct_m":0.452667,"gas_method":"estimated"},"2025-08":{"txs":26,"uniq":7,"trade":0,"nft":0,"gas":0.000183,"bal":0.012154,"days":11,"spread":0.354839,"streak":0,"rank_m":201878,"pct_m":0.214639,"gas_method":"estimated"},"2025-09":{"txs":56,"uniq":11,"trade":0,"nft":0,"gas":0.000394,"bal":0.027714,"days":20,"spread":0.666667,"streak":0,"rank_m":81787,"pct_m":0.086956,"gas_method":"estimated"},"2025-10":{"txs":42,"uniq":8,"trade":0,"nft":0,"gas":0.000296,"bal":0.029741,"days":14,"spread":0.451613,"streak":0,"rank_m":65247,"pct_m":0.069371,"gas_method":"estimated"}}}