{"wallet":"0x639b399afcfb2d51fcb003f05ec6e50e095e64a3","rank":340538,"lifetime":{"months_active":11,"first":"2023-07","last":"2025-10","tx_sum":152,"uniq_sum":36,"trade_sum":20,"nft_sum":0,"gas_sum":0.005614,"avg_balance_eth_mean":0.197121,"streak_best_days":8,"gas_sum_filled":0.005614},"months":{"2023-07":{"txs":0,"uniq":0,"trade":0,"nft":0,"gas":0,"bal":0,"days":0,"spread":0,"streak":0,"rank_m":594652,"pct_m":0.632244},"2023-08":{"txs":21,"uniq":6,"trade":0,"nft":0,"gas":0.00325,"bal":1.136116,"days":6,"spread":0.193548,"streak":3,"rank_m":51615,"pct_m":0.054877,"gas_method":"exact"},"2023-09":{"txs":0,"uniq":0,"trade":0,"nft":0,"gas":0,"bal":1.136116,"days":0,"spread":0,"streak":0,"rank_m":233341,"pct_m":0.248091},"2023-10":{"txs":0,"uniq":0,"trade":0,"nft":0,"gas":0,"bal":1.136116,"days":0,"spread":0,"streak":0,"rank_m":218936,"pct_m":0.232776},"2023-11":{"txs":0,"uniq":0,"trade":0,"nft":0,"gas":0,"bal":1.136116,"days":0,"spread":0,"streak":0,"rank_m":212407,"pct_m":0.225834},"2023-12":{"txs":16,"uniq":3,"trade":0,"nft":0,"gas":0.000928,"bal":0.000047,"days":2,"spread":0.064516,"streak":2,"rank_m":152713,"pct_m":0.162366,"gas_method":"estimated"},"2024-01":{"txs":0,"uniq":0,"trade":0,"nft":0,"gas":0,"bal":0.000047,"days":0,"spread":0,"streak":0,"rank_m":383269,"pct_m":0.407497},"2024-02":{"txs":0,"uniq":0,"trade":0,"nft":0,"gas":0,"bal":0.000047,"days":0,"spread":0,"streak":0,"rank_m":428355,"pct_m":0.455434},"2024-03":{"txs":6,"uniq":1,"trade":0,"nft":0,"gas":0.000275,"bal":0.019291,"days":1,"spread":0.032258,"streak":1,"rank_m":261083,"pct_m":0.277587,"gas_method":"estimated"},"2024-04":{"txs":7,"uniq":3,"trade":0,"nft":0,"gas":0.000119,"bal":0.019399,"days":2,"spread":0.066667,"streak":1,"rank_m":304036,"pct_m":0.323255,"gas_method":"exact"},"2024-05":{"txs":43,"uniq":7,"trade":0,"nft":0,"gas":0.00002,"bal":0.00493,"days":9,"spread":0.290323,"streak":8,"rank_m":131167,"pct_m":0.139458,"gas_method":"exact"},"2024-06":{"txs":0,"uniq":0,"trade":0,"nft":0,"gas":0,"bal":0.00493,"days":0,"spread":0,"streak":0,"rank_m":523364,"pct_m":0.556449},"2024-07":{"txs":0,"uniq":0,"trade":0,"nft":0,"gas":0,"bal":0.00493,"days":0,"spread":0,"streak":0,"rank_m":534357,"pct_m":0.568137},"2024-08":{"txs":1,"uniq":0,"trade":0,"nft":0,"gas":0,"bal":0.007131,"days":1,"spread":0.032258,"streak":1,"rank_m":430370,"pct_m":0.457576,"gas_method":"estimated"},"2024-09":{"txs":0,"uniq":0,"trade":0,"nft":0,"gas":0,"bal":0.007131,"days":0,"spread":0,"streak":0,"rank_m":506935,"pct_m":0.538981},"2024-10":{"txs":0,"uniq":0,"trade":0,"nft":0,"gas":0,"bal":0.007131,"days":0,"spread":0,"streak":0,"rank_m":552745,"pct_m":0.587687},"2024-11":{"txs":0,"uniq":0,"trade":0,"nft":0,"gas":0,"bal":0.007131,"days":0,"spread":0,"streak":0,"rank_m":569813,"pct_m":0.605834},"2024-12":{"txs":6,"uniq":3,"trade":3,"nft":0,"gas":0.00011,"bal":0.159083,"days":4,"spread":0.129032,"streak":2,"rank_m":249154,"pct_m":0.264904,"gas_method":"exact"},"2025-01":{"txs":32,"uniq":5,"trade":15,"nft":0,"gas":0.000779,"bal":0.528427,"days":6,"spread":0.193548,"streak":3,"rank_m":65121,"pct_m":0.069237,"gas_method":"exact"},"2025-02":{"txs":9,"uniq":3,"trade":2,"nft":0,"gas":0.000056,"bal":0.043243,"days":2,"spread":0.071429,"streak":1,"rank_m":215421,"pct_m":0.229038,"gas_method":"exact"},"2025-03":{"txs":0,"uniq":0,"trade":0,"nft":0,"gas":0,"bal":0.043243,"days":0,"spread":0,"streak":0,"rank_m":538871,"pct_m":0.572936},"2025-04":{"txs":0,"uniq":0,"trade":0,"nft":0,"gas":0,"bal":0.043243,"days":0,"spread":0,"streak":0,"rank_m":573956,"pct_m":0.610239},"2025-05":{"txs":10,"uniq":4,"trade":0,"nft":0,"gas":0.00007,"bal":0.013874,"days":2,"spread":0.064516,"streak":2,"rank_m":149889,"pct_m":0.159364,"gas_method":"estimated"},"2025-06":{"txs":0,"uniq":0,"trade":0,"nft":0,"gas":0,"bal":0.013874,"days":0,"spread":0,"streak":0,"rank_m":512081,"pct_m":0.544453},"2025-07":{"txs":0,"uniq":0,"trade":0,"nft":0,"gas":0,"bal":0.013874,"days":0,"spread":0,"streak":0,"rank_m":529331,"pct_m":0.562793},"2025-08":{"txs":1,"uniq":1,"trade":0,"nft":0,"gas":0.000007,"bal":0.011308,"days":1,"spread":0.032258,"streak":1,"rank_m":347421,"pct_m":0.369383,"gas_method":"estimated"},"2025-09":{"txs":0,"uniq":0,"trade":0,"nft":0,"gas":0,"bal":0.011308,"days":0,"spread":0,"streak":0,"rank_m":517263,"pct_m":0.549962},"2025-10":{"txs":0,"uniq":0,"trade":0,"nft":0,"gas":0,"bal":0.011308,"days":0,"spread":0,"streak":0,"rank_m":427190,"pct_m":0.454195}}}