{"wallet":"0x63a32f62d4bd5315fb0bbfa22e5a6b46205b075f","rank":351196,"lifetime":{"months_active":18,"first":"2023-07","last":"2025-10","tx_sum":232,"uniq_sum":115,"trade_sum":2,"nft_sum":57,"gas_sum":0.000945,"avg_balance_eth_mean":0.003287,"streak_best_days":4,"gas_sum_filled":0.000945},"months":{"2023-07":{"txs":0,"uniq":0,"trade":0,"nft":0,"gas":0,"bal":0,"days":0,"spread":0,"streak":0,"rank_m":594543,"pct_m":0.632128},"2023-08":{"txs":0,"uniq":0,"trade":0,"nft":0,"gas":0,"bal":0,"days":0,"spread":0,"streak":0,"rank_m":639280,"pct_m":0.679693},"2023-09":{"txs":0,"uniq":0,"trade":0,"nft":0,"gas":0,"bal":0,"days":0,"spread":0,"streak":0,"rank_m":651282,"pct_m":0.692454},"2023-10":{"txs":59,"uniq":20,"trade":1,"nft":5,"gas":0.000099,"bal":0.001174,"days":1,"spread":0.032258,"streak":1,"rank_m":70611,"pct_m":0.075074,"gas_method":"estimated"},"2023-11":{"txs":9,"uniq":6,"trade":0,"nft":2,"gas":0.000026,"bal":0.005336,"days":1,"spread":0.033333,"streak":1,"rank_m":72378,"pct_m":0.076953,"gas_method":"estimated"},"2023-12":{"txs":2,"uniq":1,"trade":0,"nft":1,"gas":0.000011,"bal":0.005146,"days":1,"spread":0.032258,"streak":1,"rank_m":129594,"pct_m":0.137786,"gas_method":"estimated"},"2024-01":{"txs":4,"uniq":3,"trade":0,"nft":2,"gas":0.000134,"bal":0.005002,"days":1,"spread":0.032258,"streak":1,"rank_m":99406,"pct_m":0.105689,"gas_method":"exact"},"2024-02":{"txs":6,"uniq":4,"trade":0,"nft":2,"gas":0.000017,"bal":0.005433,"days":2,"spread":0.068966,"streak":1,"rank_m":150534,"pct_m":0.160049,"gas_method":"estimated"},"2024-03":{"txs":7,"uniq":4,"trade":0,"nft":5,"gas":0.00003,"bal":0.005766,"days":1,"spread":0.032258,"streak":1,"rank_m":237596,"pct_m":0.252615,"gas_method":"estimated"},"2024-04":{"txs":32,"uniq":15,"trade":0,"nft":5,"gas":0.000017,"bal":0.005518,"days":5,"spread":0.166667,"streak":2,"rank_m":193930,"pct_m":0.206189,"gas_method":"estimated"},"2024-05":{"txs":11,"uniq":5,"trade":1,"nft":2,"gas":0.000002,"bal":0.005395,"days":5,"spread":0.16129,"streak":2,"rank_m":223556,"pct_m":0.237688,"gas_method":"estimated"},"2024-06":{"txs":21,"uniq":7,"trade":0,"nft":3,"gas":0.000001,"bal":0.005267,"days":8,"spread":0.266667,"streak":2,"rank_m":125752,"pct_m":0.133701,"gas_method":"exact"},"2024-07":{"txs":7,"uniq":4,"trade":0,"nft":2,"gas":0.000007,"bal":0.005246,"days":3,"spread":0.096774,"streak":1,"rank_m":230518,"pct_m":0.24509,"gas_method":"exact"},"2024-08":{"txs":25,"uniq":23,"trade":0,"nft":23,"gas":0.000004,"bal":0.004828,"days":5,"spread":0.16129,"streak":3,"rank_m":79078,"pct_m":0.084076,"gas_method":"exact"},"2024-09":{"txs":11,"uniq":5,"trade":0,"nft":3,"gas":0.000001,"bal":0.003202,"days":6,"spread":0.2,"streak":2,"rank_m":128587,"pct_m":0.136715,"gas_method":"exact"},"2024-10":{"txs":6,"uniq":3,"trade":0,"nft":1,"gas":0,"bal":0.003195,"days":2,"spread":0.064516,"streak":1,"rank_m":369128,"pct_m":0.392462,"gas_method":"estimated"},"2024-11":{"txs":1,"uniq":1,"trade":0,"nft":0,"gas":0.000002,"bal":0.003193,"days":1,"spread":0.033333,"streak":1,"rank_m":468655,"pct_m":0.498281,"gas_method":"exact"},"2024-12":{"txs":0,"uniq":0,"trade":0,"nft":0,"gas":0,"bal":0.003193,"days":0,"spread":0,"streak":0,"rank_m":645846,"pct_m":0.686674},"2025-01":{"txs":20,"uniq":5,"trade":0,"nft":1,"gas":0.00052,"bal":0.003121,"days":6,"spread":0.193548,"streak":3,"rank_m":191368,"pct_m":0.203465,"gas_method":"exact"},"2025-02":{"txs":0,"uniq":0,"trade":0,"nft":0,"gas":0,"bal":0.003121,"days":0,"spread":0,"streak":0,"rank_m":646908,"pct_m":0.687803},"2025-03":{"txs":0,"uniq":0,"trade":0,"nft":0,"gas":0,"bal":0.003121,"days":0,"spread":0,"streak":0,"rank_m":637270,"pct_m":0.677556},"2025-04":{"txs":3,"uniq":3,"trade":0,"nft":0,"gas":0.000018,"bal":0.003086,"days":1,"spread":0.033333,"streak":1,"rank_m":426729,"pct_m":0.453705,"gas_method":"exact"},"2025-05":{"txs":0,"uniq":0,"trade":0,"nft":0,"gas":0,"bal":0.003086,"days":0,"spread":0,"streak":0,"rank_m":631742,"pct_m":0.671678},"2025-06":{"txs":7,"uniq":5,"trade":0,"nft":0,"gas":0.000049,"bal":0.002779,"days":2,"spread":0.066667,"streak":2,"rank_m":357556,"pct_m":0.380159,"gas_method":"estimated"},"2025-07":{"txs":1,"uniq":1,"trade":0,"nft":0,"gas":0.000007,"bal":0.001704,"days":1,"spread":0.032258,"streak":1,"rank_m":526311,"pct_m":0.559582,"gas_method":"estimated"},"2025-08":{"txs":0,"uniq":0,"trade":0,"nft":0,"gas":0,"bal":0.001704,"days":0,"spread":0,"streak":0,"rank_m":674924,"pct_m":0.71759},"2025-09":{"txs":0,"uniq":0,"trade":0,"nft":0,"gas":0,"bal":0.001704,"days":0,"spread":0,"streak":0,"rank_m":658711,"pct_m":0.700352},"2025-10":{"txs":0,"uniq":0,"trade":0,"nft":0,"gas":0,"bal":0.001704,"days":0,"spread":0,"streak":0,"rank_m":592217,"pct_m":0.629655}}}