{"wallet":"0x63b7d1ab66193f293acf682a2795064b2361e016","rank":295024,"lifetime":{"months_active":9,"first":"2023-07","last":"2025-10","tx_sum":734,"uniq_sum":37,"trade_sum":158,"nft_sum":0,"gas_sum":0.000351,"avg_balance_eth_mean":0.003535,"streak_best_days":47,"gas_sum_filled":0.000351},"months":{"2023-07":{"txs":0,"uniq":0,"trade":0,"nft":0,"gas":0,"bal":0,"days":0,"spread":0,"streak":0,"rank_m":594241,"pct_m":0.631807},"2023-08":{"txs":0,"uniq":0,"trade":0,"nft":0,"gas":0,"bal":0,"days":0,"spread":0,"streak":0,"rank_m":639022,"pct_m":0.679419},"2023-09":{"txs":0,"uniq":0,"trade":0,"nft":0,"gas":0,"bal":0,"days":0,"spread":0,"streak":0,"rank_m":651032,"pct_m":0.692188},"2023-10":{"txs":0,"uniq":0,"trade":0,"nft":0,"gas":0,"bal":0,"days":0,"spread":0,"streak":0,"rank_m":660730,"pct_m":0.702499},"2023-11":{"txs":8,"uniq":2,"trade":0,"nft":0,"gas":0.000007,"bal":0.000003,"days":4,"spread":0.133333,"streak":2,"rank_m":140892,"pct_m":0.149798,"gas_method":"estimated"},"2023-12":{"txs":5,"uniq":1,"trade":0,"nft":0,"gas":0.000008,"bal":0.000965,"days":3,"spread":0.096774,"streak":1,"rank_m":151511,"pct_m":0.161088,"gas_method":"estimated"},"2024-01":{"txs":1,"uniq":1,"trade":0,"nft":0,"gas":0.000016,"bal":0.000996,"days":1,"spread":0.032258,"streak":1,"rank_m":172101,"pct_m":0.18298,"gas_method":"exact"},"2024-02":{"txs":8,"uniq":3,"trade":0,"nft":0,"gas":0.000007,"bal":0.000545,"days":3,"spread":0.103448,"streak":2,"rank_m":203194,"pct_m":0.216038,"gas_method":"estimated"},"2024-03":{"txs":44,"uniq":2,"trade":0,"nft":0,"gas":0.000058,"bal":0.002075,"days":8,"spread":0.258065,"streak":8,"rank_m":179168,"pct_m":0.190494,"gas_method":"estimated"},"2024-04":{"txs":305,"uniq":9,"trade":51,"nft":0,"gas":0.000098,"bal":0.009969,"days":30,"spread":1,"streak":30,"rank_m":21976,"pct_m":0.023364,"gas_method":"exact"},"2024-05":{"txs":221,"uniq":10,"trade":100,"nft":0,"gas":0.000154,"bal":0.013325,"days":27,"spread":0.870968,"streak":17,"rank_m":8734,"pct_m":0.009285,"gas_method":"exact"},"2024-06":{"txs":94,"uniq":4,"trade":7,"nft":0,"gas":0,"bal":0.005816,"days":16,"spread":0.533333,"streak":10,"rank_m":83131,"pct_m":0.088385,"gas_method":"estimated"},"2024-07":{"txs":48,"uniq":5,"trade":0,"nft":0,"gas":0.000003,"bal":0.00408,"days":12,"spread":0.387097,"streak":5,"rank_m":109359,"pct_m":0.116271,"gas_method":"exact"},"2024-08":{"txs":0,"uniq":0,"trade":0,"nft":0,"gas":0,"bal":0.00408,"days":0,"spread":0,"streak":0,"rank_m":551368,"pct_m":0.586223},"2024-09":{"txs":0,"uniq":0,"trade":0,"nft":0,"gas":0,"bal":0.00408,"days":0,"spread":0,"streak":0,"rank_m":530834,"pct_m":0.564391},"2024-10":{"txs":0,"uniq":0,"trade":0,"nft":0,"gas":0,"bal":0.00408,"days":0,"spread":0,"streak":0,"rank_m":576482,"pct_m":0.612925},"2024-11":{"txs":0,"uniq":0,"trade":0,"nft":0,"gas":0,"bal":0.00408,"days":0,"spread":0,"streak":0,"rank_m":588023,"pct_m":0.625195},"2024-12":{"txs":0,"uniq":0,"trade":0,"nft":0,"gas":0,"bal":0.00408,"days":0,"spread":0,"streak":0,"rank_m":639747,"pct_m":0.680189},"2025-01":{"txs":0,"uniq":0,"trade":0,"nft":0,"gas":0,"bal":0.00408,"days":0,"spread":0,"streak":0,"rank_m":627740,"pct_m":0.667423},"2025-02":{"txs":0,"uniq":0,"trade":0,"nft":0,"gas":0,"bal":0.00408,"days":0,"spread":0,"streak":0,"rank_m":637777,"pct_m":0.678095},"2025-03":{"txs":0,"uniq":0,"trade":0,"nft":0,"gas":0,"bal":0.00408,"days":0,"spread":0,"streak":0,"rank_m":626263,"pct_m":0.665853},"2025-04":{"txs":0,"uniq":0,"trade":0,"nft":0,"gas":0,"bal":0.00408,"days":0,"spread":0,"streak":0,"rank_m":655286,"pct_m":0.696711},"2025-05":{"txs":0,"uniq":0,"trade":0,"nft":0,"gas":0,"bal":0.00408,"days":0,"spread":0,"streak":0,"rank_m":612980,"pct_m":0.65173},"2025-06":{"txs":0,"uniq":0,"trade":0,"nft":0,"gas":0,"bal":0.00408,"days":0,"spread":0,"streak":0,"rank_m":614707,"pct_m":0.653566},"2025-07":{"txs":0,"uniq":0,"trade":0,"nft":0,"gas":0,"bal":0.00408,"days":0,"spread":0,"streak":0,"rank_m":633616,"pct_m":0.673671},"2025-08":{"txs":0,"uniq":0,"trade":0,"nft":0,"gas":0,"bal":0.00408,"days":0,"spread":0,"streak":0,"rank_m":615543,"pct_m":0.654455},"2025-09":{"txs":0,"uniq":0,"trade":0,"nft":0,"gas":0,"bal":0.00408,"days":0,"spread":0,"streak":0,"rank_m":601429,"pct_m":0.639449},"2025-10":{"txs":0,"uniq":0,"trade":0,"nft":0,"gas":0,"bal":0.00408,"days":0,"spread":0,"streak":0,"rank_m":523731,"pct_m":0.556839}}}