{"wallet":"0x637cbcd1a02d042b8d37869d58094f90ed31d9bb","rank":774711,"lifetime":{"months_active":12,"first":"2023-07","last":"2025-10","tx_sum":123,"uniq_sum":87,"trade_sum":0,"nft_sum":48,"gas_sum":0.00023,"avg_balance_eth_mean":0.001531,"streak_best_days":3,"gas_sum_filled":0.00023},"months":{"2023-07":{"txs":0,"uniq":0,"trade":0,"nft":0,"gas":0,"bal":0,"days":0,"spread":0,"streak":0,"rank_m":595080,"pct_m":0.632699},"2023-08":{"txs":0,"uniq":0,"trade":0,"nft":0,"gas":0,"bal":0,"days":0,"spread":0,"streak":0,"rank_m":639748,"pct_m":0.68019},"2023-09":{"txs":0,"uniq":0,"trade":0,"nft":0,"gas":0,"bal":0,"days":0,"spread":0,"streak":0,"rank_m":651729,"pct_m":0.692929},"2023-10":{"txs":1,"uniq":1,"trade":0,"nft":1,"gas":0.000002,"bal":0.000371,"days":1,"spread":0.032258,"streak":1,"rank_m":143264,"pct_m":0.15232,"gas_method":"estimated"},"2023-11":{"txs":0,"uniq":0,"trade":0,"nft":0,"gas":0,"bal":0.000371,"days":0,"spread":0,"streak":0,"rank_m":319494,"pct_m":0.339691},"2023-12":{"txs":0,"uniq":0,"trade":0,"nft":0,"gas":0,"bal":0.000371,"days":0,"spread":0,"streak":0,"rank_m":339943,"pct_m":0.361432},"2024-01":{"txs":0,"uniq":0,"trade":0,"nft":0,"gas":0,"bal":0.000371,"days":0,"spread":0,"streak":0,"rank_m":353539,"pct_m":0.375888},"2024-02":{"txs":0,"uniq":0,"trade":0,"nft":0,"gas":0,"bal":0.000371,"days":0,"spread":0,"streak":0,"rank_m":400058,"pct_m":0.425348},"2024-03":{"txs":20,"uniq":19,"trade":0,"nft":19,"gas":0.000119,"bal":0.001144,"days":4,"spread":0.129032,"streak":3,"rank_m":152671,"pct_m":0.162321,"gas_method":"estimated"},"2024-04":{"txs":13,"uniq":11,"trade":0,"nft":10,"gas":0.00001,"bal":0.003162,"days":3,"spread":0.1,"streak":1,"rank_m":289558,"pct_m":0.307862,"gas_method":"estimated"},"2024-05":{"txs":24,"uniq":12,"trade":0,"nft":3,"gas":0.000006,"bal":0.002413,"days":4,"spread":0.129032,"streak":1,"rank_m":262735,"pct_m":0.279343,"gas_method":"estimated"},"2024-06":{"txs":5,"uniq":4,"trade":0,"nft":1,"gas":0,"bal":0.002124,"days":4,"spread":0.133333,"streak":1,"rank_m":356389,"pct_m":0.378918,"gas_method":"estimated"},"2024-07":{"txs":9,"uniq":5,"trade":0,"nft":0,"gas":0.000001,"bal":0.001954,"days":4,"spread":0.129032,"streak":1,"rank_m":273131,"pct_m":0.290397,"gas_method":"exact"},"2024-08":{"txs":26,"uniq":20,"trade":0,"nft":14,"gas":0.000001,"bal":0.001283,"days":7,"spread":0.225806,"streak":1,"rank_m":217403,"pct_m":0.231146,"gas_method":"estimated"},"2024-09":{"txs":7,"uniq":3,"trade":0,"nft":0,"gas":0,"bal":0.000134,"days":4,"spread":0.133333,"streak":1,"rank_m":429183,"pct_m":0.456314,"gas_method":"estimated"},"2024-10":{"txs":8,"uniq":5,"trade":0,"nft":0,"gas":0,"bal":0.000717,"days":4,"spread":0.129032,"streak":1,"rank_m":423051,"pct_m":0.449794,"gas_method":"estimated"},"2024-11":{"txs":5,"uniq":4,"trade":0,"nft":0,"gas":0.000011,"bal":0.002189,"days":3,"spread":0.1,"streak":1,"rank_m":377712,"pct_m":0.401589,"gas_method":"exact"},"2024-12":{"txs":3,"uniq":2,"trade":0,"nft":0,"gas":0.000066,"bal":0.002444,"days":2,"spread":0.064516,"streak":1,"rank_m":487422,"pct_m":0.518235,"gas_method":"exact"},"2025-01":{"txs":0,"uniq":0,"trade":0,"nft":0,"gas":0,"bal":0.002444,"days":0,"spread":0,"streak":0,"rank_m":641403,"pct_m":0.68195},"2025-02":{"txs":0,"uniq":0,"trade":0,"nft":0,"gas":0,"bal":0.002444,"days":0,"spread":0,"streak":0,"rank_m":655033,"pct_m":0.696442},"2025-03":{"txs":0,"uniq":0,"trade":0,"nft":0,"gas":0,"bal":0.002444,"days":0,"spread":0,"streak":0,"rank_m":647161,"pct_m":0.688072},"2025-04":{"txs":0,"uniq":0,"trade":0,"nft":0,"gas":0,"bal":0.002444,"days":0,"spread":0,"streak":0,"rank_m":674234,"pct_m":0.716857},"2025-05":{"txs":0,"uniq":0,"trade":0,"nft":0,"gas":0,"bal":0.002444,"days":0,"spread":0,"streak":0,"rank_m":647007,"pct_m":0.687908},"2025-06":{"txs":0,"uniq":0,"trade":0,"nft":0,"gas":0,"bal":0.002444,"days":0,"spread":0,"streak":0,"rank_m":650989,"pct_m":0.692142},"2025-07":{"txs":0,"uniq":0,"trade":0,"nft":0,"gas":0,"bal":0.002444,"days":0,"spread":0,"streak":0,"rank_m":670326,"pct_m":0.712702},"2025-08":{"txs":0,"uniq":0,"trade":0,"nft":0,"gas":0,"bal":0.002444,"days":0,"spread":0,"streak":0,"rank_m":651340,"pct_m":0.692515},"2025-09":{"txs":0,"uniq":0,"trade":0,"nft":0,"gas":0,"bal":0.002444,"days":0,"spread":0,"streak":0,"rank_m":636509,"pct_m":0.676747},"2025-10":{"txs":2,"uniq":1,"trade":0,"nft":0,"gas":0.000014,"bal":0.00146,"days":1,"spread":0.032258,"streak":1,"rank_m":365171,"pct_m":0.388255,"gas_method":"estimated"}}}