{"wallet":"0x63c6389c1be54a0ad43210af799b9f848611c2b2","rank":34305,"lifetime":{"months_active":24,"first":"2023-07","last":"2025-10","tx_sum":1260,"uniq_sum":510,"trade_sum":51,"nft_sum":126,"gas_sum":0.015463,"avg_balance_eth_mean":0.00116,"streak_best_days":30,"gas_sum_filled":0.015463},"months":{"2023-07":{"txs":0,"uniq":0,"trade":0,"nft":0,"gas":0,"bal":0,"days":0,"spread":0,"streak":0,"rank_m":594045,"pct_m":0.631598},"2023-08":{"txs":69,"uniq":39,"trade":0,"nft":33,"gas":0.005801,"bal":0.002912,"days":20,"spread":0.645161,"streak":5,"rank_m":15505,"pct_m":0.016484,"gas_method":"exact"},"2023-09":{"txs":12,"uniq":7,"trade":6,"nft":4,"gas":0.000759,"bal":0.005194,"days":6,"spread":0.2,"streak":1,"rank_m":34472,"pct_m":0.03665,"gas_method":"exact"},"2023-10":{"txs":4,"uniq":4,"trade":1,"nft":2,"gas":0.000012,"bal":0.003307,"days":4,"spread":0.129032,"streak":3,"rank_m":46400,"pct_m":0.049332,"gas_method":"exact"},"2023-11":{"txs":0,"uniq":0,"trade":0,"nft":0,"gas":0,"bal":0.003307,"days":0,"spread":0,"streak":0,"rank_m":264808,"pct_m":0.281548},"2023-12":{"txs":0,"uniq":0,"trade":0,"nft":0,"gas":0,"bal":0.003307,"days":0,"spread":0,"streak":0,"rank_m":280924,"pct_m":0.298682},"2024-01":{"txs":4,"uniq":3,"trade":0,"nft":2,"gas":0.000067,"bal":0.002246,"days":2,"spread":0.064516,"streak":1,"rank_m":118678,"pct_m":0.12618,"gas_method":"estimated"},"2024-02":{"txs":14,"uniq":9,"trade":0,"nft":5,"gas":0.000133,"bal":0.000675,"days":4,"spread":0.137931,"streak":1,"rank_m":145506,"pct_m":0.154704,"gas_method":"estimated"},"2024-03":{"txs":83,"uniq":29,"trade":11,"nft":11,"gas":0.00118,"bal":0.001225,"days":16,"spread":0.516129,"streak":5,"rank_m":62983,"pct_m":0.066964,"gas_method":"estimated"},"2024-04":{"txs":25,"uniq":18,"trade":8,"nft":4,"gas":0.000019,"bal":0.001069,"days":12,"spread":0.4,"streak":3,"rank_m":120797,"pct_m":0.128432,"gas_method":"exact"},"2024-05":{"txs":83,"uniq":26,"trade":3,"nft":7,"gas":0.000021,"bal":0.000508,"days":13,"spread":0.419355,"streak":3,"rank_m":74751,"pct_m":0.079476,"gas_method":"exact"},"2024-06":{"txs":42,"uniq":16,"trade":1,"nft":4,"gas":0.000004,"bal":0.002873,"days":14,"spread":0.466667,"streak":4,"rank_m":52952,"pct_m":0.056298,"gas_method":"exact"},"2024-07":{"txs":3,"uniq":3,"trade":0,"nft":1,"gas":0,"bal":0.000295,"days":1,"spread":0.032258,"streak":1,"rank_m":453864,"pct_m":0.482555,"gas_method":"estimated"},"2024-08":{"txs":31,"uniq":26,"trade":0,"nft":24,"gas":0.000002,"bal":0.001168,"days":9,"spread":0.290323,"streak":3,"rank_m":152646,"pct_m":0.162295,"gas_method":"estimated"},"2024-09":{"txs":17,"uniq":17,"trade":0,"nft":15,"gas":0.000002,"bal":0.000532,"days":7,"spread":0.233333,"streak":6,"rank_m":91972,"pct_m":0.097785,"gas_method":"exact"},"2024-10":{"txs":24,"uniq":20,"trade":0,"nft":5,"gas":0.000001,"bal":0.000135,"days":11,"spread":0.354839,"streak":5,"rank_m":230715,"pct_m":0.245299,"gas_method":"estimated"},"2024-11":{"txs":19,"uniq":12,"trade":0,"nft":0,"gas":0.000044,"bal":0.000063,"days":11,"spread":0.366667,"streak":3,"rank_m":250192,"pct_m":0.266008,"gas_method":"exact"},"2024-12":{"txs":70,"uniq":35,"trade":6,"nft":4,"gas":0.001499,"bal":0.000782,"days":20,"spread":0.645161,"streak":6,"rank_m":70198,"pct_m":0.074635,"gas_method":"exact"},"2025-01":{"txs":29,"uniq":16,"trade":0,"nft":1,"gas":0.000753,"bal":0.000515,"days":14,"spread":0.451613,"streak":3,"rank_m":150336,"pct_m":0.159839,"gas_method":"exact"},"2025-02":{"txs":32,"uniq":21,"trade":0,"nft":0,"gas":0.000211,"bal":0.000227,"days":8,"spread":0.285714,"streak":3,"rank_m":154896,"pct_m":0.164687,"gas_method":"exact"},"2025-03":{"txs":70,"uniq":44,"trade":1,"nft":0,"gas":0.000545,"bal":0.000274,"days":9,"spread":0.290323,"streak":3,"rank_m":110507,"pct_m":0.117492,"gas_method":"exact"},"2025-04":{"txs":11,"uniq":7,"trade":4,"nft":0,"gas":0.00006,"bal":0.000352,"days":6,"spread":0.2,"streak":2,"rank_m":214055,"pct_m":0.227586,"gas_method":"exact"},"2025-05":{"txs":3,"uniq":3,"trade":0,"nft":0,"gas":0.000021,"bal":0.000649,"days":2,"spread":0.064516,"streak":1,"rank_m":486399,"pct_m":0.517147,"gas_method":"estimated"},"2025-06":{"txs":4,"uniq":4,"trade":0,"nft":0,"gas":0.000028,"bal":0.0003,"days":2,"spread":0.066667,"streak":1,"rank_m":554024,"pct_m":0.589047,"gas_method":"estimated"},"2025-07":{"txs":0,"uniq":0,"trade":0,"nft":0,"gas":0,"bal":0.0003,"days":0,"spread":0,"streak":0,"rank_m":800418,"pct_m":0.851018},"2025-08":{"txs":3,"uniq":3,"trade":0,"nft":0,"gas":0.000021,"bal":0.000006,"days":1,"spread":0.032258,"streak":1,"rank_m":671255,"pct_m":0.713689,"gas_method":"estimated"},"2025-09":{"txs":490,"uniq":123,"trade":8,"nft":3,"gas":0.003449,"bal":0.000194,"days":15,"spread":0.5,"streak":15,"rank_m":143392,"pct_m":0.152456,"gas_method":"estimated"},"2025-10":{"txs":118,"uniq":25,"trade":2,"nft":1,"gas":0.000831,"bal":0.00006,"days":15,"spread":0.483871,"streak":15,"rank_m":185112,"pct_m":0.196813,"gas_method":"estimated"}}}