{"wallet":"0x632aa18a1e92b2ed79038ece9bcdb5f30d8d8d00","rank":386918,"lifetime":{"months_active":14,"first":"2023-07","last":"2025-10","tx_sum":209,"uniq_sum":65,"trade_sum":5,"nft_sum":5,"gas_sum":0.002234,"avg_balance_eth_mean":0.003186,"streak_best_days":9,"gas_sum_filled":0.002234},"months":{"2023-07":{"txs":0,"uniq":0,"trade":0,"nft":0,"gas":0,"bal":0,"days":0,"spread":0,"streak":0,"rank_m":596134,"pct_m":0.633819},"2023-08":{"txs":0,"uniq":0,"trade":0,"nft":0,"gas":0,"bal":0,"days":0,"spread":0,"streak":0,"rank_m":640684,"pct_m":0.681186},"2023-09":{"txs":7,"uniq":3,"trade":0,"nft":0,"gas":0.000591,"bal":0.003466,"days":1,"spread":0.033333,"streak":1,"rank_m":109872,"pct_m":0.116817,"gas_method":"estimated"},"2023-10":{"txs":3,"uniq":1,"trade":0,"nft":0,"gas":0.000128,"bal":0.008563,"days":1,"spread":0.032258,"streak":1,"rank_m":92583,"pct_m":0.098435,"gas_method":"exact"},"2023-11":{"txs":1,"uniq":1,"trade":0,"nft":0,"gas":0.000039,"bal":0.006837,"days":1,"spread":0.033333,"streak":1,"rank_m":119973,"pct_m":0.127556,"gas_method":"estimated"},"2023-12":{"txs":0,"uniq":0,"trade":0,"nft":0,"gas":0,"bal":0.006837,"days":0,"spread":0,"streak":0,"rank_m":262748,"pct_m":0.279357},"2024-01":{"txs":0,"uniq":0,"trade":0,"nft":0,"gas":0,"bal":0.006837,"days":0,"spread":0,"streak":0,"rank_m":272151,"pct_m":0.289355},"2024-02":{"txs":0,"uniq":0,"trade":0,"nft":0,"gas":0,"bal":0.006837,"days":0,"spread":0,"streak":0,"rank_m":314207,"pct_m":0.334069},"2024-03":{"txs":0,"uniq":0,"trade":0,"nft":0,"gas":0,"bal":0.006837,"days":0,"spread":0,"streak":0,"rank_m":389710,"pct_m":0.414346},"2024-04":{"txs":0,"uniq":0,"trade":0,"nft":0,"gas":0,"bal":0.006837,"days":0,"spread":0,"streak":0,"rank_m":474715,"pct_m":0.504724},"2024-05":{"txs":88,"uniq":5,"trade":2,"nft":0,"gas":0.000206,"bal":0.005856,"days":10,"spread":0.322581,"streak":9,"rank_m":100973,"pct_m":0.107355,"gas_method":"estimated"},"2024-06":{"txs":0,"uniq":0,"trade":0,"nft":0,"gas":0,"bal":0.005856,"days":0,"spread":0,"streak":0,"rank_m":519228,"pct_m":0.552051},"2024-07":{"txs":8,"uniq":4,"trade":0,"nft":2,"gas":0.000003,"bal":0.001577,"days":4,"spread":0.129032,"streak":1,"rank_m":328272,"pct_m":0.349024,"gas_method":"estimated"},"2024-08":{"txs":6,"uniq":4,"trade":0,"nft":1,"gas":0.000002,"bal":0.001937,"days":3,"spread":0.096774,"streak":1,"rank_m":366092,"pct_m":0.389234,"gas_method":"estimated"},"2024-09":{"txs":5,"uniq":2,"trade":0,"nft":1,"gas":0.000001,"bal":0.000679,"days":3,"spread":0.1,"streak":1,"rank_m":373554,"pct_m":0.397168,"gas_method":"estimated"},"2024-10":{"txs":3,"uniq":2,"trade":0,"nft":1,"gas":0.000001,"bal":0.001168,"days":2,"spread":0.064516,"streak":1,"rank_m":432913,"pct_m":0.46028,"gas_method":"estimated"},"2024-11":{"txs":19,"uniq":10,"trade":0,"nft":0,"gas":0.000039,"bal":0.001909,"days":5,"spread":0.166667,"streak":1,"rank_m":254878,"pct_m":0.27099,"gas_method":"exact"},"2024-12":{"txs":34,"uniq":15,"trade":0,"nft":0,"gas":0.00075,"bal":0.001641,"days":12,"spread":0.387097,"streak":3,"rank_m":158561,"pct_m":0.168584,"gas_method":"exact"},"2025-01":{"txs":12,"uniq":4,"trade":0,"nft":0,"gas":0.000312,"bal":0.001118,"days":4,"spread":0.129032,"streak":1,"rank_m":348065,"pct_m":0.370068,"gas_method":"exact"},"2025-02":{"txs":5,"uniq":2,"trade":0,"nft":0,"gas":0.000035,"bal":0.001084,"days":4,"spread":0.142857,"streak":1,"rank_m":373826,"pct_m":0.397457,"gas_method":"exact"},"2025-03":{"txs":0,"uniq":0,"trade":0,"nft":0,"gas":0,"bal":0.001084,"days":0,"spread":0,"streak":0,"rank_m":686642,"pct_m":0.730049},"2025-04":{"txs":0,"uniq":0,"trade":0,"nft":0,"gas":0,"bal":0.001084,"days":0,"spread":0,"streak":0,"rank_m":709382,"pct_m":0.754227},"2025-05":{"txs":14,"uniq":10,"trade":3,"nft":0,"gas":0.000099,"bal":0.001415,"days":1,"spread":0.032258,"streak":1,"rank_m":267012,"pct_m":0.283891,"gas_method":"estimated"},"2025-06":{"txs":0,"uniq":0,"trade":0,"nft":0,"gas":0,"bal":0.001415,"days":0,"spread":0,"streak":0,"rank_m":687691,"pct_m":0.731164},"2025-07":{"txs":0,"uniq":0,"trade":0,"nft":0,"gas":0,"bal":0.001415,"days":0,"spread":0,"streak":0,"rank_m":704855,"pct_m":0.749413},"2025-08":{"txs":0,"uniq":0,"trade":0,"nft":0,"gas":0,"bal":0.001415,"days":0,"spread":0,"streak":0,"rank_m":687444,"pct_m":0.730902},"2025-09":{"txs":4,"uniq":2,"trade":0,"nft":0,"gas":0.000028,"bal":0.002757,"days":2,"spread":0.066667,"streak":1,"rank_m":403634,"pct_m":0.42915,"gas_method":"estimated"},"2025-10":{"txs":0,"uniq":0,"trade":0,"nft":0,"gas":0,"bal":0.002757,"days":0,"spread":0,"streak":0,"rank_m":557629,"pct_m":0.59288}}}