{"wallet":"0x6358e5ecb0f98dddc18ac8c4e665ded5a4b3b304","rank":602318,"lifetime":{"months_active":18,"first":"2023-07","last":"2025-10","tx_sum":135,"uniq_sum":96,"trade_sum":1,"nft_sum":36,"gas_sum":0.001133,"avg_balance_eth_mean":0.001488,"streak_best_days":3,"gas_sum_filled":0.001133},"months":{"2023-07":{"txs":0,"uniq":0,"trade":0,"nft":0,"gas":0,"bal":0,"days":0,"spread":0,"streak":0,"rank_m":595550,"pct_m":0.633198},"2023-08":{"txs":5,"uniq":3,"trade":1,"nft":2,"gas":0.00019,"bal":0.00014,"days":2,"spread":0.064516,"streak":1,"rank_m":118265,"pct_m":0.12574,"gas_method":"exact"},"2023-09":{"txs":6,"uniq":5,"trade":0,"nft":1,"gas":0.000069,"bal":0.000531,"days":4,"spread":0.133333,"streak":1,"rank_m":88974,"pct_m":0.094598,"gas_method":"exact"},"2023-10":{"txs":2,"uniq":2,"trade":0,"nft":2,"gas":0.000023,"bal":0.000319,"days":2,"spread":0.064516,"streak":1,"rank_m":128062,"pct_m":0.136157,"gas_method":"estimated"},"2023-11":{"txs":2,"uniq":2,"trade":0,"nft":2,"gas":0.00004,"bal":0.000134,"days":2,"spread":0.066667,"streak":1,"rank_m":134131,"pct_m":0.142609,"gas_method":"estimated"},"2023-12":{"txs":6,"uniq":5,"trade":0,"nft":2,"gas":0.000226,"bal":0.000604,"days":5,"spread":0.16129,"streak":2,"rank_m":94504,"pct_m":0.100477,"gas_method":"estimated"},"2024-01":{"txs":6,"uniq":5,"trade":0,"nft":1,"gas":0.000047,"bal":0.000469,"days":4,"spread":0.129032,"streak":1,"rank_m":108162,"pct_m":0.114999,"gas_method":"exact"},"2024-02":{"txs":4,"uniq":3,"trade":0,"nft":3,"gas":0.000079,"bal":0.000942,"days":3,"spread":0.103448,"streak":1,"rank_m":190584,"pct_m":0.202631,"gas_method":"estimated"},"2024-03":{"txs":3,"uniq":2,"trade":0,"nft":1,"gas":0.000089,"bal":0.000915,"days":2,"spread":0.064516,"streak":1,"rank_m":317730,"pct_m":0.337815,"gas_method":"estimated"},"2024-04":{"txs":49,"uniq":22,"trade":0,"nft":6,"gas":0.000179,"bal":0.001273,"days":8,"spread":0.266667,"streak":2,"rank_m":201758,"pct_m":0.214512,"gas_method":"estimated"},"2024-05":{"txs":19,"uniq":17,"trade":0,"nft":2,"gas":0.000023,"bal":0.002662,"days":5,"spread":0.16129,"streak":2,"rank_m":224927,"pct_m":0.239145,"gas_method":"estimated"},"2024-06":{"txs":4,"uniq":3,"trade":0,"nft":3,"gas":0,"bal":0.001488,"days":4,"spread":0.133333,"streak":3,"rank_m":317399,"pct_m":0.337463,"gas_method":"estimated"},"2024-07":{"txs":1,"uniq":1,"trade":0,"nft":0,"gas":0,"bal":0.000686,"days":1,"spread":0.032258,"streak":1,"rank_m":424427,"pct_m":0.451257,"gas_method":"exact"},"2024-08":{"txs":13,"uniq":12,"trade":0,"nft":9,"gas":0.000002,"bal":0.002726,"days":7,"spread":0.225806,"streak":1,"rank_m":228714,"pct_m":0.243172,"gas_method":"estimated"},"2024-09":{"txs":0,"uniq":0,"trade":0,"nft":0,"gas":0,"bal":0.002726,"days":0,"spread":0,"streak":0,"rank_m":545996,"pct_m":0.580512},"2024-10":{"txs":4,"uniq":3,"trade":0,"nft":1,"gas":0,"bal":0.003717,"days":3,"spread":0.096774,"streak":2,"rank_m":327689,"pct_m":0.348404,"gas_method":"estimated"},"2024-11":{"txs":2,"uniq":2,"trade":0,"nft":0,"gas":0.000005,"bal":0.002449,"days":2,"spread":0.066667,"streak":1,"rank_m":437665,"pct_m":0.465332,"gas_method":"exact"},"2024-12":{"txs":4,"uniq":4,"trade":0,"nft":1,"gas":0.000088,"bal":0.002248,"days":2,"spread":0.064516,"streak":1,"rank_m":412078,"pct_m":0.438128,"gas_method":"exact"},"2025-01":{"txs":2,"uniq":2,"trade":0,"nft":0,"gas":0.000052,"bal":0.002003,"days":1,"spread":0.032258,"streak":1,"rank_m":495858,"pct_m":0.527204,"gas_method":"exact"},"2025-02":{"txs":0,"uniq":0,"trade":0,"nft":0,"gas":0,"bal":0.002003,"days":0,"spread":0,"streak":0,"rank_m":661548,"pct_m":0.703369},"2025-03":{"txs":0,"uniq":0,"trade":0,"nft":0,"gas":0,"bal":0.002003,"days":0,"spread":0,"streak":0,"rank_m":655675,"pct_m":0.697124},"2025-04":{"txs":0,"uniq":0,"trade":0,"nft":0,"gas":0,"bal":0.002003,"days":0,"spread":0,"streak":0,"rank_m":681883,"pct_m":0.724989},"2025-05":{"txs":0,"uniq":0,"trade":0,"nft":0,"gas":0,"bal":0.002003,"days":0,"spread":0,"streak":0,"rank_m":660445,"pct_m":0.702196},"2025-06":{"txs":0,"uniq":0,"trade":0,"nft":0,"gas":0,"bal":0.002003,"days":0,"spread":0,"streak":0,"rank_m":664114,"pct_m":0.706097},"2025-07":{"txs":0,"uniq":0,"trade":0,"nft":0,"gas":0,"bal":0.002003,"days":0,"spread":0,"streak":0,"rank_m":682809,"pct_m":0.725974},"2025-08":{"txs":0,"uniq":0,"trade":0,"nft":0,"gas":0,"bal":0.002003,"days":0,"spread":0,"streak":0,"rank_m":664645,"pct_m":0.706661},"2025-09":{"txs":3,"uniq":3,"trade":0,"nft":0,"gas":0.000021,"bal":0.000811,"days":1,"spread":0.033333,"streak":1,"rank_m":498855,"pct_m":0.53039,"gas_method":"estimated"},"2025-10":{"txs":0,"uniq":0,"trade":0,"nft":0,"gas":0,"bal":0.000811,"days":0,"spread":0,"streak":0,"rank_m":646644,"pct_m":0.687522}}}