{"wallet":"0x63296458ce77e0f0aa3246ab30c6151452c4c800","rank":564139,"lifetime":{"months_active":13,"first":"2023-07","last":"2025-10","tx_sum":179,"uniq_sum":48,"trade_sum":0,"nft_sum":4,"gas_sum":0.001851,"avg_balance_eth_mean":0.037294,"streak_best_days":4,"gas_sum_filled":0.001851},"months":{"2023-07":{"txs":0,"uniq":0,"trade":0,"nft":0,"gas":0,"bal":0,"days":0,"spread":0,"streak":0,"rank_m":596145,"pct_m":0.633831},"2023-08":{"txs":0,"uniq":0,"trade":0,"nft":0,"gas":0,"bal":0,"days":0,"spread":0,"streak":0,"rank_m":640695,"pct_m":0.681197},"2023-09":{"txs":1,"uniq":1,"trade":0,"nft":0,"gas":0.000053,"bal":0.000194,"days":1,"spread":0.033333,"streak":1,"rank_m":146807,"pct_m":0.156087,"gas_method":"estimated"},"2023-10":{"txs":0,"uniq":0,"trade":0,"nft":0,"gas":0,"bal":0.000194,"days":0,"spread":0,"streak":0,"rank_m":316241,"pct_m":0.336232},"2023-11":{"txs":4,"uniq":3,"trade":0,"nft":0,"gas":0.000096,"bal":0.086217,"days":3,"spread":0.1,"streak":1,"rank_m":59423,"pct_m":0.063179,"gas_method":"estimated"},"2023-12":{"txs":0,"uniq":0,"trade":0,"nft":0,"gas":0,"bal":0.086217,"days":0,"spread":0,"streak":0,"rank_m":232418,"pct_m":0.24711},"2024-01":{"txs":2,"uniq":1,"trade":0,"nft":0,"gas":0.000241,"bal":0.009486,"days":1,"spread":0.032258,"streak":1,"rank_m":122475,"pct_m":0.130217,"gas_method":"exact"},"2024-02":{"txs":0,"uniq":0,"trade":0,"nft":0,"gas":0,"bal":0.009486,"days":0,"spread":0,"streak":0,"rank_m":306561,"pct_m":0.32594},"2024-03":{"txs":25,"uniq":3,"trade":0,"nft":0,"gas":0.000888,"bal":0.250596,"days":2,"spread":0.064516,"streak":2,"rank_m":153796,"pct_m":0.163518,"gas_method":"estimated"},"2024-04":{"txs":31,"uniq":11,"trade":0,"nft":1,"gas":0.000167,"bal":0.115883,"days":7,"spread":0.233333,"streak":2,"rank_m":118642,"pct_m":0.126141,"gas_method":"exact"},"2024-05":{"txs":84,"uniq":17,"trade":0,"nft":1,"gas":0.000122,"bal":0.140463,"days":12,"spread":0.387097,"streak":4,"rank_m":45248,"pct_m":0.048107,"gas_method":"estimated"},"2024-06":{"txs":9,"uniq":3,"trade":0,"nft":0,"gas":0,"bal":0.021896,"days":4,"spread":0.133333,"streak":1,"rank_m":260372,"pct_m":0.276831,"gas_method":"estimated"},"2024-07":{"txs":1,"uniq":0,"trade":0,"nft":0,"gas":0,"bal":0.0184,"days":1,"spread":0.032258,"streak":1,"rank_m":383197,"pct_m":0.407421,"gas_method":"estimated"},"2024-08":{"txs":0,"uniq":0,"trade":0,"nft":0,"gas":0,"bal":0.0184,"days":0,"spread":0,"streak":0,"rank_m":496554,"pct_m":0.527944},"2024-09":{"txs":0,"uniq":0,"trade":0,"nft":0,"gas":0,"bal":0.0184,"days":0,"spread":0,"streak":0,"rank_m":466301,"pct_m":0.495778},"2024-10":{"txs":0,"uniq":0,"trade":0,"nft":0,"gas":0,"bal":0.0184,"days":0,"spread":0,"streak":0,"rank_m":508288,"pct_m":0.54042},"2024-11":{"txs":1,"uniq":1,"trade":0,"nft":0,"gas":0.000002,"bal":0.0174,"days":1,"spread":0.033333,"streak":1,"rank_m":428106,"pct_m":0.455169,"gas_method":"exact"},"2024-12":{"txs":9,"uniq":5,"trade":0,"nft":1,"gas":0.000198,"bal":0.016216,"days":2,"spread":0.064516,"streak":1,"rank_m":314856,"pct_m":0.334759,"gas_method":"exact"},"2025-01":{"txs":0,"uniq":0,"trade":0,"nft":0,"gas":0,"bal":0.016216,"days":0,"spread":0,"streak":0,"rank_m":588844,"pct_m":0.626068},"2025-02":{"txs":0,"uniq":0,"trade":0,"nft":0,"gas":0,"bal":0.016216,"days":0,"spread":0,"streak":0,"rank_m":585773,"pct_m":0.622803},"2025-03":{"txs":0,"uniq":0,"trade":0,"nft":0,"gas":0,"bal":0.016216,"days":0,"spread":0,"streak":0,"rank_m":567742,"pct_m":0.603632},"2025-04":{"txs":0,"uniq":0,"trade":0,"nft":0,"gas":0,"bal":0.016216,"days":0,"spread":0,"streak":0,"rank_m":600760,"pct_m":0.638738},"2025-05":{"txs":2,"uniq":1,"trade":0,"nft":0,"gas":0.000014,"bal":0.026539,"days":2,"spread":0.064516,"streak":2,"rank_m":196729,"pct_m":0.209165,"gas_method":"estimated"},"2025-06":{"txs":0,"uniq":0,"trade":0,"nft":1,"gas":0,"bal":0.026539,"days":0,"spread":0,"streak":0,"rank_m":428923,"pct_m":0.456038},"2025-07":{"txs":2,"uniq":1,"trade":0,"nft":0,"gas":0.000014,"bal":0.027536,"days":1,"spread":0.032258,"streak":1,"rank_m":316818,"pct_m":0.336845,"gas_method":"estimated"},"2025-08":{"txs":0,"uniq":0,"trade":0,"nft":0,"gas":0,"bal":0.027536,"days":0,"spread":0,"streak":0,"rank_m":460492,"pct_m":0.489602},"2025-09":{"txs":8,"uniq":1,"trade":0,"nft":0,"gas":0.000056,"bal":0.021689,"days":2,"spread":0.066667,"streak":2,"rank_m":223481,"pct_m":0.237608,"gas_method":"estimated"},"2025-10":{"txs":0,"uniq":0,"trade":0,"nft":0,"gas":0,"bal":0.021689,"days":0,"spread":0,"streak":0,"rank_m":378610,"pct_m":0.402544}}}