{"wallet":"0x63a4c7e35878dd92aa415c7d0d16f179aac46f2f","rank":239030,"lifetime":{"months_active":18,"first":"2023-07","last":"2025-10","tx_sum":235,"uniq_sum":105,"trade_sum":2,"nft_sum":43,"gas_sum":0.001003,"avg_balance_eth_mean":0.043308,"streak_best_days":5,"gas_sum_filled":0.001003},"months":{"2023-07":{"txs":0,"uniq":0,"trade":0,"nft":0,"gas":0,"bal":0,"days":0,"spread":0,"streak":0,"rank_m":594515,"pct_m":0.632098},"2023-08":{"txs":2,"uniq":1,"trade":0,"nft":1,"gas":0.000058,"bal":0.001488,"days":1,"spread":0.032258,"streak":1,"rank_m":143206,"pct_m":0.152258,"gas_method":"exact"},"2023-09":{"txs":0,"uniq":0,"trade":0,"nft":0,"gas":0,"bal":0.001488,"days":0,"spread":0,"streak":0,"rank_m":274871,"pct_m":0.292247},"2023-10":{"txs":0,"uniq":0,"trade":0,"nft":0,"gas":0,"bal":0.001488,"days":0,"spread":0,"streak":0,"rank_m":280104,"pct_m":0.297811},"2023-11":{"txs":0,"uniq":0,"trade":0,"nft":0,"gas":0,"bal":0.001488,"days":0,"spread":0,"streak":0,"rank_m":286094,"pct_m":0.304179},"2023-12":{"txs":0,"uniq":0,"trade":0,"nft":0,"gas":0,"bal":0.001488,"days":0,"spread":0,"streak":0,"rank_m":303234,"pct_m":0.322403},"2024-01":{"txs":2,"uniq":2,"trade":0,"nft":0,"gas":0.000037,"bal":0.003004,"days":2,"spread":0.064516,"streak":1,"rank_m":148893,"pct_m":0.158305,"gas_method":"estimated"},"2024-02":{"txs":0,"uniq":0,"trade":0,"nft":0,"gas":0,"bal":0.003004,"days":0,"spread":0,"streak":0,"rank_m":337641,"pct_m":0.358985},"2024-03":{"txs":0,"uniq":0,"trade":0,"nft":0,"gas":0,"bal":0.003004,"days":0,"spread":0,"streak":0,"rank_m":404728,"pct_m":0.430313},"2024-04":{"txs":0,"uniq":0,"trade":0,"nft":0,"gas":0,"bal":0.003004,"days":0,"spread":0,"streak":0,"rank_m":482019,"pct_m":0.51249},"2024-05":{"txs":8,"uniq":7,"trade":0,"nft":4,"gas":0.000005,"bal":0.012799,"days":3,"spread":0.096774,"streak":1,"rank_m":247463,"pct_m":0.263106,"gas_method":"estimated"},"2024-06":{"txs":62,"uniq":12,"trade":0,"nft":6,"gas":0.000001,"bal":0.028501,"days":13,"spread":0.433333,"streak":5,"rank_m":39087,"pct_m":0.041557,"gas_method":"estimated"},"2024-07":{"txs":21,"uniq":6,"trade":0,"nft":2,"gas":0.000038,"bal":0.08736,"days":14,"spread":0.451613,"streak":3,"rank_m":43203,"pct_m":0.045933,"gas_method":"exact"},"2024-08":{"txs":56,"uniq":30,"trade":0,"nft":26,"gas":0.000003,"bal":0.090061,"days":8,"spread":0.258065,"streak":2,"rank_m":21999,"pct_m":0.023389,"gas_method":"exact"},"2024-09":{"txs":12,"uniq":6,"trade":0,"nft":2,"gas":0,"bal":0.092464,"days":6,"spread":0.2,"streak":1,"rank_m":100345,"pct_m":0.106688,"gas_method":"estimated"},"2024-10":{"txs":2,"uniq":2,"trade":0,"nft":2,"gas":0,"bal":0.090406,"days":2,"spread":0.064516,"streak":1,"rank_m":267176,"pct_m":0.284065,"gas_method":"estimated"},"2024-11":{"txs":14,"uniq":4,"trade":0,"nft":0,"gas":0.00003,"bal":0.074067,"days":7,"spread":0.233333,"streak":2,"rank_m":183711,"pct_m":0.195324,"gas_method":"exact"},"2024-12":{"txs":20,"uniq":13,"trade":1,"nft":0,"gas":0.000441,"bal":0.011485,"days":12,"spread":0.387097,"streak":2,"rank_m":119189,"pct_m":0.126723,"gas_method":"exact"},"2025-01":{"txs":9,"uniq":6,"trade":0,"nft":0,"gas":0.000208,"bal":0.042158,"days":4,"spread":0.129032,"streak":1,"rank_m":264298,"pct_m":0.281005,"gas_method":"exact"},"2025-02":{"txs":8,"uniq":7,"trade":1,"nft":0,"gas":0.000056,"bal":0.029125,"days":5,"spread":0.178571,"streak":1,"rank_m":156065,"pct_m":0.16593,"gas_method":"exact"},"2025-03":{"txs":2,"uniq":1,"trade":0,"nft":0,"gas":0.000008,"bal":0.013213,"days":1,"spread":0.032258,"streak":1,"rank_m":403188,"pct_m":0.428676,"gas_method":"exact"},"2025-04":{"txs":1,"uniq":1,"trade":0,"nft":0,"gas":0.000006,"bal":0.00439,"days":1,"spread":0.033333,"streak":1,"rank_m":478586,"pct_m":0.50884,"gas_method":"exact"},"2025-05":{"txs":10,"uniq":3,"trade":0,"nft":0,"gas":0.00007,"bal":0.107235,"days":1,"spread":0.032258,"streak":1,"rank_m":145900,"pct_m":0.155122,"gas_method":"estimated"},"2025-06":{"txs":0,"uniq":0,"trade":0,"nft":0,"gas":0,"bal":0.107235,"days":0,"spread":0,"streak":0,"rank_m":415801,"pct_m":0.442086},"2025-07":{"txs":2,"uniq":2,"trade":0,"nft":0,"gas":0.000014,"bal":0.158657,"days":1,"spread":0.032258,"streak":1,"rank_m":258818,"pct_m":0.275179,"gas_method":"estimated"},"2025-08":{"txs":1,"uniq":1,"trade":0,"nft":0,"gas":0.000007,"bal":0.17255,"days":1,"spread":0.032258,"streak":1,"rank_m":250356,"pct_m":0.266182,"gas_method":"estimated"},"2025-09":{"txs":3,"uniq":1,"trade":0,"nft":0,"gas":0.000021,"bal":0.035728,"days":2,"spread":0.066667,"streak":2,"rank_m":227526,"pct_m":0.241909,"gas_method":"estimated"},"2025-10":{"txs":0,"uniq":0,"trade":0,"nft":0,"gas":0,"bal":0.035728,"days":0,"spread":0,"streak":0,"rank_m":351281,"pct_m":0.373487}}}