{"wallet":"0x6356e04a624d3c01f1f08df32cc54aa768508b46","rank":8949,"lifetime":{"months_active":25,"first":"2023-07","last":"2025-10","tx_sum":1334,"uniq_sum":608,"trade_sum":21,"nft_sum":92,"gas_sum":0.013054,"avg_balance_eth_mean":0.057929,"streak_best_days":17,"gas_sum_filled":0.013054},"months":{"2023-07":{"txs":0,"uniq":0,"trade":0,"nft":0,"gas":0,"bal":0,"days":0,"spread":0,"streak":0,"rank_m":595578,"pct_m":0.633228},"2023-08":{"txs":0,"uniq":0,"trade":0,"nft":0,"gas":0,"bal":0,"days":0,"spread":0,"streak":0,"rank_m":640182,"pct_m":0.680652},"2023-09":{"txs":0,"uniq":0,"trade":0,"nft":0,"gas":0,"bal":0,"days":0,"spread":0,"streak":0,"rank_m":652147,"pct_m":0.693373},"2023-10":{"txs":29,"uniq":18,"trade":2,"nft":6,"gas":0.000195,"bal":0.008434,"days":6,"spread":0.193548,"streak":3,"rank_m":18996,"pct_m":0.020196,"gas_method":"estimated"},"2023-11":{"txs":8,"uniq":7,"trade":0,"nft":3,"gas":0.000054,"bal":0.019928,"days":5,"spread":0.166667,"streak":1,"rank_m":29882,"pct_m":0.03177,"gas_method":"exact"},"2023-12":{"txs":31,"uniq":15,"trade":1,"nft":5,"gas":0.000177,"bal":0.071892,"days":10,"spread":0.322581,"streak":2,"rank_m":3757,"pct_m":0.003993,"gas_method":"exact"},"2024-01":{"txs":10,"uniq":7,"trade":0,"nft":2,"gas":0.000412,"bal":0.012599,"days":4,"spread":0.129032,"streak":1,"rank_m":43697,"pct_m":0.046458,"gas_method":"exact"},"2024-02":{"txs":29,"uniq":17,"trade":1,"nft":10,"gas":0.001054,"bal":0.011858,"days":16,"spread":0.551724,"streak":6,"rank_m":8102,"pct_m":0.008613,"gas_method":"exact"},"2024-03":{"txs":52,"uniq":21,"trade":0,"nft":10,"gas":0.001407,"bal":0.003659,"days":14,"spread":0.451613,"streak":4,"rank_m":34744,"pct_m":0.036939,"gas_method":"exact"},"2024-04":{"txs":44,"uniq":19,"trade":5,"nft":11,"gas":0.00029,"bal":0.009092,"days":16,"spread":0.533333,"streak":5,"rank_m":43575,"pct_m":0.046329,"gas_method":"exact"},"2024-05":{"txs":47,"uniq":24,"trade":0,"nft":11,"gas":0.00002,"bal":0.011825,"days":13,"spread":0.419355,"streak":2,"rank_m":46139,"pct_m":0.049055,"gas_method":"exact"},"2024-06":{"txs":37,"uniq":21,"trade":2,"nft":3,"gas":0.000001,"bal":0.005244,"days":11,"spread":0.366667,"streak":2,"rank_m":93750,"pct_m":0.099676,"gas_method":"estimated"},"2024-07":{"txs":49,"uniq":31,"trade":1,"nft":6,"gas":0.000011,"bal":0.003721,"days":8,"spread":0.258065,"streak":3,"rank_m":37401,"pct_m":0.039764,"gas_method":"exact"},"2024-08":{"txs":7,"uniq":6,"trade":0,"nft":2,"gas":0.000001,"bal":0.004123,"days":3,"spread":0.096774,"streak":2,"rank_m":275348,"pct_m":0.292754,"gas_method":"estimated"},"2024-09":{"txs":17,"uniq":10,"trade":0,"nft":7,"gas":0.000001,"bal":0.00785,"days":7,"spread":0.233333,"streak":2,"rank_m":95094,"pct_m":0.101105,"gas_method":"estimated"},"2024-10":{"txs":18,"uniq":15,"trade":0,"nft":12,"gas":0.000001,"bal":0.042807,"days":10,"spread":0.322581,"streak":2,"rank_m":58543,"pct_m":0.062243,"gas_method":"estimated"},"2024-11":{"txs":83,"uniq":27,"trade":4,"nft":0,"gas":0.000186,"bal":0.040646,"days":17,"spread":0.566667,"streak":4,"rank_m":13953,"pct_m":0.014834,"gas_method":"exact"},"2024-12":{"txs":157,"uniq":55,"trade":1,"nft":1,"gas":0.00344,"bal":0.001289,"days":21,"spread":0.677419,"streak":5,"rank_m":50833,"pct_m":0.054045,"gas_method":"exact"},"2025-01":{"txs":46,"uniq":23,"trade":0,"nft":1,"gas":0.001195,"bal":0.007302,"days":14,"spread":0.451613,"streak":4,"rank_m":53034,"pct_m":0.056386,"gas_method":"exact"},"2025-02":{"txs":21,"uniq":13,"trade":0,"nft":0,"gas":0.000113,"bal":0.00396,"days":9,"spread":0.321429,"streak":8,"rank_m":98469,"pct_m":0.104693,"gas_method":"exact"},"2025-03":{"txs":29,"uniq":9,"trade":0,"nft":0,"gas":0.000229,"bal":0.008254,"days":6,"spread":0.193548,"streak":3,"rank_m":98081,"pct_m":0.10428,"gas_method":"exact"},"2025-04":{"txs":50,"uniq":20,"trade":0,"nft":0,"gas":0.000254,"bal":0.01502,"days":11,"spread":0.366667,"streak":5,"rank_m":21170,"pct_m":0.022507,"gas_method":"exact"},"2025-05":{"txs":94,"uniq":34,"trade":1,"nft":0,"gas":0.000662,"bal":0.417773,"days":20,"spread":0.645161,"streak":12,"rank_m":3459,"pct_m":0.003677,"gas_method":"estimated"},"2025-06":{"txs":150,"uniq":67,"trade":1,"nft":0,"gas":0.001056,"bal":0.409059,"days":26,"spread":0.866667,"streak":17,"rank_m":1190,"pct_m":0.001264,"gas_method":"estimated"},"2025-07":{"txs":126,"uniq":45,"trade":0,"nft":1,"gas":0.000887,"bal":0.306651,"days":25,"spread":0.806452,"streak":12,"rank_m":2896,"pct_m":0.003078,"gas_method":"estimated"},"2025-08":{"txs":40,"uniq":19,"trade":1,"nft":1,"gas":0.000282,"bal":0.126424,"days":15,"spread":0.483871,"streak":5,"rank_m":10323,"pct_m":0.010975,"gas_method":"estimated"},"2025-09":{"txs":143,"uniq":78,"trade":1,"nft":0,"gas":0.001006,"bal":0.039425,"days":8,"spread":0.266667,"streak":2,"rank_m":16377,"pct_m":0.017411,"gas_method":"estimated"},"2025-10":{"txs":17,"uniq":7,"trade":0,"nft":0,"gas":0.00012,"bal":0.033173,"days":5,"spread":0.16129,"streak":2,"rank_m":43314,"pct_m":0.046051,"gas_method":"estimated"}}}