{"wallet":"0x63d882e4f5a656e2924a1e6405f58acd6321e5f4","rank":676340,"lifetime":{"months_active":13,"first":"2023-07","last":"2025-10","tx_sum":166,"uniq_sum":102,"trade_sum":2,"nft_sum":25,"gas_sum":0.000398,"avg_balance_eth_mean":0.000756,"streak_best_days":1,"gas_sum_filled":0.000398},"months":{"2023-07":{"txs":0,"uniq":0,"trade":0,"nft":0,"gas":0,"bal":0,"days":0,"spread":0,"streak":0,"rank_m":593814,"pct_m":0.631353},"2023-08":{"txs":0,"uniq":0,"trade":0,"nft":0,"gas":0,"bal":0,"days":0,"spread":0,"streak":0,"rank_m":638643,"pct_m":0.679016},"2023-09":{"txs":0,"uniq":0,"trade":0,"nft":0,"gas":0,"bal":0,"days":0,"spread":0,"streak":0,"rank_m":650666,"pct_m":0.691799},"2023-10":{"txs":0,"uniq":0,"trade":0,"nft":0,"gas":0,"bal":0,"days":0,"spread":0,"streak":0,"rank_m":660378,"pct_m":0.702125},"2023-11":{"txs":0,"uniq":0,"trade":0,"nft":0,"gas":0,"bal":0,"days":0,"spread":0,"streak":0,"rank_m":668923,"pct_m":0.71121},"2023-12":{"txs":0,"uniq":0,"trade":0,"nft":0,"gas":0,"bal":0,"days":0,"spread":0,"streak":0,"rank_m":679267,"pct_m":0.722208},"2024-01":{"txs":1,"uniq":0,"trade":0,"nft":0,"gas":0.000014,"bal":0.000336,"days":1,"spread":0.032258,"streak":1,"rank_m":204178,"pct_m":0.217085,"gas_method":"estimated"},"2024-02":{"txs":4,"uniq":3,"trade":1,"nft":1,"gas":0.000032,"bal":0.000167,"days":2,"spread":0.068966,"streak":1,"rank_m":213761,"pct_m":0.227273,"gas_method":"estimated"},"2024-03":{"txs":0,"uniq":0,"trade":0,"nft":0,"gas":0,"bal":0.000167,"days":0,"spread":0,"streak":0,"rank_m":485789,"pct_m":0.516498},"2024-04":{"txs":4,"uniq":3,"trade":0,"nft":1,"gas":0.000006,"bal":0.000583,"days":1,"spread":0.033333,"streak":1,"rank_m":426188,"pct_m":0.45313,"gas_method":"estimated"},"2024-05":{"txs":30,"uniq":20,"trade":0,"nft":7,"gas":0.000015,"bal":0.002124,"days":3,"spread":0.096774,"streak":1,"rank_m":240522,"pct_m":0.255726,"gas_method":"estimated"},"2024-06":{"txs":48,"uniq":26,"trade":0,"nft":8,"gas":0.000001,"bal":0.003431,"days":4,"spread":0.133333,"streak":1,"rank_m":171246,"pct_m":0.182071,"gas_method":"estimated"},"2024-07":{"txs":21,"uniq":10,"trade":0,"nft":2,"gas":0.000001,"bal":0.003534,"days":5,"spread":0.16129,"streak":1,"rank_m":164082,"pct_m":0.174454,"gas_method":"exact"},"2024-08":{"txs":5,"uniq":4,"trade":0,"nft":0,"gas":0,"bal":0.003382,"days":4,"spread":0.129032,"streak":1,"rank_m":364641,"pct_m":0.387692,"gas_method":"estimated"},"2024-09":{"txs":7,"uniq":6,"trade":0,"nft":1,"gas":0,"bal":0.00324,"days":4,"spread":0.133333,"streak":1,"rank_m":253882,"pct_m":0.269931,"gas_method":"estimated"},"2024-10":{"txs":17,"uniq":10,"trade":0,"nft":5,"gas":0.000002,"bal":0.000387,"days":5,"spread":0.16129,"streak":1,"rank_m":220219,"pct_m":0.23414,"gas_method":"exact"},"2024-11":{"txs":14,"uniq":9,"trade":1,"nft":0,"gas":0.000032,"bal":0.001802,"days":4,"spread":0.133333,"streak":1,"rank_m":245292,"pct_m":0.260798,"gas_method":"exact"},"2024-12":{"txs":3,"uniq":3,"trade":0,"nft":0,"gas":0.000066,"bal":0.000179,"days":1,"spread":0.032258,"streak":1,"rank_m":546860,"pct_m":0.58143,"gas_method":"exact"},"2025-01":{"txs":9,"uniq":5,"trade":0,"nft":0,"gas":0.000208,"bal":0.000046,"days":2,"spread":0.064516,"streak":1,"rank_m":450789,"pct_m":0.479286,"gas_method":"exact"},"2025-02":{"txs":3,"uniq":3,"trade":0,"nft":0,"gas":0.000021,"bal":0.000198,"days":1,"spread":0.035714,"streak":1,"rank_m":487456,"pct_m":0.518271,"gas_method":"exact"},"2025-03":{"txs":0,"uniq":0,"trade":0,"nft":0,"gas":0,"bal":0.000198,"days":0,"spread":0,"streak":0,"rank_m":764481,"pct_m":0.812809},"2025-04":{"txs":0,"uniq":0,"trade":0,"nft":0,"gas":0,"bal":0.000198,"days":0,"spread":0,"streak":0,"rank_m":785424,"pct_m":0.835076},"2025-05":{"txs":0,"uniq":0,"trade":0,"nft":0,"gas":0,"bal":0.000198,"days":0,"spread":0,"streak":0,"rank_m":796410,"pct_m":0.846756},"2025-06":{"txs":0,"uniq":0,"trade":0,"nft":0,"gas":0,"bal":0.000198,"days":0,"spread":0,"streak":0,"rank_m":807227,"pct_m":0.858257},"2025-07":{"txs":0,"uniq":0,"trade":0,"nft":0,"gas":0,"bal":0.000198,"days":0,"spread":0,"streak":0,"rank_m":826736,"pct_m":0.878999},"2025-08":{"txs":0,"uniq":0,"trade":0,"nft":0,"gas":0,"bal":0.000198,"days":0,"spread":0,"streak":0,"rank_m":814502,"pct_m":0.865992},"2025-09":{"txs":0,"uniq":0,"trade":0,"nft":0,"gas":0,"bal":0.000198,"days":0,"spread":0,"streak":0,"rank_m":807325,"pct_m":0.858361},"2025-10":{"txs":0,"uniq":0,"trade":0,"nft":0,"gas":0,"bal":0.000198,"days":0,"spread":0,"streak":0,"rank_m":769366,"pct_m":0.818003}}}