{"wallet":"0x63952b652f11263eee1db396b2023f5e6070119b","rank":34181,"lifetime":{"months_active":28,"first":"2023-07","last":"2025-10","tx_sum":932,"uniq_sum":386,"trade_sum":5,"nft_sum":132,"gas_sum":0.007152,"avg_balance_eth_mean":0.030802,"streak_best_days":8,"gas_sum_filled":0.007152},"months":{"2023-07":{"txs":4,"uniq":2,"trade":0,"nft":1,"gas":0.000127,"bal":0.007081,"days":1,"spread":0.032258,"streak":1,"rank_m":21608,"pct_m":0.022973,"gas_method":"estimated"},"2023-08":{"txs":23,"uniq":15,"trade":0,"nft":9,"gas":0.002186,"bal":0.012713,"days":7,"spread":0.225806,"streak":3,"rank_m":36950,"pct_m":0.039285,"gas_method":"exact"},"2023-09":{"txs":31,"uniq":14,"trade":0,"nft":4,"gas":0.000076,"bal":0.01257,"days":5,"spread":0.166667,"streak":2,"rank_m":28709,"pct_m":0.030523,"gas_method":"exact"},"2023-10":{"txs":1,"uniq":1,"trade":0,"nft":1,"gas":0.000002,"bal":0.015973,"days":1,"spread":0.032258,"streak":1,"rank_m":98483,"pct_m":0.104708,"gas_method":"estimated"},"2023-11":{"txs":14,"uniq":6,"trade":0,"nft":1,"gas":0.000061,"bal":0.014559,"days":3,"spread":0.1,"streak":2,"rank_m":35013,"pct_m":0.037225,"gas_method":"estimated"},"2023-12":{"txs":8,"uniq":5,"trade":0,"nft":7,"gas":0.000325,"bal":0.011709,"days":4,"spread":0.129032,"streak":1,"rank_m":35497,"pct_m":0.03774,"gas_method":"exact"},"2024-01":{"txs":12,"uniq":7,"trade":0,"nft":2,"gas":0.000091,"bal":0.008585,"days":2,"spread":0.064516,"streak":1,"rank_m":75832,"pct_m":0.080625,"gas_method":"estimated"},"2024-02":{"txs":12,"uniq":8,"trade":0,"nft":1,"gas":0.000051,"bal":0.011729,"days":3,"spread":0.103448,"streak":1,"rank_m":105687,"pct_m":0.112367,"gas_method":"estimated"},"2024-03":{"txs":13,"uniq":8,"trade":0,"nft":5,"gas":0.000083,"bal":0.014644,"days":5,"spread":0.16129,"streak":1,"rank_m":141977,"pct_m":0.150951,"gas_method":"estimated"},"2024-04":{"txs":18,"uniq":10,"trade":0,"nft":5,"gas":0.000014,"bal":0.020331,"days":5,"spread":0.166667,"streak":1,"rank_m":199087,"pct_m":0.211672,"gas_method":"estimated"},"2024-05":{"txs":27,"uniq":18,"trade":0,"nft":11,"gas":0.000007,"bal":0.023838,"days":11,"spread":0.354839,"streak":3,"rank_m":59986,"pct_m":0.063777,"gas_method":"estimated"},"2024-06":{"txs":43,"uniq":22,"trade":0,"nft":16,"gas":0,"bal":0.130667,"days":15,"spread":0.5,"streak":3,"rank_m":18503,"pct_m":0.019672,"gas_method":"exact"},"2024-07":{"txs":56,"uniq":26,"trade":0,"nft":22,"gas":0.000001,"bal":0.08058,"days":12,"spread":0.387097,"streak":3,"rank_m":12778,"pct_m":0.013585,"gas_method":"exact"},"2024-08":{"txs":32,"uniq":20,"trade":0,"nft":14,"gas":0,"bal":0.052634,"days":12,"spread":0.387097,"streak":3,"rank_m":30139,"pct_m":0.032043,"gas_method":"exact"},"2024-09":{"txs":23,"uniq":14,"trade":1,"nft":7,"gas":0,"bal":0.019432,"days":8,"spread":0.266667,"streak":3,"rank_m":32563,"pct_m":0.034621,"gas_method":"estimated"},"2024-10":{"txs":43,"uniq":26,"trade":0,"nft":14,"gas":0,"bal":0.027722,"days":15,"spread":0.483871,"streak":4,"rank_m":24323,"pct_m":0.02586,"gas_method":"exact"},"2024-11":{"txs":41,"uniq":20,"trade":1,"nft":7,"gas":0.000092,"bal":0.036533,"days":14,"spread":0.466667,"streak":4,"rank_m":30884,"pct_m":0.032835,"gas_method":"exact"},"2024-12":{"txs":43,"uniq":18,"trade":0,"nft":1,"gas":0.000904,"bal":0.033194,"days":12,"spread":0.387097,"streak":4,"rank_m":52880,"pct_m":0.056222,"gas_method":"exact"},"2025-01":{"txs":42,"uniq":16,"trade":0,"nft":0,"gas":0.000009,"bal":0.035136,"days":12,"spread":0.387097,"streak":4,"rank_m":167426,"pct_m":0.178009,"gas_method":"exact"},"2025-02":{"txs":20,"uniq":11,"trade":0,"nft":0,"gas":0.000141,"bal":0.0352,"days":8,"spread":0.285714,"streak":3,"rank_m":64681,"pct_m":0.068769,"gas_method":"exact"},"2025-03":{"txs":31,"uniq":10,"trade":2,"nft":0,"gas":0.000229,"bal":0.024639,"days":7,"spread":0.225806,"streak":3,"rank_m":46069,"pct_m":0.04898,"gas_method":"exact"},"2025-04":{"txs":22,"uniq":9,"trade":1,"nft":1,"gas":0.000127,"bal":0.024922,"days":7,"spread":0.233333,"streak":2,"rank_m":48110,"pct_m":0.05115,"gas_method":"exact"},"2025-05":{"txs":25,"uniq":13,"trade":0,"nft":0,"gas":0.000176,"bal":0.023081,"days":10,"spread":0.322581,"streak":3,"rank_m":42653,"pct_m":0.045348,"gas_method":"estimated"},"2025-06":{"txs":46,"uniq":18,"trade":0,"nft":0,"gas":0.000324,"bal":0.029352,"days":13,"spread":0.433333,"streak":3,"rank_m":35998,"pct_m":0.038273,"gas_method":"estimated"},"2025-07":{"txs":96,"uniq":21,"trade":0,"nft":1,"gas":0.000676,"bal":0.037399,"days":15,"spread":0.483871,"streak":3,"rank_m":15045,"pct_m":0.015995,"gas_method":"estimated"},"2025-08":{"txs":102,"uniq":25,"trade":0,"nft":1,"gas":0.000718,"bal":0.047485,"days":13,"spread":0.419355,"streak":3,"rank_m":13730,"pct_m":0.014597,"gas_method":"estimated"},"2025-09":{"txs":75,"uniq":11,"trade":0,"nft":0,"gas":0.000528,"bal":0.035282,"days":16,"spread":0.533333,"streak":8,"rank_m":20368,"pct_m":0.021655,"gas_method":"estimated"},"2025-10":{"txs":29,"uniq":12,"trade":0,"nft":1,"gas":0.000204,"bal":0.035454,"days":7,"spread":0.225806,"streak":2,"rank_m":19502,"pct_m":0.020734,"gas_method":"estimated"}}}