{"wallet":"0x6396fbf90dd6af1b8f6add3b2c3427c0344a58aa","rank":486482,"lifetime":{"months_active":15,"first":"2023-07","last":"2025-10","tx_sum":186,"uniq_sum":96,"trade_sum":2,"nft_sum":37,"gas_sum":0.001345,"avg_balance_eth_mean":0.000152,"streak_best_days":15,"gas_sum_filled":0.001345},"months":{"2023-07":{"txs":0,"uniq":0,"trade":0,"nft":0,"gas":0,"bal":0,"days":0,"spread":0,"streak":0,"rank_m":594724,"pct_m":0.63232},"2023-08":{"txs":0,"uniq":0,"trade":0,"nft":0,"gas":0,"bal":0,"days":0,"spread":0,"streak":0,"rank_m":639436,"pct_m":0.679859},"2023-09":{"txs":0,"uniq":0,"trade":0,"nft":0,"gas":0,"bal":0,"days":0,"spread":0,"streak":0,"rank_m":651431,"pct_m":0.692612},"2023-10":{"txs":10,"uniq":3,"trade":0,"nft":0,"gas":0.000074,"bal":0.00002,"days":10,"spread":0.322581,"streak":7,"rank_m":118489,"pct_m":0.125979,"gas_method":"estimated"},"2023-11":{"txs":12,"uniq":2,"trade":0,"nft":0,"gas":0.000154,"bal":0.000255,"days":12,"spread":0.4,"streak":8,"rank_m":109557,"pct_m":0.116482,"gas_method":"estimated"},"2023-12":{"txs":0,"uniq":0,"trade":0,"nft":0,"gas":0,"bal":0.000255,"days":0,"spread":0,"streak":0,"rank_m":346241,"pct_m":0.368129},"2024-01":{"txs":0,"uniq":0,"trade":0,"nft":0,"gas":0,"bal":0.000255,"days":0,"spread":0,"streak":0,"rank_m":360777,"pct_m":0.383583},"2024-02":{"txs":7,"uniq":4,"trade":1,"nft":1,"gas":0.000586,"bal":0.000192,"days":2,"spread":0.068966,"streak":2,"rank_m":132926,"pct_m":0.141328,"gas_method":"exact"},"2024-03":{"txs":10,"uniq":6,"trade":0,"nft":3,"gas":0.00019,"bal":0.000153,"days":3,"spread":0.096774,"streak":1,"rank_m":288004,"pct_m":0.30621,"gas_method":"estimated"},"2024-04":{"txs":19,"uniq":7,"trade":0,"nft":1,"gas":0.000045,"bal":0.000183,"days":9,"spread":0.3,"streak":3,"rank_m":326545,"pct_m":0.347187,"gas_method":"estimated"},"2024-05":{"txs":23,"uniq":16,"trade":0,"nft":2,"gas":0.000005,"bal":0.000157,"days":10,"spread":0.322581,"streak":4,"rank_m":175800,"pct_m":0.186913,"gas_method":"exact"},"2024-06":{"txs":46,"uniq":8,"trade":0,"nft":3,"gas":0,"bal":0.000129,"days":10,"spread":0.333333,"streak":6,"rank_m":156199,"pct_m":0.166073,"gas_method":"exact"},"2024-07":{"txs":0,"uniq":0,"trade":0,"nft":0,"gas":0,"bal":0.000129,"days":0,"spread":0,"streak":0,"rank_m":640758,"pct_m":0.681264},"2024-08":{"txs":1,"uniq":1,"trade":0,"nft":2,"gas":0,"bal":0.000127,"days":1,"spread":0.032258,"streak":1,"rank_m":492112,"pct_m":0.523221,"gas_method":"estimated"},"2024-09":{"txs":6,"uniq":6,"trade":0,"nft":4,"gas":0,"bal":0.000106,"days":3,"spread":0.1,"streak":1,"rank_m":356797,"pct_m":0.379352,"gas_method":"estimated"},"2024-10":{"txs":19,"uniq":19,"trade":0,"nft":21,"gas":0.000001,"bal":0.000019,"days":6,"spread":0.193548,"streak":2,"rank_m":302949,"pct_m":0.3221,"gas_method":"estimated"},"2024-11":{"txs":0,"uniq":0,"trade":0,"nft":0,"gas":0,"bal":0.000019,"days":0,"spread":0,"streak":0,"rank_m":744134,"pct_m":0.791176},"2024-12":{"txs":3,"uniq":1,"trade":0,"nft":0,"gas":0.000044,"bal":0.000069,"days":1,"spread":0.032258,"streak":1,"rank_m":574303,"pct_m":0.610608,"gas_method":"exact"},"2025-01":{"txs":2,"uniq":2,"trade":1,"nft":0,"gas":0.000052,"bal":0.000079,"days":1,"spread":0.032258,"streak":1,"rank_m":498610,"pct_m":0.53013,"gas_method":"exact"},"2025-02":{"txs":9,"uniq":6,"trade":0,"nft":0,"gas":0.000056,"bal":0.00007,"days":3,"spread":0.107143,"streak":1,"rank_m":373088,"pct_m":0.396673,"gas_method":"exact"},"2025-03":{"txs":14,"uniq":12,"trade":0,"nft":0,"gas":0.000103,"bal":0.000221,"days":1,"spread":0.032258,"streak":1,"rank_m":339382,"pct_m":0.360836,"gas_method":"exact"},"2025-04":{"txs":0,"uniq":0,"trade":0,"nft":0,"gas":0,"bal":0.000221,"days":0,"spread":0,"streak":0,"rank_m":780234,"pct_m":0.829558},"2025-05":{"txs":5,"uniq":3,"trade":0,"nft":0,"gas":0.000035,"bal":0.000265,"days":1,"spread":0.032258,"streak":1,"rank_m":562840,"pct_m":0.59842,"gas_method":"estimated"},"2025-06":{"txs":0,"uniq":0,"trade":0,"nft":0,"gas":0,"bal":0.000265,"days":0,"spread":0,"streak":0,"rank_m":787986,"pct_m":0.8378},"2025-07":{"txs":0,"uniq":0,"trade":0,"nft":0,"gas":0,"bal":0.000265,"days":0,"spread":0,"streak":0,"rank_m":807260,"pct_m":0.858292},"2025-08":{"txs":0,"uniq":0,"trade":0,"nft":0,"gas":0,"bal":0.000265,"days":0,"spread":0,"streak":0,"rank_m":791515,"pct_m":0.841552},"2025-09":{"txs":0,"uniq":0,"trade":0,"nft":0,"gas":0,"bal":0.000265,"days":0,"spread":0,"streak":0,"rank_m":779497,"pct_m":0.828774},"2025-10":{"txs":0,"uniq":0,"trade":0,"nft":0,"gas":0,"bal":0.000265,"days":0,"spread":0,"streak":0,"rank_m":733852,"pct_m":0.780243}}}