{"wallet":"0x63fb72ff2ed658d053399b6e15d044cd8ff2838d","rank":109197,"lifetime":{"months_active":22,"first":"2023-07","last":"2025-10","tx_sum":384,"uniq_sum":183,"trade_sum":9,"nft_sum":51,"gas_sum":0.003462,"avg_balance_eth_mean":0.00933,"streak_best_days":5,"gas_sum_filled":0.003462},"months":{"2023-07":{"txs":0,"uniq":0,"trade":0,"nft":0,"gas":0,"bal":0,"days":0,"spread":0,"streak":0,"rank_m":593332,"pct_m":0.63084},"2023-08":{"txs":4,"uniq":3,"trade":0,"nft":3,"gas":0.000553,"bal":0.000957,"days":3,"spread":0.096774,"streak":1,"rank_m":114119,"pct_m":0.121332,"gas_method":"exact"},"2023-09":{"txs":0,"uniq":0,"trade":0,"nft":0,"gas":0,"bal":0.000957,"days":0,"spread":0,"streak":0,"rank_m":280740,"pct_m":0.298487},"2023-10":{"txs":0,"uniq":0,"trade":0,"nft":0,"gas":0,"bal":0.000957,"days":0,"spread":0,"streak":0,"rank_m":289101,"pct_m":0.307376},"2023-11":{"txs":0,"uniq":0,"trade":0,"nft":0,"gas":0,"bal":0.000957,"days":0,"spread":0,"streak":0,"rank_m":297244,"pct_m":0.316034},"2023-12":{"txs":0,"uniq":0,"trade":0,"nft":0,"gas":0,"bal":0.000957,"days":0,"spread":0,"streak":0,"rank_m":315563,"pct_m":0.335511},"2024-01":{"txs":0,"uniq":0,"trade":0,"nft":0,"gas":0,"bal":0.000957,"days":0,"spread":0,"streak":0,"rank_m":326021,"pct_m":0.34663},"2024-02":{"txs":12,"uniq":6,"trade":0,"nft":9,"gas":0.00014,"bal":0.001889,"days":5,"spread":0.172414,"streak":2,"rank_m":103030,"pct_m":0.109542,"gas_method":"estimated"},"2024-03":{"txs":15,"uniq":14,"trade":0,"nft":7,"gas":0.000094,"bal":0.026774,"days":10,"spread":0.322581,"streak":2,"rank_m":63921,"pct_m":0.067961,"gas_method":"exact"},"2024-04":{"txs":17,"uniq":11,"trade":0,"nft":3,"gas":0.000037,"bal":0.009806,"days":4,"spread":0.133333,"streak":1,"rank_m":240576,"pct_m":0.255784,"gas_method":"estimated"},"2024-05":{"txs":7,"uniq":6,"trade":0,"nft":4,"gas":0.000005,"bal":0.016745,"days":5,"spread":0.16129,"streak":2,"rank_m":195985,"pct_m":0.208374,"gas_method":"estimated"},"2024-06":{"txs":3,"uniq":3,"trade":0,"nft":4,"gas":0,"bal":0.010084,"days":3,"spread":0.1,"streak":1,"rank_m":283536,"pct_m":0.301459,"gas_method":"estimated"},"2024-07":{"txs":3,"uniq":2,"trade":0,"nft":5,"gas":0,"bal":0.002816,"days":2,"spread":0.064516,"streak":1,"rank_m":354927,"pct_m":0.377364,"gas_method":"estimated"},"2024-08":{"txs":8,"uniq":7,"trade":1,"nft":5,"gas":0.000001,"bal":0.027865,"days":5,"spread":0.16129,"streak":2,"rank_m":126264,"pct_m":0.134245,"gas_method":"estimated"},"2024-09":{"txs":17,"uniq":10,"trade":0,"nft":4,"gas":0.000001,"bal":0.005439,"days":6,"spread":0.2,"streak":2,"rank_m":123634,"pct_m":0.131449,"gas_method":"estimated"},"2024-10":{"txs":10,"uniq":7,"trade":0,"nft":3,"gas":0.000001,"bal":0.005946,"days":7,"spread":0.225806,"streak":2,"rank_m":187977,"pct_m":0.199859,"gas_method":"estimated"},"2024-11":{"txs":30,"uniq":17,"trade":0,"nft":0,"gas":0.000062,"bal":0.002288,"days":10,"spread":0.333333,"streak":4,"rank_m":138547,"pct_m":0.147305,"gas_method":"exact"},"2024-12":{"txs":45,"uniq":20,"trade":0,"nft":0,"gas":0.00097,"bal":0.000593,"days":11,"spread":0.354839,"streak":2,"rank_m":180584,"pct_m":0.191999,"gas_method":"exact"},"2025-01":{"txs":7,"uniq":6,"trade":0,"nft":0,"gas":0.000182,"bal":0.001974,"days":2,"spread":0.064516,"streak":1,"rank_m":382241,"pct_m":0.406404,"gas_method":"exact"},"2025-02":{"txs":1,"uniq":1,"trade":0,"nft":0,"gas":0.000007,"bal":0.00226,"days":1,"spread":0.035714,"streak":1,"rank_m":489038,"pct_m":0.519953,"gas_method":"exact"},"2025-03":{"txs":22,"uniq":10,"trade":0,"nft":1,"gas":0.000142,"bal":0.004045,"days":6,"spread":0.193548,"streak":2,"rank_m":126793,"pct_m":0.134808,"gas_method":"exact"},"2025-04":{"txs":8,"uniq":5,"trade":0,"nft":0,"gas":0.000036,"bal":0.030942,"days":5,"spread":0.166667,"streak":1,"rank_m":200205,"pct_m":0.21286,"gas_method":"exact"},"2025-05":{"txs":16,"uniq":7,"trade":0,"nft":0,"gas":0.000113,"bal":0.016258,"days":5,"spread":0.16129,"streak":1,"rank_m":110441,"pct_m":0.117422,"gas_method":"estimated"},"2025-06":{"txs":58,"uniq":10,"trade":0,"nft":0,"gas":0.000408,"bal":0.008653,"days":13,"spread":0.433333,"streak":3,"rank_m":100406,"pct_m":0.106752,"gas_method":"estimated"},"2025-07":{"txs":54,"uniq":18,"trade":0,"nft":1,"gas":0.00038,"bal":0.016023,"days":15,"spread":0.483871,"streak":4,"rank_m":27967,"pct_m":0.029734,"gas_method":"estimated"},"2025-08":{"txs":36,"uniq":13,"trade":8,"nft":2,"gas":0.000253,"bal":0.047916,"days":14,"spread":0.451613,"streak":5,"rank_m":13917,"pct_m":0.014796,"gas_method":"estimated"},"2025-09":{"txs":9,"uniq":5,"trade":0,"nft":0,"gas":0.000063,"bal":0.007436,"days":4,"spread":0.133333,"streak":2,"rank_m":241120,"pct_m":0.256362,"gas_method":"estimated"},"2025-10":{"txs":2,"uniq":2,"trade":0,"nft":0,"gas":0.000014,"bal":0.009738,"days":2,"spread":0.064516,"streak":1,"rank_m":204963,"pct_m":0.217919,"gas_method":"estimated"}}}