{"wallet":"0x63038a310a46ac61a59c1bc5ead5fe41040ef38e","rank":269783,"lifetime":{"months_active":16,"first":"2023-07","last":"2025-10","tx_sum":354,"uniq_sum":124,"trade_sum":0,"nft_sum":14,"gas_sum":0.006593,"avg_balance_eth_mean":0.000733,"streak_best_days":11,"gas_sum_filled":0.006593},"months":{"2023-07":{"txs":8,"uniq":5,"trade":0,"nft":0,"gas":0.001367,"bal":0.000212,"days":1,"spread":0.032258,"streak":1,"rank_m":23217,"pct_m":0.024684,"gas_method":"exact"},"2023-08":{"txs":12,"uniq":11,"trade":0,"nft":2,"gas":0.000543,"bal":0.000622,"days":6,"spread":0.193548,"streak":2,"rank_m":86592,"pct_m":0.092065,"gas_method":"exact"},"2023-09":{"txs":0,"uniq":0,"trade":0,"nft":0,"gas":0,"bal":0.000622,"days":0,"spread":0,"streak":0,"rank_m":288312,"pct_m":0.306537},"2023-10":{"txs":0,"uniq":0,"trade":0,"nft":0,"gas":0,"bal":0.000622,"days":0,"spread":0,"streak":0,"rank_m":299671,"pct_m":0.318614},"2023-11":{"txs":7,"uniq":4,"trade":0,"nft":1,"gas":0.000264,"bal":0.000195,"days":2,"spread":0.066667,"streak":1,"rank_m":123614,"pct_m":0.131428,"gas_method":"estimated"},"2023-12":{"txs":0,"uniq":0,"trade":0,"nft":0,"gas":0,"bal":0.000195,"days":0,"spread":0,"streak":0,"rank_m":350723,"pct_m":0.372894},"2024-01":{"txs":0,"uniq":0,"trade":0,"nft":0,"gas":0,"bal":0.000195,"days":0,"spread":0,"streak":0,"rank_m":366038,"pct_m":0.389177},"2024-02":{"txs":5,"uniq":4,"trade":0,"nft":5,"gas":0.000186,"bal":0.000086,"days":1,"spread":0.034483,"streak":1,"rank_m":230993,"pct_m":0.245595,"gas_method":"estimated"},"2024-03":{"txs":15,"uniq":11,"trade":0,"nft":1,"gas":0.000836,"bal":0.000764,"days":5,"spread":0.16129,"streak":1,"rank_m":236898,"pct_m":0.251873,"gas_method":"estimated"},"2024-04":{"txs":3,"uniq":3,"trade":0,"nft":0,"gas":0.000021,"bal":0.000783,"days":2,"spread":0.066667,"streak":2,"rank_m":411631,"pct_m":0.437652,"gas_method":"estimated"},"2024-05":{"txs":1,"uniq":1,"trade":0,"nft":1,"gas":0.000002,"bal":0.000039,"days":1,"spread":0.032258,"streak":1,"rank_m":481793,"pct_m":0.51225,"gas_method":"estimated"},"2024-06":{"txs":0,"uniq":0,"trade":0,"nft":0,"gas":0,"bal":0.000039,"days":0,"spread":0,"streak":0,"rank_m":633835,"pct_m":0.673904},"2024-07":{"txs":0,"uniq":0,"trade":0,"nft":0,"gas":0,"bal":0.000039,"days":0,"spread":0,"streak":0,"rank_m":658818,"pct_m":0.700466},"2024-08":{"txs":0,"uniq":0,"trade":0,"nft":0,"gas":0,"bal":0.000039,"days":0,"spread":0,"streak":0,"rank_m":679282,"pct_m":0.722224},"2024-09":{"txs":0,"uniq":0,"trade":0,"nft":0,"gas":0,"bal":0.000039,"days":0,"spread":0,"streak":0,"rank_m":696199,"pct_m":0.74021},"2024-10":{"txs":67,"uniq":15,"trade":0,"nft":3,"gas":0.000013,"bal":0.000202,"days":6,"spread":0.193548,"streak":3,"rank_m":245741,"pct_m":0.261275,"gas_method":"estimated"},"2024-11":{"txs":71,"uniq":17,"trade":0,"nft":0,"gas":0.000161,"bal":0.000688,"days":14,"spread":0.466667,"streak":5,"rank_m":115795,"pct_m":0.123114,"gas_method":"exact"},"2024-12":{"txs":125,"uniq":31,"trade":0,"nft":1,"gas":0.00269,"bal":0.003652,"days":21,"spread":0.677419,"streak":9,"rank_m":42673,"pct_m":0.04537,"gas_method":"exact"},"2025-01":{"txs":13,"uniq":4,"trade":0,"nft":0,"gas":0.000338,"bal":0.003035,"days":10,"spread":0.322581,"streak":3,"rank_m":239002,"pct_m":0.25411,"gas_method":"exact"},"2025-02":{"txs":14,"uniq":8,"trade":0,"nft":0,"gas":0.000084,"bal":0.001378,"days":4,"spread":0.142857,"streak":2,"rank_m":218427,"pct_m":0.232234,"gas_method":"exact"},"2025-03":{"txs":0,"uniq":0,"trade":0,"nft":0,"gas":0,"bal":0.001378,"days":0,"spread":0,"streak":0,"rank_m":674538,"pct_m":0.71718},"2025-04":{"txs":3,"uniq":3,"trade":0,"nft":0,"gas":0.000018,"bal":0.001566,"days":1,"spread":0.033333,"streak":1,"rank_m":446674,"pct_m":0.474911,"gas_method":"exact"},"2025-05":{"txs":1,"uniq":1,"trade":0,"nft":0,"gas":0.000007,"bal":0.001784,"days":1,"spread":0.032258,"streak":1,"rank_m":482024,"pct_m":0.512495,"gas_method":"estimated"},"2025-06":{"txs":6,"uniq":5,"trade":0,"nft":0,"gas":0.000042,"bal":0.000446,"days":1,"spread":0.033333,"streak":1,"rank_m":540304,"pct_m":0.57446,"gas_method":"estimated"},"2025-07":{"txs":3,"uniq":1,"trade":0,"nft":0,"gas":0.000021,"bal":0.000478,"days":1,"spread":0.032258,"streak":1,"rank_m":589063,"pct_m":0.626301,"gas_method":"estimated"},"2025-08":{"txs":0,"uniq":0,"trade":0,"nft":0,"gas":0,"bal":0.000478,"days":0,"spread":0,"streak":0,"rank_m":757382,"pct_m":0.805261},"2025-09":{"txs":0,"uniq":0,"trade":0,"nft":0,"gas":0,"bal":0.000478,"days":0,"spread":0,"streak":0,"rank_m":746636,"pct_m":0.793836},"2025-10":{"txs":0,"uniq":0,"trade":0,"nft":0,"gas":0,"bal":0.000478,"days":0,"spread":0,"streak":0,"rank_m":689075,"pct_m":0.732636}}}