{"wallet":"0x630f342e3411e28e7099f136bcd7d760f7363090","rank":265889,"lifetime":{"months_active":25,"first":"2023-07","last":"2025-10","tx_sum":154,"uniq_sum":94,"trade_sum":13,"nft_sum":21,"gas_sum":0.001484,"avg_balance_eth_mean":0.015571,"streak_best_days":3,"gas_sum_filled":0.001484},"months":{"2023-07":{"txs":0,"uniq":0,"trade":0,"nft":0,"gas":0,"bal":0,"days":0,"spread":0,"streak":0,"rank_m":596513,"pct_m":0.634222},"2023-08":{"txs":2,"uniq":1,"trade":0,"nft":0,"gas":0.000174,"bal":0.001124,"days":1,"spread":0.032258,"streak":1,"rank_m":145758,"pct_m":0.154971,"gas_method":"exact"},"2023-09":{"txs":0,"uniq":0,"trade":0,"nft":0,"gas":0,"bal":0.001124,"days":0,"spread":0,"streak":0,"rank_m":279246,"pct_m":0.296898},"2023-10":{"txs":2,"uniq":2,"trade":0,"nft":1,"gas":0.000081,"bal":0.003977,"days":2,"spread":0.064516,"streak":1,"rank_m":83141,"pct_m":0.088396,"gas_method":"exact"},"2023-11":{"txs":4,"uniq":3,"trade":0,"nft":1,"gas":0.000084,"bal":0.00161,"days":3,"spread":0.1,"streak":1,"rank_m":98687,"pct_m":0.104925,"gas_method":"estimated"},"2023-12":{"txs":2,"uniq":2,"trade":0,"nft":1,"gas":0.000078,"bal":0.000166,"days":2,"spread":0.064516,"streak":1,"rank_m":167503,"pct_m":0.178091,"gas_method":"estimated"},"2024-01":{"txs":6,"uniq":3,"trade":0,"nft":0,"gas":0.000061,"bal":0.00132,"days":3,"spread":0.096774,"streak":2,"rank_m":100949,"pct_m":0.10733,"gas_method":"exact"},"2024-02":{"txs":27,"uniq":7,"trade":0,"nft":2,"gas":0.000371,"bal":0.005013,"days":6,"spread":0.206897,"streak":3,"rank_m":45844,"pct_m":0.048741,"gas_method":"exact"},"2024-03":{"txs":5,"uniq":4,"trade":0,"nft":0,"gas":0.000155,"bal":0.020989,"days":2,"spread":0.064516,"streak":1,"rank_m":229185,"pct_m":0.243673,"gas_method":"estimated"},"2024-04":{"txs":5,"uniq":3,"trade":0,"nft":3,"gas":0.000019,"bal":0.020335,"days":2,"spread":0.066667,"streak":2,"rank_m":276878,"pct_m":0.294381,"gas_method":"estimated"},"2024-05":{"txs":11,"uniq":9,"trade":0,"nft":3,"gas":0.000014,"bal":0.021337,"days":3,"spread":0.096774,"streak":1,"rank_m":217217,"pct_m":0.230948,"gas_method":"estimated"},"2024-06":{"txs":9,"uniq":8,"trade":0,"nft":1,"gas":0,"bal":0.02209,"days":2,"spread":0.066667,"streak":1,"rank_m":228205,"pct_m":0.242631,"gas_method":"estimated"},"2024-07":{"txs":15,"uniq":12,"trade":0,"nft":3,"gas":0.000003,"bal":0.021251,"days":2,"spread":0.064516,"streak":1,"rank_m":166606,"pct_m":0.177137,"gas_method":"estimated"},"2024-08":{"txs":5,"uniq":3,"trade":0,"nft":3,"gas":0.000001,"bal":0.025749,"days":2,"spread":0.064516,"streak":1,"rank_m":264240,"pct_m":0.280944,"gas_method":"estimated"},"2024-09":{"txs":3,"uniq":3,"trade":0,"nft":3,"gas":0,"bal":0.025797,"days":1,"spread":0.033333,"streak":1,"rank_m":233142,"pct_m":0.24788,"gas_method":"estimated"},"2024-10":{"txs":4,"uniq":4,"trade":0,"nft":0,"gas":0,"bal":0.020748,"days":3,"spread":0.096774,"streak":1,"rank_m":288384,"pct_m":0.306614,"gas_method":"estimated"},"2024-11":{"txs":6,"uniq":2,"trade":0,"nft":0,"gas":0.000011,"bal":0.024993,"days":6,"spread":0.2,"streak":1,"rank_m":300215,"pct_m":0.319193,"gas_method":"exact"},"2024-12":{"txs":3,"uniq":3,"trade":0,"nft":0,"gas":0.000066,"bal":0.023674,"days":1,"spread":0.032258,"streak":1,"rank_m":436280,"pct_m":0.46386,"gas_method":"exact"},"2025-01":{"txs":4,"uniq":3,"trade":0,"nft":0,"gas":0.000078,"bal":0.022995,"days":1,"spread":0.032258,"streak":1,"rank_m":403404,"pct_m":0.428905,"gas_method":"exact"},"2025-02":{"txs":1,"uniq":1,"trade":0,"nft":0,"gas":0.000007,"bal":0.022497,"days":1,"spread":0.035714,"streak":1,"rank_m":428087,"pct_m":0.455149,"gas_method":"exact"},"2025-03":{"txs":18,"uniq":11,"trade":12,"nft":0,"gas":0.000134,"bal":0.021919,"days":4,"spread":0.129032,"streak":1,"rank_m":98083,"pct_m":0.104283,"gas_method":"exact"},"2025-04":{"txs":7,"uniq":5,"trade":1,"nft":0,"gas":0.000042,"bal":0.021858,"days":3,"spread":0.1,"streak":2,"rank_m":157820,"pct_m":0.167796,"gas_method":"exact"},"2025-05":{"txs":1,"uniq":1,"trade":0,"nft":0,"gas":0.000007,"bal":0.021527,"days":1,"spread":0.032258,"streak":1,"rank_m":282767,"pct_m":0.300642,"gas_method":"estimated"},"2025-06":{"txs":2,"uniq":2,"trade":0,"nft":0,"gas":0.000014,"bal":0.021256,"days":1,"spread":0.033333,"streak":1,"rank_m":285715,"pct_m":0.303776,"gas_method":"estimated"},"2025-07":{"txs":0,"uniq":0,"trade":0,"nft":0,"gas":0,"bal":0.021256,"days":0,"spread":0,"streak":0,"rank_m":499532,"pct_m":0.53111},"2025-08":{"txs":2,"uniq":1,"trade":0,"nft":0,"gas":0.000014,"bal":0.021129,"days":2,"spread":0.064516,"streak":1,"rank_m":282704,"pct_m":0.300575,"gas_method":"estimated"},"2025-09":{"txs":2,"uniq":0,"trade":0,"nft":0,"gas":0.000014,"bal":0,"days":1,"spread":0.033333,"streak":1,"rank_m":786555,"pct_m":0.836278,"gas_method":"estimated"},"2025-10":{"txs":8,"uniq":1,"trade":0,"nft":0,"gas":0.000056,"bal":0.020258,"days":3,"spread":0.096774,"streak":1,"rank_m":134049,"pct_m":0.142522,"gas_method":"estimated"}}}