{"wallet":"0x632f8b12e340651105957dfcc8c17359c4a16f50","rank":4181,"lifetime":{"months_active":28,"first":"2023-07","last":"2025-10","tx_sum":1830,"uniq_sum":513,"trade_sum":65,"nft_sum":225,"gas_sum":0.012417,"avg_balance_eth_mean":0.015243,"streak_best_days":100,"gas_sum_filled":0.012417},"months":{"2023-07":{"txs":3,"uniq":2,"trade":0,"nft":1,"gas":0.000229,"bal":0.00034,"days":1,"spread":0.032258,"streak":1,"rank_m":34612,"pct_m":0.036799,"gas_method":"estimated"},"2023-08":{"txs":22,"uniq":14,"trade":1,"nft":6,"gas":0.001139,"bal":0.001293,"days":12,"spread":0.387097,"streak":4,"rank_m":43498,"pct_m":0.046247,"gas_method":"exact"},"2023-09":{"txs":14,"uniq":9,"trade":0,"nft":4,"gas":0.000583,"bal":0.001061,"days":7,"spread":0.233333,"streak":3,"rank_m":40946,"pct_m":0.043533,"gas_method":"exact"},"2023-10":{"txs":4,"uniq":4,"trade":0,"nft":3,"gas":0.000033,"bal":0.001013,"days":3,"spread":0.096774,"streak":1,"rank_m":77603,"pct_m":0.082508,"gas_method":"exact"},"2023-11":{"txs":7,"uniq":5,"trade":0,"nft":2,"gas":0.000079,"bal":0.000107,"days":5,"spread":0.166667,"streak":2,"rank_m":65041,"pct_m":0.069152,"gas_method":"exact"},"2023-12":{"txs":3,"uniq":3,"trade":0,"nft":2,"gas":0.000095,"bal":0.000009,"days":3,"spread":0.096774,"streak":2,"rank_m":101798,"pct_m":0.108232,"gas_method":"exact"},"2024-01":{"txs":3,"uniq":2,"trade":0,"nft":2,"gas":0.000054,"bal":0.000176,"days":3,"spread":0.096774,"streak":1,"rank_m":156869,"pct_m":0.166785,"gas_method":"estimated"},"2024-02":{"txs":36,"uniq":26,"trade":0,"nft":13,"gas":0.000368,"bal":0.002965,"days":8,"spread":0.275862,"streak":2,"rank_m":47670,"pct_m":0.050683,"gas_method":"estimated"},"2024-03":{"txs":76,"uniq":42,"trade":1,"nft":37,"gas":0.001163,"bal":0.006058,"days":22,"spread":0.709677,"streak":18,"rank_m":27681,"pct_m":0.02943,"gas_method":"estimated"},"2024-04":{"txs":72,"uniq":18,"trade":2,"nft":13,"gas":0.000023,"bal":0.006793,"days":30,"spread":1,"streak":30,"rank_m":35966,"pct_m":0.038239,"gas_method":"exact"},"2024-05":{"txs":178,"uniq":34,"trade":0,"nft":12,"gas":0.000083,"bal":0.026768,"days":31,"spread":1,"streak":31,"rank_m":3866,"pct_m":0.004109,"gas_method":"exact"},"2024-06":{"txs":119,"uniq":30,"trade":0,"nft":11,"gas":0.000001,"bal":0.040123,"days":29,"spread":0.966667,"streak":21,"rank_m":5052,"pct_m":0.00537,"gas_method":"exact"},"2024-07":{"txs":153,"uniq":42,"trade":46,"nft":31,"gas":0.00002,"bal":0.038593,"days":31,"spread":1,"streak":31,"rank_m":575,"pct_m":0.00061,"gas_method":"exact"},"2024-08":{"txs":118,"uniq":69,"trade":4,"nft":58,"gas":0.000002,"bal":0.013918,"days":30,"spread":0.967742,"streak":28,"rank_m":2522,"pct_m":0.00268,"gas_method":"exact"},"2024-09":{"txs":48,"uniq":12,"trade":0,"nft":7,"gas":0.000002,"bal":0.009241,"days":24,"spread":0.8,"streak":13,"rank_m":15191,"pct_m":0.01615,"gas_method":"exact"},"2024-10":{"txs":77,"uniq":24,"trade":1,"nft":13,"gas":0,"bal":0.015464,"days":26,"spread":0.83871,"streak":11,"rank_m":12407,"pct_m":0.01319,"gas_method":"exact"},"2024-11":{"txs":176,"uniq":10,"trade":0,"nft":3,"gas":0.000386,"bal":0.034498,"days":29,"spread":0.966667,"streak":17,"rank_m":15339,"pct_m":0.016308,"gas_method":"exact"},"2024-12":{"txs":181,"uniq":27,"trade":0,"nft":0,"gas":0.003638,"bal":0.030622,"days":31,"spread":1,"streak":31,"rank_m":12964,"pct_m":0.013782,"gas_method":"exact"},"2025-01":{"txs":68,"uniq":16,"trade":1,"nft":1,"gas":0.001273,"bal":0.022599,"days":24,"spread":0.774194,"streak":6,"rank_m":20615,"pct_m":0.021917,"gas_method":"exact"},"2025-02":{"txs":51,"uniq":17,"trade":4,"nft":1,"gas":0.000303,"bal":0.01145,"days":23,"spread":0.821429,"streak":17,"rank_m":14322,"pct_m":0.015226,"gas_method":"exact"},"2025-03":{"txs":38,"uniq":17,"trade":0,"nft":0,"gas":0.000292,"bal":0.008591,"days":17,"spread":0.548387,"streak":4,"rank_m":49560,"pct_m":0.052692,"gas_method":"exact"},"2025-04":{"txs":39,"uniq":13,"trade":0,"nft":1,"gas":0.000229,"bal":0.007423,"days":23,"spread":0.766667,"streak":8,"rank_m":23829,"pct_m":0.025334,"gas_method":"exact"},"2025-05":{"txs":34,"uniq":9,"trade":0,"nft":1,"gas":0.000239,"bal":0.010367,"days":25,"spread":0.806452,"streak":7,"rank_m":37874,"pct_m":0.040267,"gas_method":"estimated"},"2025-06":{"txs":95,"uniq":24,"trade":1,"nft":2,"gas":0.000669,"bal":0.008615,"days":26,"spread":0.866667,"streak":11,"rank_m":19915,"pct_m":0.021173,"gas_method":"estimated"},"2025-07":{"txs":94,"uniq":15,"trade":2,"nft":0,"gas":0.000662,"bal":0.022255,"days":30,"spread":0.967742,"streak":20,"rank_m":8582,"pct_m":0.009123,"gas_method":"estimated"},"2025-08":{"txs":40,"uniq":12,"trade":0,"nft":0,"gas":0.000282,"bal":0.017045,"days":19,"spread":0.612903,"streak":10,"rank_m":35446,"pct_m":0.037686,"gas_method":"estimated"},"2025-09":{"txs":33,"uniq":8,"trade":2,"nft":1,"gas":0.000232,"bal":0.022391,"days":18,"spread":0.6,"streak":5,"rank_m":23645,"pct_m":0.025139,"gas_method":"estimated"},"2025-10":{"txs":48,"uniq":9,"trade":0,"nft":0,"gas":0.000338,"bal":0.067022,"days":13,"spread":0.419355,"streak":7,"rank_m":9341,"pct_m":0.00993,"gas_method":"estimated"}}}