{"wallet":"0x63ec8ab7124e0b0b57d48f64da2d40672003840c","rank":465527,"lifetime":{"months_active":19,"first":"2023-07","last":"2025-10","tx_sum":178,"uniq_sum":72,"trade_sum":1,"nft_sum":24,"gas_sum":0.001113,"avg_balance_eth_mean":0.008878,"streak_best_days":4,"gas_sum_filled":0.001113},"months":{"2023-07":{"txs":0,"uniq":0,"trade":0,"nft":0,"gas":0,"bal":0,"days":0,"spread":0,"streak":0,"rank_m":593524,"pct_m":0.631044},"2023-08":{"txs":1,"uniq":1,"trade":0,"nft":1,"gas":0.000065,"bal":0.00093,"days":1,"spread":0.032258,"streak":1,"rank_m":147006,"pct_m":0.156298,"gas_method":"exact"},"2023-09":{"txs":0,"uniq":0,"trade":0,"nft":0,"gas":0,"bal":0.00093,"days":0,"spread":0,"streak":0,"rank_m":281180,"pct_m":0.298955},"2023-10":{"txs":0,"uniq":0,"trade":0,"nft":0,"gas":0,"bal":0.00093,"days":0,"spread":0,"streak":0,"rank_m":289760,"pct_m":0.308077},"2023-11":{"txs":0,"uniq":0,"trade":0,"nft":0,"gas":0,"bal":0.00093,"days":0,"spread":0,"streak":0,"rank_m":298047,"pct_m":0.316888},"2023-12":{"txs":0,"uniq":0,"trade":0,"nft":0,"gas":0,"bal":0.00093,"days":0,"spread":0,"streak":0,"rank_m":316741,"pct_m":0.336764},"2024-01":{"txs":2,"uniq":1,"trade":0,"nft":0,"gas":0.000082,"bal":0.001156,"days":1,"spread":0.032258,"streak":1,"rank_m":183959,"pct_m":0.195587,"gas_method":"estimated"},"2024-02":{"txs":1,"uniq":1,"trade":0,"nft":1,"gas":0.000023,"bal":0.001112,"days":1,"spread":0.034483,"streak":1,"rank_m":245155,"pct_m":0.260652,"gas_method":"estimated"},"2024-03":{"txs":0,"uniq":0,"trade":0,"nft":0,"gas":0,"bal":0.001112,"days":0,"spread":0,"streak":0,"rank_m":440317,"pct_m":0.468152},"2024-04":{"txs":1,"uniq":1,"trade":0,"nft":1,"gas":0.000004,"bal":0.000462,"days":1,"spread":0.033333,"streak":1,"rank_m":443333,"pct_m":0.471359,"gas_method":"estimated"},"2024-05":{"txs":0,"uniq":0,"trade":0,"nft":0,"gas":0,"bal":0.000462,"days":0,"spread":0,"streak":0,"rank_m":567588,"pct_m":0.603469},"2024-06":{"txs":0,"uniq":0,"trade":0,"nft":0,"gas":0,"bal":0.000462,"days":0,"spread":0,"streak":0,"rank_m":589736,"pct_m":0.627017},"2024-07":{"txs":10,"uniq":5,"trade":0,"nft":1,"gas":0.000002,"bal":0.001165,"days":4,"spread":0.129032,"streak":2,"rank_m":308078,"pct_m":0.327553,"gas_method":"estimated"},"2024-08":{"txs":32,"uniq":10,"trade":0,"nft":10,"gas":0.000005,"bal":0.002871,"days":6,"spread":0.193548,"streak":3,"rank_m":164762,"pct_m":0.175177,"gas_method":"estimated"},"2024-09":{"txs":1,"uniq":1,"trade":0,"nft":1,"gas":0,"bal":0.002358,"days":1,"spread":0.033333,"streak":1,"rank_m":383662,"pct_m":0.407915,"gas_method":"estimated"},"2024-10":{"txs":5,"uniq":3,"trade":0,"nft":3,"gas":0.000001,"bal":0.002402,"days":4,"spread":0.129032,"streak":2,"rank_m":304094,"pct_m":0.323317,"gas_method":"estimated"},"2024-11":{"txs":11,"uniq":6,"trade":0,"nft":1,"gas":0.000025,"bal":0.002092,"days":2,"spread":0.066667,"streak":1,"rank_m":307602,"pct_m":0.327047,"gas_method":"exact"},"2024-12":{"txs":7,"uniq":2,"trade":0,"nft":0,"gas":0.000132,"bal":0.001692,"days":3,"spread":0.096774,"streak":1,"rank_m":435946,"pct_m":0.463505,"gas_method":"exact"},"2025-01":{"txs":1,"uniq":1,"trade":0,"nft":0,"gas":0.000026,"bal":0.004779,"days":1,"spread":0.032258,"streak":1,"rank_m":503550,"pct_m":0.535382,"gas_method":"exact"},"2025-02":{"txs":2,"uniq":2,"trade":0,"nft":0,"gas":0.000014,"bal":0.003209,"days":1,"spread":0.035714,"streak":1,"rank_m":449667,"pct_m":0.478093,"gas_method":"exact"},"2025-03":{"txs":2,"uniq":1,"trade":0,"nft":0,"gas":0.000016,"bal":0.000813,"days":1,"spread":0.032258,"streak":1,"rank_m":462017,"pct_m":0.491224,"gas_method":"exact"},"2025-04":{"txs":0,"uniq":0,"trade":0,"nft":0,"gas":0,"bal":0.000813,"days":0,"spread":0,"streak":0,"rank_m":725391,"pct_m":0.771248},"2025-05":{"txs":4,"uniq":4,"trade":0,"nft":0,"gas":0.000028,"bal":0.062991,"days":2,"spread":0.064516,"streak":1,"rank_m":147694,"pct_m":0.15703,"gas_method":"estimated"},"2025-06":{"txs":34,"uniq":11,"trade":0,"nft":0,"gas":0.000239,"bal":0.045872,"days":12,"spread":0.4,"streak":4,"rank_m":42388,"pct_m":0.045067,"gas_method":"estimated"},"2025-07":{"txs":20,"uniq":6,"trade":0,"nft":0,"gas":0.000141,"bal":0.022943,"days":9,"spread":0.290323,"streak":2,"rank_m":121413,"pct_m":0.129087,"gas_method":"estimated"},"2025-08":{"txs":15,"uniq":7,"trade":0,"nft":0,"gas":0.000106,"bal":0.025852,"days":7,"spread":0.225806,"streak":1,"rank_m":133320,"pct_m":0.141747,"gas_method":"estimated"},"2025-09":{"txs":23,"uniq":8,"trade":0,"nft":5,"gas":0.000162,"bal":0.015933,"days":7,"spread":0.233333,"streak":1,"rank_m":93973,"pct_m":0.099913,"gas_method":"estimated"},"2025-10":{"txs":6,"uniq":1,"trade":1,"nft":0,"gas":0.000042,"bal":0.043377,"days":2,"spread":0.064516,"streak":1,"rank_m":99155,"pct_m":0.105422,"gas_method":"estimated"}}}