{"wallet":"0x635d4520805054aef2e01d7019ba124547803fad","rank":136813,"lifetime":{"months_active":21,"first":"2023-07","last":"2025-10","tx_sum":692,"uniq_sum":341,"trade_sum":18,"nft_sum":17,"gas_sum":0.004205,"avg_balance_eth_mean":0.00064,"streak_best_days":5,"gas_sum_filled":0.004205},"months":{"2023-07":{"txs":0,"uniq":0,"trade":0,"nft":0,"gas":0,"bal":0,"days":0,"spread":0,"streak":0,"rank_m":595496,"pct_m":0.633141},"2023-08":{"txs":0,"uniq":0,"trade":0,"nft":0,"gas":0,"bal":0,"days":0,"spread":0,"streak":0,"rank_m":640113,"pct_m":0.680579},"2023-09":{"txs":0,"uniq":0,"trade":0,"nft":0,"gas":0,"bal":0,"days":0,"spread":0,"streak":0,"rank_m":652080,"pct_m":0.693302},"2023-10":{"txs":3,"uniq":1,"trade":0,"nft":0,"gas":0.000021,"bal":0.000016,"days":1,"spread":0.032258,"streak":1,"rank_m":154311,"pct_m":0.164065,"gas_method":"estimated"},"2023-11":{"txs":0,"uniq":0,"trade":0,"nft":0,"gas":0,"bal":0.000016,"days":0,"spread":0,"streak":0,"rank_m":347935,"pct_m":0.36993},"2023-12":{"txs":0,"uniq":0,"trade":0,"nft":0,"gas":0,"bal":0.000016,"days":0,"spread":0,"streak":0,"rank_m":371453,"pct_m":0.394934},"2024-01":{"txs":0,"uniq":0,"trade":0,"nft":0,"gas":0,"bal":0.000016,"days":0,"spread":0,"streak":0,"rank_m":390572,"pct_m":0.415262},"2024-02":{"txs":0,"uniq":0,"trade":0,"nft":0,"gas":0,"bal":0.000016,"days":0,"spread":0,"streak":0,"rank_m":435194,"pct_m":0.462705},"2024-03":{"txs":4,"uniq":3,"trade":0,"nft":1,"gas":0.000073,"bal":0.00039,"days":3,"spread":0.096774,"streak":2,"rank_m":298769,"pct_m":0.317655,"gas_method":"estimated"},"2024-04":{"txs":30,"uniq":11,"trade":1,"nft":4,"gas":0.000068,"bal":0.000355,"days":2,"spread":0.066667,"streak":1,"rank_m":331870,"pct_m":0.352849,"gas_method":"estimated"},"2024-05":{"txs":5,"uniq":4,"trade":1,"nft":0,"gas":0.000004,"bal":0.000007,"days":1,"spread":0.032258,"streak":1,"rank_m":428490,"pct_m":0.455577,"gas_method":"estimated"},"2024-06":{"txs":5,"uniq":2,"trade":0,"nft":0,"gas":0,"bal":0.000005,"days":2,"spread":0.066667,"streak":1,"rank_m":493765,"pct_m":0.524979,"gas_method":"estimated"},"2024-07":{"txs":37,"uniq":16,"trade":0,"nft":4,"gas":0.000004,"bal":0.000025,"days":9,"spread":0.290323,"streak":4,"rank_m":227460,"pct_m":0.241838,"gas_method":"estimated"},"2024-08":{"txs":11,"uniq":4,"trade":0,"nft":3,"gas":0.000001,"bal":0.00008,"days":4,"spread":0.129032,"streak":1,"rank_m":410177,"pct_m":0.436106,"gas_method":"estimated"},"2024-09":{"txs":20,"uniq":12,"trade":0,"nft":3,"gas":0.000001,"bal":0.000084,"days":6,"spread":0.2,"streak":2,"rank_m":265710,"pct_m":0.282507,"gas_method":"estimated"},"2024-10":{"txs":19,"uniq":9,"trade":0,"nft":2,"gas":0.000001,"bal":0.001576,"days":9,"spread":0.290323,"streak":3,"rank_m":206022,"pct_m":0.219045,"gas_method":"estimated"},"2024-11":{"txs":16,"uniq":12,"trade":0,"nft":0,"gas":0.000037,"bal":0.000536,"days":5,"spread":0.166667,"streak":3,"rank_m":250477,"pct_m":0.266311,"gas_method":"exact"},"2024-12":{"txs":12,"uniq":6,"trade":0,"nft":0,"gas":0.000243,"bal":0.000136,"days":7,"spread":0.225806,"streak":4,"rank_m":344033,"pct_m":0.365781,"gas_method":"exact"},"2025-01":{"txs":12,"uniq":7,"trade":1,"nft":0,"gas":0.000286,"bal":0.000221,"days":4,"spread":0.129032,"streak":1,"rank_m":333839,"pct_m":0.354943,"gas_method":"exact"},"2025-02":{"txs":35,"uniq":12,"trade":5,"nft":0,"gas":0.000239,"bal":0.000195,"days":10,"spread":0.357143,"streak":3,"rank_m":130816,"pct_m":0.139085,"gas_method":"exact"},"2025-03":{"txs":92,"uniq":48,"trade":5,"nft":0,"gas":0.000672,"bal":0.000405,"days":12,"spread":0.387097,"streak":4,"rank_m":74054,"pct_m":0.078734,"gas_method":"exact"},"2025-04":{"txs":142,"uniq":97,"trade":1,"nft":0,"gas":0.000803,"bal":0.000508,"days":11,"spread":0.366667,"streak":3,"rank_m":60524,"pct_m":0.064349,"gas_method":"exact"},"2025-05":{"txs":26,"uniq":10,"trade":1,"nft":0,"gas":0.000183,"bal":0.00173,"days":9,"spread":0.290323,"streak":3,"rank_m":119782,"pct_m":0.127353,"gas_method":"estimated"},"2025-06":{"txs":82,"uniq":20,"trade":3,"nft":0,"gas":0.000577,"bal":0.003446,"days":16,"spread":0.533333,"streak":5,"rank_m":61086,"pct_m":0.064947,"gas_method":"estimated"},"2025-07":{"txs":10,"uniq":7,"trade":0,"nft":0,"gas":0.00007,"bal":0.002097,"days":5,"spread":0.16129,"streak":1,"rank_m":366743,"pct_m":0.389927,"gas_method":"estimated"},"2025-08":{"txs":58,"uniq":35,"trade":0,"nft":0,"gas":0.000408,"bal":0.004908,"days":15,"spread":0.483871,"streak":3,"rank_m":100147,"pct_m":0.106477,"gas_method":"estimated"},"2025-09":{"txs":43,"uniq":17,"trade":0,"nft":0,"gas":0.000303,"bal":0.000728,"days":15,"spread":0.5,"streak":5,"rank_m":245718,"pct_m":0.261251,"gas_method":"estimated"},"2025-10":{"txs":30,"uniq":8,"trade":0,"nft":0,"gas":0.000211,"bal":0.000418,"days":5,"spread":0.16129,"streak":2,"rank_m":274200,"pct_m":0.291533,"gas_method":"estimated"}}}