{"wallet":"0x63d9d8322864ecf5be079daf37740d2e6eaeb7c6","rank":19223,"lifetime":{"months_active":28,"first":"2023-07","last":"2025-10","tx_sum":1029,"uniq_sum":472,"trade_sum":52,"nft_sum":130,"gas_sum":0.009002,"avg_balance_eth_mean":0.008406,"streak_best_days":11,"gas_sum_filled":0.009002},"months":{"2023-07":{"txs":3,"uniq":2,"trade":0,"nft":1,"gas":0.0002,"bal":0.000736,"days":1,"spread":0.032258,"streak":1,"rank_m":29669,"pct_m":0.031544,"gas_method":"estimated"},"2023-08":{"txs":16,"uniq":10,"trade":0,"nft":5,"gas":0.000661,"bal":0.002933,"days":8,"spread":0.258065,"streak":2,"rank_m":65113,"pct_m":0.069228,"gas_method":"exact"},"2023-09":{"txs":21,"uniq":12,"trade":0,"nft":5,"gas":0.000481,"bal":0.003491,"days":8,"spread":0.266667,"streak":2,"rank_m":29667,"pct_m":0.031541,"gas_method":"exact"},"2023-10":{"txs":8,"uniq":6,"trade":0,"nft":1,"gas":0.000042,"bal":0.003481,"days":5,"spread":0.16129,"streak":2,"rank_m":61671,"pct_m":0.065569,"gas_method":"estimated"},"2023-11":{"txs":12,"uniq":9,"trade":0,"nft":3,"gas":0.000096,"bal":0.003869,"days":8,"spread":0.266667,"streak":2,"rank_m":25505,"pct_m":0.027116,"gas_method":"exact"},"2023-12":{"txs":3,"uniq":3,"trade":0,"nft":2,"gas":0.00013,"bal":0.004269,"days":3,"spread":0.096774,"streak":1,"rank_m":72095,"pct_m":0.076652,"gas_method":"exact"},"2024-01":{"txs":23,"uniq":13,"trade":0,"nft":4,"gas":0.000065,"bal":0.002467,"days":5,"spread":0.16129,"streak":2,"rank_m":39903,"pct_m":0.042425,"gas_method":"exact"},"2024-02":{"txs":13,"uniq":11,"trade":0,"nft":7,"gas":0.000056,"bal":0.002723,"days":8,"spread":0.275862,"streak":2,"rank_m":54777,"pct_m":0.058239,"gas_method":"exact"},"2024-03":{"txs":65,"uniq":16,"trade":0,"nft":9,"gas":0.000869,"bal":0.002304,"days":10,"spread":0.322581,"streak":3,"rank_m":87451,"pct_m":0.092978,"gas_method":"estimated"},"2024-04":{"txs":52,"uniq":28,"trade":0,"nft":16,"gas":0.000086,"bal":0.009399,"days":16,"spread":0.533333,"streak":5,"rank_m":68427,"pct_m":0.072752,"gas_method":"estimated"},"2024-05":{"txs":31,"uniq":13,"trade":0,"nft":9,"gas":0.000009,"bal":0.007406,"days":10,"spread":0.322581,"streak":2,"rank_m":87536,"pct_m":0.093069,"gas_method":"exact"},"2024-06":{"txs":28,"uniq":16,"trade":0,"nft":11,"gas":0.000001,"bal":0.012379,"days":12,"spread":0.4,"streak":2,"rank_m":50737,"pct_m":0.053943,"gas_method":"exact"},"2024-07":{"txs":13,"uniq":9,"trade":1,"nft":6,"gas":0.000005,"bal":0.009652,"days":8,"spread":0.258065,"streak":3,"rank_m":62795,"pct_m":0.066764,"gas_method":"exact"},"2024-08":{"txs":35,"uniq":15,"trade":0,"nft":14,"gas":0.000002,"bal":0.006029,"days":9,"spread":0.290323,"streak":6,"rank_m":89590,"pct_m":0.095253,"gas_method":"estimated"},"2024-09":{"txs":8,"uniq":6,"trade":0,"nft":3,"gas":0,"bal":0.007419,"days":6,"spread":0.2,"streak":2,"rank_m":149758,"pct_m":0.159224,"gas_method":"estimated"},"2024-10":{"txs":27,"uniq":17,"trade":1,"nft":14,"gas":0.000002,"bal":0.008281,"days":14,"spread":0.451613,"streak":4,"rank_m":39409,"pct_m":0.041899,"gas_method":"exact"},"2024-11":{"txs":35,"uniq":25,"trade":9,"nft":8,"gas":0.00008,"bal":0.011678,"days":19,"spread":0.633333,"streak":6,"rank_m":30901,"pct_m":0.032853,"gas_method":"exact"},"2024-12":{"txs":149,"uniq":49,"trade":14,"nft":2,"gas":0.003219,"bal":0.008246,"days":23,"spread":0.741935,"streak":9,"rank_m":15892,"pct_m":0.016896,"gas_method":"exact"},"2025-01":{"txs":61,"uniq":26,"trade":4,"nft":2,"gas":0.000015,"bal":0.013363,"days":16,"spread":0.516129,"streak":8,"rank_m":62536,"pct_m":0.066488,"gas_method":"exact"},"2025-02":{"txs":75,"uniq":35,"trade":1,"nft":0,"gas":0.000528,"bal":0.009579,"days":22,"spread":0.785714,"streak":8,"rank_m":14808,"pct_m":0.015743,"gas_method":"exact"},"2025-03":{"txs":36,"uniq":13,"trade":7,"nft":1,"gas":0.000284,"bal":0.015179,"days":27,"spread":0.870968,"streak":11,"rank_m":17366,"pct_m":0.018463,"gas_method":"exact"},"2025-04":{"txs":46,"uniq":22,"trade":4,"nft":2,"gas":0.000278,"bal":0.011755,"days":24,"spread":0.8,"streak":11,"rank_m":7779,"pct_m":0.00827,"gas_method":"exact"},"2025-05":{"txs":39,"uniq":24,"trade":4,"nft":2,"gas":0.000274,"bal":0.005706,"days":15,"spread":0.483871,"streak":5,"rank_m":42390,"pct_m":0.045069,"gas_method":"estimated"},"2025-06":{"txs":42,"uniq":16,"trade":0,"nft":0,"gas":0.000296,"bal":0.010844,"days":18,"spread":0.6,"streak":5,"rank_m":59147,"pct_m":0.062885,"gas_method":"estimated"},"2025-07":{"txs":92,"uniq":30,"trade":6,"nft":0,"gas":0.000648,"bal":0.011135,"days":20,"spread":0.645161,"streak":5,"rank_m":16150,"pct_m":0.01717,"gas_method":"estimated"},"2025-08":{"txs":31,"uniq":21,"trade":1,"nft":1,"gas":0.000218,"bal":0.018797,"days":16,"spread":0.516129,"streak":3,"rank_m":24929,"pct_m":0.026504,"gas_method":"estimated"},"2025-09":{"txs":37,"uniq":17,"trade":0,"nft":1,"gas":0.00026,"bal":0.024677,"days":18,"spread":0.6,"streak":6,"rank_m":19170,"pct_m":0.020381,"gas_method":"estimated"},"2025-10":{"txs":28,"uniq":8,"trade":0,"nft":1,"gas":0.000197,"bal":0.007562,"days":10,"spread":0.322581,"streak":3,"rank_m":46807,"pct_m":0.049765,"gas_method":"estimated"}}}