{"wallet":"0x633231d7faff788a08e905954280562f15b53c98","rank":77524,"lifetime":{"months_active":27,"first":"2023-07","last":"2025-10","tx_sum":286,"uniq_sum":150,"trade_sum":32,"nft_sum":59,"gas_sum":0.004533,"avg_balance_eth_mean":0.006523,"streak_best_days":10,"gas_sum_filled":0.004533},"months":{"2023-07":{"txs":0,"uniq":0,"trade":0,"nft":0,"gas":0,"bal":0,"days":0,"spread":0,"streak":0,"rank_m":596033,"pct_m":0.633712},"2023-08":{"txs":13,"uniq":9,"trade":1,"nft":9,"gas":0.00122,"bal":0.002935,"days":4,"spread":0.129032,"streak":1,"rank_m":68813,"pct_m":0.073162,"gas_method":"exact"},"2023-09":{"txs":4,"uniq":3,"trade":0,"nft":2,"gas":0.000022,"bal":0.001563,"days":4,"spread":0.133333,"streak":1,"rank_m":87735,"pct_m":0.09328,"gas_method":"exact"},"2023-10":{"txs":39,"uniq":16,"trade":0,"nft":7,"gas":0.000312,"bal":0.003564,"days":9,"spread":0.290323,"streak":4,"rank_m":28392,"pct_m":0.030186,"gas_method":"estimated"},"2023-11":{"txs":16,"uniq":13,"trade":0,"nft":8,"gas":0.001011,"bal":0.021749,"days":7,"spread":0.233333,"streak":4,"rank_m":6521,"pct_m":0.006932,"gas_method":"exact"},"2023-12":{"txs":5,"uniq":1,"trade":0,"nft":4,"gas":0.00013,"bal":0.000283,"days":2,"spread":0.064516,"streak":1,"rank_m":145882,"pct_m":0.155103,"gas_method":"estimated"},"2024-01":{"txs":8,"uniq":7,"trade":0,"nft":1,"gas":0.00024,"bal":0.000533,"days":2,"spread":0.064516,"streak":1,"rank_m":100515,"pct_m":0.106868,"gas_method":"exact"},"2024-02":{"txs":20,"uniq":8,"trade":0,"nft":5,"gas":0.000123,"bal":0.001973,"days":8,"spread":0.275862,"streak":2,"rank_m":58392,"pct_m":0.062082,"gas_method":"exact"},"2024-03":{"txs":7,"uniq":6,"trade":0,"nft":3,"gas":0.000222,"bal":0.002134,"days":6,"spread":0.193548,"streak":2,"rank_m":162758,"pct_m":0.173046,"gas_method":"exact"},"2024-04":{"txs":2,"uniq":2,"trade":0,"nft":1,"gas":0.000005,"bal":0.000418,"days":2,"spread":0.066667,"streak":1,"rank_m":430375,"pct_m":0.457581,"gas_method":"estimated"},"2024-05":{"txs":1,"uniq":1,"trade":0,"nft":2,"gas":0.000001,"bal":0.000336,"days":1,"spread":0.032258,"streak":1,"rank_m":459459,"pct_m":0.488504,"gas_method":"estimated"},"2024-06":{"txs":6,"uniq":5,"trade":0,"nft":4,"gas":0,"bal":0.005217,"days":5,"spread":0.166667,"streak":2,"rank_m":232993,"pct_m":0.247721,"gas_method":"estimated"},"2024-07":{"txs":11,"uniq":11,"trade":4,"nft":4,"gas":0.000001,"bal":0.019255,"days":4,"spread":0.129032,"streak":1,"rank_m":121303,"pct_m":0.12897,"gas_method":"estimated"},"2024-08":{"txs":6,"uniq":6,"trade":0,"nft":4,"gas":0.000001,"bal":0.003835,"days":5,"spread":0.16129,"streak":2,"rank_m":208199,"pct_m":0.22136,"gas_method":"exact"},"2024-09":{"txs":5,"uniq":5,"trade":1,"nft":1,"gas":0,"bal":0.010978,"days":1,"spread":0.033333,"streak":1,"rank_m":215173,"pct_m":0.228775,"gas_method":"estimated"},"2024-10":{"txs":1,"uniq":1,"trade":0,"nft":0,"gas":0,"bal":0.039347,"days":1,"spread":0.032258,"streak":1,"rank_m":364630,"pct_m":0.38768,"gas_method":"estimated"},"2024-11":{"txs":54,"uniq":13,"trade":0,"nft":1,"gas":0.000124,"bal":0.024387,"days":11,"spread":0.366667,"streak":10,"rank_m":40520,"pct_m":0.043081,"gas_method":"exact"},"2024-12":{"txs":9,"uniq":7,"trade":2,"nft":1,"gas":0.000176,"bal":0.003155,"days":5,"spread":0.16129,"streak":3,"rank_m":248862,"pct_m":0.264593,"gas_method":"exact"},"2025-01":{"txs":20,"uniq":13,"trade":0,"nft":0,"gas":0.00052,"bal":0.004375,"days":9,"spread":0.290323,"streak":2,"rank_m":166785,"pct_m":0.177328,"gas_method":"exact"},"2025-02":{"txs":3,"uniq":3,"trade":1,"nft":0,"gas":0.000021,"bal":0.004564,"days":2,"spread":0.071429,"streak":2,"rank_m":295358,"pct_m":0.314029,"gas_method":"exact"},"2025-03":{"txs":14,"uniq":4,"trade":16,"nft":0,"gas":0.000111,"bal":0.005065,"days":4,"spread":0.129032,"streak":2,"rank_m":151219,"pct_m":0.160778,"gas_method":"exact"},"2025-04":{"txs":2,"uniq":1,"trade":0,"nft":0,"gas":0.000012,"bal":0.003839,"days":2,"spread":0.066667,"streak":1,"rank_m":440389,"pct_m":0.468228,"gas_method":"exact"},"2025-05":{"txs":4,"uniq":1,"trade":0,"nft":0,"gas":0.000028,"bal":0.004632,"days":4,"spread":0.129032,"streak":1,"rank_m":319233,"pct_m":0.339413,"gas_method":"estimated"},"2025-06":{"txs":1,"uniq":1,"trade":0,"nft":0,"gas":0.000007,"bal":0.00505,"days":1,"spread":0.033333,"streak":1,"rank_m":422529,"pct_m":0.449239,"gas_method":"estimated"},"2025-07":{"txs":12,"uniq":2,"trade":3,"nft":0,"gas":0.000084,"bal":0.005189,"days":7,"spread":0.225806,"streak":2,"rank_m":222646,"pct_m":0.23672,"gas_method":"estimated"},"2025-08":{"txs":5,"uniq":3,"trade":3,"nft":0,"gas":0.000035,"bal":0.003204,"days":2,"spread":0.064516,"streak":1,"rank_m":310828,"pct_m":0.330477,"gas_method":"estimated"},"2025-09":{"txs":14,"uniq":4,"trade":0,"nft":2,"gas":0.000099,"bal":0.0027,"days":6,"spread":0.2,"streak":3,"rank_m":222990,"pct_m":0.237086,"gas_method":"estimated"},"2025-10":{"txs":4,"uniq":4,"trade":1,"nft":0,"gas":0.000028,"bal":0.002369,"days":2,"spread":0.064516,"streak":1,"rank_m":210596,"pct_m":0.223908,"gas_method":"estimated"}}}