{"wallet":"0x632248ea82dbc87b0cd73ba93095e11e3fbbb2e9","rank":90620,"lifetime":{"months_active":21,"first":"2023-07","last":"2025-10","tx_sum":327,"uniq_sum":165,"trade_sum":53,"nft_sum":33,"gas_sum":0.003722,"avg_balance_eth_mean":0.107828,"streak_best_days":1,"gas_sum_filled":0.003722},"months":{"2023-07":{"txs":0,"uniq":0,"trade":0,"nft":0,"gas":0,"bal":0,"days":0,"spread":0,"streak":0,"rank_m":596250,"pct_m":0.633943},"2023-08":{"txs":0,"uniq":0,"trade":0,"nft":0,"gas":0,"bal":0,"days":0,"spread":0,"streak":0,"rank_m":640790,"pct_m":0.681298},"2023-09":{"txs":0,"uniq":0,"trade":0,"nft":0,"gas":0,"bal":0,"days":0,"spread":0,"streak":0,"rank_m":652730,"pct_m":0.693993},"2023-10":{"txs":0,"uniq":0,"trade":0,"nft":0,"gas":0,"bal":0,"days":0,"spread":0,"streak":0,"rank_m":662383,"pct_m":0.704256},"2023-11":{"txs":0,"uniq":0,"trade":0,"nft":0,"gas":0,"bal":0,"days":0,"spread":0,"streak":0,"rank_m":670859,"pct_m":0.713268},"2023-12":{"txs":0,"uniq":0,"trade":0,"nft":0,"gas":0,"bal":0,"days":0,"spread":0,"streak":0,"rank_m":681118,"pct_m":0.724176},"2024-01":{"txs":17,"uniq":10,"trade":7,"nft":2,"gas":0.001742,"bal":0.094461,"days":7,"spread":0.225806,"streak":1,"rank_m":12063,"pct_m":0.012825,"gas_method":"exact"},"2024-02":{"txs":18,"uniq":12,"trade":5,"nft":3,"gas":0.000232,"bal":0.108394,"days":6,"spread":0.206897,"streak":1,"rank_m":32918,"pct_m":0.034998,"gas_method":"estimated"},"2024-03":{"txs":10,"uniq":9,"trade":0,"nft":3,"gas":0.000399,"bal":0.09432,"days":7,"spread":0.225806,"streak":1,"rank_m":105186,"pct_m":0.111835,"gas_method":"exact"},"2024-04":{"txs":11,"uniq":8,"trade":0,"nft":3,"gas":0.000026,"bal":0.128256,"days":6,"spread":0.2,"streak":1,"rank_m":194480,"pct_m":0.206774,"gas_method":"estimated"},"2024-05":{"txs":34,"uniq":13,"trade":9,"nft":1,"gas":0.000049,"bal":0.197678,"days":7,"spread":0.225806,"streak":1,"rank_m":53441,"pct_m":0.056818,"gas_method":"exact"},"2024-06":{"txs":26,"uniq":10,"trade":6,"nft":1,"gas":0.000001,"bal":0.14744,"days":7,"spread":0.233333,"streak":1,"rank_m":70083,"pct_m":0.074512,"gas_method":"estimated"},"2024-07":{"txs":23,"uniq":12,"trade":6,"nft":2,"gas":0.000001,"bal":0.05571,"days":9,"spread":0.290323,"streak":1,"rank_m":43775,"pct_m":0.046541,"gas_method":"exact"},"2024-08":{"txs":26,"uniq":22,"trade":3,"nft":15,"gas":0.000002,"bal":0.15915,"days":9,"spread":0.290323,"streak":1,"rank_m":44697,"pct_m":0.047522,"gas_method":"estimated"},"2024-09":{"txs":21,"uniq":10,"trade":6,"nft":1,"gas":0.000001,"bal":0.161126,"days":8,"spread":0.266667,"streak":1,"rank_m":35457,"pct_m":0.037697,"gas_method":"estimated"},"2024-10":{"txs":15,"uniq":10,"trade":2,"nft":0,"gas":0.000001,"bal":0.061626,"days":8,"spread":0.258065,"streak":1,"rank_m":82975,"pct_m":0.088219,"gas_method":"estimated"},"2024-11":{"txs":28,"uniq":13,"trade":7,"nft":1,"gas":0.000064,"bal":0.160024,"days":9,"spread":0.3,"streak":1,"rank_m":65831,"pct_m":0.069992,"gas_method":"exact"},"2024-12":{"txs":15,"uniq":8,"trade":0,"nft":0,"gas":0.000331,"bal":0.131778,"days":5,"spread":0.16129,"streak":1,"rank_m":227073,"pct_m":0.241427,"gas_method":"exact"},"2025-01":{"txs":16,"uniq":4,"trade":0,"nft":0,"gas":0.000416,"bal":0.204423,"days":4,"spread":0.129032,"streak":1,"rank_m":216485,"pct_m":0.23017,"gas_method":"exact"},"2025-02":{"txs":9,"uniq":4,"trade":0,"nft":0,"gas":0.000063,"bal":0.166977,"days":3,"spread":0.107143,"streak":1,"rank_m":212766,"pct_m":0.226216,"gas_method":"exact"},"2025-03":{"txs":3,"uniq":2,"trade":0,"nft":0,"gas":0.000024,"bal":0.129639,"days":3,"spread":0.096774,"streak":1,"rank_m":290066,"pct_m":0.308402,"gas_method":"exact"},"2025-04":{"txs":10,"uniq":3,"trade":0,"nft":0,"gas":0.000054,"bal":0.204282,"days":2,"spread":0.066667,"streak":1,"rank_m":221633,"pct_m":0.235643,"gas_method":"exact"},"2025-05":{"txs":0,"uniq":0,"trade":0,"nft":0,"gas":0,"bal":0.204282,"days":0,"spread":0,"streak":0,"rank_m":399958,"pct_m":0.425241},"2025-06":{"txs":21,"uniq":2,"trade":0,"nft":0,"gas":0.000148,"bal":0.204088,"days":1,"spread":0.033333,"streak":1,"rank_m":170374,"pct_m":0.181144,"gas_method":"estimated"},"2025-07":{"txs":3,"uniq":1,"trade":0,"nft":0,"gas":0.000021,"bal":0.171412,"days":2,"spread":0.064516,"streak":1,"rank_m":241633,"pct_m":0.256907,"gas_method":"estimated"},"2025-08":{"txs":10,"uniq":2,"trade":0,"nft":0,"gas":0.00007,"bal":0.033834,"days":3,"spread":0.096774,"streak":1,"rank_m":205799,"pct_m":0.218808,"gas_method":"estimated"},"2025-09":{"txs":6,"uniq":5,"trade":0,"nft":1,"gas":0.000042,"bal":0.057657,"days":4,"spread":0.133333,"streak":1,"rank_m":139150,"pct_m":0.147946,"gas_method":"estimated"},"2025-10":{"txs":5,"uniq":5,"trade":2,"nft":0,"gas":0.000035,"bal":0.142638,"days":2,"spread":0.064516,"streak":1,"rank_m":60015,"pct_m":0.063808,"gas_method":"estimated"}}}