{"wallet":"0x63dbf949e1840ad64b05174b42ee2ed62977950c","rank":198031,"lifetime":{"months_active":21,"first":"2023-07","last":"2025-10","tx_sum":190,"uniq_sum":120,"trade_sum":4,"nft_sum":66,"gas_sum":0.001512,"avg_balance_eth_mean":0.010539,"streak_best_days":9,"gas_sum_filled":0.001512},"months":{"2023-07":{"txs":0,"uniq":0,"trade":0,"nft":0,"gas":0,"bal":0,"days":0,"spread":0,"streak":0,"rank_m":593763,"pct_m":0.631298},"2023-08":{"txs":13,"uniq":10,"trade":0,"nft":8,"gas":0.000714,"bal":0.000984,"days":7,"spread":0.225806,"streak":2,"rank_m":72416,"pct_m":0.076993,"gas_method":"exact"},"2023-09":{"txs":4,"uniq":4,"trade":0,"nft":0,"gas":0.000217,"bal":0.000855,"days":2,"spread":0.066667,"streak":2,"rank_m":87636,"pct_m":0.093175,"gas_method":"exact"},"2023-10":{"txs":1,"uniq":1,"trade":0,"nft":1,"gas":0.000008,"bal":0.000805,"days":1,"spread":0.032258,"streak":1,"rank_m":137200,"pct_m":0.145872,"gas_method":"estimated"},"2023-11":{"txs":1,"uniq":1,"trade":0,"nft":1,"gas":0.000014,"bal":0.000711,"days":1,"spread":0.033333,"streak":1,"rank_m":142588,"pct_m":0.151601,"gas_method":"estimated"},"2023-12":{"txs":2,"uniq":2,"trade":0,"nft":1,"gas":0.000052,"bal":0.000519,"days":2,"spread":0.064516,"streak":1,"rank_m":156770,"pct_m":0.16668,"gas_method":"estimated"},"2024-01":{"txs":2,"uniq":1,"trade":0,"nft":0,"gas":0.000048,"bal":0.00046,"days":1,"spread":0.032258,"streak":1,"rank_m":194531,"pct_m":0.206828,"gas_method":"estimated"},"2024-02":{"txs":0,"uniq":0,"trade":0,"nft":0,"gas":0,"bal":0.00046,"days":0,"spread":0,"streak":0,"rank_m":394492,"pct_m":0.41943},"2024-03":{"txs":4,"uniq":3,"trade":0,"nft":1,"gas":0.00013,"bal":0.000663,"days":4,"spread":0.129032,"streak":1,"rank_m":255036,"pct_m":0.271158,"gas_method":"exact"},"2024-04":{"txs":6,"uniq":4,"trade":4,"nft":0,"gas":0.000015,"bal":0.003892,"days":4,"spread":0.133333,"streak":2,"rank_m":276276,"pct_m":0.293741,"gas_method":"estimated"},"2024-05":{"txs":1,"uniq":1,"trade":0,"nft":1,"gas":0.000001,"bal":0.00126,"days":1,"spread":0.032258,"streak":1,"rank_m":446292,"pct_m":0.474505,"gas_method":"estimated"},"2024-06":{"txs":0,"uniq":0,"trade":0,"nft":0,"gas":0,"bal":0.00126,"days":0,"spread":0,"streak":0,"rank_m":548185,"pct_m":0.582839},"2024-07":{"txs":22,"uniq":14,"trade":0,"nft":17,"gas":0.000003,"bal":0.001328,"days":7,"spread":0.225806,"streak":5,"rank_m":151369,"pct_m":0.160937,"gas_method":"estimated"},"2024-08":{"txs":76,"uniq":39,"trade":0,"nft":35,"gas":0.000001,"bal":0.002446,"days":17,"spread":0.548387,"streak":5,"rank_m":35012,"pct_m":0.037224,"gas_method":"exact"},"2024-09":{"txs":6,"uniq":4,"trade":0,"nft":1,"gas":0,"bal":0.007387,"days":3,"spread":0.1,"streak":1,"rank_m":243712,"pct_m":0.259118,"gas_method":"estimated"},"2024-10":{"txs":0,"uniq":0,"trade":0,"nft":0,"gas":0,"bal":0.007387,"days":0,"spread":0,"streak":0,"rank_m":551235,"pct_m":0.586082},"2024-11":{"txs":15,"uniq":9,"trade":0,"nft":0,"gas":0.000034,"bal":0.01326,"days":13,"spread":0.433333,"streak":9,"rank_m":124540,"pct_m":0.132412,"gas_method":"exact"},"2024-12":{"txs":0,"uniq":0,"trade":0,"nft":0,"gas":0,"bal":0.01326,"days":0,"spread":0,"streak":0,"rank_m":608031,"pct_m":0.646468},"2025-01":{"txs":1,"uniq":1,"trade":0,"nft":0,"gas":0.000026,"bal":0.015152,"days":1,"spread":0.032258,"streak":1,"rank_m":469923,"pct_m":0.499629,"gas_method":"exact"},"2025-02":{"txs":7,"uniq":5,"trade":0,"nft":0,"gas":0.000049,"bal":0.021582,"days":3,"spread":0.107143,"streak":1,"rank_m":246602,"pct_m":0.262191,"gas_method":"exact"},"2025-03":{"txs":1,"uniq":1,"trade":0,"nft":0,"gas":0.000008,"bal":0.031423,"days":1,"spread":0.032258,"streak":1,"rank_m":389626,"pct_m":0.414256,"gas_method":"exact"},"2025-04":{"txs":4,"uniq":4,"trade":0,"nft":0,"gas":0.000024,"bal":0.031085,"days":4,"spread":0.133333,"streak":1,"rank_m":265750,"pct_m":0.282549,"gas_method":"exact"},"2025-05":{"txs":4,"uniq":4,"trade":0,"nft":0,"gas":0.000028,"bal":0.029964,"days":4,"spread":0.129032,"streak":3,"rank_m":104296,"pct_m":0.110888,"gas_method":"estimated"},"2025-06":{"txs":13,"uniq":8,"trade":0,"nft":0,"gas":0.000091,"bal":0.022414,"days":7,"spread":0.233333,"streak":2,"rank_m":121718,"pct_m":0.129412,"gas_method":"estimated"},"2025-07":{"txs":0,"uniq":0,"trade":0,"nft":0,"gas":0,"bal":0.022414,"days":0,"spread":0,"streak":0,"rank_m":495621,"pct_m":0.526952},"2025-08":{"txs":4,"uniq":3,"trade":0,"nft":0,"gas":0.000028,"bal":0.022315,"days":4,"spread":0.129032,"streak":2,"rank_m":198265,"pct_m":0.210798,"gas_method":"estimated"},"2025-09":{"txs":3,"uniq":1,"trade":0,"nft":0,"gas":0.000021,"bal":0.020906,"days":3,"spread":0.1,"streak":1,"rank_m":270020,"pct_m":0.287089,"gas_method":"estimated"},"2025-10":{"txs":0,"uniq":0,"trade":0,"nft":0,"gas":0,"bal":0.020906,"days":0,"spread":0,"streak":0,"rank_m":380429,"pct_m":0.404478}}}