{"wallet":"0x693b86e49a06680649c23f2927efd2fa13a3a486","rank":604343,"lifetime":{"months_active":20,"first":"2023-07","last":"2025-10","tx_sum":198,"uniq_sum":48,"trade_sum":1,"nft_sum":8,"gas_sum":0.002063,"avg_balance_eth_mean":0.000589,"streak_best_days":3,"gas_sum_filled":0.002063},"months":{"2023-07":{"txs":3,"uniq":2,"trade":0,"nft":0,"gas":0.000089,"bal":0.000011,"days":2,"spread":0.064516,"streak":2,"rank_m":34244,"pct_m":0.036408,"gas_method":"exact"},"2023-08":{"txs":1,"uniq":3,"trade":0,"nft":0,"gas":0.000039,"bal":0.000045,"days":1,"spread":0.032258,"streak":1,"rank_m":154996,"pct_m":0.164793,"gas_method":"exact"},"2023-09":{"txs":0,"uniq":0,"trade":0,"nft":0,"gas":0,"bal":0.000045,"days":0,"spread":0,"streak":0,"rank_m":301782,"pct_m":0.320859},"2023-10":{"txs":0,"uniq":0,"trade":0,"nft":0,"gas":0,"bal":0.000045,"days":0,"spread":0,"streak":0,"rank_m":320357,"pct_m":0.340608},"2023-11":{"txs":0,"uniq":0,"trade":0,"nft":0,"gas":0,"bal":0.000045,"days":0,"spread":0,"streak":0,"rank_m":335921,"pct_m":0.357156},"2023-12":{"txs":0,"uniq":0,"trade":0,"nft":0,"gas":0,"bal":0.000045,"days":0,"spread":0,"streak":0,"rank_m":359400,"pct_m":0.382119},"2024-01":{"txs":0,"uniq":0,"trade":0,"nft":0,"gas":0,"bal":0.000045,"days":0,"spread":0,"streak":0,"rank_m":377633,"pct_m":0.401505},"2024-02":{"txs":6,"uniq":3,"trade":1,"nft":2,"gas":0.000527,"bal":0.000143,"days":2,"spread":0.068966,"streak":1,"rank_m":163168,"pct_m":0.173482,"gas_method":"exact"},"2024-03":{"txs":9,"uniq":6,"trade":0,"nft":2,"gas":0.000375,"bal":0.004608,"days":6,"spread":0.193548,"streak":2,"rank_m":175688,"pct_m":0.186794,"gas_method":"estimated"},"2024-04":{"txs":1,"uniq":1,"trade":0,"nft":2,"gas":0.000005,"bal":0.000974,"days":1,"spread":0.033333,"streak":1,"rank_m":424536,"pct_m":0.451373,"gas_method":"estimated"},"2024-05":{"txs":2,"uniq":2,"trade":0,"nft":0,"gas":0.000025,"bal":0.000837,"days":1,"spread":0.032258,"streak":1,"rank_m":406304,"pct_m":0.431989,"gas_method":"exact"},"2024-06":{"txs":2,"uniq":2,"trade":0,"nft":1,"gas":0,"bal":0.000829,"days":2,"spread":0.066667,"streak":2,"rank_m":412653,"pct_m":0.438739,"gas_method":"estimated"},"2024-07":{"txs":0,"uniq":0,"trade":0,"nft":0,"gas":0,"bal":0.000829,"days":0,"spread":0,"streak":0,"rank_m":575608,"pct_m":0.611996},"2024-08":{"txs":21,"uniq":3,"trade":0,"nft":1,"gas":0.000004,"bal":0.000561,"days":7,"spread":0.225806,"streak":3,"rank_m":314601,"pct_m":0.334488,"gas_method":"estimated"},"2024-09":{"txs":0,"uniq":0,"trade":0,"nft":0,"gas":0,"bal":0.000561,"days":0,"spread":0,"streak":0,"rank_m":606273,"pct_m":0.644599},"2024-10":{"txs":26,"uniq":4,"trade":0,"nft":0,"gas":0.000004,"bal":0.000044,"days":4,"spread":0.129032,"streak":2,"rank_m":442367,"pct_m":0.470331,"gas_method":"estimated"},"2024-11":{"txs":21,"uniq":3,"trade":0,"nft":0,"gas":0.000046,"bal":0.000102,"days":6,"spread":0.2,"streak":2,"rank_m":314188,"pct_m":0.334049,"gas_method":"exact"},"2024-12":{"txs":10,"uniq":1,"trade":0,"nft":0,"gas":0.000198,"bal":0.000143,"days":5,"spread":0.16129,"streak":2,"rank_m":424250,"pct_m":0.451069,"gas_method":"exact"},"2025-01":{"txs":5,"uniq":2,"trade":0,"nft":0,"gas":0.00013,"bal":0.000388,"days":4,"spread":0.129032,"streak":1,"rank_m":451352,"pct_m":0.479884,"gas_method":"exact"},"2025-02":{"txs":3,"uniq":1,"trade":0,"nft":0,"gas":0.000021,"bal":0.000225,"days":3,"spread":0.107143,"streak":1,"rank_m":469016,"pct_m":0.498665,"gas_method":"exact"},"2025-03":{"txs":10,"uniq":4,"trade":0,"nft":0,"gas":0.000071,"bal":0.000208,"days":4,"spread":0.129032,"streak":1,"rank_m":346381,"pct_m":0.368277,"gas_method":"exact"},"2025-04":{"txs":15,"uniq":2,"trade":0,"nft":0,"gas":0.000085,"bal":0.00098,"days":2,"spread":0.066667,"streak":1,"rank_m":335649,"pct_m":0.356867,"gas_method":"exact"},"2025-05":{"txs":21,"uniq":2,"trade":0,"nft":0,"gas":0.000148,"bal":0.000976,"days":5,"spread":0.16129,"streak":2,"rank_m":333543,"pct_m":0.354628,"gas_method":"estimated"},"2025-06":{"txs":17,"uniq":1,"trade":0,"nft":0,"gas":0.00012,"bal":0.000367,"days":1,"spread":0.033333,"streak":1,"rank_m":557602,"pct_m":0.592851,"gas_method":"estimated"},"2025-07":{"txs":19,"uniq":2,"trade":0,"nft":0,"gas":0.000134,"bal":0.000476,"days":3,"spread":0.096774,"streak":1,"rank_m":507576,"pct_m":0.539663,"gas_method":"estimated"},"2025-08":{"txs":5,"uniq":3,"trade":0,"nft":0,"gas":0.000035,"bal":0.000707,"days":4,"spread":0.129032,"streak":1,"rank_m":466646,"pct_m":0.496145,"gas_method":"estimated"},"2025-09":{"txs":0,"uniq":0,"trade":0,"nft":0,"gas":0,"bal":0.000707,"days":0,"spread":0,"streak":0,"rank_m":718870,"pct_m":0.764314},"2025-10":{"txs":1,"uniq":1,"trade":0,"nft":0,"gas":0.000007,"bal":0.001547,"days":1,"spread":0.032258,"streak":1,"rank_m":367722,"pct_m":0.390968,"gas_method":"estimated"}}}