{"wallet":"0x69a36c37ab22a1d2658ee385c07d46a945869de7","rank":443932,"lifetime":{"months_active":3,"first":"2023-07","last":"2025-10","tx_sum":208,"uniq_sum":67,"trade_sum":0,"nft_sum":0,"gas_sum":0.012481,"avg_balance_eth_mean":0.037871,"streak_best_days":14,"gas_sum_filled":0.012481},"months":{"2023-07":{"txs":95,"uniq":25,"trade":0,"nft":0,"gas":0.0069,"bal":0.001722,"days":2,"spread":0.064516,"streak":2,"rank_m":5304,"pct_m":0.005638,"gas_method":"exact"},"2023-08":{"txs":106,"uniq":38,"trade":0,"nft":0,"gas":0.005293,"bal":0.026535,"days":21,"spread":0.677419,"streak":14,"rank_m":16075,"pct_m":0.01709,"gas_method":"exact"},"2023-09":{"txs":7,"uniq":4,"trade":0,"nft":0,"gas":0.000288,"bal":0.039697,"days":5,"spread":0.166667,"streak":1,"rank_m":55137,"pct_m":0.058622,"gas_method":"exact"},"2023-10":{"txs":0,"uniq":0,"trade":0,"nft":0,"gas":0,"bal":0.039697,"days":0,"spread":0,"streak":0,"rank_m":221230,"pct_m":0.235215},"2023-11":{"txs":0,"uniq":0,"trade":0,"nft":0,"gas":0,"bal":0.039697,"days":0,"spread":0,"streak":0,"rank_m":215643,"pct_m":0.229274},"2023-12":{"txs":0,"uniq":0,"trade":0,"nft":0,"gas":0,"bal":0.039697,"days":0,"spread":0,"streak":0,"rank_m":230530,"pct_m":0.245103},"2024-01":{"txs":0,"uniq":0,"trade":0,"nft":0,"gas":0,"bal":0.039697,"days":0,"spread":0,"streak":0,"rank_m":239343,"pct_m":0.254473},"2024-02":{"txs":0,"uniq":0,"trade":0,"nft":0,"gas":0,"bal":0.039697,"days":0,"spread":0,"streak":0,"rank_m":293208,"pct_m":0.311743},"2024-03":{"txs":0,"uniq":0,"trade":0,"nft":0,"gas":0,"bal":0.039697,"days":0,"spread":0,"streak":0,"rank_m":377454,"pct_m":0.401315},"2024-04":{"txs":0,"uniq":0,"trade":0,"nft":0,"gas":0,"bal":0.039697,"days":0,"spread":0,"streak":0,"rank_m":448785,"pct_m":0.477155},"2024-05":{"txs":0,"uniq":0,"trade":0,"nft":0,"gas":0,"bal":0.039697,"days":0,"spread":0,"streak":0,"rank_m":466297,"pct_m":0.495774},"2024-06":{"txs":0,"uniq":0,"trade":0,"nft":0,"gas":0,"bal":0.039697,"days":0,"spread":0,"streak":0,"rank_m":474032,"pct_m":0.503998},"2024-07":{"txs":0,"uniq":0,"trade":0,"nft":0,"gas":0,"bal":0.039697,"days":0,"spread":0,"streak":0,"rank_m":470800,"pct_m":0.500562},"2024-08":{"txs":0,"uniq":0,"trade":0,"nft":0,"gas":0,"bal":0.039697,"days":0,"spread":0,"streak":0,"rank_m":477162,"pct_m":0.507326},"2024-09":{"txs":0,"uniq":0,"trade":0,"nft":0,"gas":0,"bal":0.039697,"days":0,"spread":0,"streak":0,"rank_m":443389,"pct_m":0.471418},"2024-10":{"txs":0,"uniq":0,"trade":0,"nft":0,"gas":0,"bal":0.039697,"days":0,"spread":0,"streak":0,"rank_m":486077,"pct_m":0.516805},"2024-11":{"txs":0,"uniq":0,"trade":0,"nft":0,"gas":0,"bal":0.039697,"days":0,"spread":0,"streak":0,"rank_m":527942,"pct_m":0.561316},"2024-12":{"txs":0,"uniq":0,"trade":0,"nft":0,"gas":0,"bal":0.039697,"days":0,"spread":0,"streak":0,"rank_m":586109,"pct_m":0.623161},"2025-01":{"txs":0,"uniq":0,"trade":0,"nft":0,"gas":0,"bal":0.039697,"days":0,"spread":0,"streak":0,"rank_m":570651,"pct_m":0.606725},"2025-02":{"txs":0,"uniq":0,"trade":0,"nft":0,"gas":0,"bal":0.039697,"days":0,"spread":0,"streak":0,"rank_m":558839,"pct_m":0.594167},"2025-03":{"txs":0,"uniq":0,"trade":0,"nft":0,"gas":0,"bal":0.039697,"days":0,"spread":0,"streak":0,"rank_m":537667,"pct_m":0.571656},"2025-04":{"txs":0,"uniq":0,"trade":0,"nft":0,"gas":0,"bal":0.039697,"days":0,"spread":0,"streak":0,"rank_m":573044,"pct_m":0.60927},"2025-05":{"txs":0,"uniq":0,"trade":0,"nft":0,"gas":0,"bal":0.039697,"days":0,"spread":0,"streak":0,"rank_m":443261,"pct_m":0.471282},"2025-06":{"txs":0,"uniq":0,"trade":0,"nft":0,"gas":0,"bal":0.039697,"days":0,"spread":0,"streak":0,"rank_m":444928,"pct_m":0.473054},"2025-07":{"txs":0,"uniq":0,"trade":0,"nft":0,"gas":0,"bal":0.039697,"days":0,"spread":0,"streak":0,"rank_m":462514,"pct_m":0.491752},"2025-08":{"txs":0,"uniq":0,"trade":0,"nft":0,"gas":0,"bal":0.039697,"days":0,"spread":0,"streak":0,"rank_m":438994,"pct_m":0.466745},"2025-09":{"txs":0,"uniq":0,"trade":0,"nft":0,"gas":0,"bal":0.039697,"days":0,"spread":0,"streak":0,"rank_m":435322,"pct_m":0.462841},"2025-10":{"txs":0,"uniq":0,"trade":0,"nft":0,"gas":0,"bal":0.039697,"days":0,"spread":0,"streak":0,"rank_m":341167,"pct_m":0.362734}}}