{"wallet":"0x69f9f3111f4c427aa4159edd0810def5278b5191","rank":490228,"lifetime":{"months_active":18,"first":"2023-07","last":"2025-10","tx_sum":131,"uniq_sum":88,"trade_sum":5,"nft_sum":16,"gas_sum":0.000999,"avg_balance_eth_mean":0.005216,"streak_best_days":2,"gas_sum_filled":0.000999},"months":{"2023-07":{"txs":0,"uniq":0,"trade":0,"nft":0,"gas":0,"bal":0,"days":0,"spread":0,"streak":0,"rank_m":572295,"pct_m":0.608473},"2023-08":{"txs":0,"uniq":0,"trade":0,"nft":0,"gas":0,"bal":0,"days":0,"spread":0,"streak":0,"rank_m":619959,"pct_m":0.65915},"2023-09":{"txs":0,"uniq":0,"trade":0,"nft":0,"gas":0,"bal":0,"days":0,"spread":0,"streak":0,"rank_m":632706,"pct_m":0.672703},"2023-10":{"txs":0,"uniq":0,"trade":0,"nft":0,"gas":0,"bal":0,"days":0,"spread":0,"streak":0,"rank_m":642998,"pct_m":0.683646},"2023-11":{"txs":1,"uniq":1,"trade":0,"nft":1,"gas":0.000012,"bal":0.002224,"days":1,"spread":0.033333,"streak":1,"rank_m":123946,"pct_m":0.131781,"gas_method":"estimated"},"2023-12":{"txs":0,"uniq":0,"trade":0,"nft":0,"gas":0,"bal":0.002224,"days":0,"spread":0,"streak":0,"rank_m":284908,"pct_m":0.302918},"2024-01":{"txs":0,"uniq":0,"trade":0,"nft":0,"gas":0,"bal":0.002224,"days":0,"spread":0,"streak":0,"rank_m":293494,"pct_m":0.312047},"2024-02":{"txs":11,"uniq":7,"trade":0,"nft":7,"gas":0.000191,"bal":0.002567,"days":4,"spread":0.137931,"streak":1,"rank_m":92208,"pct_m":0.098036,"gas_method":"exact"},"2024-03":{"txs":6,"uniq":5,"trade":3,"nft":1,"gas":0.000102,"bal":0.002315,"days":2,"spread":0.064516,"streak":1,"rank_m":228798,"pct_m":0.243261,"gas_method":"estimated"},"2024-04":{"txs":9,"uniq":6,"trade":2,"nft":3,"gas":0.000019,"bal":0.007041,"days":2,"spread":0.066667,"streak":1,"rank_m":284361,"pct_m":0.302337,"gas_method":"estimated"},"2024-05":{"txs":7,"uniq":6,"trade":0,"nft":2,"gas":0.000005,"bal":0.007389,"days":2,"spread":0.064516,"streak":1,"rank_m":309562,"pct_m":0.329131,"gas_method":"estimated"},"2024-06":{"txs":5,"uniq":4,"trade":0,"nft":2,"gas":0,"bal":0.006224,"days":4,"spread":0.133333,"streak":2,"rank_m":259650,"pct_m":0.276063,"gas_method":"estimated"},"2024-07":{"txs":0,"uniq":0,"trade":0,"nft":0,"gas":0,"bal":0.006224,"days":0,"spread":0,"streak":0,"rank_m":524314,"pct_m":0.557459},"2024-08":{"txs":0,"uniq":0,"trade":0,"nft":0,"gas":0,"bal":0.006224,"days":0,"spread":0,"streak":0,"rank_m":534758,"pct_m":0.568563},"2024-09":{"txs":0,"uniq":0,"trade":0,"nft":0,"gas":0,"bal":0.006224,"days":0,"spread":0,"streak":0,"rank_m":509727,"pct_m":0.54195},"2024-10":{"txs":4,"uniq":1,"trade":0,"nft":0,"gas":0,"bal":0.007262,"days":1,"spread":0.032258,"streak":1,"rank_m":406663,"pct_m":0.43237,"gas_method":"estimated"},"2024-11":{"txs":3,"uniq":2,"trade":0,"nft":0,"gas":0.000005,"bal":0.005263,"days":2,"spread":0.066667,"streak":1,"rank_m":415090,"pct_m":0.44133,"gas_method":"exact"},"2024-12":{"txs":8,"uniq":6,"trade":0,"nft":0,"gas":0.000176,"bal":0.001961,"days":2,"spread":0.064516,"streak":1,"rank_m":403487,"pct_m":0.428994,"gas_method":"exact"},"2025-01":{"txs":1,"uniq":1,"trade":0,"nft":0,"gas":0.000026,"bal":0.000801,"days":1,"spread":0.032258,"streak":1,"rank_m":541063,"pct_m":0.575267,"gas_method":"exact"},"2025-02":{"txs":29,"uniq":22,"trade":0,"nft":0,"gas":0.000169,"bal":0.002674,"days":3,"spread":0.107143,"streak":1,"rank_m":176550,"pct_m":0.18771,"gas_method":"exact"},"2025-03":{"txs":12,"uniq":6,"trade":0,"nft":0,"gas":0.000079,"bal":0.010214,"days":7,"spread":0.225806,"streak":2,"rank_m":160686,"pct_m":0.170843,"gas_method":"exact"},"2025-04":{"txs":12,"uniq":6,"trade":0,"nft":0,"gas":0.000054,"bal":0.012013,"days":7,"spread":0.233333,"streak":1,"rank_m":168334,"pct_m":0.178975,"gas_method":"exact"},"2025-05":{"txs":5,"uniq":4,"trade":0,"nft":0,"gas":0.000035,"bal":0.014805,"days":2,"spread":0.064516,"streak":1,"rank_m":201915,"pct_m":0.214679,"gas_method":"estimated"},"2025-06":{"txs":0,"uniq":0,"trade":0,"nft":0,"gas":0,"bal":0.014805,"days":0,"spread":0,"streak":0,"rank_m":502506,"pct_m":0.534272},"2025-07":{"txs":8,"uniq":5,"trade":0,"nft":0,"gas":0.000056,"bal":0.013504,"days":2,"spread":0.064516,"streak":1,"rank_m":269013,"pct_m":0.286018,"gas_method":"estimated"},"2025-08":{"txs":4,"uniq":1,"trade":0,"nft":0,"gas":0.000028,"bal":0.003548,"days":1,"spread":0.032258,"streak":1,"rank_m":425102,"pct_m":0.451975,"gas_method":"estimated"},"2025-09":{"txs":4,"uniq":4,"trade":0,"nft":0,"gas":0.000028,"bal":0.003513,"days":2,"spread":0.066667,"streak":1,"rank_m":368582,"pct_m":0.391882,"gas_method":"estimated"},"2025-10":{"txs":2,"uniq":1,"trade":0,"nft":0,"gas":0.000014,"bal":0.004803,"days":1,"spread":0.032258,"streak":1,"rank_m":287721,"pct_m":0.305909,"gas_method":"estimated"}}}