{"wallet":"0x69bc6453fc4689b89cb10510b16f70b26170a89e","rank":255189,"lifetime":{"months_active":18,"first":"2023-07","last":"2025-10","tx_sum":145,"uniq_sum":78,"trade_sum":8,"nft_sum":50,"gas_sum":0.009294,"avg_balance_eth_mean":0.061144,"streak_best_days":4,"gas_sum_filled":0.009294},"months":{"2023-07":{"txs":0,"uniq":0,"trade":0,"nft":0,"gas":0,"bal":0,"days":0,"spread":0,"streak":0,"rank_m":573178,"pct_m":0.609412},"2023-08":{"txs":16,"uniq":13,"trade":0,"nft":10,"gas":0.004765,"bal":0.009986,"days":9,"spread":0.290323,"streak":4,"rank_m":33664,"pct_m":0.035791,"gas_method":"exact"},"2023-09":{"txs":5,"uniq":3,"trade":0,"nft":3,"gas":0.000186,"bal":0.093185,"days":3,"spread":0.1,"streak":1,"rank_m":54448,"pct_m":0.057889,"gas_method":"exact"},"2023-10":{"txs":2,"uniq":2,"trade":0,"nft":0,"gas":0.000008,"bal":0.037794,"days":2,"spread":0.064516,"streak":1,"rank_m":80464,"pct_m":0.08555,"gas_method":"exact"},"2023-11":{"txs":1,"uniq":1,"trade":0,"nft":2,"gas":0.000039,"bal":0.033743,"days":1,"spread":0.033333,"streak":1,"rank_m":82445,"pct_m":0.087656,"gas_method":"estimated"},"2023-12":{"txs":16,"uniq":6,"trade":4,"nft":9,"gas":0.001159,"bal":0.0851,"days":9,"spread":0.290323,"streak":3,"rank_m":8323,"pct_m":0.008848,"gas_method":"estimated"},"2024-01":{"txs":9,"uniq":3,"trade":0,"nft":2,"gas":0.000607,"bal":0.096645,"days":3,"spread":0.096774,"streak":1,"rank_m":64920,"pct_m":0.069023,"gas_method":"estimated"},"2024-02":{"txs":17,"uniq":7,"trade":3,"nft":5,"gas":0.001607,"bal":0.072969,"days":8,"spread":0.275862,"streak":2,"rank_m":19523,"pct_m":0.020756,"gas_method":"exact"},"2024-03":{"txs":8,"uniq":5,"trade":0,"nft":2,"gas":0.000161,"bal":0.065976,"days":4,"spread":0.129032,"streak":3,"rank_m":122554,"pct_m":0.130301,"gas_method":"exact"},"2024-04":{"txs":18,"uniq":8,"trade":0,"nft":9,"gas":0.000127,"bal":0.049821,"days":6,"spread":0.2,"streak":3,"rank_m":139401,"pct_m":0.148213,"gas_method":"estimated"},"2024-05":{"txs":11,"uniq":8,"trade":0,"nft":5,"gas":0.000026,"bal":0.044135,"days":4,"spread":0.129032,"streak":3,"rank_m":141046,"pct_m":0.149962,"gas_method":"estimated"},"2024-06":{"txs":1,"uniq":1,"trade":0,"nft":1,"gas":0,"bal":0.045417,"days":1,"spread":0.033333,"streak":1,"rank_m":334058,"pct_m":0.355175,"gas_method":"estimated"},"2024-07":{"txs":3,"uniq":3,"trade":0,"nft":1,"gas":0.000001,"bal":0.044792,"days":3,"spread":0.096774,"streak":1,"rank_m":246709,"pct_m":0.262304,"gas_method":"estimated"},"2024-08":{"txs":2,"uniq":2,"trade":0,"nft":1,"gas":0.000001,"bal":0.044634,"days":1,"spread":0.032258,"streak":1,"rank_m":312727,"pct_m":0.332496,"gas_method":"estimated"},"2024-09":{"txs":0,"uniq":0,"trade":0,"nft":0,"gas":0,"bal":0.044634,"days":0,"spread":0,"streak":0,"rank_m":440902,"pct_m":0.468774},"2024-10":{"txs":0,"uniq":0,"trade":0,"nft":0,"gas":0,"bal":0.044634,"days":0,"spread":0,"streak":0,"rank_m":483479,"pct_m":0.514042},"2024-11":{"txs":2,"uniq":2,"trade":0,"nft":0,"gas":0.000005,"bal":0.044625,"days":1,"spread":0.033333,"streak":1,"rank_m":387924,"pct_m":0.412447,"gas_method":"exact"},"2024-12":{"txs":11,"uniq":6,"trade":0,"nft":0,"gas":0.000243,"bal":0.047103,"days":4,"spread":0.129032,"streak":2,"rank_m":251792,"pct_m":0.267709,"gas_method":"exact"},"2025-01":{"txs":11,"uniq":6,"trade":0,"nft":0,"gas":0.000286,"bal":0.077639,"days":5,"spread":0.16129,"streak":3,"rank_m":181288,"pct_m":0.192748,"gas_method":"exact"},"2025-02":{"txs":0,"uniq":0,"trade":0,"nft":0,"gas":0,"bal":0.077639,"days":0,"spread":0,"streak":0,"rank_m":547260,"pct_m":0.581856},"2025-03":{"txs":0,"uniq":0,"trade":0,"nft":0,"gas":0,"bal":0.077639,"days":0,"spread":0,"streak":0,"rank_m":523641,"pct_m":0.556743},"2025-04":{"txs":11,"uniq":1,"trade":0,"nft":0,"gas":0.000066,"bal":0.082735,"days":1,"spread":0.033333,"streak":1,"rank_m":271122,"pct_m":0.288261,"gas_method":"exact"},"2025-05":{"txs":0,"uniq":0,"trade":0,"nft":0,"gas":0,"bal":0.082735,"days":0,"spread":0,"streak":0,"rank_m":415887,"pct_m":0.442177},"2025-06":{"txs":0,"uniq":0,"trade":0,"nft":0,"gas":0,"bal":0.082735,"days":0,"spread":0,"streak":0,"rank_m":418680,"pct_m":0.445147},"2025-07":{"txs":1,"uniq":1,"trade":1,"nft":0,"gas":0.000007,"bal":0.081428,"days":1,"spread":0.032258,"streak":1,"rank_m":255050,"pct_m":0.271173,"gas_method":"estimated"},"2025-08":{"txs":0,"uniq":0,"trade":0,"nft":0,"gas":0,"bal":0.081428,"days":0,"spread":0,"streak":0,"rank_m":416175,"pct_m":0.442484},"2025-09":{"txs":0,"uniq":0,"trade":0,"nft":0,"gas":0,"bal":0.081428,"days":0,"spread":0,"streak":0,"rank_m":413228,"pct_m":0.43935},"2025-10":{"txs":0,"uniq":0,"trade":0,"nft":0,"gas":0,"bal":0.081428,"days":0,"spread":0,"streak":0,"rank_m":317131,"pct_m":0.337178}}}