{"wallet":"0x69441b4516e798ddabef05761bd9f25ac9a1579e","rank":167996,"lifetime":{"months_active":22,"first":"2023-07","last":"2025-10","tx_sum":203,"uniq_sum":187,"trade_sum":6,"nft_sum":67,"gas_sum":0.001594,"avg_balance_eth_mean":0.01857,"streak_best_days":5,"gas_sum_filled":0.001594},"months":{"2023-07":{"txs":0,"uniq":0,"trade":0,"nft":0,"gas":0,"bal":0,"days":0,"spread":0,"streak":0,"rank_m":574826,"pct_m":0.611164},"2023-08":{"txs":0,"uniq":0,"trade":0,"nft":0,"gas":0,"bal":0,"days":0,"spread":0,"streak":0,"rank_m":622147,"pct_m":0.661477},"2023-09":{"txs":0,"uniq":0,"trade":0,"nft":0,"gas":0,"bal":0,"days":0,"spread":0,"streak":0,"rank_m":634816,"pct_m":0.674947},"2023-10":{"txs":1,"uniq":1,"trade":0,"nft":1,"gas":0.000006,"bal":0.00356,"days":1,"spread":0.032258,"streak":1,"rank_m":117636,"pct_m":0.125072,"gas_method":"estimated"},"2023-11":{"txs":0,"uniq":0,"trade":0,"nft":0,"gas":0,"bal":0.00356,"days":0,"spread":0,"streak":0,"rank_m":256900,"pct_m":0.27314},"2023-12":{"txs":0,"uniq":0,"trade":0,"nft":0,"gas":0,"bal":0.00356,"days":0,"spread":0,"streak":0,"rank_m":273119,"pct_m":0.290384},"2024-01":{"txs":0,"uniq":0,"trade":0,"nft":0,"gas":0,"bal":0.00356,"days":0,"spread":0,"streak":0,"rank_m":281863,"pct_m":0.299681},"2024-02":{"txs":5,"uniq":4,"trade":0,"nft":2,"gas":0.000055,"bal":0.008264,"days":3,"spread":0.103448,"streak":1,"rank_m":133488,"pct_m":0.141926,"gas_method":"estimated"},"2024-03":{"txs":2,"uniq":2,"trade":0,"nft":3,"gas":0.000033,"bal":0.017709,"days":2,"spread":0.064516,"streak":1,"rank_m":227813,"pct_m":0.242214,"gas_method":"estimated"},"2024-04":{"txs":8,"uniq":8,"trade":0,"nft":7,"gas":0.000042,"bal":0.017472,"days":8,"spread":0.266667,"streak":2,"rank_m":164478,"pct_m":0.174875,"gas_method":"exact"},"2024-05":{"txs":14,"uniq":14,"trade":0,"nft":13,"gas":0.00008,"bal":0.01699,"days":11,"spread":0.354839,"streak":3,"rank_m":61305,"pct_m":0.06518,"gas_method":"exact"},"2024-06":{"txs":6,"uniq":6,"trade":0,"nft":6,"gas":0.00004,"bal":0.016656,"days":5,"spread":0.166667,"streak":1,"rank_m":150045,"pct_m":0.159529,"gas_method":"exact"},"2024-07":{"txs":5,"uniq":5,"trade":0,"nft":5,"gas":0.000001,"bal":0.016456,"days":5,"spread":0.16129,"streak":1,"rank_m":190411,"pct_m":0.202447,"gas_method":"estimated"},"2024-08":{"txs":8,"uniq":7,"trade":0,"nft":5,"gas":0.000001,"bal":0.015258,"days":6,"spread":0.193548,"streak":2,"rank_m":163601,"pct_m":0.173942,"gas_method":"estimated"},"2024-09":{"txs":10,"uniq":10,"trade":0,"nft":10,"gas":0,"bal":0.014281,"days":10,"spread":0.333333,"streak":2,"rank_m":69923,"pct_m":0.074342,"gas_method":"estimated"},"2024-10":{"txs":8,"uniq":8,"trade":0,"nft":7,"gas":0.00004,"bal":0.013941,"days":7,"spread":0.225806,"streak":2,"rank_m":95508,"pct_m":0.101545,"gas_method":"exact"},"2024-11":{"txs":12,"uniq":12,"trade":0,"nft":3,"gas":0.000028,"bal":0.013499,"days":11,"spread":0.366667,"streak":3,"rank_m":114621,"pct_m":0.121866,"gas_method":"exact"},"2024-12":{"txs":10,"uniq":10,"trade":0,"nft":1,"gas":0.00022,"bal":0.013145,"days":8,"spread":0.258065,"streak":4,"rank_m":169888,"pct_m":0.180627,"gas_method":"exact"},"2025-01":{"txs":14,"uniq":13,"trade":0,"nft":1,"gas":0.000338,"bal":0.018048,"days":11,"spread":0.354839,"streak":4,"rank_m":96150,"pct_m":0.102227,"gas_method":"exact"},"2025-02":{"txs":32,"uniq":20,"trade":6,"nft":0,"gas":0.000225,"bal":0.037726,"days":12,"spread":0.428571,"streak":4,"rank_m":16602,"pct_m":0.01765,"gas_method":"exact"},"2025-03":{"txs":14,"uniq":14,"trade":0,"nft":0,"gas":0.000111,"bal":0.036918,"days":11,"spread":0.354839,"streak":2,"rank_m":77468,"pct_m":0.082364,"gas_method":"exact"},"2025-04":{"txs":5,"uniq":5,"trade":0,"nft":0,"gas":0.00003,"bal":0.036421,"days":3,"spread":0.1,"streak":2,"rank_m":210192,"pct_m":0.223479,"gas_method":"exact"},"2025-05":{"txs":6,"uniq":6,"trade":0,"nft":0,"gas":0.000042,"bal":0.036334,"days":5,"spread":0.16129,"streak":2,"rank_m":83054,"pct_m":0.088303,"gas_method":"estimated"},"2025-06":{"txs":17,"uniq":17,"trade":0,"nft":0,"gas":0.00012,"bal":0.0359,"days":12,"spread":0.4,"streak":5,"rank_m":44023,"pct_m":0.046805,"gas_method":"estimated"},"2025-07":{"txs":5,"uniq":5,"trade":0,"nft":1,"gas":0.000035,"bal":0.035549,"days":4,"spread":0.129032,"streak":2,"rank_m":148963,"pct_m":0.158379,"gas_method":"estimated"},"2025-08":{"txs":7,"uniq":7,"trade":0,"nft":1,"gas":0.000049,"bal":0.035412,"days":6,"spread":0.193548,"streak":3,"rank_m":84276,"pct_m":0.089603,"gas_method":"estimated"},"2025-09":{"txs":11,"uniq":10,"trade":0,"nft":1,"gas":0.000077,"bal":0.034979,"days":10,"spread":0.333333,"streak":2,"rank_m":56451,"pct_m":0.060019,"gas_method":"estimated"},"2025-10":{"txs":3,"uniq":3,"trade":0,"nft":0,"gas":0.000021,"bal":0.034765,"days":3,"spread":0.096774,"streak":1,"rank_m":107998,"pct_m":0.114824,"gas_method":"estimated"}}}