{"wallet":"0x69b9b1d16fed43dc89188441030dcd6a70cd8642","rank":62676,"lifetime":{"months_active":22,"first":"2023-07","last":"2025-10","tx_sum":446,"uniq_sum":159,"trade_sum":12,"nft_sum":11,"gas_sum":0.00594,"avg_balance_eth_mean":0.006698,"streak_best_days":17,"gas_sum_filled":0.00594},"months":{"2023-07":{"txs":0,"uniq":0,"trade":0,"nft":0,"gas":0,"bal":0,"days":0,"spread":0,"streak":0,"rank_m":573221,"pct_m":0.609458},"2023-08":{"txs":13,"uniq":9,"trade":0,"nft":4,"gas":0.00213,"bal":0.000844,"days":5,"spread":0.16129,"streak":2,"rank_m":75305,"pct_m":0.080065,"gas_method":"exact"},"2023-09":{"txs":0,"uniq":0,"trade":0,"nft":0,"gas":0,"bal":0.000844,"days":0,"spread":0,"streak":0,"rank_m":276784,"pct_m":0.294281},"2023-10":{"txs":0,"uniq":0,"trade":0,"nft":0,"gas":0,"bal":0.000844,"days":0,"spread":0,"streak":0,"rank_m":285635,"pct_m":0.303691},"2023-11":{"txs":0,"uniq":0,"trade":0,"nft":0,"gas":0,"bal":0.000844,"days":0,"spread":0,"streak":0,"rank_m":294270,"pct_m":0.312872},"2023-12":{"txs":3,"uniq":2,"trade":0,"nft":0,"gas":0.000055,"bal":0.003304,"days":2,"spread":0.064516,"streak":1,"rank_m":128914,"pct_m":0.137063,"gas_method":"estimated"},"2024-01":{"txs":5,"uniq":4,"trade":0,"nft":0,"gas":0.000022,"bal":0.001377,"days":4,"spread":0.129032,"streak":2,"rank_m":100085,"pct_m":0.106411,"gas_method":"exact"},"2024-02":{"txs":3,"uniq":2,"trade":0,"nft":0,"gas":0.000029,"bal":0.000042,"days":2,"spread":0.068966,"streak":1,"rank_m":269371,"pct_m":0.286399,"gas_method":"estimated"},"2024-03":{"txs":2,"uniq":1,"trade":0,"nft":1,"gas":0.000029,"bal":0.000129,"days":1,"spread":0.032258,"streak":1,"rank_m":359938,"pct_m":0.382691,"gas_method":"estimated"},"2024-04":{"txs":12,"uniq":10,"trade":0,"nft":3,"gas":0.000021,"bal":0.005786,"days":4,"spread":0.133333,"streak":1,"rank_m":275655,"pct_m":0.29308,"gas_method":"estimated"},"2024-05":{"txs":7,"uniq":6,"trade":1,"nft":1,"gas":0.000004,"bal":0.000499,"days":4,"spread":0.129032,"streak":2,"rank_m":317784,"pct_m":0.337873,"gas_method":"estimated"},"2024-06":{"txs":7,"uniq":4,"trade":0,"nft":0,"gas":0,"bal":0.001095,"days":2,"spread":0.066667,"streak":1,"rank_m":422267,"pct_m":0.448961,"gas_method":"estimated"},"2024-07":{"txs":4,"uniq":3,"trade":1,"nft":0,"gas":0,"bal":0.010564,"days":2,"spread":0.064516,"streak":1,"rank_m":254853,"pct_m":0.270963,"gas_method":"estimated"},"2024-08":{"txs":14,"uniq":8,"trade":7,"nft":0,"gas":0.000001,"bal":0.0168,"days":6,"spread":0.193548,"streak":2,"rank_m":101928,"pct_m":0.108371,"gas_method":"estimated"},"2024-09":{"txs":1,"uniq":1,"trade":0,"nft":0,"gas":0,"bal":0.015595,"days":1,"spread":0.033333,"streak":1,"rank_m":331605,"pct_m":0.352567,"gas_method":"estimated"},"2024-10":{"txs":24,"uniq":15,"trade":0,"nft":1,"gas":0.000001,"bal":0.004172,"days":11,"spread":0.354839,"streak":2,"rank_m":154134,"pct_m":0.163877,"gas_method":"estimated"},"2024-11":{"txs":9,"uniq":6,"trade":0,"nft":0,"gas":0.000018,"bal":0.000225,"days":4,"spread":0.133333,"streak":1,"rank_m":375570,"pct_m":0.399312,"gas_method":"exact"},"2024-12":{"txs":53,"uniq":16,"trade":1,"nft":0,"gas":0.00108,"bal":0.008914,"days":11,"spread":0.354839,"streak":4,"rank_m":67656,"pct_m":0.071932,"gas_method":"exact"},"2025-01":{"txs":46,"uniq":15,"trade":2,"nft":0,"gas":0.000935,"bal":0.002322,"days":16,"spread":0.516129,"streak":5,"rank_m":68848,"pct_m":0.073199,"gas_method":"exact"},"2025-02":{"txs":18,"uniq":8,"trade":0,"nft":0,"gas":0.000106,"bal":0.000318,"days":6,"spread":0.214286,"streak":4,"rank_m":210002,"pct_m":0.223277,"gas_method":"exact"},"2025-03":{"txs":12,"uniq":6,"trade":0,"nft":0,"gas":0.000063,"bal":0.000196,"days":5,"spread":0.16129,"streak":3,"rank_m":290161,"pct_m":0.308503,"gas_method":"exact"},"2025-04":{"txs":23,"uniq":15,"trade":0,"nft":0,"gas":0.000109,"bal":0.112495,"days":10,"spread":0.333333,"streak":5,"rank_m":25331,"pct_m":0.026931,"gas_method":"exact"},"2025-05":{"txs":175,"uniq":24,"trade":0,"nft":0,"gas":0.001232,"bal":0.000034,"days":20,"spread":0.645161,"streak":7,"rank_m":354163,"pct_m":0.376551,"gas_method":"estimated"},"2025-06":{"txs":11,"uniq":2,"trade":0,"nft":0,"gas":0.000077,"bal":0.000099,"days":11,"spread":0.366667,"streak":10,"rank_m":508115,"pct_m":0.540236,"gas_method":"estimated"},"2025-07":{"txs":1,"uniq":1,"trade":0,"nft":0,"gas":0.000007,"bal":0.000079,"days":1,"spread":0.032258,"streak":1,"rank_m":678395,"pct_m":0.721281,"gas_method":"estimated"},"2025-08":{"txs":3,"uniq":1,"trade":0,"nft":1,"gas":0.000021,"bal":0.000039,"days":1,"spread":0.032258,"streak":1,"rank_m":570552,"pct_m":0.60662,"gas_method":"estimated"},"2025-09":{"txs":0,"uniq":0,"trade":0,"nft":0,"gas":0,"bal":0.000039,"days":0,"spread":0,"streak":0,"rank_m":881293,"pct_m":0.937005},"2025-10":{"txs":0,"uniq":0,"trade":0,"nft":0,"gas":0,"bal":0.000039,"days":0,"spread":0,"streak":0,"rank_m":859045,"pct_m":0.913351}}}