{"wallet":"0x6965b77dd34a98e124d292207b80be1d3dbab7ce","rank":749579,"lifetime":{"months_active":6,"first":"2023-07","last":"2025-10","tx_sum":106,"uniq_sum":63,"trade_sum":0,"nft_sum":49,"gas_sum":0.000768,"avg_balance_eth_mean":0.001739,"streak_best_days":24,"gas_sum_filled":0.000768},"months":{"2023-07":{"txs":0,"uniq":0,"trade":0,"nft":0,"gas":0,"bal":0,"days":0,"spread":0,"streak":0,"rank_m":574352,"pct_m":0.61066},"2023-08":{"txs":0,"uniq":0,"trade":0,"nft":0,"gas":0,"bal":0,"days":0,"spread":0,"streak":0,"rank_m":621739,"pct_m":0.661043},"2023-09":{"txs":43,"uniq":33,"trade":0,"nft":32,"gas":0.000566,"bal":0.00193,"days":26,"spread":0.866667,"streak":24,"rank_m":14525,"pct_m":0.015442,"gas_method":"exact"},"2023-10":{"txs":14,"uniq":11,"trade":0,"nft":11,"gas":0.000047,"bal":0.001994,"days":13,"spread":0.419355,"streak":3,"rank_m":28252,"pct_m":0.030037,"gas_method":"exact"},"2023-11":{"txs":0,"uniq":0,"trade":0,"nft":0,"gas":0,"bal":0.001994,"days":0,"spread":0,"streak":0,"rank_m":272015,"pct_m":0.28921},"2023-12":{"txs":0,"uniq":0,"trade":0,"nft":0,"gas":0,"bal":0.001994,"days":0,"spread":0,"streak":0,"rank_m":288739,"pct_m":0.306991},"2024-01":{"txs":0,"uniq":0,"trade":0,"nft":0,"gas":0,"bal":0.001994,"days":0,"spread":0,"streak":0,"rank_m":297359,"pct_m":0.316156},"2024-02":{"txs":3,"uniq":3,"trade":0,"nft":0,"gas":0.000068,"bal":0.002188,"days":2,"spread":0.068966,"streak":1,"rank_m":209106,"pct_m":0.222324,"gas_method":"estimated"},"2024-03":{"txs":0,"uniq":0,"trade":0,"nft":0,"gas":0,"bal":0.002188,"days":0,"spread":0,"streak":0,"rank_m":411188,"pct_m":0.437181},"2024-04":{"txs":1,"uniq":1,"trade":0,"nft":0,"gas":0.000004,"bal":0.002615,"days":1,"spread":0.033333,"streak":1,"rank_m":424989,"pct_m":0.451855,"gas_method":"estimated"},"2024-05":{"txs":44,"uniq":14,"trade":0,"nft":6,"gas":0.000061,"bal":0.002175,"days":3,"spread":0.096774,"streak":3,"rank_m":196426,"pct_m":0.208843,"gas_method":"estimated"},"2024-06":{"txs":0,"uniq":0,"trade":0,"nft":0,"gas":0,"bal":0.002175,"days":0,"spread":0,"streak":0,"rank_m":536752,"pct_m":0.570683},"2024-07":{"txs":0,"uniq":0,"trade":0,"nft":0,"gas":0,"bal":0.002175,"days":0,"spread":0,"streak":0,"rank_m":552389,"pct_m":0.587309},"2024-08":{"txs":0,"uniq":0,"trade":0,"nft":0,"gas":0,"bal":0.002175,"days":0,"spread":0,"streak":0,"rank_m":566578,"pct_m":0.602395},"2024-09":{"txs":0,"uniq":0,"trade":0,"nft":0,"gas":0,"bal":0.002175,"days":0,"spread":0,"streak":0,"rank_m":550961,"pct_m":0.585791},"2024-10":{"txs":0,"uniq":0,"trade":0,"nft":0,"gas":0,"bal":0.002175,"days":0,"spread":0,"streak":0,"rank_m":595106,"pct_m":0.632726},"2024-11":{"txs":0,"uniq":0,"trade":0,"nft":0,"gas":0,"bal":0.002175,"days":0,"spread":0,"streak":0,"rank_m":604202,"pct_m":0.642397},"2024-12":{"txs":1,"uniq":1,"trade":0,"nft":0,"gas":0.000022,"bal":0.001506,"days":1,"spread":0.032258,"streak":1,"rank_m":549631,"pct_m":0.584376,"gas_method":"exact"},"2025-01":{"txs":0,"uniq":0,"trade":0,"nft":0,"gas":0,"bal":0.001506,"days":0,"spread":0,"streak":0,"rank_m":653408,"pct_m":0.694714},"2025-02":{"txs":0,"uniq":0,"trade":0,"nft":0,"gas":0,"bal":0.001506,"days":0,"spread":0,"streak":0,"rank_m":669623,"pct_m":0.711954},"2025-03":{"txs":0,"uniq":0,"trade":0,"nft":0,"gas":0,"bal":0.001506,"days":0,"spread":0,"streak":0,"rank_m":666416,"pct_m":0.708544},"2025-04":{"txs":0,"uniq":0,"trade":0,"nft":0,"gas":0,"bal":0.001506,"days":0,"spread":0,"streak":0,"rank_m":691176,"pct_m":0.73487},"2025-05":{"txs":0,"uniq":0,"trade":0,"nft":0,"gas":0,"bal":0.001506,"days":0,"spread":0,"streak":0,"rank_m":677689,"pct_m":0.72053},"2025-06":{"txs":0,"uniq":0,"trade":0,"nft":0,"gas":0,"bal":0.001506,"days":0,"spread":0,"streak":0,"rank_m":679957,"pct_m":0.722941},"2025-07":{"txs":0,"uniq":0,"trade":0,"nft":0,"gas":0,"bal":0.001506,"days":0,"spread":0,"streak":0,"rank_m":697717,"pct_m":0.741824},"2025-08":{"txs":0,"uniq":0,"trade":0,"nft":0,"gas":0,"bal":0.001506,"days":0,"spread":0,"streak":0,"rank_m":679960,"pct_m":0.722945},"2025-09":{"txs":0,"uniq":0,"trade":0,"nft":0,"gas":0,"bal":0.001506,"days":0,"spread":0,"streak":0,"rank_m":663493,"pct_m":0.705437},"2025-10":{"txs":0,"uniq":0,"trade":0,"nft":0,"gas":0,"bal":0.001506,"days":0,"spread":0,"streak":0,"rank_m":596942,"pct_m":0.634678}}}