{"wallet":"0x69ed1c05df9eb4ed8dacd62b71ebec009da00019","rank":129181,"lifetime":{"months_active":22,"first":"2023-07","last":"2025-10","tx_sum":238,"uniq_sum":138,"trade_sum":7,"nft_sum":43,"gas_sum":0.006215,"avg_balance_eth_mean":0.010542,"streak_best_days":6,"gas_sum_filled":0.006215},"months":{"2023-07":{"txs":0,"uniq":0,"trade":0,"nft":0,"gas":0,"bal":0,"days":0,"spread":0,"streak":0,"rank_m":572478,"pct_m":0.608668},"2023-08":{"txs":28,"uniq":20,"trade":1,"nft":9,"gas":0.003426,"bal":0.00061,"days":10,"spread":0.322581,"streak":2,"rank_m":44075,"pct_m":0.04686,"gas_method":"exact"},"2023-09":{"txs":16,"uniq":6,"trade":0,"nft":1,"gas":0.000508,"bal":0.039463,"days":4,"spread":0.133333,"streak":1,"rank_m":40894,"pct_m":0.043478,"gas_method":"exact"},"2023-10":{"txs":8,"uniq":3,"trade":0,"nft":1,"gas":0.000352,"bal":0.016551,"days":4,"spread":0.129032,"streak":2,"rank_m":37647,"pct_m":0.040026,"gas_method":"exact"},"2023-11":{"txs":0,"uniq":0,"trade":0,"nft":0,"gas":0,"bal":0.016551,"days":0,"spread":0,"streak":0,"rank_m":223802,"pct_m":0.237949},"2023-12":{"txs":4,"uniq":3,"trade":0,"nft":3,"gas":0.000289,"bal":0.001414,"days":3,"spread":0.096774,"streak":2,"rank_m":90740,"pct_m":0.096475,"gas_method":"estimated"},"2024-01":{"txs":5,"uniq":3,"trade":0,"nft":1,"gas":0.000122,"bal":0.001383,"days":3,"spread":0.096774,"streak":2,"rank_m":87319,"pct_m":0.092838,"gas_method":"exact"},"2024-02":{"txs":5,"uniq":2,"trade":0,"nft":1,"gas":0.00011,"bal":0.002294,"days":5,"spread":0.172414,"streak":2,"rank_m":127405,"pct_m":0.135458,"gas_method":"exact"},"2024-03":{"txs":5,"uniq":4,"trade":0,"nft":1,"gas":0.000285,"bal":0.001844,"days":3,"spread":0.096774,"streak":2,"rank_m":250954,"pct_m":0.266818,"gas_method":"estimated"},"2024-04":{"txs":21,"uniq":10,"trade":1,"nft":4,"gas":0.000147,"bal":0.00325,"days":10,"spread":0.333333,"streak":2,"rank_m":195171,"pct_m":0.207508,"gas_method":"estimated"},"2024-05":{"txs":14,"uniq":12,"trade":0,"nft":5,"gas":0.000016,"bal":0.007962,"days":7,"spread":0.225806,"streak":2,"rank_m":126874,"pct_m":0.134894,"gas_method":"exact"},"2024-06":{"txs":8,"uniq":5,"trade":0,"nft":4,"gas":0.000001,"bal":0.001876,"days":4,"spread":0.133333,"streak":1,"rank_m":307975,"pct_m":0.327443,"gas_method":"estimated"},"2024-07":{"txs":6,"uniq":5,"trade":0,"nft":2,"gas":0.000002,"bal":0.001559,"days":5,"spread":0.16129,"streak":2,"rank_m":287078,"pct_m":0.305225,"gas_method":"estimated"},"2024-08":{"txs":7,"uniq":7,"trade":2,"nft":1,"gas":0.000002,"bal":0.00488,"days":5,"spread":0.16129,"streak":2,"rank_m":197828,"pct_m":0.210333,"gas_method":"estimated"},"2024-09":{"txs":17,"uniq":8,"trade":0,"nft":3,"gas":0.000002,"bal":0.0047,"days":9,"spread":0.3,"streak":4,"rank_m":116720,"pct_m":0.124098,"gas_method":"estimated"},"2024-10":{"txs":6,"uniq":6,"trade":0,"nft":4,"gas":0.000001,"bal":0.001926,"days":5,"spread":0.16129,"streak":2,"rank_m":267581,"pct_m":0.284496,"gas_method":"estimated"},"2024-11":{"txs":38,"uniq":14,"trade":1,"nft":1,"gas":0.000087,"bal":0.003666,"days":10,"spread":0.333333,"streak":6,"rank_m":80119,"pct_m":0.085183,"gas_method":"exact"},"2024-12":{"txs":19,"uniq":9,"trade":0,"nft":0,"gas":0.000419,"bal":0.011668,"days":12,"spread":0.387097,"streak":3,"rank_m":158166,"pct_m":0.168164,"gas_method":"exact"},"2025-01":{"txs":12,"uniq":8,"trade":0,"nft":0,"gas":0.000312,"bal":0.022239,"days":9,"spread":0.290323,"streak":3,"rank_m":158902,"pct_m":0.168946,"gas_method":"exact"},"2025-02":{"txs":2,"uniq":2,"trade":0,"nft":1,"gas":0.000014,"bal":0.022563,"days":2,"spread":0.071429,"streak":1,"rank_m":319715,"pct_m":0.339926,"gas_method":"exact"},"2025-03":{"txs":5,"uniq":4,"trade":2,"nft":0,"gas":0.00004,"bal":0.035765,"days":2,"spread":0.064516,"streak":1,"rank_m":217840,"pct_m":0.23161,"gas_method":"exact"},"2025-04":{"txs":4,"uniq":3,"trade":0,"nft":1,"gas":0.000024,"bal":0.025149,"days":2,"spread":0.066667,"streak":1,"rank_m":276195,"pct_m":0.293654,"gas_method":"exact"},"2025-05":{"txs":6,"uniq":2,"trade":0,"nft":0,"gas":0.000042,"bal":0.014936,"days":3,"spread":0.096774,"streak":1,"rank_m":203971,"pct_m":0.216865,"gas_method":"estimated"},"2025-06":{"txs":0,"uniq":0,"trade":0,"nft":0,"gas":0,"bal":0.014936,"days":0,"spread":0,"streak":0,"rank_m":501810,"pct_m":0.533532},"2025-07":{"txs":0,"uniq":0,"trade":0,"nft":0,"gas":0,"bal":0.014936,"days":0,"spread":0,"streak":0,"rank_m":519811,"pct_m":0.552671},"2025-08":{"txs":0,"uniq":0,"trade":0,"nft":0,"gas":0,"bal":0.014936,"days":0,"spread":0,"streak":0,"rank_m":496790,"pct_m":0.528195},"2025-09":{"txs":2,"uniq":2,"trade":0,"nft":0,"gas":0.000014,"bal":0.004056,"days":2,"spread":0.066667,"streak":1,"rank_m":386779,"pct_m":0.411229,"gas_method":"estimated"},"2025-10":{"txs":0,"uniq":0,"trade":0,"nft":0,"gas":0,"bal":0.004056,"days":0,"spread":0,"streak":0,"rank_m":519611,"pct_m":0.552459}}}