{"wallet":"0x694cefb75aa78a68c6b19a9e157b3095ac01ce2e","rank":65046,"lifetime":{"months_active":27,"first":"2023-07","last":"2025-10","tx_sum":402,"uniq_sum":217,"trade_sum":12,"nft_sum":70,"gas_sum":0.003067,"avg_balance_eth_mean":0.0135,"streak_best_days":16,"gas_sum_filled":0.003067},"months":{"2023-07":{"txs":0,"uniq":0,"trade":0,"nft":0,"gas":0,"bal":0,"days":0,"spread":0,"streak":0,"rank_m":574703,"pct_m":0.611033},"2023-08":{"txs":3,"uniq":2,"trade":0,"nft":1,"gas":0.000112,"bal":0.017594,"days":2,"spread":0.064516,"streak":1,"rank_m":115725,"pct_m":0.12304,"gas_method":"exact"},"2023-09":{"txs":3,"uniq":1,"trade":0,"nft":1,"gas":0.000072,"bal":0.021949,"days":1,"spread":0.033333,"streak":1,"rank_m":93009,"pct_m":0.098888,"gas_method":"exact"},"2023-10":{"txs":25,"uniq":11,"trade":0,"nft":7,"gas":0.000127,"bal":0.021083,"days":8,"spread":0.258065,"streak":1,"rank_m":18041,"pct_m":0.01918,"gas_method":"exact"},"2023-11":{"txs":35,"uniq":24,"trade":0,"nft":8,"gas":0.00027,"bal":0.012959,"days":12,"spread":0.4,"streak":3,"rank_m":4698,"pct_m":0.004994,"gas_method":"exact"},"2023-12":{"txs":24,"uniq":15,"trade":1,"nft":3,"gas":0.000582,"bal":0.00886,"days":6,"spread":0.193548,"streak":3,"rank_m":15522,"pct_m":0.016502,"gas_method":"estimated"},"2024-01":{"txs":4,"uniq":4,"trade":0,"nft":3,"gas":0.00009,"bal":0.009147,"days":3,"spread":0.096774,"streak":1,"rank_m":82236,"pct_m":0.087434,"gas_method":"estimated"},"2024-02":{"txs":5,"uniq":4,"trade":0,"nft":0,"gas":0.000064,"bal":0.009804,"days":2,"spread":0.068966,"streak":1,"rank_m":159284,"pct_m":0.169353,"gas_method":"estimated"},"2024-03":{"txs":18,"uniq":9,"trade":0,"nft":0,"gas":0.000344,"bal":0.011074,"days":2,"spread":0.064516,"streak":1,"rank_m":195887,"pct_m":0.208269,"gas_method":"estimated"},"2024-04":{"txs":4,"uniq":3,"trade":0,"nft":1,"gas":0.000009,"bal":0.013256,"days":2,"spread":0.066667,"streak":1,"rank_m":332854,"pct_m":0.353895,"gas_method":"estimated"},"2024-05":{"txs":2,"uniq":2,"trade":0,"nft":0,"gas":0.000002,"bal":0.01316,"days":1,"spread":0.032258,"streak":1,"rank_m":378079,"pct_m":0.401979,"gas_method":"estimated"},"2024-06":{"txs":2,"uniq":2,"trade":0,"nft":0,"gas":0,"bal":0.013118,"days":1,"spread":0.033333,"streak":1,"rank_m":374692,"pct_m":0.398378,"gas_method":"estimated"},"2024-07":{"txs":20,"uniq":13,"trade":0,"nft":12,"gas":0.000002,"bal":0.010543,"days":13,"spread":0.419355,"streak":3,"rank_m":65722,"pct_m":0.069876,"gas_method":"estimated"},"2024-08":{"txs":47,"uniq":40,"trade":0,"nft":29,"gas":0.000001,"bal":0.006992,"days":20,"spread":0.645161,"streak":15,"rank_m":20663,"pct_m":0.021968,"gas_method":"exact"},"2024-09":{"txs":10,"uniq":1,"trade":0,"nft":3,"gas":0.000001,"bal":0.007668,"days":5,"spread":0.166667,"streak":1,"rank_m":169204,"pct_m":0.1799,"gas_method":"exact"},"2024-10":{"txs":7,"uniq":5,"trade":0,"nft":2,"gas":0,"bal":0.010771,"days":3,"spread":0.096774,"streak":1,"rank_m":251970,"pct_m":0.267898,"gas_method":"estimated"},"2024-11":{"txs":6,"uniq":4,"trade":0,"nft":0,"gas":0.000011,"bal":0.016031,"days":4,"spread":0.133333,"streak":2,"rank_m":282657,"pct_m":0.300525,"gas_method":"exact"},"2024-12":{"txs":4,"uniq":3,"trade":0,"nft":0,"gas":0.000088,"bal":0.013701,"days":2,"spread":0.064516,"streak":1,"rank_m":414451,"pct_m":0.440651,"gas_method":"exact"},"2025-01":{"txs":3,"uniq":2,"trade":0,"nft":0,"gas":0.000078,"bal":0.013648,"days":1,"spread":0.032258,"streak":1,"rank_m":425821,"pct_m":0.452739,"gas_method":"exact"},"2025-02":{"txs":2,"uniq":1,"trade":0,"nft":0,"gas":0.000014,"bal":0.012339,"days":1,"spread":0.035714,"streak":1,"rank_m":419126,"pct_m":0.445621,"gas_method":"exact"},"2025-03":{"txs":3,"uniq":2,"trade":3,"nft":0,"gas":0.000024,"bal":0.011962,"days":2,"spread":0.064516,"streak":1,"rank_m":281186,"pct_m":0.298961,"gas_method":"exact"},"2025-04":{"txs":26,"uniq":12,"trade":5,"nft":0,"gas":0.000127,"bal":0.018053,"days":11,"spread":0.366667,"streak":4,"rank_m":22186,"pct_m":0.023587,"gas_method":"exact"},"2025-05":{"txs":9,"uniq":3,"trade":0,"nft":0,"gas":0.000063,"bal":0.031162,"days":7,"spread":0.225806,"streak":2,"rank_m":88021,"pct_m":0.093584,"gas_method":"estimated"},"2025-06":{"txs":31,"uniq":14,"trade":3,"nft":0,"gas":0.000218,"bal":0.017718,"days":9,"spread":0.3,"streak":2,"rank_m":56860,"pct_m":0.060454,"gas_method":"estimated"},"2025-07":{"txs":41,"uniq":13,"trade":0,"nft":0,"gas":0.000289,"bal":0.015428,"days":13,"spread":0.419355,"streak":3,"rank_m":64124,"pct_m":0.068177,"gas_method":"estimated"},"2025-08":{"txs":40,"uniq":21,"trade":0,"nft":0,"gas":0.000282,"bal":0.016301,"days":11,"spread":0.354839,"streak":3,"rank_m":49137,"pct_m":0.052242,"gas_method":"estimated"},"2025-09":{"txs":20,"uniq":4,"trade":0,"nft":0,"gas":0.000141,"bal":0.012202,"days":10,"spread":0.333333,"streak":2,"rank_m":146103,"pct_m":0.155338,"gas_method":"estimated"},"2025-10":{"txs":8,"uniq":2,"trade":0,"nft":0,"gas":0.000056,"bal":0.011483,"days":3,"spread":0.096774,"streak":2,"rank_m":133967,"pct_m":0.142435,"gas_method":"estimated"}}}