{"wallet":"0x6976ea5bbf56978a7db31f4d3dd9b45d7652ce26","rank":473511,"lifetime":{"months_active":21,"first":"2023-07","last":"2025-10","tx_sum":139,"uniq_sum":88,"trade_sum":5,"nft_sum":21,"gas_sum":0.001101,"avg_balance_eth_mean":0.002799,"streak_best_days":3,"gas_sum_filled":0.001101},"months":{"2023-07":{"txs":0,"uniq":0,"trade":0,"nft":0,"gas":0,"bal":0,"days":0,"spread":0,"streak":0,"rank_m":574094,"pct_m":0.610386},"2023-08":{"txs":4,"uniq":2,"trade":0,"nft":2,"gas":0.000198,"bal":0.000317,"days":3,"spread":0.096774,"streak":2,"rank_m":122225,"pct_m":0.129951,"gas_method":"exact"},"2023-09":{"txs":0,"uniq":0,"trade":0,"nft":0,"gas":0,"bal":0.000317,"days":0,"spread":0,"streak":0,"rank_m":289442,"pct_m":0.307739},"2023-10":{"txs":7,"uniq":6,"trade":0,"nft":2,"gas":0.000043,"bal":0.001477,"days":1,"spread":0.032258,"streak":1,"rank_m":99922,"pct_m":0.106238,"gas_method":"estimated"},"2023-11":{"txs":0,"uniq":0,"trade":0,"nft":0,"gas":0,"bal":0.001477,"days":0,"spread":0,"streak":0,"rank_m":279827,"pct_m":0.297516},"2023-12":{"txs":0,"uniq":0,"trade":0,"nft":0,"gas":0,"bal":0.001477,"days":0,"spread":0,"streak":0,"rank_m":297145,"pct_m":0.315929},"2024-01":{"txs":5,"uniq":1,"trade":0,"nft":0,"gas":0.000196,"bal":0.000859,"days":5,"spread":0.16129,"streak":2,"rank_m":105473,"pct_m":0.11214,"gas_method":"exact"},"2024-02":{"txs":5,"uniq":4,"trade":0,"nft":1,"gas":0.000052,"bal":0.000595,"days":1,"spread":0.034483,"streak":1,"rank_m":228232,"pct_m":0.242659,"gas_method":"estimated"},"2024-03":{"txs":17,"uniq":9,"trade":0,"nft":4,"gas":0.000266,"bal":0.001646,"days":7,"spread":0.225806,"streak":2,"rank_m":169588,"pct_m":0.180308,"gas_method":"estimated"},"2024-04":{"txs":13,"uniq":7,"trade":4,"nft":1,"gas":0.000025,"bal":0.008315,"days":5,"spread":0.166667,"streak":1,"rank_m":225046,"pct_m":0.239272,"gas_method":"estimated"},"2024-05":{"txs":13,"uniq":7,"trade":0,"nft":2,"gas":0.000016,"bal":0.008043,"days":5,"spread":0.16129,"streak":2,"rank_m":181966,"pct_m":0.193468,"gas_method":"exact"},"2024-06":{"txs":11,"uniq":10,"trade":0,"nft":1,"gas":0,"bal":0.007874,"days":4,"spread":0.133333,"streak":1,"rank_m":194267,"pct_m":0.206547,"gas_method":"exact"},"2024-07":{"txs":1,"uniq":1,"trade":0,"nft":1,"gas":0,"bal":0.008596,"days":1,"spread":0.032258,"streak":1,"rank_m":374714,"pct_m":0.398402,"gas_method":"estimated"},"2024-08":{"txs":11,"uniq":5,"trade":0,"nft":4,"gas":0.000001,"bal":0.008769,"days":3,"spread":0.096774,"streak":2,"rank_m":221026,"pct_m":0.234998,"gas_method":"estimated"},"2024-09":{"txs":5,"uniq":5,"trade":0,"nft":1,"gas":0,"bal":0.009895,"days":2,"spread":0.066667,"streak":1,"rank_m":239362,"pct_m":0.254493,"gas_method":"estimated"},"2024-10":{"txs":11,"uniq":6,"trade":0,"nft":0,"gas":0.000001,"bal":0.007229,"days":3,"spread":0.096774,"streak":1,"rank_m":298837,"pct_m":0.317728,"gas_method":"estimated"},"2024-11":{"txs":3,"uniq":2,"trade":0,"nft":2,"gas":0.000007,"bal":0.001094,"days":2,"spread":0.066667,"streak":1,"rank_m":398311,"pct_m":0.42349,"gas_method":"exact"},"2024-12":{"txs":2,"uniq":2,"trade":0,"nft":0,"gas":0.000044,"bal":0.001268,"days":1,"spread":0.032258,"streak":1,"rank_m":530764,"pct_m":0.564317,"gas_method":"exact"},"2025-01":{"txs":4,"uniq":3,"trade":0,"nft":0,"gas":0.000078,"bal":0.002232,"days":3,"spread":0.096774,"streak":1,"rank_m":433357,"pct_m":0.460752,"gas_method":"exact"},"2025-02":{"txs":3,"uniq":2,"trade":0,"nft":0,"gas":0.000014,"bal":0.000947,"days":3,"spread":0.107143,"streak":2,"rank_m":412553,"pct_m":0.438633,"gas_method":"exact"},"2025-03":{"txs":0,"uniq":0,"trade":0,"nft":0,"gas":0,"bal":0.000947,"days":0,"spread":0,"streak":0,"rank_m":692055,"pct_m":0.735804},"2025-04":{"txs":8,"uniq":6,"trade":1,"nft":0,"gas":0.000048,"bal":0.004173,"days":3,"spread":0.1,"streak":1,"rank_m":232565,"pct_m":0.247266,"gas_method":"exact"},"2025-05":{"txs":9,"uniq":4,"trade":0,"nft":0,"gas":0.000063,"bal":0.000102,"days":4,"spread":0.129032,"streak":3,"rank_m":491569,"pct_m":0.522644,"gas_method":"estimated"},"2025-06":{"txs":2,"uniq":1,"trade":0,"nft":0,"gas":0.000014,"bal":0.000071,"days":2,"spread":0.066667,"streak":1,"rank_m":646160,"pct_m":0.687008,"gas_method":"estimated"},"2025-07":{"txs":1,"uniq":1,"trade":0,"nft":0,"gas":0.000007,"bal":0.000021,"days":1,"spread":0.032258,"streak":1,"rank_m":704953,"pct_m":0.749518,"gas_method":"estimated"},"2025-08":{"txs":4,"uniq":4,"trade":0,"nft":0,"gas":0.000028,"bal":0.00021,"days":1,"spread":0.032258,"streak":1,"rank_m":575156,"pct_m":0.611515,"gas_method":"estimated"},"2025-09":{"txs":0,"uniq":0,"trade":0,"nft":0,"gas":0,"bal":0.00021,"days":0,"spread":0,"streak":0,"rank_m":795350,"pct_m":0.845629},"2025-10":{"txs":0,"uniq":0,"trade":0,"nft":0,"gas":0,"bal":0.00021,"days":0,"spread":0,"streak":0,"rank_m":754353,"pct_m":0.802041}}}