{"wallet":"0x69e24369bfeda80348bd5104df01c4d8b33ecff9","rank":42657,"lifetime":{"months_active":27,"first":"2023-07","last":"2025-10","tx_sum":1072,"uniq_sum":321,"trade_sum":170,"nft_sum":7,"gas_sum":0.008881,"avg_balance_eth_mean":0.003915,"streak_best_days":5,"gas_sum_filled":0.008881},"months":{"2023-07":{"txs":0,"uniq":0,"trade":0,"nft":0,"gas":0,"bal":0,"days":0,"spread":0,"streak":0,"rank_m":572637,"pct_m":0.608837},"2023-08":{"txs":1,"uniq":1,"trade":0,"nft":0,"gas":0.000137,"bal":0.004219,"days":1,"spread":0.032258,"streak":1,"rank_m":139504,"pct_m":0.148322,"gas_method":"exact"},"2023-09":{"txs":46,"uniq":11,"trade":16,"nft":2,"gas":0.001199,"bal":0.019632,"days":8,"spread":0.266667,"streak":2,"rank_m":9188,"pct_m":0.009768,"gas_method":"exact"},"2023-10":{"txs":41,"uniq":12,"trade":19,"nft":1,"gas":0.000066,"bal":0.008477,"days":9,"spread":0.290323,"streak":3,"rank_m":9175,"pct_m":0.009754,"gas_method":"exact"},"2023-11":{"txs":30,"uniq":11,"trade":15,"nft":0,"gas":0.000993,"bal":0.004186,"days":10,"spread":0.333333,"streak":2,"rank_m":11072,"pct_m":0.011771,"gas_method":"exact"},"2023-12":{"txs":30,"uniq":9,"trade":19,"nft":0,"gas":0.000693,"bal":0.001889,"days":8,"spread":0.258065,"streak":2,"rank_m":34828,"pct_m":0.037029,"gas_method":"estimated"},"2024-01":{"txs":34,"uniq":10,"trade":16,"nft":0,"gas":0.000264,"bal":0.002879,"days":9,"spread":0.290323,"streak":2,"rank_m":19550,"pct_m":0.020785,"gas_method":"exact"},"2024-02":{"txs":30,"uniq":9,"trade":14,"nft":0,"gas":0.000198,"bal":0.002466,"days":9,"spread":0.310345,"streak":2,"rank_m":32841,"pct_m":0.034916,"gas_method":"exact"},"2024-03":{"txs":46,"uniq":16,"trade":27,"nft":0,"gas":0.000091,"bal":0.002787,"days":11,"spread":0.354839,"streak":2,"rank_m":51567,"pct_m":0.054826,"gas_method":"exact"},"2024-04":{"txs":40,"uniq":19,"trade":20,"nft":0,"gas":0.00009,"bal":0.003672,"days":9,"spread":0.3,"streak":3,"rank_m":118709,"pct_m":0.126212,"gas_method":"estimated"},"2024-05":{"txs":29,"uniq":9,"trade":0,"nft":0,"gas":0.000014,"bal":0.003832,"days":10,"spread":0.322581,"streak":2,"rank_m":166150,"pct_m":0.176653,"gas_method":"exact"},"2024-06":{"txs":41,"uniq":15,"trade":1,"nft":0,"gas":0.000001,"bal":0.004346,"days":9,"spread":0.3,"streak":3,"rank_m":106372,"pct_m":0.113096,"gas_method":"estimated"},"2024-07":{"txs":22,"uniq":7,"trade":0,"nft":0,"gas":0.000002,"bal":0.004269,"days":8,"spread":0.258065,"streak":2,"rank_m":212733,"pct_m":0.22618,"gas_method":"estimated"},"2024-08":{"txs":35,"uniq":14,"trade":1,"nft":0,"gas":0.000004,"bal":0.004047,"days":10,"spread":0.322581,"streak":2,"rank_m":68806,"pct_m":0.073155,"gas_method":"exact"},"2024-09":{"txs":28,"uniq":9,"trade":0,"nft":0,"gas":0.000001,"bal":0.003954,"days":8,"spread":0.266667,"streak":2,"rank_m":175351,"pct_m":0.186435,"gas_method":"estimated"},"2024-10":{"txs":46,"uniq":13,"trade":2,"nft":0,"gas":0.000003,"bal":0.003899,"days":11,"spread":0.354839,"streak":3,"rank_m":92614,"pct_m":0.098468,"gas_method":"estimated"},"2024-11":{"txs":34,"uniq":13,"trade":2,"nft":0,"gas":0.000078,"bal":0.004185,"days":9,"spread":0.3,"streak":3,"rank_m":91960,"pct_m":0.097772,"gas_method":"exact"},"2024-12":{"txs":41,"uniq":17,"trade":6,"nft":0,"gas":0.000904,"bal":0.003884,"days":10,"spread":0.322581,"streak":3,"rank_m":95410,"pct_m":0.101441,"gas_method":"exact"},"2025-01":{"txs":45,"uniq":13,"trade":9,"nft":0,"gas":0.001169,"bal":0.002864,"days":11,"spread":0.354839,"streak":3,"rank_m":77534,"pct_m":0.082434,"gas_method":"exact"},"2025-02":{"txs":51,"uniq":12,"trade":0,"nft":0,"gas":0.000359,"bal":0.002031,"days":8,"spread":0.285714,"streak":2,"rank_m":102359,"pct_m":0.108829,"gas_method":"exact"},"2025-03":{"txs":68,"uniq":15,"trade":0,"nft":0,"gas":0.000537,"bal":0.002338,"days":9,"spread":0.290323,"streak":2,"rank_m":87846,"pct_m":0.093398,"gas_method":"exact"},"2025-04":{"txs":39,"uniq":13,"trade":1,"nft":0,"gas":0.000001,"bal":0.004351,"days":10,"spread":0.333333,"streak":2,"rank_m":134962,"pct_m":0.143493,"gas_method":"exact"},"2025-05":{"txs":69,"uniq":13,"trade":0,"nft":0,"gas":0.000486,"bal":0.005577,"days":10,"spread":0.322581,"streak":3,"rank_m":84639,"pct_m":0.089989,"gas_method":"estimated"},"2025-06":{"txs":45,"uniq":11,"trade":0,"nft":0,"gas":0.000317,"bal":0.002961,"days":8,"spread":0.266667,"streak":2,"rank_m":233326,"pct_m":0.248075,"gas_method":"estimated"},"2025-07":{"txs":63,"uniq":15,"trade":0,"nft":1,"gas":0.000443,"bal":0.002465,"days":12,"spread":0.387097,"streak":3,"rank_m":128578,"pct_m":0.136705,"gas_method":"estimated"},"2025-08":{"txs":54,"uniq":12,"trade":0,"nft":1,"gas":0.00038,"bal":0.001481,"days":12,"spread":0.387097,"streak":5,"rank_m":139787,"pct_m":0.148623,"gas_method":"estimated"},"2025-09":{"txs":45,"uniq":17,"trade":1,"nft":1,"gas":0.000317,"bal":0.001569,"days":10,"spread":0.333333,"streak":2,"rank_m":140846,"pct_m":0.149749,"gas_method":"estimated"},"2025-10":{"txs":19,"uniq":5,"trade":1,"nft":1,"gas":0.000134,"bal":0.001358,"days":5,"spread":0.16129,"streak":2,"rank_m":147802,"pct_m":0.157145,"gas_method":"estimated"}}}