{"wallet":"0x696dec633216d2de851c004c2cdfc301c2817de2","rank":53487,"lifetime":{"months_active":16,"first":"2023-07","last":"2025-10","tx_sum":894,"uniq_sum":167,"trade_sum":195,"nft_sum":7,"gas_sum":0.004176,"avg_balance_eth_mean":0.008716,"streak_best_days":15,"gas_sum_filled":0.004176},"months":{"2023-07":{"txs":0,"uniq":0,"trade":0,"nft":0,"gas":0,"bal":0,"days":0,"spread":0,"streak":0,"rank_m":574214,"pct_m":0.610514},"2023-08":{"txs":0,"uniq":0,"trade":0,"nft":0,"gas":0,"bal":0,"days":0,"spread":0,"streak":0,"rank_m":621619,"pct_m":0.660915},"2023-09":{"txs":0,"uniq":0,"trade":0,"nft":0,"gas":0,"bal":0,"days":0,"spread":0,"streak":0,"rank_m":634303,"pct_m":0.674401},"2023-10":{"txs":0,"uniq":0,"trade":0,"nft":0,"gas":0,"bal":0,"days":0,"spread":0,"streak":0,"rank_m":644536,"pct_m":0.685281},"2023-11":{"txs":0,"uniq":0,"trade":0,"nft":0,"gas":0,"bal":0,"days":0,"spread":0,"streak":0,"rank_m":653605,"pct_m":0.694923},"2023-12":{"txs":0,"uniq":0,"trade":0,"nft":0,"gas":0,"bal":0,"days":0,"spread":0,"streak":0,"rank_m":664550,"pct_m":0.70656},"2024-01":{"txs":0,"uniq":0,"trade":0,"nft":0,"gas":0,"bal":0,"days":0,"spread":0,"streak":0,"rank_m":674263,"pct_m":0.716887},"2024-02":{"txs":0,"uniq":0,"trade":0,"nft":0,"gas":0,"bal":0,"days":0,"spread":0,"streak":0,"rank_m":695229,"pct_m":0.739179},"2024-03":{"txs":136,"uniq":16,"trade":0,"nft":2,"gas":0.000748,"bal":0.000937,"days":7,"spread":0.225806,"streak":4,"rank_m":132537,"pct_m":0.140915,"gas_method":"estimated"},"2024-04":{"txs":151,"uniq":13,"trade":63,"nft":1,"gas":0.000177,"bal":0.004812,"days":22,"spread":0.733333,"streak":10,"rank_m":32542,"pct_m":0.034598,"gas_method":"exact"},"2024-05":{"txs":58,"uniq":9,"trade":4,"nft":0,"gas":0.000041,"bal":0.003004,"days":17,"spread":0.548387,"streak":6,"rank_m":55647,"pct_m":0.059164,"gas_method":"exact"},"2024-06":{"txs":78,"uniq":9,"trade":11,"nft":0,"gas":0.000013,"bal":0.034926,"days":24,"spread":0.8,"streak":13,"rank_m":7426,"pct_m":0.007894,"gas_method":"exact"},"2024-07":{"txs":30,"uniq":7,"trade":14,"nft":0,"gas":0.000005,"bal":0.00958,"days":8,"spread":0.258065,"streak":2,"rank_m":50404,"pct_m":0.053589,"gas_method":"exact"},"2024-08":{"txs":25,"uniq":9,"trade":4,"nft":1,"gas":0.000006,"bal":0.006883,"days":8,"spread":0.258065,"streak":3,"rank_m":60791,"pct_m":0.064633,"gas_method":"exact"},"2024-09":{"txs":0,"uniq":0,"trade":0,"nft":0,"gas":0,"bal":0.006883,"days":0,"spread":0,"streak":0,"rank_m":505604,"pct_m":0.537566},"2024-10":{"txs":95,"uniq":9,"trade":47,"nft":3,"gas":0.000002,"bal":0.076592,"days":8,"spread":0.258065,"streak":8,"rank_m":21852,"pct_m":0.023232,"gas_method":"estimated"},"2024-11":{"txs":26,"uniq":10,"trade":9,"nft":0,"gas":0.000055,"bal":0.090823,"days":8,"spread":0.266667,"streak":3,"rank_m":53945,"pct_m":0.057354,"gas_method":"exact"},"2024-12":{"txs":61,"uniq":11,"trade":18,"nft":0,"gas":0.001213,"bal":0.000848,"days":12,"spread":0.387097,"streak":6,"rank_m":107590,"pct_m":0.114391,"gas_method":"exact"},"2025-01":{"txs":14,"uniq":6,"trade":4,"nft":0,"gas":0.000364,"bal":0.001043,"days":5,"spread":0.16129,"streak":2,"rank_m":236503,"pct_m":0.251453,"gas_method":"exact"},"2025-02":{"txs":14,"uniq":8,"trade":12,"nft":0,"gas":0.000099,"bal":0.007605,"days":4,"spread":0.142857,"streak":2,"rank_m":119265,"pct_m":0.126804,"gas_method":"exact"},"2025-03":{"txs":23,"uniq":10,"trade":7,"nft":0,"gas":0.000166,"bal":0.000006,"days":3,"spread":0.096774,"streak":1,"rank_m":279791,"pct_m":0.297478,"gas_method":"exact"},"2025-04":{"txs":1,"uniq":1,"trade":0,"nft":0,"gas":0.000006,"bal":0.000027,"days":1,"spread":0.033333,"streak":1,"rank_m":586175,"pct_m":0.623231,"gas_method":"exact"},"2025-05":{"txs":68,"uniq":26,"trade":0,"nft":0,"gas":0.000479,"bal":0.00005,"days":6,"spread":0.193548,"streak":2,"rank_m":415076,"pct_m":0.441315,"gas_method":"estimated"},"2025-06":{"txs":104,"uniq":17,"trade":2,"nft":0,"gas":0.000732,"bal":0.000012,"days":15,"spread":0.5,"streak":8,"rank_m":266082,"pct_m":0.282902,"gas_method":"estimated"},"2025-07":{"txs":0,"uniq":0,"trade":0,"nft":0,"gas":0,"bal":0.000012,"days":0,"spread":0,"streak":0,"rank_m":901787,"pct_m":0.958795},"2025-08":{"txs":10,"uniq":6,"trade":0,"nft":0,"gas":0.00007,"bal":0,"days":1,"spread":0.032258,"streak":1,"rank_m":657576,"pct_m":0.699145,"gas_method":"estimated"},"2025-09":{"txs":0,"uniq":0,"trade":0,"nft":0,"gas":0,"bal":0,"days":0,"spread":0,"streak":0,"rank_m":929368,"pct_m":0.98812},"2025-10":{"txs":0,"uniq":0,"trade":0,"nft":0,"gas":0,"bal":0,"days":0,"spread":0,"streak":0,"rank_m":922335,"pct_m":0.980642}}}