{"wallet":"0x69ed59e214c7f5d92b34bb238b97ddccab8ae811","rank":522034,"lifetime":{"months_active":7,"first":"2023-07","last":"2025-10","tx_sum":140,"uniq_sum":48,"trade_sum":15,"nft_sum":8,"gas_sum":0.029602,"avg_balance_eth_mean":0.004149,"streak_best_days":6,"gas_sum_filled":0.029602},"months":{"2023-07":{"txs":17,"uniq":3,"trade":0,"nft":0,"gas":0.000514,"bal":0.018021,"days":2,"spread":0.064516,"streak":2,"rank_m":8864,"pct_m":0.009423,"gas_method":"exact"},"2023-08":{"txs":83,"uniq":28,"trade":15,"nft":7,"gas":0.01547,"bal":0.08535,"days":16,"spread":0.516129,"streak":5,"rank_m":3719,"pct_m":0.003953,"gas_method":"exact"},"2023-09":{"txs":1,"uniq":1,"trade":0,"nft":0,"gas":0.000222,"bal":0.003478,"days":1,"spread":0.033333,"streak":1,"rank_m":114168,"pct_m":0.121384,"gas_method":"exact"},"2023-10":{"txs":0,"uniq":0,"trade":0,"nft":0,"gas":0,"bal":0.003478,"days":0,"spread":0,"streak":0,"rank_m":255423,"pct_m":0.271569},"2023-11":{"txs":0,"uniq":0,"trade":0,"nft":0,"gas":0,"bal":0.003478,"days":0,"spread":0,"streak":0,"rank_m":256753,"pct_m":0.272983},"2023-12":{"txs":8,"uniq":4,"trade":0,"nft":1,"gas":0.004897,"bal":0.000605,"days":1,"spread":0.032258,"streak":1,"rank_m":141433,"pct_m":0.150373,"gas_method":"estimated"},"2024-01":{"txs":0,"uniq":0,"trade":0,"nft":0,"gas":0,"bal":0.000605,"days":0,"spread":0,"streak":0,"rank_m":333677,"pct_m":0.35477},"2024-02":{"txs":0,"uniq":0,"trade":0,"nft":0,"gas":0,"bal":0.000605,"days":0,"spread":0,"streak":0,"rank_m":382078,"pct_m":0.406231},"2024-03":{"txs":16,"uniq":6,"trade":0,"nft":0,"gas":0.007725,"bal":0.000113,"days":4,"spread":0.129032,"streak":2,"rank_m":288362,"pct_m":0.306591,"gas_method":"estimated"},"2024-04":{"txs":12,"uniq":4,"trade":0,"nft":0,"gas":0.000715,"bal":0.000143,"days":4,"spread":0.133333,"streak":3,"rank_m":391962,"pct_m":0.41674,"gas_method":"estimated"},"2024-05":{"txs":3,"uniq":2,"trade":0,"nft":0,"gas":0.000059,"bal":0.000017,"days":1,"spread":0.032258,"streak":1,"rank_m":488941,"pct_m":0.51985,"gas_method":"estimated"},"2024-06":{"txs":0,"uniq":0,"trade":0,"nft":0,"gas":0,"bal":0.000017,"days":0,"spread":0,"streak":0,"rank_m":637456,"pct_m":0.677754},"2024-07":{"txs":0,"uniq":0,"trade":0,"nft":0,"gas":0,"bal":0.000017,"days":0,"spread":0,"streak":0,"rank_m":662406,"pct_m":0.704281},"2024-08":{"txs":0,"uniq":0,"trade":0,"nft":0,"gas":0,"bal":0.000017,"days":0,"spread":0,"streak":0,"rank_m":683562,"pct_m":0.726774},"2024-09":{"txs":0,"uniq":0,"trade":0,"nft":0,"gas":0,"bal":0.000017,"days":0,"spread":0,"streak":0,"rank_m":700971,"pct_m":0.745284},"2024-10":{"txs":0,"uniq":0,"trade":0,"nft":0,"gas":0,"bal":0.000017,"days":0,"spread":0,"streak":0,"rank_m":724482,"pct_m":0.770281},"2024-11":{"txs":0,"uniq":0,"trade":0,"nft":0,"gas":0,"bal":0.000017,"days":0,"spread":0,"streak":0,"rank_m":741115,"pct_m":0.787966},"2024-12":{"txs":0,"uniq":0,"trade":0,"nft":0,"gas":0,"bal":0.000017,"days":0,"spread":0,"streak":0,"rank_m":764165,"pct_m":0.812473},"2025-01":{"txs":0,"uniq":0,"trade":0,"nft":0,"gas":0,"bal":0.000017,"days":0,"spread":0,"streak":0,"rank_m":780776,"pct_m":0.830134},"2025-02":{"txs":0,"uniq":0,"trade":0,"nft":0,"gas":0,"bal":0.000017,"days":0,"spread":0,"streak":0,"rank_m":807035,"pct_m":0.858053},"2025-03":{"txs":0,"uniq":0,"trade":0,"nft":0,"gas":0,"bal":0.000017,"days":0,"spread":0,"streak":0,"rank_m":827573,"pct_m":0.879889},"2025-04":{"txs":0,"uniq":0,"trade":0,"nft":0,"gas":0,"bal":0.000017,"days":0,"spread":0,"streak":0,"rank_m":853704,"pct_m":0.907672},"2025-05":{"txs":0,"uniq":0,"trade":0,"nft":0,"gas":0,"bal":0.000017,"days":0,"spread":0,"streak":0,"rank_m":868681,"pct_m":0.923596},"2025-06":{"txs":0,"uniq":0,"trade":0,"nft":0,"gas":0,"bal":0.000017,"days":0,"spread":0,"streak":0,"rank_m":883125,"pct_m":0.938953},"2025-07":{"txs":0,"uniq":0,"trade":0,"nft":0,"gas":0,"bal":0.000017,"days":0,"spread":0,"streak":0,"rank_m":898109,"pct_m":0.954884},"2025-08":{"txs":0,"uniq":0,"trade":0,"nft":0,"gas":0,"bal":0.000017,"days":0,"spread":0,"streak":0,"rank_m":897827,"pct_m":0.954585},"2025-09":{"txs":0,"uniq":0,"trade":0,"nft":0,"gas":0,"bal":0.000017,"days":0,"spread":0,"streak":0,"rank_m":894248,"pct_m":0.950779},"2025-10":{"txs":0,"uniq":0,"trade":0,"nft":0,"gas":0,"bal":0.000017,"days":0,"spread":0,"streak":0,"rank_m":875377,"pct_m":0.930715}}}