{"wallet":"0x6917d2be1f809565c4c71ea96d91ea1aa13bb702","rank":415155,"lifetime":{"months_active":21,"first":"2023-07","last":"2025-10","tx_sum":112,"uniq_sum":88,"trade_sum":3,"nft_sum":29,"gas_sum":0.002023,"avg_balance_eth_mean":0.01492,"streak_best_days":2,"gas_sum_filled":0.002023},"months":{"2023-07":{"txs":0,"uniq":0,"trade":0,"nft":0,"gas":0,"bal":0,"days":0,"spread":0,"streak":0,"rank_m":575399,"pct_m":0.611773},"2023-08":{"txs":1,"uniq":1,"trade":0,"nft":1,"gas":0.000172,"bal":0.000676,"days":1,"spread":0.032258,"streak":1,"rank_m":150791,"pct_m":0.160323,"gas_method":"estimated"},"2023-09":{"txs":0,"uniq":0,"trade":0,"nft":0,"gas":0,"bal":0.000676,"days":0,"spread":0,"streak":0,"rank_m":280943,"pct_m":0.298703},"2023-10":{"txs":8,"uniq":7,"trade":0,"nft":4,"gas":0.000114,"bal":0.003769,"days":2,"spread":0.064516,"streak":1,"rank_m":69698,"pct_m":0.074103,"gas_method":"estimated"},"2023-11":{"txs":4,"uniq":4,"trade":0,"nft":3,"gas":0.000214,"bal":0.015293,"days":1,"spread":0.033333,"streak":1,"rank_m":57200,"pct_m":0.060815,"gas_method":"exact"},"2023-12":{"txs":6,"uniq":6,"trade":0,"nft":3,"gas":0.000278,"bal":0.014843,"days":3,"spread":0.096774,"streak":1,"rank_m":51469,"pct_m":0.054722,"gas_method":"estimated"},"2024-01":{"txs":2,"uniq":2,"trade":0,"nft":2,"gas":0.000086,"bal":0.014259,"days":1,"spread":0.032258,"streak":1,"rank_m":111541,"pct_m":0.118591,"gas_method":"estimated"},"2024-02":{"txs":14,"uniq":11,"trade":0,"nft":4,"gas":0.000442,"bal":0.014686,"days":2,"spread":0.068966,"streak":1,"rank_m":73579,"pct_m":0.078229,"gas_method":"exact"},"2024-03":{"txs":2,"uniq":2,"trade":0,"nft":3,"gas":0.000073,"bal":0.013562,"days":1,"spread":0.032258,"streak":1,"rank_m":246511,"pct_m":0.262094,"gas_method":"estimated"},"2024-04":{"txs":8,"uniq":7,"trade":0,"nft":3,"gas":0.000036,"bal":0.014633,"days":1,"spread":0.033333,"streak":1,"rank_m":295253,"pct_m":0.313917,"gas_method":"estimated"},"2024-05":{"txs":0,"uniq":0,"trade":0,"nft":0,"gas":0,"bal":0.014633,"days":0,"spread":0,"streak":0,"rank_m":479847,"pct_m":0.510181},"2024-06":{"txs":3,"uniq":3,"trade":0,"nft":3,"gas":0,"bal":0.01814,"days":1,"spread":0.033333,"streak":1,"rank_m":298846,"pct_m":0.317737,"gas_method":"estimated"},"2024-07":{"txs":1,"uniq":1,"trade":0,"nft":0,"gas":0,"bal":0.028512,"days":1,"spread":0.032258,"streak":1,"rank_m":358508,"pct_m":0.381171,"gas_method":"estimated"},"2024-08":{"txs":6,"uniq":6,"trade":0,"nft":3,"gas":0.000001,"bal":0.026206,"days":2,"spread":0.064516,"streak":2,"rank_m":204768,"pct_m":0.217712,"gas_method":"estimated"},"2024-09":{"txs":0,"uniq":0,"trade":0,"nft":0,"gas":0,"bal":0.026206,"days":0,"spread":0,"streak":0,"rank_m":452768,"pct_m":0.48139},"2024-10":{"txs":0,"uniq":0,"trade":0,"nft":0,"gas":0,"bal":0.026206,"days":0,"spread":0,"streak":0,"rank_m":495220,"pct_m":0.526526},"2024-11":{"txs":10,"uniq":8,"trade":0,"nft":0,"gas":0.000023,"bal":0.016593,"days":3,"spread":0.1,"streak":1,"rank_m":257929,"pct_m":0.274234,"gas_method":"exact"},"2024-12":{"txs":13,"uniq":7,"trade":0,"nft":0,"gas":0.000265,"bal":0.009108,"days":4,"spread":0.129032,"streak":1,"rank_m":301046,"pct_m":0.320076,"gas_method":"exact"},"2025-01":{"txs":6,"uniq":5,"trade":0,"nft":0,"gas":0.000156,"bal":0.005031,"days":3,"spread":0.096774,"streak":1,"rank_m":359561,"pct_m":0.382291,"gas_method":"exact"},"2025-02":{"txs":2,"uniq":2,"trade":0,"nft":0,"gas":0.000014,"bal":0.004978,"days":2,"spread":0.071429,"streak":1,"rank_m":416078,"pct_m":0.442381,"gas_method":"exact"},"2025-03":{"txs":6,"uniq":4,"trade":3,"nft":0,"gas":0.000047,"bal":0.004837,"days":1,"spread":0.032258,"streak":1,"rank_m":284180,"pct_m":0.302144,"gas_method":"exact"},"2025-04":{"txs":8,"uniq":2,"trade":0,"nft":0,"gas":0.000018,"bal":0.014184,"days":2,"spread":0.066667,"streak":1,"rank_m":330960,"pct_m":0.351882,"gas_method":"exact"},"2025-05":{"txs":0,"uniq":0,"trade":0,"nft":0,"gas":0,"bal":0.014184,"days":0,"spread":0,"streak":0,"rank_m":507011,"pct_m":0.539062},"2025-06":{"txs":1,"uniq":0,"trade":0,"nft":0,"gas":0.000007,"bal":0.021695,"days":1,"spread":0.033333,"streak":1,"rank_m":330497,"pct_m":0.351389,"gas_method":"estimated"},"2025-07":{"txs":5,"uniq":4,"trade":0,"nft":0,"gas":0.000035,"bal":0.023106,"days":1,"spread":0.032258,"streak":1,"rank_m":275702,"pct_m":0.29313,"gas_method":"estimated"},"2025-08":{"txs":3,"uniq":3,"trade":0,"nft":0,"gas":0.000021,"bal":0.02365,"days":2,"spread":0.064516,"streak":1,"rank_m":247534,"pct_m":0.263182,"gas_method":"estimated"},"2025-09":{"txs":3,"uniq":3,"trade":0,"nft":0,"gas":0.000021,"bal":0.024046,"days":1,"spread":0.033333,"streak":1,"rank_m":272720,"pct_m":0.28996,"gas_method":"estimated"},"2025-10":{"txs":0,"uniq":0,"trade":0,"nft":0,"gas":0,"bal":0.024046,"days":0,"spread":0,"streak":0,"rank_m":367021,"pct_m":0.390222}}}