{"wallet":"0x69c453c8f66f9c3027ae71fd59fe7b071f009d1b","rank":186811,"lifetime":{"months_active":26,"first":"2023-07","last":"2025-10","tx_sum":335,"uniq_sum":123,"trade_sum":3,"nft_sum":24,"gas_sum":0.006759,"avg_balance_eth_mean":0.015121,"streak_best_days":0,"gas_sum_filled":0.006759},"months":{"2023-07":{"txs":5,"uniq":2,"trade":0,"nft":1,"gas":0.001425,"bal":0.000197,"days":2,"spread":0.064516,"streak":0,"rank_m":83788,"pct_m":0.089084,"gas_method":"estimated"},"2023-08":{"txs":1,"uniq":3,"trade":0,"nft":1,"gas":0.000224,"bal":0.001704,"days":1,"spread":0.032258,"streak":0,"rank_m":179603,"pct_m":0.190956,"gas_method":"exact"},"2023-09":{"txs":1,"uniq":1,"trade":0,"nft":0,"gas":0.000084,"bal":0.002027,"days":1,"spread":0.033333,"streak":0,"rank_m":160115,"pct_m":0.170236,"gas_method":"estimated"},"2023-10":{"txs":11,"uniq":4,"trade":0,"nft":2,"gas":0.000246,"bal":0.001748,"days":2,"spread":0.064516,"streak":0,"rank_m":145699,"pct_m":0.154909,"gas_method":"estimated"},"2023-11":{"txs":5,"uniq":3,"trade":0,"nft":1,"gas":0.000193,"bal":0.002448,"days":2,"spread":0.066667,"streak":0,"rank_m":153505,"pct_m":0.163208,"gas_method":"estimated"},"2023-12":{"txs":26,"uniq":15,"trade":1,"nft":4,"gas":0.001883,"bal":0.024625,"days":4,"spread":0.129032,"streak":0,"rank_m":80008,"pct_m":0.085065,"gas_method":"estimated"},"2024-01":{"txs":13,"uniq":6,"trade":0,"nft":1,"gas":0.000407,"bal":0.01836,"days":4,"spread":0.129032,"streak":0,"rank_m":106711,"pct_m":0.113456,"gas_method":"exact"},"2024-02":{"txs":2,"uniq":2,"trade":0,"nft":1,"gas":0.000076,"bal":0.010142,"days":2,"spread":0.068966,"streak":0,"rank_m":232400,"pct_m":0.247091,"gas_method":"estimated"},"2024-03":{"txs":4,"uniq":2,"trade":0,"nft":0,"gas":0.000228,"bal":0.008914,"days":1,"spread":0.032258,"streak":0,"rank_m":331507,"pct_m":0.352463,"gas_method":"estimated"},"2024-04":{"txs":12,"uniq":4,"trade":1,"nft":1,"gas":0.000085,"bal":0.010605,"days":8,"spread":0.266667,"streak":0,"rank_m":281830,"pct_m":0.299646,"gas_method":"estimated"},"2024-05":{"txs":51,"uniq":10,"trade":0,"nft":6,"gas":0.000119,"bal":0.008421,"days":4,"spread":0.129032,"streak":0,"rank_m":241667,"pct_m":0.256944,"gas_method":"estimated"},"2024-06":{"txs":2,"uniq":2,"trade":0,"nft":1,"gas":0,"bal":0.006297,"days":1,"spread":0.033333,"streak":0,"rank_m":436657,"pct_m":0.46426,"gas_method":"estimated"},"2024-07":{"txs":10,"uniq":7,"trade":1,"nft":4,"gas":0.000004,"bal":0.001123,"days":3,"spread":0.096774,"streak":0,"rank_m":349012,"pct_m":0.371075,"gas_method":"estimated"},"2024-08":{"txs":1,"uniq":0,"trade":0,"nft":0,"gas":0,"bal":0.001147,"days":1,"spread":0.032258,"streak":0,"rank_m":541479,"pct_m":0.575709,"gas_method":"estimated"},"2024-09":{"txs":5,"uniq":4,"trade":0,"nft":1,"gas":0.000001,"bal":0.002571,"days":2,"spread":0.066667,"streak":0,"rank_m":370544,"pct_m":0.393968,"gas_method":"estimated"},"2024-10":{"txs":0,"uniq":0,"trade":0,"nft":0,"gas":0,"bal":0.002571,"days":0,"spread":0,"streak":0,"rank_m":589821,"pct_m":0.627107},"2024-11":{"txs":0,"uniq":0,"trade":0,"nft":0,"gas":0,"bal":0.002571,"days":0,"spread":0,"streak":0,"rank_m":599380,"pct_m":0.63727},"2024-12":{"txs":4,"uniq":3,"trade":0,"nft":0,"gas":0.000088,"bal":0.011406,"days":3,"spread":0.096774,"streak":0,"rank_m":451325,"pct_m":0.479856,"gas_method":"exact"},"2025-01":{"txs":22,"uniq":5,"trade":0,"nft":0,"gas":0.000572,"bal":0.018124,"days":10,"spread":0.322581,"streak":0,"rank_m":226989,"pct_m":0.241338,"gas_method":"exact"},"2025-02":{"txs":1,"uniq":1,"trade":0,"nft":0,"gas":0.000007,"bal":0.014753,"days":1,"spread":0.035714,"streak":0,"rank_m":485280,"pct_m":0.515957,"gas_method":"exact"},"2025-03":{"txs":2,"uniq":2,"trade":0,"nft":0,"gas":0.000016,"bal":0.029664,"days":1,"spread":0.032258,"streak":0,"rank_m":416842,"pct_m":0.443193,"gas_method":"exact"},"2025-04":{"txs":2,"uniq":2,"trade":0,"nft":0,"gas":0.000012,"bal":0.058033,"days":1,"spread":0.033333,"streak":0,"rank_m":439548,"pct_m":0.467334,"gas_method":"exact"},"2025-05":{"txs":6,"uniq":4,"trade":0,"nft":0,"gas":0.000042,"bal":0.06822,"days":3,"spread":0.096774,"streak":0,"rank_m":178247,"pct_m":0.189514,"gas_method":"estimated"},"2025-06":{"txs":37,"uniq":14,"trade":0,"nft":0,"gas":0.00026,"bal":0.045593,"days":14,"spread":0.466667,"streak":0,"rank_m":92559,"pct_m":0.098409,"gas_method":"estimated"},"2025-07":{"txs":37,"uniq":7,"trade":0,"nft":0,"gas":0.00026,"bal":0.031785,"days":10,"spread":0.322581,"streak":0,"rank_m":154481,"pct_m":0.164246,"gas_method":"estimated"},"2025-08":{"txs":25,"uniq":11,"trade":0,"nft":0,"gas":0.000176,"bal":0.016475,"days":9,"spread":0.290323,"streak":0,"rank_m":169297,"pct_m":0.179999,"gas_method":"estimated"},"2025-09":{"txs":13,"uniq":5,"trade":0,"nft":0,"gas":0.000091,"bal":0.009736,"days":6,"spread":0.2,"streak":0,"rank_m":277931,"pct_m":0.2955,"gas_method":"estimated"},"2025-10":{"txs":37,"uniq":4,"trade":0,"nft":0,"gas":0.00026,"bal":0.014136,"days":5,"spread":0.16129,"streak":0,"rank_m":135678,"pct_m":0.144254,"gas_method":"estimated"}}}