{"wallet":"0x69c116e49221a72cf902116dcac2c8172cb9a723","rank":137888,"lifetime":{"months_active":27,"first":"2023-07","last":"2025-10","tx_sum":259,"uniq_sum":142,"trade_sum":7,"nft_sum":16,"gas_sum":0.003634,"avg_balance_eth_mean":0.0127,"streak_best_days":4,"gas_sum_filled":0.003634},"months":{"2023-07":{"txs":4,"uniq":3,"trade":0,"nft":2,"gas":0.000466,"bal":0.000273,"days":1,"spread":0.032258,"streak":1,"rank_m":20381,"pct_m":0.021668,"gas_method":"exact"},"2023-08":{"txs":1,"uniq":4,"trade":0,"nft":0,"gas":0.000059,"bal":0.001211,"days":1,"spread":0.032258,"streak":1,"rank_m":142563,"pct_m":0.151574,"gas_method":"exact"},"2023-09":{"txs":4,"uniq":2,"trade":0,"nft":0,"gas":0.000204,"bal":0.002913,"days":3,"spread":0.1,"streak":2,"rank_m":98484,"pct_m":0.104709,"gas_method":"estimated"},"2023-10":{"txs":12,"uniq":9,"trade":0,"nft":4,"gas":0.000225,"bal":0.003611,"days":4,"spread":0.129032,"streak":1,"rank_m":40999,"pct_m":0.04359,"gas_method":"exact"},"2023-11":{"txs":5,"uniq":3,"trade":0,"nft":0,"gas":0.000117,"bal":0.001829,"days":3,"spread":0.1,"streak":1,"rank_m":108272,"pct_m":0.115116,"gas_method":"estimated"},"2023-12":{"txs":4,"uniq":3,"trade":0,"nft":0,"gas":0.000175,"bal":0.000316,"days":1,"spread":0.032258,"streak":1,"rank_m":173579,"pct_m":0.184551,"gas_method":"estimated"},"2024-01":{"txs":1,"uniq":1,"trade":0,"nft":0,"gas":0.000041,"bal":0.000357,"days":1,"spread":0.032258,"streak":1,"rank_m":198804,"pct_m":0.211371,"gas_method":"estimated"},"2024-02":{"txs":2,"uniq":2,"trade":0,"nft":2,"gas":0.000046,"bal":0.000937,"days":2,"spread":0.068966,"streak":1,"rank_m":217799,"pct_m":0.231567,"gas_method":"estimated"},"2024-03":{"txs":3,"uniq":2,"trade":0,"nft":1,"gas":0.000104,"bal":0.00102,"days":2,"spread":0.064516,"streak":1,"rank_m":314642,"pct_m":0.334532,"gas_method":"estimated"},"2024-04":{"txs":4,"uniq":2,"trade":0,"nft":0,"gas":0.000007,"bal":0.000458,"days":3,"spread":0.1,"streak":1,"rank_m":388394,"pct_m":0.412946,"gas_method":"exact"},"2024-05":{"txs":2,"uniq":2,"trade":0,"nft":2,"gas":0.000003,"bal":0.000459,"days":1,"spread":0.032258,"streak":1,"rank_m":445988,"pct_m":0.474181,"gas_method":"estimated"},"2024-06":{"txs":0,"uniq":0,"trade":0,"nft":0,"gas":0,"bal":0.000459,"days":0,"spread":0,"streak":0,"rank_m":585915,"pct_m":0.622954},"2024-07":{"txs":2,"uniq":2,"trade":0,"nft":1,"gas":0,"bal":0.001055,"days":2,"spread":0.064516,"streak":1,"rank_m":420186,"pct_m":0.446748,"gas_method":"estimated"},"2024-08":{"txs":2,"uniq":2,"trade":1,"nft":1,"gas":0,"bal":0.000839,"days":2,"spread":0.064516,"streak":1,"rank_m":395713,"pct_m":0.420728,"gas_method":"estimated"},"2024-09":{"txs":2,"uniq":1,"trade":0,"nft":2,"gas":0,"bal":0.009429,"days":1,"spread":0.033333,"streak":1,"rank_m":307816,"pct_m":0.327274,"gas_method":"estimated"},"2024-10":{"txs":1,"uniq":1,"trade":0,"nft":1,"gas":0,"bal":0.011409,"days":1,"spread":0.032258,"streak":1,"rank_m":372263,"pct_m":0.395796,"gas_method":"estimated"},"2024-11":{"txs":10,"uniq":6,"trade":0,"nft":0,"gas":0.000023,"bal":0.008968,"days":2,"spread":0.066667,"streak":1,"rank_m":300109,"pct_m":0.31908,"gas_method":"exact"},"2024-12":{"txs":34,"uniq":16,"trade":0,"nft":0,"gas":0.000706,"bal":0.016072,"days":12,"spread":0.387097,"streak":4,"rank_m":93213,"pct_m":0.099105,"gas_method":"exact"},"2025-01":{"txs":18,"uniq":13,"trade":0,"nft":0,"gas":0.000442,"bal":0.032703,"days":7,"spread":0.225806,"streak":2,"rank_m":129959,"pct_m":0.138174,"gas_method":"exact"},"2025-02":{"txs":27,"uniq":14,"trade":4,"nft":0,"gas":0.000169,"bal":0.067748,"days":9,"spread":0.321429,"streak":2,"rank_m":32067,"pct_m":0.034093,"gas_method":"exact"},"2025-03":{"txs":11,"uniq":7,"trade":2,"nft":0,"gas":0.000087,"bal":0.02514,"days":2,"spread":0.064516,"streak":1,"rank_m":165714,"pct_m":0.176189,"gas_method":"exact"},"2025-04":{"txs":13,"uniq":6,"trade":0,"nft":0,"gas":0.000078,"bal":0.024555,"days":2,"spread":0.066667,"streak":1,"rank_m":193846,"pct_m":0.206099,"gas_method":"exact"},"2025-05":{"txs":7,"uniq":5,"trade":0,"nft":0,"gas":0.000049,"bal":0.02296,"days":4,"spread":0.129032,"streak":2,"rank_m":105244,"pct_m":0.111896,"gas_method":"estimated"},"2025-06":{"txs":9,"uniq":5,"trade":0,"nft":0,"gas":0.000063,"bal":0.025154,"days":6,"spread":0.2,"streak":2,"rank_m":146522,"pct_m":0.155784,"gas_method":"estimated"},"2025-07":{"txs":18,"uniq":6,"trade":0,"nft":0,"gas":0.000127,"bal":0.050936,"days":9,"spread":0.290323,"streak":2,"rank_m":96280,"pct_m":0.102366,"gas_method":"estimated"},"2025-08":{"txs":13,"uniq":4,"trade":0,"nft":0,"gas":0.000091,"bal":0.020307,"days":8,"spread":0.258065,"streak":4,"rank_m":119208,"pct_m":0.126743,"gas_method":"estimated"},"2025-09":{"txs":31,"uniq":13,"trade":0,"nft":0,"gas":0.000218,"bal":0.017404,"days":8,"spread":0.266667,"streak":2,"rank_m":75105,"pct_m":0.079852,"gas_method":"estimated"},"2025-10":{"txs":19,"uniq":8,"trade":0,"nft":0,"gas":0.000134,"bal":0.007077,"days":7,"spread":0.225806,"streak":2,"rank_m":97586,"pct_m":0.103754,"gas_method":"estimated"}}}