{"wallet":"0x69ebba5e2b429592483b5687a392436ba3ac15b5","rank":882,"lifetime":{"months_active":26,"first":"2023-07","last":"2025-10","tx_sum":2178,"uniq_sum":315,"trade_sum":252,"nft_sum":40,"gas_sum":0.021672,"avg_balance_eth_mean":2.743524,"streak_best_days":36,"gas_sum_filled":0.021672},"months":{"2023-07":{"txs":0,"uniq":0,"trade":0,"nft":0,"gas":0,"bal":0,"days":0,"spread":0,"streak":0,"rank_m":572497,"pct_m":0.608688},"2023-08":{"txs":34,"uniq":3,"trade":0,"nft":1,"gas":0.005628,"bal":0.113755,"days":7,"spread":0.225806,"streak":3,"rank_m":46101,"pct_m":0.049014,"gas_method":"exact"},"2023-09":{"txs":61,"uniq":3,"trade":0,"nft":3,"gas":0.001059,"bal":0.643005,"days":21,"spread":0.7,"streak":11,"rank_m":10351,"pct_m":0.011004,"gas_method":"exact"},"2023-10":{"txs":20,"uniq":5,"trade":0,"nft":1,"gas":0.00103,"bal":0.205656,"days":8,"spread":0.258065,"streak":4,"rank_m":14685,"pct_m":0.015612,"gas_method":"exact"},"2023-11":{"txs":0,"uniq":0,"trade":0,"nft":0,"gas":0,"bal":0.205656,"days":0,"spread":0,"streak":0,"rank_m":207554,"pct_m":0.220674},"2023-12":{"txs":38,"uniq":6,"trade":0,"nft":1,"gas":0.000922,"bal":1.30782,"days":14,"spread":0.451613,"streak":6,"rank_m":9835,"pct_m":0.010456,"gas_method":"estimated"},"2024-01":{"txs":51,"uniq":8,"trade":16,"nft":2,"gas":0.001402,"bal":2.257585,"days":21,"spread":0.677419,"streak":10,"rank_m":669,"pct_m":0.00071,"gas_method":"exact"},"2024-02":{"txs":60,"uniq":6,"trade":0,"nft":1,"gas":0.000766,"bal":3.616024,"days":17,"spread":0.586207,"streak":9,"rank_m":21714,"pct_m":0.023086,"gas_method":"estimated"},"2024-03":{"txs":242,"uniq":17,"trade":25,"nft":2,"gas":0.003452,"bal":3.626079,"days":29,"spread":0.935484,"streak":15,"rank_m":770,"pct_m":0.000818,"gas_method":"exact"},"2024-04":{"txs":206,"uniq":20,"trade":54,"nft":4,"gas":0.001255,"bal":2.021446,"days":24,"spread":0.8,"streak":8,"rank_m":1714,"pct_m":0.001821,"gas_method":"exact"},"2024-05":{"txs":265,"uniq":29,"trade":104,"nft":4,"gas":0.00048,"bal":1.210053,"days":27,"spread":0.870968,"streak":22,"rank_m":137,"pct_m":0.000145,"gas_method":"exact"},"2024-06":{"txs":153,"uniq":21,"trade":15,"nft":3,"gas":0.000006,"bal":8.146546,"days":23,"spread":0.766667,"streak":7,"rank_m":1185,"pct_m":0.001259,"gas_method":"exact"},"2024-07":{"txs":175,"uniq":18,"trade":12,"nft":4,"gas":0.000022,"bal":11.932508,"days":24,"spread":0.774194,"streak":11,"rank_m":548,"pct_m":0.000582,"gas_method":"exact"},"2024-08":{"txs":178,"uniq":13,"trade":21,"nft":1,"gas":0.000015,"bal":13.163851,"days":29,"spread":0.935484,"streak":29,"rank_m":2359,"pct_m":0.002507,"gas_method":"estimated"},"2024-09":{"txs":118,"uniq":19,"trade":5,"nft":6,"gas":0.000005,"bal":10.418289,"days":26,"spread":0.866667,"streak":9,"rank_m":1473,"pct_m":0.001565,"gas_method":"estimated"},"2024-10":{"txs":109,"uniq":16,"trade":0,"nft":4,"gas":0.000005,"bal":5.334771,"days":21,"spread":0.677419,"streak":9,"rank_m":7721,"pct_m":0.008208,"gas_method":"exact"},"2024-11":{"txs":72,"uniq":16,"trade":0,"nft":0,"gas":0.000166,"bal":4.534244,"days":19,"spread":0.633333,"streak":9,"rank_m":19994,"pct_m":0.021257,"gas_method":"exact"},"2024-12":{"txs":101,"uniq":24,"trade":0,"nft":0,"gas":0.002227,"bal":4.076931,"days":20,"spread":0.645161,"streak":6,"rank_m":17173,"pct_m":0.018258,"gas_method":"exact"},"2025-01":{"txs":62,"uniq":23,"trade":0,"nft":0,"gas":0.001585,"bal":2.254643,"days":17,"spread":0.548387,"streak":5,"rank_m":18264,"pct_m":0.019418,"gas_method":"exact"},"2025-02":{"txs":44,"uniq":13,"trade":0,"nft":0,"gas":0.00031,"bal":0.610002,"days":7,"spread":0.25,"streak":1,"rank_m":52886,"pct_m":0.056228,"gas_method":"exact"},"2025-03":{"txs":47,"uniq":9,"trade":0,"nft":0,"gas":0.000363,"bal":0.210173,"days":2,"spread":0.064516,"streak":2,"rank_m":73443,"pct_m":0.078085,"gas_method":"exact"},"2025-04":{"txs":25,"uniq":13,"trade":0,"nft":0,"gas":0.000151,"bal":0.20852,"days":7,"spread":0.233333,"streak":7,"rank_m":23843,"pct_m":0.025349,"gas_method":"exact"},"2025-05":{"txs":8,"uniq":7,"trade":0,"nft":0,"gas":0.000056,"bal":0.206074,"days":3,"spread":0.096774,"streak":1,"rank_m":81722,"pct_m":0.086887,"gas_method":"estimated"},"2025-06":{"txs":1,"uniq":1,"trade":0,"nft":0,"gas":0.000007,"bal":0.182143,"days":1,"spread":0.033333,"streak":1,"rank_m":239044,"pct_m":0.254155,"gas_method":"estimated"},"2025-07":{"txs":8,"uniq":3,"trade":0,"nft":0,"gas":0.000056,"bal":0.122124,"days":6,"spread":0.193548,"streak":4,"rank_m":114032,"pct_m":0.12124,"gas_method":"estimated"},"2025-08":{"txs":4,"uniq":4,"trade":0,"nft":0,"gas":0.000028,"bal":0.146599,"days":2,"spread":0.064516,"streak":1,"rank_m":184337,"pct_m":0.195989,"gas_method":"estimated"},"2025-09":{"txs":53,"uniq":11,"trade":0,"nft":2,"gas":0.000373,"bal":0.061199,"days":13,"spread":0.433333,"streak":8,"rank_m":13507,"pct_m":0.01436,"gas_method":"estimated"},"2025-10":{"txs":43,"uniq":7,"trade":0,"nft":1,"gas":0.000303,"bal":0.002967,"days":7,"spread":0.225806,"streak":5,"rank_m":81593,"pct_m":0.08675,"gas_method":"estimated"}}}