{"wallet":"0x69a54809ebf92ffa038460eb5958e92051b99869","rank":546638,"lifetime":{"months_active":18,"first":"2023-07","last":"2025-10","tx_sum":168,"uniq_sum":101,"trade_sum":0,"nft_sum":57,"gas_sum":0.000997,"avg_balance_eth_mean":0.005419,"streak_best_days":2,"gas_sum_filled":0.000997},"months":{"2023-07":{"txs":0,"uniq":0,"trade":0,"nft":0,"gas":0,"bal":0,"days":0,"spread":0,"streak":0,"rank_m":573462,"pct_m":0.609714},"2023-08":{"txs":0,"uniq":0,"trade":0,"nft":0,"gas":0,"bal":0,"days":0,"spread":0,"streak":0,"rank_m":620965,"pct_m":0.66022},"2023-09":{"txs":0,"uniq":0,"trade":0,"nft":0,"gas":0,"bal":0,"days":0,"spread":0,"streak":0,"rank_m":633667,"pct_m":0.673725},"2023-10":{"txs":13,"uniq":3,"trade":0,"nft":1,"gas":0.000191,"bal":0.000232,"days":2,"spread":0.064516,"streak":2,"rank_m":108795,"pct_m":0.115672,"gas_method":"estimated"},"2023-11":{"txs":0,"uniq":0,"trade":0,"nft":0,"gas":0,"bal":0.000232,"days":0,"spread":0,"streak":0,"rank_m":319756,"pct_m":0.339969},"2023-12":{"txs":0,"uniq":0,"trade":0,"nft":0,"gas":0,"bal":0.000232,"days":0,"spread":0,"streak":0,"rank_m":341211,"pct_m":0.362781},"2024-01":{"txs":0,"uniq":0,"trade":0,"nft":0,"gas":0,"bal":0.000232,"days":0,"spread":0,"streak":0,"rank_m":355819,"pct_m":0.378312},"2024-02":{"txs":13,"uniq":6,"trade":0,"nft":1,"gas":0.000327,"bal":0.000455,"days":2,"spread":0.068966,"streak":1,"rank_m":198334,"pct_m":0.210871,"gas_method":"estimated"},"2024-03":{"txs":5,"uniq":2,"trade":0,"nft":0,"gas":0.000188,"bal":0.002427,"days":3,"spread":0.096774,"streak":1,"rank_m":288991,"pct_m":0.307259,"gas_method":"estimated"},"2024-04":{"txs":14,"uniq":4,"trade":0,"nft":0,"gas":0.000065,"bal":0.014279,"days":2,"spread":0.066667,"streak":1,"rank_m":314006,"pct_m":0.333856,"gas_method":"estimated"},"2024-05":{"txs":29,"uniq":12,"trade":0,"nft":2,"gas":0.000045,"bal":0.019193,"days":5,"spread":0.16129,"streak":1,"rank_m":161179,"pct_m":0.171367,"gas_method":"estimated"},"2024-06":{"txs":6,"uniq":5,"trade":0,"nft":1,"gas":0,"bal":0.01106,"days":3,"spread":0.1,"streak":1,"rank_m":270889,"pct_m":0.288013,"gas_method":"estimated"},"2024-07":{"txs":2,"uniq":1,"trade":0,"nft":0,"gas":0,"bal":0.000769,"days":2,"spread":0.064516,"streak":1,"rank_m":469175,"pct_m":0.498834,"gas_method":"estimated"},"2024-08":{"txs":54,"uniq":44,"trade":0,"nft":50,"gas":0.000009,"bal":0.009673,"days":10,"spread":0.322581,"streak":2,"rank_m":53100,"pct_m":0.056456,"gas_method":"estimated"},"2024-09":{"txs":7,"uniq":5,"trade":0,"nft":2,"gas":0.000001,"bal":0.01042,"days":3,"spread":0.1,"streak":1,"rank_m":202201,"pct_m":0.214983,"gas_method":"estimated"},"2024-10":{"txs":2,"uniq":1,"trade":0,"nft":0,"gas":0,"bal":0.011489,"days":1,"spread":0.032258,"streak":1,"rank_m":395198,"pct_m":0.420181,"gas_method":"estimated"},"2024-11":{"txs":5,"uniq":4,"trade":0,"nft":0,"gas":0.000011,"bal":0.013578,"days":1,"spread":0.033333,"streak":1,"rank_m":357150,"pct_m":0.379727,"gas_method":"exact"},"2024-12":{"txs":1,"uniq":1,"trade":0,"nft":0,"gas":0.000022,"bal":0.012284,"days":1,"spread":0.032258,"streak":1,"rank_m":500582,"pct_m":0.532227,"gas_method":"exact"},"2025-01":{"txs":1,"uniq":1,"trade":0,"nft":0,"gas":0.000026,"bal":0.008263,"days":1,"spread":0.032258,"streak":1,"rank_m":487796,"pct_m":0.518632,"gas_method":"exact"},"2025-02":{"txs":1,"uniq":1,"trade":0,"nft":0,"gas":0.000007,"bal":0.008049,"days":1,"spread":0.035714,"streak":1,"rank_m":454741,"pct_m":0.483488,"gas_method":"exact"},"2025-03":{"txs":0,"uniq":0,"trade":0,"nft":0,"gas":0,"bal":0.008049,"days":0,"spread":0,"streak":0,"rank_m":593502,"pct_m":0.631021},"2025-04":{"txs":0,"uniq":0,"trade":0,"nft":0,"gas":0,"bal":0.008049,"days":0,"spread":0,"streak":0,"rank_m":625553,"pct_m":0.665098},"2025-05":{"txs":0,"uniq":0,"trade":0,"nft":0,"gas":0,"bal":0.008049,"days":0,"spread":0,"streak":0,"rank_m":555670,"pct_m":0.590797},"2025-06":{"txs":5,"uniq":4,"trade":0,"nft":0,"gas":0.000035,"bal":0.00445,"days":1,"spread":0.033333,"streak":1,"rank_m":378401,"pct_m":0.402322,"gas_method":"estimated"},"2025-07":{"txs":3,"uniq":3,"trade":0,"nft":0,"gas":0.000021,"bal":0.00004,"days":1,"spread":0.032258,"streak":1,"rank_m":661807,"pct_m":0.703644,"gas_method":"estimated"},"2025-08":{"txs":6,"uniq":3,"trade":0,"nft":0,"gas":0.000042,"bal":0.000061,"days":1,"spread":0.032258,"streak":1,"rank_m":625521,"pct_m":0.665064,"gas_method":"estimated"},"2025-09":{"txs":1,"uniq":1,"trade":0,"nft":0,"gas":0.000007,"bal":0.000088,"days":1,"spread":0.033333,"streak":1,"rank_m":641315,"pct_m":0.681857,"gas_method":"estimated"},"2025-10":{"txs":0,"uniq":0,"trade":0,"nft":0,"gas":0,"bal":0.000088,"days":0,"spread":0,"streak":0,"rank_m":822507,"pct_m":0.874503}}}