{"wallet":"0x69703e3f857c2e2d616f1fd6681353d734656917","rank":78823,"lifetime":{"months_active":24,"first":"2023-07","last":"2025-10","tx_sum":463,"uniq_sum":275,"trade_sum":3,"nft_sum":108,"gas_sum":0.017221,"avg_balance_eth_mean":0.003585,"streak_best_days":11,"gas_sum_filled":0.017221},"months":{"2023-07":{"txs":0,"uniq":0,"trade":0,"nft":0,"gas":0,"bal":0,"days":0,"spread":0,"streak":0,"rank_m":574174,"pct_m":0.610471},"2023-08":{"txs":72,"uniq":45,"trade":0,"nft":29,"gas":0.010538,"bal":0.004053,"days":23,"spread":0.741935,"streak":11,"rank_m":9946,"pct_m":0.010574,"gas_method":"exact"},"2023-09":{"txs":65,"uniq":43,"trade":0,"nft":7,"gas":0.004059,"bal":0.012212,"days":17,"spread":0.566667,"streak":6,"rank_m":4770,"pct_m":0.00507,"gas_method":"exact"},"2023-10":{"txs":43,"uniq":26,"trade":1,"nft":17,"gas":0.000681,"bal":0.017981,"days":13,"spread":0.419355,"streak":10,"rank_m":2336,"pct_m":0.002483,"gas_method":"exact"},"2023-11":{"txs":2,"uniq":1,"trade":0,"nft":2,"gas":0.000025,"bal":0.001146,"days":1,"spread":0.033333,"streak":1,"rank_m":126131,"pct_m":0.134104,"gas_method":"estimated"},"2023-12":{"txs":1,"uniq":1,"trade":0,"nft":1,"gas":0.000023,"bal":0.00086,"days":1,"spread":0.032258,"streak":1,"rank_m":168237,"pct_m":0.178872,"gas_method":"estimated"},"2024-01":{"txs":1,"uniq":1,"trade":0,"nft":1,"gas":0.000022,"bal":0.000815,"days":1,"spread":0.032258,"streak":1,"rank_m":174097,"pct_m":0.185102,"gas_method":"estimated"},"2024-02":{"txs":20,"uniq":8,"trade":1,"nft":4,"gas":0.000243,"bal":0.002346,"days":5,"spread":0.172414,"streak":2,"rank_m":78300,"pct_m":0.083249,"gas_method":"estimated"},"2024-03":{"txs":11,"uniq":8,"trade":0,"nft":3,"gas":0.000201,"bal":0.001603,"days":5,"spread":0.16129,"streak":1,"rank_m":216382,"pct_m":0.23006,"gas_method":"estimated"},"2024-04":{"txs":40,"uniq":23,"trade":0,"nft":13,"gas":0.000026,"bal":0.006672,"days":17,"spread":0.566667,"streak":4,"rank_m":69624,"pct_m":0.074024,"gas_method":"exact"},"2024-05":{"txs":65,"uniq":26,"trade":0,"nft":16,"gas":0.000443,"bal":0.012716,"days":11,"spread":0.354839,"streak":3,"rank_m":28442,"pct_m":0.030239,"gas_method":"exact"},"2024-06":{"txs":9,"uniq":6,"trade":0,"nft":4,"gas":0,"bal":0.003187,"days":4,"spread":0.133333,"streak":1,"rank_m":222796,"pct_m":0.23688,"gas_method":"exact"},"2024-07":{"txs":4,"uniq":4,"trade":0,"nft":2,"gas":0,"bal":0.004071,"days":3,"spread":0.096774,"streak":1,"rank_m":316629,"pct_m":0.336645,"gas_method":"estimated"},"2024-08":{"txs":3,"uniq":3,"trade":0,"nft":0,"gas":0,"bal":0.003187,"days":2,"spread":0.064516,"streak":1,"rank_m":404624,"pct_m":0.430202,"gas_method":"estimated"},"2024-09":{"txs":11,"uniq":10,"trade":0,"nft":2,"gas":0,"bal":0.006196,"days":5,"spread":0.166667,"streak":2,"rank_m":143958,"pct_m":0.153058,"gas_method":"estimated"},"2024-10":{"txs":26,"uniq":19,"trade":0,"nft":3,"gas":0.000002,"bal":0.00568,"days":7,"spread":0.225806,"streak":3,"rank_m":116741,"pct_m":0.12412,"gas_method":"estimated"},"2024-11":{"txs":22,"uniq":14,"trade":1,"nft":1,"gas":0.000037,"bal":0.001575,"days":11,"spread":0.366667,"streak":5,"rank_m":129486,"pct_m":0.137671,"gas_method":"exact"},"2024-12":{"txs":35,"uniq":16,"trade":0,"nft":1,"gas":0.000684,"bal":0.001078,"days":12,"spread":0.387097,"streak":3,"rank_m":148154,"pct_m":0.157519,"gas_method":"exact"},"2025-01":{"txs":1,"uniq":1,"trade":0,"nft":0,"gas":0.000026,"bal":0.002711,"days":1,"spread":0.032258,"streak":1,"rank_m":515096,"pct_m":0.547658,"gas_method":"exact"},"2025-02":{"txs":1,"uniq":1,"trade":0,"nft":0,"gas":0.000007,"bal":0.002279,"days":1,"spread":0.035714,"streak":1,"rank_m":487881,"pct_m":0.518723,"gas_method":"exact"},"2025-03":{"txs":0,"uniq":0,"trade":0,"nft":0,"gas":0,"bal":0.002279,"days":0,"spread":0,"streak":0,"rank_m":647316,"pct_m":0.688237},"2025-04":{"txs":13,"uniq":9,"trade":0,"nft":0,"gas":0.000078,"bal":0.00212,"days":3,"spread":0.1,"streak":1,"rank_m":238648,"pct_m":0.253734,"gas_method":"exact"},"2025-05":{"txs":8,"uniq":3,"trade":0,"nft":0,"gas":0.000056,"bal":0.001496,"days":3,"spread":0.096774,"streak":2,"rank_m":332379,"pct_m":0.35339,"gas_method":"estimated"},"2025-06":{"txs":0,"uniq":0,"trade":0,"nft":0,"gas":0,"bal":0.001496,"days":0,"spread":0,"streak":0,"rank_m":680439,"pct_m":0.723454},"2025-07":{"txs":2,"uniq":1,"trade":0,"nft":0,"gas":0.000014,"bal":0.001484,"days":2,"spread":0.064516,"streak":1,"rank_m":507099,"pct_m":0.539156,"gas_method":"estimated"},"2025-08":{"txs":1,"uniq":1,"trade":0,"nft":1,"gas":0.000007,"bal":0.000593,"days":1,"spread":0.032258,"streak":1,"rank_m":476476,"pct_m":0.506597,"gas_method":"estimated"},"2025-09":{"txs":7,"uniq":5,"trade":0,"nft":1,"gas":0.000049,"bal":0.000271,"days":4,"spread":0.133333,"streak":1,"rank_m":393294,"pct_m":0.418156,"gas_method":"estimated"},"2025-10":{"txs":0,"uniq":0,"trade":0,"nft":0,"gas":0,"bal":0.000271,"days":0,"spread":0,"streak":0,"rank_m":727518,"pct_m":0.773509}}}