{"wallet":"0x69d4733e29623554855c403766129a6e22971b30","rank":169232,"lifetime":{"months_active":15,"first":"2023-07","last":"2025-10","tx_sum":264,"uniq_sum":142,"trade_sum":20,"nft_sum":54,"gas_sum":0.004315,"avg_balance_eth_mean":0.007208,"streak_best_days":5,"gas_sum_filled":0.004315},"months":{"2023-07":{"txs":0,"uniq":0,"trade":0,"nft":0,"gas":0,"bal":0,"days":0,"spread":0,"streak":0,"rank_m":572820,"pct_m":0.609031},"2023-08":{"txs":19,"uniq":11,"trade":1,"nft":1,"gas":0.002004,"bal":0.00089,"days":3,"spread":0.096774,"streak":1,"rank_m":71952,"pct_m":0.0765,"gas_method":"exact"},"2023-09":{"txs":26,"uniq":17,"trade":0,"nft":4,"gas":0.000892,"bal":0.059114,"days":6,"spread":0.2,"streak":1,"rank_m":20497,"pct_m":0.021792,"gas_method":"exact"},"2023-10":{"txs":3,"uniq":2,"trade":0,"nft":0,"gas":0.00002,"bal":0.005308,"days":1,"spread":0.032258,"streak":1,"rank_m":111251,"pct_m":0.118283,"gas_method":"estimated"},"2023-11":{"txs":9,"uniq":5,"trade":0,"nft":1,"gas":0.000104,"bal":0.00586,"days":2,"spread":0.066667,"streak":1,"rank_m":66995,"pct_m":0.071229,"gas_method":"estimated"},"2023-12":{"txs":16,"uniq":7,"trade":8,"nft":2,"gas":0.000345,"bal":0.003082,"days":6,"spread":0.193548,"streak":2,"rank_m":34972,"pct_m":0.037182,"gas_method":"estimated"},"2024-01":{"txs":25,"uniq":9,"trade":4,"nft":3,"gas":0.000503,"bal":0.004266,"days":5,"spread":0.16129,"streak":1,"rank_m":51355,"pct_m":0.0546,"gas_method":"estimated"},"2024-02":{"txs":33,"uniq":20,"trade":1,"nft":12,"gas":0.000108,"bal":0.016167,"days":11,"spread":0.37931,"streak":3,"rank_m":11134,"pct_m":0.011837,"gas_method":"exact"},"2024-03":{"txs":45,"uniq":24,"trade":4,"nft":10,"gas":0.000086,"bal":0.005906,"days":13,"spread":0.419355,"streak":5,"rank_m":27988,"pct_m":0.029756,"gas_method":"exact"},"2024-04":{"txs":54,"uniq":20,"trade":2,"nft":8,"gas":0.000113,"bal":0.005838,"days":11,"spread":0.366667,"streak":2,"rank_m":107684,"pct_m":0.11449,"gas_method":"estimated"},"2024-05":{"txs":9,"uniq":8,"trade":0,"nft":7,"gas":0.000018,"bal":0.005339,"days":5,"spread":0.16129,"streak":2,"rank_m":178638,"pct_m":0.18993,"gas_method":"exact"},"2024-06":{"txs":3,"uniq":3,"trade":0,"nft":3,"gas":0,"bal":0.008128,"days":2,"spread":0.066667,"streak":1,"rank_m":316275,"pct_m":0.336268,"gas_method":"estimated"},"2024-07":{"txs":5,"uniq":4,"trade":0,"nft":2,"gas":0.000001,"bal":0.007843,"days":2,"spread":0.064516,"streak":1,"rank_m":293541,"pct_m":0.312097,"gas_method":"estimated"},"2024-08":{"txs":1,"uniq":1,"trade":0,"nft":1,"gas":0,"bal":0.00771,"days":1,"spread":0.032258,"streak":1,"rank_m":385047,"pct_m":0.409388,"gas_method":"estimated"},"2024-09":{"txs":0,"uniq":0,"trade":0,"nft":0,"gas":0,"bal":0.00771,"days":0,"spread":0,"streak":0,"rank_m":500828,"pct_m":0.532488},"2024-10":{"txs":0,"uniq":0,"trade":0,"nft":0,"gas":0,"bal":0.00771,"days":0,"spread":0,"streak":0,"rank_m":546345,"pct_m":0.580883},"2024-11":{"txs":0,"uniq":0,"trade":0,"nft":0,"gas":0,"bal":0.00771,"days":0,"spread":0,"streak":0,"rank_m":565093,"pct_m":0.600816},"2024-12":{"txs":1,"uniq":1,"trade":0,"nft":0,"gas":0.000022,"bal":0.007662,"days":1,"spread":0.032258,"streak":1,"rank_m":513818,"pct_m":0.546299,"gas_method":"exact"},"2025-01":{"txs":0,"uniq":0,"trade":0,"nft":0,"gas":0,"bal":0.007662,"days":0,"spread":0,"streak":0,"rank_m":607403,"pct_m":0.645801},"2025-02":{"txs":15,"uniq":10,"trade":0,"nft":0,"gas":0.000099,"bal":0.003104,"days":2,"spread":0.071429,"streak":1,"rank_m":242123,"pct_m":0.257428,"gas_method":"exact"},"2025-03":{"txs":0,"uniq":0,"trade":0,"nft":0,"gas":0,"bal":0.003104,"days":0,"spread":0,"streak":0,"rank_m":634617,"pct_m":0.674735},"2025-04":{"txs":0,"uniq":0,"trade":0,"nft":0,"gas":0,"bal":0.003104,"days":0,"spread":0,"streak":0,"rank_m":662885,"pct_m":0.70479},"2025-05":{"txs":0,"uniq":0,"trade":0,"nft":0,"gas":0,"bal":0.003104,"days":0,"spread":0,"streak":0,"rank_m":628124,"pct_m":0.667832},"2025-06":{"txs":0,"uniq":0,"trade":0,"nft":0,"gas":0,"bal":0.003104,"days":0,"spread":0,"streak":0,"rank_m":631471,"pct_m":0.67139},"2025-07":{"txs":0,"uniq":0,"trade":0,"nft":0,"gas":0,"bal":0.003104,"days":0,"spread":0,"streak":0,"rank_m":650915,"pct_m":0.692063},"2025-08":{"txs":0,"uniq":0,"trade":0,"nft":0,"gas":0,"bal":0.003104,"days":0,"spread":0,"streak":0,"rank_m":632078,"pct_m":0.672036},"2025-09":{"txs":0,"uniq":0,"trade":0,"nft":0,"gas":0,"bal":0.003104,"days":0,"spread":0,"streak":0,"rank_m":617203,"pct_m":0.65622},"2025-10":{"txs":0,"uniq":0,"trade":0,"nft":0,"gas":0,"bal":0.003104,"days":0,"spread":0,"streak":0,"rank_m":543209,"pct_m":0.577548}}}