{"wallet":"0x6947d1553a4b6c8cd4ff90228f9c360becbf3c02","rank":35465,"lifetime":{"months_active":16,"first":"2023-07","last":"2025-10","tx_sum":830,"uniq_sum":203,"trade_sum":138,"nft_sum":14,"gas_sum":0.00194,"avg_balance_eth_mean":0.295285,"streak_best_days":19,"gas_sum_filled":0.00194},"months":{"2023-07":{"txs":0,"uniq":0,"trade":0,"nft":0,"gas":0,"bal":0,"days":0,"spread":0,"streak":0,"rank_m":574774,"pct_m":0.611109},"2023-08":{"txs":0,"uniq":0,"trade":0,"nft":0,"gas":0,"bal":0,"days":0,"spread":0,"streak":0,"rank_m":622099,"pct_m":0.661426},"2023-09":{"txs":0,"uniq":0,"trade":0,"nft":0,"gas":0,"bal":0,"days":0,"spread":0,"streak":0,"rank_m":634770,"pct_m":0.674898},"2023-10":{"txs":0,"uniq":0,"trade":0,"nft":0,"gas":0,"bal":0,"days":0,"spread":0,"streak":0,"rank_m":644987,"pct_m":0.685761},"2023-11":{"txs":0,"uniq":0,"trade":0,"nft":0,"gas":0,"bal":0,"days":0,"spread":0,"streak":0,"rank_m":654042,"pct_m":0.695388},"2023-12":{"txs":0,"uniq":0,"trade":0,"nft":0,"gas":0,"bal":0,"days":0,"spread":0,"streak":0,"rank_m":664979,"pct_m":0.707016},"2024-01":{"txs":0,"uniq":0,"trade":0,"nft":0,"gas":0,"bal":0,"days":0,"spread":0,"streak":0,"rank_m":674678,"pct_m":0.717329},"2024-02":{"txs":0,"uniq":0,"trade":0,"nft":0,"gas":0,"bal":0,"days":0,"spread":0,"streak":0,"rank_m":695611,"pct_m":0.739585},"2024-03":{"txs":9,"uniq":4,"trade":0,"nft":1,"gas":0.000577,"bal":0.000207,"days":4,"spread":0.129032,"streak":1,"rank_m":240321,"pct_m":0.255513,"gas_method":"exact"},"2024-04":{"txs":17,"uniq":5,"trade":0,"nft":5,"gas":0.000033,"bal":0.012664,"days":5,"spread":0.166667,"streak":2,"rank_m":190306,"pct_m":0.202336,"gas_method":"exact"},"2024-05":{"txs":355,"uniq":49,"trade":71,"nft":1,"gas":0.000086,"bal":2.276879,"days":26,"spread":0.83871,"streak":12,"rank_m":1157,"pct_m":0.001229,"gas_method":"estimated"},"2024-06":{"txs":196,"uniq":37,"trade":48,"nft":2,"gas":0.000001,"bal":3.83986,"days":26,"spread":0.866667,"streak":19,"rank_m":573,"pct_m":0.000608,"gas_method":"exact"},"2024-07":{"txs":33,"uniq":12,"trade":11,"nft":0,"gas":0.000002,"bal":1.203891,"days":13,"spread":0.419355,"streak":3,"rank_m":10575,"pct_m":0.011242,"gas_method":"exact"},"2024-08":{"txs":18,"uniq":8,"trade":1,"nft":0,"gas":0,"bal":0.627034,"days":7,"spread":0.225806,"streak":2,"rank_m":65845,"pct_m":0.070007,"gas_method":"estimated"},"2024-09":{"txs":51,"uniq":18,"trade":3,"nft":0,"gas":0.000001,"bal":0.162441,"days":1,"spread":0.033333,"streak":1,"rank_m":66344,"pct_m":0.070537,"gas_method":"estimated"},"2024-10":{"txs":20,"uniq":3,"trade":3,"nft":5,"gas":0,"bal":0.052684,"days":2,"spread":0.064516,"streak":2,"rank_m":126630,"pct_m":0.134634,"gas_method":"estimated"},"2024-11":{"txs":2,"uniq":1,"trade":0,"nft":0,"gas":0.000005,"bal":0.005826,"days":1,"spread":0.033333,"streak":1,"rank_m":439099,"pct_m":0.466857,"gas_method":"exact"},"2024-12":{"txs":21,"uniq":10,"trade":1,"nft":0,"gas":0.000463,"bal":0.010879,"days":8,"spread":0.258065,"streak":3,"rank_m":129202,"pct_m":0.137369,"gas_method":"exact"},"2025-01":{"txs":0,"uniq":0,"trade":0,"nft":0,"gas":0,"bal":0.010879,"days":0,"spread":0,"streak":0,"rank_m":597460,"pct_m":0.635229},"2025-02":{"txs":0,"uniq":0,"trade":0,"nft":0,"gas":0,"bal":0.010879,"days":0,"spread":0,"streak":0,"rank_m":597683,"pct_m":0.635466},"2025-03":{"txs":14,"uniq":10,"trade":0,"nft":0,"gas":0.000111,"bal":0.00655,"days":4,"spread":0.129032,"streak":3,"rank_m":148950,"pct_m":0.158365,"gas_method":"exact"},"2025-04":{"txs":0,"uniq":0,"trade":0,"nft":0,"gas":0,"bal":0.00655,"days":0,"spread":0,"streak":0,"rank_m":633364,"pct_m":0.673403},"2025-05":{"txs":0,"uniq":0,"trade":0,"nft":0,"gas":0,"bal":0.00655,"days":0,"spread":0,"streak":0,"rank_m":572202,"pct_m":0.608374},"2025-06":{"txs":8,"uniq":5,"trade":0,"nft":0,"gas":0.000056,"bal":0.001904,"days":3,"spread":0.1,"streak":1,"rank_m":400229,"pct_m":0.42553,"gas_method":"estimated"},"2025-07":{"txs":6,"uniq":5,"trade":0,"nft":0,"gas":0.000042,"bal":0.005861,"days":3,"spread":0.096774,"streak":2,"rank_m":303235,"pct_m":0.322404,"gas_method":"estimated"},"2025-08":{"txs":21,"uniq":11,"trade":0,"nft":0,"gas":0.000148,"bal":0.007518,"days":5,"spread":0.16129,"streak":4,"rank_m":156600,"pct_m":0.166499,"gas_method":"estimated"},"2025-09":{"txs":57,"uniq":23,"trade":0,"nft":0,"gas":0.000401,"bal":0.003448,"days":3,"spread":0.1,"streak":1,"rank_m":240408,"pct_m":0.255605,"gas_method":"estimated"},"2025-10":{"txs":2,"uniq":2,"trade":0,"nft":0,"gas":0.000014,"bal":0.015481,"days":1,"spread":0.032258,"streak":1,"rank_m":188229,"pct_m":0.200127,"gas_method":"estimated"}}}