{"wallet":"0x69b2f9c0e65e60f0feed7b4a7abf12d45ca46bf6","rank":27005,"lifetime":{"months_active":18,"first":"2023-07","last":"2025-10","tx_sum":2248,"uniq_sum":506,"trade_sum":200,"nft_sum":8,"gas_sum":0.016833,"avg_balance_eth_mean":0.003475,"streak_best_days":19,"gas_sum_filled":0.016833},"months":{"2023-07":{"txs":0,"uniq":0,"trade":0,"nft":0,"gas":0,"bal":0,"days":0,"spread":0,"streak":0,"rank_m":573307,"pct_m":0.609549},"2023-08":{"txs":0,"uniq":0,"trade":0,"nft":0,"gas":0,"bal":0,"days":0,"spread":0,"streak":0,"rank_m":620834,"pct_m":0.660081},"2023-09":{"txs":0,"uniq":0,"trade":0,"nft":0,"gas":0,"bal":0,"days":0,"spread":0,"streak":0,"rank_m":633545,"pct_m":0.673595},"2023-10":{"txs":0,"uniq":0,"trade":0,"nft":0,"gas":0,"bal":0,"days":0,"spread":0,"streak":0,"rank_m":643809,"pct_m":0.684508},"2023-11":{"txs":0,"uniq":0,"trade":0,"nft":0,"gas":0,"bal":0,"days":0,"spread":0,"streak":0,"rank_m":652903,"pct_m":0.694177},"2023-12":{"txs":0,"uniq":0,"trade":0,"nft":0,"gas":0,"bal":0,"days":0,"spread":0,"streak":0,"rank_m":663882,"pct_m":0.70585},"2024-01":{"txs":0,"uniq":0,"trade":0,"nft":0,"gas":0,"bal":0,"days":0,"spread":0,"streak":0,"rank_m":673624,"pct_m":0.716208},"2024-02":{"txs":0,"uniq":0,"trade":0,"nft":0,"gas":0,"bal":0,"days":0,"spread":0,"streak":0,"rank_m":694642,"pct_m":0.738555},"2024-03":{"txs":76,"uniq":9,"trade":7,"nft":0,"gas":0.001217,"bal":0.010418,"days":7,"spread":0.225806,"streak":7,"rank_m":45813,"pct_m":0.048708,"gas_method":"estimated"},"2024-04":{"txs":159,"uniq":43,"trade":15,"nft":4,"gas":0.001075,"bal":0.000492,"days":13,"spread":0.433333,"streak":5,"rank_m":55545,"pct_m":0.059055,"gas_method":"exact"},"2024-05":{"txs":90,"uniq":13,"trade":18,"nft":0,"gas":0.000059,"bal":0.000928,"days":11,"spread":0.354839,"streak":7,"rank_m":121557,"pct_m":0.129241,"gas_method":"estimated"},"2024-06":{"txs":359,"uniq":33,"trade":37,"nft":2,"gas":0.000043,"bal":0.002316,"days":24,"spread":0.8,"streak":19,"rank_m":15655,"pct_m":0.016644,"gas_method":"exact"},"2024-07":{"txs":104,"uniq":26,"trade":21,"nft":0,"gas":0.00001,"bal":0.02916,"days":11,"spread":0.354839,"streak":4,"rank_m":11842,"pct_m":0.01259,"gas_method":"estimated"},"2024-08":{"txs":140,"uniq":63,"trade":11,"nft":0,"gas":0.000044,"bal":0.002347,"days":4,"spread":0.129032,"streak":3,"rank_m":42679,"pct_m":0.045376,"gas_method":"exact"},"2024-09":{"txs":30,"uniq":4,"trade":2,"nft":0,"gas":0.000001,"bal":0.000009,"days":1,"spread":0.033333,"streak":1,"rank_m":363803,"pct_m":0.386801,"gas_method":"estimated"},"2024-10":{"txs":152,"uniq":28,"trade":15,"nft":1,"gas":0.000008,"bal":0.010919,"days":17,"spread":0.548387,"streak":8,"rank_m":20744,"pct_m":0.022054,"gas_method":"estimated"},"2024-11":{"txs":147,"uniq":32,"trade":4,"nft":0,"gas":0.000336,"bal":0.002758,"days":15,"spread":0.5,"streak":9,"rank_m":34627,"pct_m":0.036815,"gas_method":"exact"},"2024-12":{"txs":303,"uniq":44,"trade":29,"nft":0,"gas":0.006571,"bal":0.000206,"days":21,"spread":0.677419,"streak":14,"rank_m":60318,"pct_m":0.06413,"gas_method":"exact"},"2025-01":{"txs":153,"uniq":67,"trade":4,"nft":0,"gas":0.003923,"bal":0.003683,"days":10,"spread":0.322581,"streak":3,"rank_m":41730,"pct_m":0.044367,"gas_method":"exact"},"2025-02":{"txs":32,"uniq":19,"trade":0,"nft":0,"gas":0.000225,"bal":0.000022,"days":3,"spread":0.107143,"streak":2,"rank_m":233886,"pct_m":0.248671,"gas_method":"exact"},"2025-03":{"txs":0,"uniq":0,"trade":0,"nft":0,"gas":0,"bal":0.000022,"days":0,"spread":0,"streak":0,"rank_m":823840,"pct_m":0.87592},"2025-04":{"txs":152,"uniq":19,"trade":24,"nft":1,"gas":0.000851,"bal":0.000459,"days":10,"spread":0.333333,"streak":6,"rank_m":50955,"pct_m":0.054175,"gas_method":"exact"},"2025-05":{"txs":145,"uniq":27,"trade":6,"nft":0,"gas":0.001021,"bal":0.000151,"days":18,"spread":0.580645,"streak":6,"rank_m":164506,"pct_m":0.174905,"gas_method":"estimated"},"2025-06":{"txs":76,"uniq":33,"trade":3,"nft":0,"gas":0.000535,"bal":0.000184,"days":5,"spread":0.166667,"streak":2,"rank_m":274941,"pct_m":0.292321,"gas_method":"estimated"},"2025-07":{"txs":35,"uniq":9,"trade":2,"nft":0,"gas":0.000246,"bal":0.012922,"days":6,"spread":0.193548,"streak":2,"rank_m":86397,"pct_m":0.091858,"gas_method":"estimated"},"2025-08":{"txs":62,"uniq":19,"trade":1,"nft":0,"gas":0.000436,"bal":0.009801,"days":12,"spread":0.387097,"streak":3,"rank_m":36444,"pct_m":0.038747,"gas_method":"estimated"},"2025-09":{"txs":0,"uniq":0,"trade":0,"nft":0,"gas":0,"bal":0.009801,"days":0,"spread":0,"streak":0,"rank_m":526825,"pct_m":0.560129},"2025-10":{"txs":33,"uniq":18,"trade":1,"nft":0,"gas":0.000232,"bal":0.000692,"days":2,"spread":0.064516,"streak":2,"rank_m":172238,"pct_m":0.183125,"gas_method":"estimated"}}}