{"wallet":"0x696a3b952b5ef6f7d4bcebdda00d40f0e0aad456","rank":112269,"lifetime":{"months_active":20,"first":"2023-07","last":"2025-10","tx_sum":292,"uniq_sum":174,"trade_sum":8,"nft_sum":46,"gas_sum":0.011919,"avg_balance_eth_mean":0.109232,"streak_best_days":3,"gas_sum_filled":0.011919},"months":{"2023-07":{"txs":2,"uniq":1,"trade":0,"nft":1,"gas":0.000542,"bal":0.01,"days":1,"spread":0.032258,"streak":1,"rank_m":29635,"pct_m":0.031507,"gas_method":"estimated"},"2023-08":{"txs":19,"uniq":11,"trade":0,"nft":6,"gas":0.002653,"bal":0.044873,"days":6,"spread":0.193548,"streak":2,"rank_m":43359,"pct_m":0.046099,"gas_method":"exact"},"2023-09":{"txs":2,"uniq":2,"trade":0,"nft":1,"gas":0.000054,"bal":0.042055,"days":1,"spread":0.033333,"streak":1,"rank_m":90248,"pct_m":0.095952,"gas_method":"exact"},"2023-10":{"txs":5,"uniq":3,"trade":0,"nft":4,"gas":0.000106,"bal":0.040686,"days":3,"spread":0.096774,"streak":1,"rank_m":52202,"pct_m":0.055501,"gas_method":"estimated"},"2023-11":{"txs":0,"uniq":0,"trade":0,"nft":0,"gas":0,"bal":0.040686,"days":0,"spread":0,"streak":0,"rank_m":215329,"pct_m":0.228941},"2023-12":{"txs":87,"uniq":33,"trade":5,"nft":5,"gas":0.005991,"bal":0.030366,"days":9,"spread":0.290323,"streak":3,"rank_m":3518,"pct_m":0.003739,"gas_method":"estimated"},"2024-01":{"txs":19,"uniq":14,"trade":0,"nft":2,"gas":0.001219,"bal":0.072071,"days":3,"spread":0.096774,"streak":2,"rank_m":31706,"pct_m":0.033709,"gas_method":"estimated"},"2024-02":{"txs":11,"uniq":8,"trade":0,"nft":1,"gas":0.000053,"bal":0.347701,"days":2,"spread":0.068966,"streak":1,"rank_m":91394,"pct_m":0.097171,"gas_method":"exact"},"2024-03":{"txs":23,"uniq":19,"trade":3,"nft":3,"gas":0.000457,"bal":0.104223,"days":6,"spread":0.193548,"streak":2,"rank_m":40291,"pct_m":0.042837,"gas_method":"exact"},"2024-04":{"txs":23,"uniq":11,"trade":0,"nft":7,"gas":0.000154,"bal":0.10736,"days":4,"spread":0.133333,"streak":1,"rank_m":168842,"pct_m":0.179515,"gas_method":"estimated"},"2024-05":{"txs":11,"uniq":11,"trade":0,"nft":4,"gas":0.000024,"bal":0.077178,"days":2,"spread":0.064516,"streak":1,"rank_m":195542,"pct_m":0.207903,"gas_method":"estimated"},"2024-06":{"txs":19,"uniq":10,"trade":0,"nft":3,"gas":0.000002,"bal":0.129637,"days":2,"spread":0.066667,"streak":1,"rank_m":149792,"pct_m":0.15926,"gas_method":"estimated"},"2024-07":{"txs":15,"uniq":10,"trade":0,"nft":4,"gas":0.000005,"bal":0.225134,"days":3,"spread":0.096774,"streak":1,"rank_m":121742,"pct_m":0.129437,"gas_method":"estimated"},"2024-08":{"txs":5,"uniq":3,"trade":0,"nft":1,"gas":0.000001,"bal":0.164681,"days":1,"spread":0.032258,"streak":1,"rank_m":273259,"pct_m":0.290533,"gas_method":"estimated"},"2024-09":{"txs":4,"uniq":4,"trade":0,"nft":2,"gas":0,"bal":0.164474,"days":2,"spread":0.066667,"streak":1,"rank_m":175350,"pct_m":0.186434,"gas_method":"estimated"},"2024-10":{"txs":0,"uniq":0,"trade":0,"nft":0,"gas":0,"bal":0.164474,"days":0,"spread":0,"streak":0,"rank_m":466674,"pct_m":0.496175},"2024-11":{"txs":4,"uniq":4,"trade":0,"nft":2,"gas":0.000009,"bal":0.174288,"days":2,"spread":0.066667,"streak":1,"rank_m":273642,"pct_m":0.29094,"gas_method":"exact"},"2024-12":{"txs":7,"uniq":7,"trade":0,"nft":0,"gas":0.000154,"bal":0.14382,"days":3,"spread":0.096774,"streak":1,"rank_m":308716,"pct_m":0.328231,"gas_method":"exact"},"2025-01":{"txs":12,"uniq":7,"trade":0,"nft":0,"gas":0.000312,"bal":0.012568,"days":3,"spread":0.096774,"streak":2,"rank_m":233917,"pct_m":0.248704,"gas_method":"exact"},"2025-02":{"txs":0,"uniq":0,"trade":0,"nft":0,"gas":0,"bal":0.012568,"days":0,"spread":0,"streak":0,"rank_m":591679,"pct_m":0.629083},"2025-03":{"txs":17,"uniq":11,"trade":0,"nft":0,"gas":0.000134,"bal":0.019695,"days":3,"spread":0.096774,"streak":1,"rank_m":155928,"pct_m":0.165784,"gas_method":"exact"},"2025-04":{"txs":0,"uniq":0,"trade":0,"nft":0,"gas":0,"bal":0.019695,"days":0,"spread":0,"streak":0,"rank_m":591575,"pct_m":0.628972},"2025-05":{"txs":0,"uniq":0,"trade":0,"nft":0,"gas":0,"bal":0.019695,"days":0,"spread":0,"streak":0,"rank_m":483168,"pct_m":0.513712},"2025-06":{"txs":2,"uniq":2,"trade":0,"nft":0,"gas":0.000014,"bal":0.06923,"days":2,"spread":0.066667,"streak":1,"rank_m":221956,"pct_m":0.235987,"gas_method":"estimated"},"2025-07":{"txs":0,"uniq":0,"trade":0,"nft":0,"gas":0,"bal":0.06923,"days":0,"spread":0,"streak":0,"rank_m":442526,"pct_m":0.4705},"2025-08":{"txs":0,"uniq":0,"trade":0,"nft":0,"gas":0,"bal":0.06923,"days":0,"spread":0,"streak":0,"rank_m":420766,"pct_m":0.447365},"2025-09":{"txs":5,"uniq":3,"trade":0,"nft":0,"gas":0.000035,"bal":0.341435,"days":2,"spread":0.066667,"streak":1,"rank_m":183436,"pct_m":0.195031,"gas_method":"estimated"},"2025-10":{"txs":0,"uniq":0,"trade":0,"nft":0,"gas":0,"bal":0.341435,"days":0,"spread":0,"streak":0,"rank_m":295089,"pct_m":0.313743}}}