{"wallet":"0x69a77b9ca4d106690751866360f7bb5952b2666d","rank":32425,"lifetime":{"months_active":25,"first":"2023-07","last":"2025-10","tx_sum":963,"uniq_sum":372,"trade_sum":23,"nft_sum":126,"gas_sum":0.010169,"avg_balance_eth_mean":0.002418,"streak_best_days":29,"gas_sum_filled":0.010169},"months":{"2023-07":{"txs":0,"uniq":0,"trade":0,"nft":0,"gas":0,"bal":0,"days":0,"spread":0,"streak":0,"rank_m":573437,"pct_m":0.609687},"2023-08":{"txs":7,"uniq":6,"trade":0,"nft":5,"gas":0.000923,"bal":0.012712,"days":4,"spread":0.129032,"streak":2,"rank_m":71997,"pct_m":0.076547,"gas_method":"exact"},"2023-09":{"txs":0,"uniq":0,"trade":0,"nft":0,"gas":0,"bal":0.012712,"days":0,"spread":0,"streak":0,"rank_m":240189,"pct_m":0.255372},"2023-10":{"txs":7,"uniq":5,"trade":0,"nft":2,"gas":0.000062,"bal":0.016905,"days":3,"spread":0.096774,"streak":1,"rank_m":46330,"pct_m":0.049258,"gas_method":"exact"},"2023-11":{"txs":6,"uniq":4,"trade":0,"nft":3,"gas":0.000096,"bal":0.001003,"days":4,"spread":0.133333,"streak":1,"rank_m":64695,"pct_m":0.068784,"gas_method":"exact"},"2023-12":{"txs":0,"uniq":0,"trade":0,"nft":0,"gas":0,"bal":0.001003,"days":0,"spread":0,"streak":0,"rank_m":307447,"pct_m":0.326882},"2024-01":{"txs":1,"uniq":1,"trade":0,"nft":1,"gas":0.000023,"bal":0.000821,"days":1,"spread":0.032258,"streak":1,"rank_m":173955,"pct_m":0.184951,"gas_method":"estimated"},"2024-02":{"txs":1,"uniq":1,"trade":0,"nft":1,"gas":0.000013,"bal":0.001565,"days":1,"spread":0.034483,"streak":1,"rank_m":237391,"pct_m":0.252397,"gas_method":"estimated"},"2024-03":{"txs":25,"uniq":10,"trade":2,"nft":6,"gas":0.000685,"bal":0.000772,"days":4,"spread":0.129032,"streak":2,"rank_m":128909,"pct_m":0.137057,"gas_method":"exact"},"2024-04":{"txs":80,"uniq":29,"trade":8,"nft":17,"gas":0.000191,"bal":0.000951,"days":13,"spread":0.433333,"streak":3,"rank_m":124962,"pct_m":0.132861,"gas_method":"estimated"},"2024-05":{"txs":12,"uniq":8,"trade":0,"nft":3,"gas":0.000011,"bal":0.000836,"days":8,"spread":0.258065,"streak":3,"rank_m":202598,"pct_m":0.215405,"gas_method":"exact"},"2024-06":{"txs":13,"uniq":9,"trade":0,"nft":5,"gas":0,"bal":0.000541,"days":7,"spread":0.233333,"streak":1,"rank_m":287282,"pct_m":0.305442,"gas_method":"estimated"},"2024-07":{"txs":5,"uniq":2,"trade":0,"nft":3,"gas":0.000001,"bal":0.000556,"days":4,"spread":0.129032,"streak":2,"rank_m":358037,"pct_m":0.38067,"gas_method":"estimated"},"2024-08":{"txs":33,"uniq":20,"trade":0,"nft":16,"gas":0.000013,"bal":0.001332,"days":4,"spread":0.129032,"streak":2,"rank_m":125162,"pct_m":0.133073,"gas_method":"exact"},"2024-09":{"txs":4,"uniq":3,"trade":0,"nft":0,"gas":0,"bal":0.00082,"days":1,"spread":0.033333,"streak":1,"rank_m":429633,"pct_m":0.456792,"gas_method":"estimated"},"2024-10":{"txs":70,"uniq":34,"trade":0,"nft":31,"gas":0.000002,"bal":0.000715,"days":14,"spread":0.451613,"streak":9,"rank_m":58989,"pct_m":0.062717,"gas_method":"exact"},"2024-11":{"txs":32,"uniq":14,"trade":0,"nft":3,"gas":0.000069,"bal":0.000022,"days":9,"spread":0.3,"streak":5,"rank_m":193786,"pct_m":0.206036,"gas_method":"exact"},"2024-12":{"txs":38,"uniq":15,"trade":0,"nft":2,"gas":0.000816,"bal":0.000359,"days":15,"spread":0.483871,"streak":4,"rank_m":156186,"pct_m":0.166059,"gas_method":"exact"},"2025-01":{"txs":164,"uniq":47,"trade":3,"nft":2,"gas":0.004078,"bal":0.005324,"days":25,"spread":0.806452,"streak":9,"rank_m":16705,"pct_m":0.01776,"gas_method":"exact"},"2025-02":{"txs":161,"uniq":44,"trade":1,"nft":0,"gas":0.001084,"bal":0.004072,"days":25,"spread":0.892857,"streak":20,"rank_m":18099,"pct_m":0.019242,"gas_method":"exact"},"2025-03":{"txs":77,"uniq":23,"trade":1,"nft":2,"gas":0.000577,"bal":0.00123,"days":30,"spread":0.967742,"streak":21,"rank_m":43131,"pct_m":0.045857,"gas_method":"exact"},"2025-04":{"txs":60,"uniq":32,"trade":1,"nft":12,"gas":0.00035,"bal":0.000713,"days":18,"spread":0.6,"streak":5,"rank_m":51224,"pct_m":0.054461,"gas_method":"exact"},"2025-05":{"txs":23,"uniq":12,"trade":0,"nft":2,"gas":0.000162,"bal":0.000148,"days":3,"spread":0.096774,"streak":1,"rank_m":341806,"pct_m":0.363413,"gas_method":"estimated"},"2025-06":{"txs":26,"uniq":14,"trade":7,"nft":0,"gas":0.000183,"bal":0.001181,"days":8,"spread":0.266667,"streak":6,"rank_m":177636,"pct_m":0.188865,"gas_method":"estimated"},"2025-07":{"txs":12,"uniq":8,"trade":0,"nft":1,"gas":0.000084,"bal":0.000609,"days":7,"spread":0.225806,"streak":2,"rank_m":319578,"pct_m":0.33978,"gas_method":"estimated"},"2025-08":{"txs":3,"uniq":2,"trade":0,"nft":3,"gas":0.000021,"bal":0.000181,"days":2,"spread":0.064516,"streak":1,"rank_m":485240,"pct_m":0.515915,"gas_method":"estimated"},"2025-09":{"txs":95,"uniq":24,"trade":0,"nft":6,"gas":0.000669,"bal":0.000443,"days":14,"spread":0.466667,"streak":8,"rank_m":144227,"pct_m":0.153344,"gas_method":"estimated"},"2025-10":{"txs":8,"uniq":5,"trade":0,"nft":0,"gas":0.000056,"bal":0.000188,"days":2,"spread":0.064516,"streak":1,"rank_m":411766,"pct_m":0.437796,"gas_method":"estimated"}}}