{"wallet":"0x6bbccc38b0faff7857110696ff7e8d80c12c7f35","rank":138172,"lifetime":{"months_active":13,"first":"2023-07","last":"2025-10","tx_sum":413,"uniq_sum":136,"trade_sum":37,"nft_sum":32,"gas_sum":0.011144,"avg_balance_eth_mean":0.011905,"streak_best_days":3,"gas_sum_filled":0.011144},"months":{"2023-07":{"txs":0,"uniq":0,"trade":0,"nft":0,"gas":0,"bal":0,"days":0,"spread":0,"streak":0,"rank_m":566156,"pct_m":0.601946},"2023-08":{"txs":37,"uniq":12,"trade":8,"nft":5,"gas":0.002133,"bal":0.009342,"days":2,"spread":0.064516,"streak":2,"rank_m":42992,"pct_m":0.045709,"gas_method":"exact"},"2023-09":{"txs":130,"uniq":26,"trade":15,"nft":7,"gas":0.000828,"bal":0.026945,"days":12,"spread":0.4,"streak":3,"rank_m":3473,"pct_m":0.003691,"gas_method":"exact"},"2023-10":{"txs":117,"uniq":40,"trade":4,"nft":9,"gas":0.002282,"bal":0.013163,"days":7,"spread":0.225806,"streak":2,"rank_m":3658,"pct_m":0.003888,"gas_method":"exact"},"2023-11":{"txs":46,"uniq":17,"trade":3,"nft":3,"gas":0.001202,"bal":0.027394,"days":6,"spread":0.2,"streak":1,"rank_m":7849,"pct_m":0.008344,"gas_method":"exact"},"2023-12":{"txs":25,"uniq":11,"trade":4,"nft":3,"gas":0.001873,"bal":0.013717,"days":5,"spread":0.16129,"streak":1,"rank_m":22659,"pct_m":0.02409,"gas_method":"estimated"},"2024-01":{"txs":12,"uniq":10,"trade":2,"nft":1,"gas":0.000967,"bal":0.008894,"days":3,"spread":0.096774,"streak":1,"rank_m":35629,"pct_m":0.03788,"gas_method":"exact"},"2024-02":{"txs":17,"uniq":10,"trade":1,"nft":0,"gas":0.00067,"bal":0.141331,"days":4,"spread":0.137931,"streak":1,"rank_m":48096,"pct_m":0.051135,"gas_method":"estimated"},"2024-03":{"txs":19,"uniq":2,"trade":0,"nft":3,"gas":0.001123,"bal":0.002612,"days":1,"spread":0.032258,"streak":1,"rank_m":251965,"pct_m":0.267893,"gas_method":"estimated"},"2024-04":{"txs":2,"uniq":2,"trade":0,"nft":1,"gas":0.000015,"bal":0.009216,"days":1,"spread":0.033333,"streak":1,"rank_m":369285,"pct_m":0.392629,"gas_method":"estimated"},"2024-05":{"txs":3,"uniq":3,"trade":0,"nft":0,"gas":0.000007,"bal":0.010151,"days":1,"spread":0.032258,"streak":1,"rank_m":377052,"pct_m":0.400887,"gas_method":"estimated"},"2024-06":{"txs":0,"uniq":0,"trade":0,"nft":0,"gas":0,"bal":0.010151,"days":0,"spread":0,"streak":0,"rank_m":501127,"pct_m":0.532806},"2024-07":{"txs":0,"uniq":0,"trade":0,"nft":0,"gas":0,"bal":0.010151,"days":0,"spread":0,"streak":0,"rank_m":505422,"pct_m":0.537373},"2024-08":{"txs":1,"uniq":0,"trade":0,"nft":0,"gas":0,"bal":0.013961,"days":1,"spread":0.032258,"streak":1,"rank_m":395736,"pct_m":0.420753,"gas_method":"estimated"},"2024-09":{"txs":0,"uniq":0,"trade":0,"nft":0,"gas":0,"bal":0.013961,"days":0,"spread":0,"streak":0,"rank_m":471177,"pct_m":0.500963},"2024-10":{"txs":1,"uniq":1,"trade":0,"nft":0,"gas":0,"bal":0.011169,"days":1,"spread":0.032258,"streak":1,"rank_m":402792,"pct_m":0.428255,"gas_method":"estimated"},"2024-11":{"txs":0,"uniq":0,"trade":0,"nft":0,"gas":0,"bal":0.011169,"days":0,"spread":0,"streak":0,"rank_m":552762,"pct_m":0.587705},"2024-12":{"txs":3,"uniq":2,"trade":0,"nft":0,"gas":0.000044,"bal":0,"days":1,"spread":0.032258,"streak":1,"rank_m":584816,"pct_m":0.621786,"gas_method":"exact"},"2025-01":{"txs":0,"uniq":0,"trade":0,"nft":0,"gas":0,"bal":0,"days":0,"spread":0,"streak":0,"rank_m":807900,"pct_m":0.858973},"2025-02":{"txs":0,"uniq":0,"trade":0,"nft":0,"gas":0,"bal":0,"days":0,"spread":0,"streak":0,"rank_m":834491,"pct_m":0.887245},"2025-03":{"txs":0,"uniq":0,"trade":0,"nft":0,"gas":0,"bal":0,"days":0,"spread":0,"streak":0,"rank_m":857131,"pct_m":0.911316},"2025-04":{"txs":0,"uniq":0,"trade":0,"nft":0,"gas":0,"bal":0,"days":0,"spread":0,"streak":0,"rank_m":882520,"pct_m":0.93831},"2025-05":{"txs":0,"uniq":0,"trade":0,"nft":0,"gas":0,"bal":0,"days":0,"spread":0,"streak":0,"rank_m":899409,"pct_m":0.956267},"2025-06":{"txs":0,"uniq":0,"trade":0,"nft":0,"gas":0,"bal":0,"days":0,"spread":0,"streak":0,"rank_m":910689,"pct_m":0.96826},"2025-07":{"txs":0,"uniq":0,"trade":0,"nft":0,"gas":0,"bal":0,"days":0,"spread":0,"streak":0,"rank_m":922561,"pct_m":0.980882},"2025-08":{"txs":0,"uniq":0,"trade":0,"nft":0,"gas":0,"bal":0,"days":0,"spread":0,"streak":0,"rank_m":925027,"pct_m":0.983504},"2025-09":{"txs":0,"uniq":0,"trade":0,"nft":0,"gas":0,"bal":0,"days":0,"spread":0,"streak":0,"rank_m":925805,"pct_m":0.984331},"2025-10":{"txs":0,"uniq":0,"trade":0,"nft":0,"gas":0,"bal":0,"days":0,"spread":0,"streak":0,"rank_m":917107,"pct_m":0.975083}}}