{"wallet":"0x6bc768dffc263589e600610b9f60f4602bdb72e9","rank":168393,"lifetime":{"months_active":6,"first":"2023-07","last":"2025-10","tx_sum":511,"uniq_sum":71,"trade_sum":23,"nft_sum":4,"gas_sum":0.127344,"avg_balance_eth_mean":0.061122,"streak_best_days":10,"gas_sum_filled":0.127344},"months":{"2023-07":{"txs":0,"uniq":0,"trade":0,"nft":0,"gas":0,"bal":0,"days":0,"spread":0,"streak":0,"rank_m":566024,"pct_m":0.601806},"2023-08":{"txs":481,"uniq":61,"trade":23,"nft":1,"gas":0.120942,"bal":1.68314,"days":20,"spread":0.645161,"streak":10,"rank_m":319,"pct_m":0.000338,"gas_method":"exact"},"2023-09":{"txs":4,"uniq":3,"trade":0,"nft":1,"gas":0.000052,"bal":0.0008,"days":2,"spread":0.066667,"streak":1,"rank_m":103786,"pct_m":0.110346,"gas_method":"exact"},"2023-10":{"txs":0,"uniq":0,"trade":0,"nft":0,"gas":0,"bal":0.0008,"days":0,"spread":0,"streak":0,"rank_m":284695,"pct_m":0.302692},"2023-11":{"txs":22,"uniq":4,"trade":0,"nft":0,"gas":0.005098,"bal":0.00082,"days":1,"spread":0.033333,"streak":1,"rank_m":121514,"pct_m":0.129195,"gas_method":"estimated"},"2023-12":{"txs":2,"uniq":1,"trade":0,"nft":1,"gas":0.000868,"bal":0.000968,"days":1,"spread":0.032258,"streak":1,"rank_m":161813,"pct_m":0.172041,"gas_method":"estimated"},"2024-01":{"txs":0,"uniq":0,"trade":0,"nft":0,"gas":0,"bal":0.000968,"days":0,"spread":0,"streak":0,"rank_m":316816,"pct_m":0.336843},"2024-02":{"txs":0,"uniq":0,"trade":0,"nft":0,"gas":0,"bal":0.000968,"days":0,"spread":0,"streak":0,"rank_m":365442,"pct_m":0.388543},"2024-03":{"txs":1,"uniq":1,"trade":0,"nft":1,"gas":0.000342,"bal":0.00134,"days":1,"spread":0.032258,"streak":1,"rank_m":331739,"pct_m":0.35271,"gas_method":"estimated"},"2024-04":{"txs":1,"uniq":1,"trade":0,"nft":0,"gas":0.000042,"bal":0.001138,"days":1,"spread":0.033333,"streak":1,"rank_m":442489,"pct_m":0.470461,"gas_method":"estimated"},"2024-05":{"txs":0,"uniq":0,"trade":0,"nft":0,"gas":0,"bal":0.001138,"days":0,"spread":0,"streak":0,"rank_m":531499,"pct_m":0.565098},"2024-06":{"txs":0,"uniq":0,"trade":0,"nft":0,"gas":0,"bal":0.001138,"days":0,"spread":0,"streak":0,"rank_m":548221,"pct_m":0.582877},"2024-07":{"txs":0,"uniq":0,"trade":0,"nft":0,"gas":0,"bal":0.001138,"days":0,"spread":0,"streak":0,"rank_m":567335,"pct_m":0.6032},"2024-08":{"txs":0,"uniq":0,"trade":0,"nft":0,"gas":0,"bal":0.001138,"days":0,"spread":0,"streak":0,"rank_m":583339,"pct_m":0.620215},"2024-09":{"txs":0,"uniq":0,"trade":0,"nft":0,"gas":0,"bal":0.001138,"days":0,"spread":0,"streak":0,"rank_m":576439,"pct_m":0.612879},"2024-10":{"txs":0,"uniq":0,"trade":0,"nft":0,"gas":0,"bal":0.001138,"days":0,"spread":0,"streak":0,"rank_m":617361,"pct_m":0.656388},"2024-11":{"txs":0,"uniq":0,"trade":0,"nft":0,"gas":0,"bal":0.001138,"days":0,"spread":0,"streak":0,"rank_m":625946,"pct_m":0.665516},"2024-12":{"txs":0,"uniq":0,"trade":0,"nft":0,"gas":0,"bal":0.001138,"days":0,"spread":0,"streak":0,"rank_m":669563,"pct_m":0.71189},"2025-01":{"txs":0,"uniq":0,"trade":0,"nft":0,"gas":0,"bal":0.001138,"days":0,"spread":0,"streak":0,"rank_m":662819,"pct_m":0.70472},"2025-02":{"txs":0,"uniq":0,"trade":0,"nft":0,"gas":0,"bal":0.001138,"days":0,"spread":0,"streak":0,"rank_m":680636,"pct_m":0.723663},"2025-03":{"txs":0,"uniq":0,"trade":0,"nft":0,"gas":0,"bal":0.001138,"days":0,"spread":0,"streak":0,"rank_m":680265,"pct_m":0.723269},"2025-04":{"txs":0,"uniq":0,"trade":0,"nft":0,"gas":0,"bal":0.001138,"days":0,"spread":0,"streak":0,"rank_m":703664,"pct_m":0.748147},"2025-05":{"txs":0,"uniq":0,"trade":0,"nft":0,"gas":0,"bal":0.001138,"days":0,"spread":0,"streak":0,"rank_m":696860,"pct_m":0.740913},"2025-06":{"txs":0,"uniq":0,"trade":0,"nft":0,"gas":0,"bal":0.001138,"days":0,"spread":0,"streak":0,"rank_m":698539,"pct_m":0.742698},"2025-07":{"txs":0,"uniq":0,"trade":0,"nft":0,"gas":0,"bal":0.001138,"days":0,"spread":0,"streak":0,"rank_m":715514,"pct_m":0.760746},"2025-08":{"txs":0,"uniq":0,"trade":0,"nft":0,"gas":0,"bal":0.001138,"days":0,"spread":0,"streak":0,"rank_m":697781,"pct_m":0.741892},"2025-09":{"txs":0,"uniq":0,"trade":0,"nft":0,"gas":0,"bal":0.001138,"days":0,"spread":0,"streak":0,"rank_m":681527,"pct_m":0.724611},"2025-10":{"txs":0,"uniq":0,"trade":0,"nft":0,"gas":0,"bal":0.001138,"days":0,"spread":0,"streak":0,"rank_m":615729,"pct_m":0.654653}}}