{"wallet":"0x6b679d0bb9d11cf24b1bc46b1e1b79351ceb2f46","rank":61571,"lifetime":{"months_active":21,"first":"2023-07","last":"2025-10","tx_sum":531,"uniq_sum":159,"trade_sum":13,"nft_sum":20,"gas_sum":0.003844,"avg_balance_eth_mean":0.041112,"streak_best_days":21,"gas_sum_filled":0.003844},"months":{"2023-07":{"txs":0,"uniq":0,"trade":0,"nft":0,"gas":0,"bal":0,"days":0,"spread":0,"streak":0,"rank_m":567268,"pct_m":0.603128},"2023-08":{"txs":3,"uniq":1,"trade":0,"nft":0,"gas":0.000024,"bal":0.08669,"days":3,"spread":0.096774,"streak":1,"rank_m":119088,"pct_m":0.126615,"gas_method":"exact"},"2023-09":{"txs":1,"uniq":1,"trade":0,"nft":0,"gas":0.00003,"bal":0.087201,"days":1,"spread":0.033333,"streak":1,"rank_m":108976,"pct_m":0.115864,"gas_method":"estimated"},"2023-10":{"txs":0,"uniq":0,"trade":0,"nft":0,"gas":0,"bal":0.087201,"days":0,"spread":0,"streak":0,"rank_m":214872,"pct_m":0.228455},"2023-11":{"txs":0,"uniq":0,"trade":0,"nft":0,"gas":0,"bal":0.087201,"days":0,"spread":0,"streak":0,"rank_m":208677,"pct_m":0.221868},"2023-12":{"txs":0,"uniq":0,"trade":0,"nft":0,"gas":0,"bal":0.087201,"days":0,"spread":0,"streak":0,"rank_m":223369,"pct_m":0.237489},"2024-01":{"txs":2,"uniq":1,"trade":0,"nft":0,"gas":0.000049,"bal":0.000147,"days":1,"spread":0.032258,"streak":1,"rank_m":200397,"pct_m":0.213065,"gas_method":"estimated"},"2024-02":{"txs":15,"uniq":10,"trade":0,"nft":10,"gas":0.000206,"bal":0.000347,"days":4,"spread":0.137931,"streak":2,"rank_m":131520,"pct_m":0.139833,"gas_method":"estimated"},"2024-03":{"txs":13,"uniq":7,"trade":0,"nft":0,"gas":0.000541,"bal":0.000819,"days":3,"spread":0.096774,"streak":1,"rank_m":223006,"pct_m":0.237103,"gas_method":"exact"},"2024-04":{"txs":2,"uniq":2,"trade":0,"nft":1,"gas":0.000131,"bal":0.000267,"days":2,"spread":0.066667,"streak":1,"rank_m":385840,"pct_m":0.410231,"gas_method":"exact"},"2024-05":{"txs":7,"uniq":5,"trade":0,"nft":5,"gas":0.000006,"bal":0.000912,"days":1,"spread":0.032258,"streak":1,"rank_m":387674,"pct_m":0.412181,"gas_method":"estimated"},"2024-06":{"txs":0,"uniq":0,"trade":0,"nft":0,"gas":0,"bal":0.000912,"days":0,"spread":0,"streak":0,"rank_m":558043,"pct_m":0.59332},"2024-07":{"txs":5,"uniq":3,"trade":0,"nft":0,"gas":0.000003,"bal":0.001339,"days":1,"spread":0.032258,"streak":1,"rank_m":359716,"pct_m":0.382455,"gas_method":"exact"},"2024-08":{"txs":23,"uniq":9,"trade":0,"nft":2,"gas":0.000002,"bal":0.003304,"days":5,"spread":0.16129,"streak":2,"rank_m":213598,"pct_m":0.2271,"gas_method":"estimated"},"2024-09":{"txs":32,"uniq":4,"trade":0,"nft":1,"gas":0.000001,"bal":0.003829,"days":3,"spread":0.1,"streak":3,"rank_m":186965,"pct_m":0.198783,"gas_method":"estimated"},"2024-10":{"txs":9,"uniq":7,"trade":1,"nft":1,"gas":0.000001,"bal":0.00166,"days":2,"spread":0.064516,"streak":2,"rank_m":269415,"pct_m":0.286446,"gas_method":"estimated"},"2024-11":{"txs":24,"uniq":11,"trade":0,"nft":0,"gas":0.000055,"bal":0.000389,"days":3,"spread":0.1,"streak":3,"rank_m":254544,"pct_m":0.270635,"gas_method":"exact"},"2024-12":{"txs":1,"uniq":1,"trade":0,"nft":0,"gas":0.000022,"bal":0.000973,"days":1,"spread":0.032258,"streak":1,"rank_m":558753,"pct_m":0.594075,"gas_method":"exact"},"2025-01":{"txs":0,"uniq":0,"trade":0,"nft":0,"gas":0,"bal":0.000973,"days":0,"spread":0,"streak":0,"rank_m":668864,"pct_m":0.711147},"2025-02":{"txs":0,"uniq":0,"trade":0,"nft":0,"gas":0,"bal":0.000973,"days":0,"spread":0,"streak":0,"rank_m":687711,"pct_m":0.731186},"2025-03":{"txs":2,"uniq":2,"trade":0,"nft":0,"gas":0.000016,"bal":0.000893,"days":1,"spread":0.032258,"streak":1,"rank_m":451916,"pct_m":0.480484,"gas_method":"exact"},"2025-04":{"txs":2,"uniq":2,"trade":0,"nft":0,"gas":0.000012,"bal":0.000869,"days":1,"spread":0.033333,"streak":1,"rank_m":487423,"pct_m":0.518236,"gas_method":"exact"},"2025-05":{"txs":24,"uniq":8,"trade":12,"nft":0,"gas":0.000169,"bal":0.002507,"days":5,"spread":0.16129,"streak":3,"rank_m":112659,"pct_m":0.11978,"gas_method":"estimated"},"2025-06":{"txs":2,"uniq":2,"trade":0,"nft":0,"gas":0.000014,"bal":0.002318,"days":1,"spread":0.033333,"streak":1,"rank_m":467108,"pct_m":0.496637,"gas_method":"estimated"},"2025-07":{"txs":1,"uniq":0,"trade":0,"nft":0,"gas":0.000007,"bal":0.031618,"days":1,"spread":0.032258,"streak":1,"rank_m":341347,"pct_m":0.362925,"gas_method":"estimated"},"2025-08":{"txs":258,"uniq":55,"trade":0,"nft":0,"gas":0.001816,"bal":0.205979,"days":22,"spread":0.709677,"streak":21,"rank_m":3839,"pct_m":0.004081,"gas_method":"estimated"},"2025-09":{"txs":104,"uniq":28,"trade":0,"nft":0,"gas":0.000732,"bal":0.4546,"days":16,"spread":0.533333,"streak":6,"rank_m":7068,"pct_m":0.007514,"gas_method":"estimated"},"2025-10":{"txs":1,"uniq":0,"trade":0,"nft":0,"gas":0.000007,"bal":0,"days":1,"spread":0.032258,"streak":1,"rank_m":724375,"pct_m":0.770167,"gas_method":"estimated"}}}