{"wallet":"0x6b62240234afd9bd4e5efccb44f96254da30a324","rank":16819,"lifetime":{"months_active":26,"first":"2023-07","last":"2025-10","tx_sum":816,"uniq_sum":374,"trade_sum":19,"nft_sum":227,"gas_sum":0.00883,"avg_balance_eth_mean":0.046544,"streak_best_days":11,"gas_sum_filled":0.00883},"months":{"2023-07":{"txs":0,"uniq":0,"trade":0,"nft":0,"gas":0,"bal":0,"days":0,"spread":0,"streak":0,"rank_m":567340,"pct_m":0.603205},"2023-08":{"txs":12,"uniq":8,"trade":1,"nft":6,"gas":0.001801,"bal":0.014154,"days":6,"spread":0.193548,"streak":3,"rank_m":44440,"pct_m":0.047248,"gas_method":"exact"},"2023-09":{"txs":19,"uniq":13,"trade":2,"nft":9,"gas":0.00078,"bal":0.019499,"days":8,"spread":0.266667,"streak":3,"rank_m":11601,"pct_m":0.012333,"gas_method":"exact"},"2023-10":{"txs":17,"uniq":13,"trade":0,"nft":6,"gas":0.000056,"bal":0.018668,"days":7,"spread":0.225806,"streak":3,"rank_m":14397,"pct_m":0.015306,"gas_method":"exact"},"2023-11":{"txs":23,"uniq":12,"trade":0,"nft":5,"gas":0.000284,"bal":0.011364,"days":8,"spread":0.266667,"streak":3,"rank_m":15170,"pct_m":0.016128,"gas_method":"estimated"},"2023-12":{"txs":28,"uniq":14,"trade":0,"nft":7,"gas":0.000132,"bal":0.036157,"days":8,"spread":0.258065,"streak":2,"rank_m":6833,"pct_m":0.007264,"gas_method":"exact"},"2024-01":{"txs":17,"uniq":14,"trade":2,"nft":12,"gas":0.000124,"bal":0.047065,"days":7,"spread":0.225806,"streak":1,"rank_m":18918,"pct_m":0.020113,"gas_method":"exact"},"2024-02":{"txs":86,"uniq":23,"trade":2,"nft":17,"gas":0.002522,"bal":0.050904,"days":10,"spread":0.344828,"streak":4,"rank_m":3020,"pct_m":0.00321,"gas_method":"exact"},"2024-03":{"txs":34,"uniq":18,"trade":0,"nft":11,"gas":0.00062,"bal":0.047081,"days":8,"spread":0.258065,"streak":2,"rank_m":49608,"pct_m":0.052743,"gas_method":"estimated"},"2024-04":{"txs":43,"uniq":25,"trade":3,"nft":14,"gas":0.000097,"bal":0.041793,"days":9,"spread":0.3,"streak":4,"rank_m":52981,"pct_m":0.056329,"gas_method":"estimated"},"2024-05":{"txs":29,"uniq":19,"trade":0,"nft":14,"gas":0.000022,"bal":0.038156,"days":14,"spread":0.451613,"streak":5,"rank_m":41869,"pct_m":0.044515,"gas_method":"estimated"},"2024-06":{"txs":61,"uniq":28,"trade":1,"nft":14,"gas":0.000005,"bal":0.029428,"days":19,"spread":0.633333,"streak":9,"rank_m":7232,"pct_m":0.007688,"gas_method":"exact"},"2024-07":{"txs":47,"uniq":23,"trade":0,"nft":9,"gas":0.000005,"bal":0.0087,"days":11,"spread":0.354839,"streak":2,"rank_m":60884,"pct_m":0.064732,"gas_method":"estimated"},"2024-08":{"txs":78,"uniq":28,"trade":3,"nft":29,"gas":0.000016,"bal":0.028233,"days":16,"spread":0.516129,"streak":5,"rank_m":4723,"pct_m":0.005021,"gas_method":"exact"},"2024-09":{"txs":67,"uniq":32,"trade":0,"nft":28,"gas":0.000003,"bal":0.02678,"days":16,"spread":0.533333,"streak":5,"rank_m":11574,"pct_m":0.012305,"gas_method":"estimated"},"2024-10":{"txs":87,"uniq":31,"trade":2,"nft":31,"gas":0.00001,"bal":0.021283,"days":20,"spread":0.645161,"streak":6,"rank_m":7133,"pct_m":0.007583,"gas_method":"exact"},"2024-11":{"txs":32,"uniq":14,"trade":0,"nft":4,"gas":0.000074,"bal":0.024885,"days":11,"spread":0.366667,"streak":3,"rank_m":56721,"pct_m":0.060306,"gas_method":"exact"},"2024-12":{"txs":70,"uniq":27,"trade":2,"nft":10,"gas":0.001521,"bal":0.029372,"days":17,"spread":0.548387,"streak":8,"rank_m":19339,"pct_m":0.020561,"gas_method":"exact"},"2025-01":{"txs":17,"uniq":6,"trade":0,"nft":0,"gas":0.000442,"bal":0.02633,"days":6,"spread":0.193548,"streak":2,"rank_m":170686,"pct_m":0.181475,"gas_method":"exact"},"2025-02":{"txs":12,"uniq":7,"trade":0,"nft":0,"gas":0.000084,"bal":0.025443,"days":3,"spread":0.107143,"streak":2,"rank_m":156276,"pct_m":0.166154,"gas_method":"exact"},"2025-03":{"txs":4,"uniq":4,"trade":1,"nft":1,"gas":0.000032,"bal":0.025085,"days":4,"spread":0.129032,"streak":2,"rank_m":177561,"pct_m":0.188785,"gas_method":"exact"},"2025-04":{"txs":7,"uniq":2,"trade":0,"nft":0,"gas":0.000018,"bal":0.096278,"days":2,"spread":0.066667,"streak":1,"rank_m":302472,"pct_m":0.321593,"gas_method":"exact"},"2025-05":{"txs":8,"uniq":5,"trade":0,"nft":0,"gas":0.000056,"bal":0.096269,"days":2,"spread":0.064516,"streak":1,"rank_m":113721,"pct_m":0.120909,"gas_method":"estimated"},"2025-06":{"txs":2,"uniq":2,"trade":0,"nft":0,"gas":0.000014,"bal":0.09625,"days":1,"spread":0.033333,"streak":1,"rank_m":233102,"pct_m":0.247837,"gas_method":"estimated"},"2025-07":{"txs":4,"uniq":4,"trade":0,"nft":0,"gas":0.000028,"bal":0.096456,"days":2,"spread":0.064516,"streak":1,"rank_m":208807,"pct_m":0.222006,"gas_method":"estimated"},"2025-08":{"txs":0,"uniq":0,"trade":0,"nft":0,"gas":0,"bal":0.096456,"days":0,"spread":0,"streak":0,"rank_m":410804,"pct_m":0.436773},"2025-09":{"txs":11,"uniq":2,"trade":0,"nft":0,"gas":0.000077,"bal":0.106296,"days":2,"spread":0.066667,"streak":2,"rank_m":150674,"pct_m":0.160198,"gas_method":"estimated"},"2025-10":{"txs":1,"uniq":0,"trade":0,"nft":0,"gas":0.000007,"bal":0.144843,"days":1,"spread":0.032258,"streak":1,"rank_m":161369,"pct_m":0.171569,"gas_method":"estimated"}}}