{"wallet":"0x6b32224aec611788b4ec19e9bd06bdca38062036","rank":102538,"lifetime":{"months_active":25,"first":"2023-07","last":"2025-10","tx_sum":582,"uniq_sum":171,"trade_sum":0,"nft_sum":127,"gas_sum":0.010038,"avg_balance_eth_mean":0.185664,"streak_best_days":0,"gas_sum_filled":0.010038},"months":{"2023-07":{"txs":2,"uniq":1,"trade":0,"nft":1,"gas":0.000156,"bal":0.000169,"days":1,"spread":0.032258,"streak":0,"rank_m":90325,"pct_m":0.096034,"gas_method":"exact"},"2023-08":{"txs":19,"uniq":17,"trade":0,"nft":13,"gas":0.002411,"bal":0.003081,"days":11,"spread":0.354839,"streak":0,"rank_m":106646,"pct_m":0.113387,"gas_method":"exact"},"2023-09":{"txs":2,"uniq":2,"trade":0,"nft":2,"gas":0.000023,"bal":0.003683,"days":2,"spread":0.066667,"streak":0,"rank_m":145630,"pct_m":0.154835,"gas_method":"exact"},"2023-10":{"txs":10,"uniq":7,"trade":0,"nft":6,"gas":0.00002,"bal":0.003105,"days":7,"spread":0.225806,"streak":0,"rank_m":110315,"pct_m":0.117288,"gas_method":"exact"},"2023-11":{"txs":18,"uniq":5,"trade":0,"nft":13,"gas":0.000278,"bal":0.000649,"days":14,"spread":0.466667,"streak":0,"rank_m":131013,"pct_m":0.139294,"gas_method":"estimated"},"2023-12":{"txs":9,"uniq":6,"trade":0,"nft":6,"gas":0.000088,"bal":0.00456,"days":9,"spread":0.290323,"streak":0,"rank_m":100102,"pct_m":0.106429,"gas_method":"exact"},"2024-01":{"txs":8,"uniq":7,"trade":0,"nft":8,"gas":0.000113,"bal":0.003891,"days":8,"spread":0.258065,"streak":0,"rank_m":113895,"pct_m":0.121094,"gas_method":"exact"},"2024-02":{"txs":15,"uniq":11,"trade":0,"nft":9,"gas":0.000229,"bal":0.004073,"days":8,"spread":0.275862,"streak":0,"rank_m":137285,"pct_m":0.145963,"gas_method":"estimated"},"2024-03":{"txs":24,"uniq":14,"trade":0,"nft":10,"gas":0.000548,"bal":0.030302,"days":11,"spread":0.354839,"streak":0,"rank_m":129199,"pct_m":0.137366,"gas_method":"estimated"},"2024-04":{"txs":43,"uniq":31,"trade":0,"nft":35,"gas":0.000019,"bal":1.189345,"days":15,"spread":0.5,"streak":0,"rank_m":95607,"pct_m":0.10165,"gas_method":"exact"},"2024-05":{"txs":19,"uniq":14,"trade":0,"nft":16,"gas":0.000006,"bal":1.461379,"days":13,"spread":0.419355,"streak":0,"rank_m":114698,"pct_m":0.121948,"gas_method":"exact"},"2024-06":{"txs":7,"uniq":5,"trade":0,"nft":6,"gas":0,"bal":1.388438,"days":5,"spread":0.166667,"streak":0,"rank_m":199602,"pct_m":0.212219,"gas_method":"exact"},"2024-07":{"txs":19,"uniq":13,"trade":0,"nft":2,"gas":0.000003,"bal":1.104681,"days":4,"spread":0.129032,"streak":0,"rank_m":156476,"pct_m":0.166367,"gas_method":"estimated"},"2024-08":{"txs":1,"uniq":1,"trade":0,"nft":0,"gas":0,"bal":0.000558,"days":1,"spread":0.032258,"streak":0,"rank_m":481936,"pct_m":0.512402,"gas_method":"exact"},"2024-09":{"txs":8,"uniq":8,"trade":0,"nft":0,"gas":0,"bal":0.000223,"days":1,"spread":0.033333,"streak":0,"rank_m":476278,"pct_m":0.506386,"gas_method":"estimated"},"2024-10":{"txs":0,"uniq":0,"trade":0,"nft":0,"gas":0,"bal":0.000223,"days":0,"spread":0,"streak":0,"rank_m":671598,"pct_m":0.714054},"2024-11":{"txs":0,"uniq":0,"trade":0,"nft":0,"gas":0,"bal":0.000223,"days":0,"spread":0,"streak":0,"rank_m":686343,"pct_m":0.729731},"2024-12":{"txs":223,"uniq":12,"trade":0,"nft":0,"gas":0.004829,"bal":0,"days":5,"spread":0.16129,"streak":0,"rank_m":316202,"pct_m":0.336191,"gas_method":"exact"},"2025-01":{"txs":13,"uniq":5,"trade":0,"nft":0,"gas":0.000338,"bal":0.000001,"days":2,"spread":0.064516,"streak":0,"rank_m":480663,"pct_m":0.511048,"gas_method":"exact"},"2025-02":{"txs":66,"uniq":7,"trade":0,"nft":0,"gas":0.000443,"bal":0.000001,"days":3,"spread":0.107143,"streak":0,"rank_m":333112,"pct_m":0.35417,"gas_method":"exact"},"2025-03":{"txs":1,"uniq":1,"trade":0,"nft":0,"gas":0.000008,"bal":0,"days":1,"spread":0.032258,"streak":0,"rank_m":608696,"pct_m":0.647175,"gas_method":"exact"},"2025-04":{"txs":0,"uniq":0,"trade":0,"nft":0,"gas":0,"bal":0,"days":0,"spread":0,"streak":0,"rank_m":885562,"pct_m":0.941544},"2025-05":{"txs":7,"uniq":4,"trade":0,"nft":0,"gas":0.000049,"bal":0,"days":2,"spread":0.064516,"streak":0,"rank_m":681961,"pct_m":0.725072,"gas_method":"estimated"},"2025-06":{"txs":12,"uniq":0,"trade":0,"nft":0,"gas":0.000084,"bal":0,"days":1,"spread":0.033333,"streak":0,"rank_m":776768,"pct_m":0.825873,"gas_method":"estimated"},"2025-07":{"txs":34,"uniq":0,"trade":0,"nft":0,"gas":0.000239,"bal":0,"days":5,"spread":0.16129,"streak":0,"rank_m":743901,"pct_m":0.790928,"gas_method":"estimated"},"2025-08":{"txs":9,"uniq":0,"trade":0,"nft":0,"gas":0.000063,"bal":0,"days":2,"spread":0.064516,"streak":0,"rank_m":783695,"pct_m":0.833237,"gas_method":"estimated"},"2025-09":{"txs":12,"uniq":0,"trade":0,"nft":0,"gas":0.000084,"bal":0,"days":6,"spread":0.2,"streak":0,"rank_m":747163,"pct_m":0.794396,"gas_method":"estimated"},"2025-10":{"txs":1,"uniq":0,"trade":0,"nft":0,"gas":0.000007,"bal":0,"days":1,"spread":0.032258,"streak":0,"rank_m":789138,"pct_m":0.839025,"gas_method":"estimated"}}}