{"wallet":"0x6bf10654776f5e93cccd6b0436f43b308c2c9c28","rank":72762,"lifetime":{"months_active":13,"first":"2023-07","last":"2025-10","tx_sum":1945,"uniq_sum":275,"trade_sum":110,"nft_sum":24,"gas_sum":0.015027,"avg_balance_eth_mean":0.00292,"streak_best_days":14,"gas_sum_filled":0.015027},"months":{"2023-07":{"txs":0,"uniq":0,"trade":0,"nft":0,"gas":0,"bal":0,"days":0,"spread":0,"streak":0,"rank_m":565476,"pct_m":0.601223},"2023-08":{"txs":0,"uniq":0,"trade":0,"nft":0,"gas":0,"bal":0,"days":0,"spread":0,"streak":0,"rank_m":614042,"pct_m":0.652859},"2023-09":{"txs":0,"uniq":0,"trade":0,"nft":0,"gas":0,"bal":0,"days":0,"spread":0,"streak":0,"rank_m":627038,"pct_m":0.666677},"2023-10":{"txs":0,"uniq":0,"trade":0,"nft":0,"gas":0,"bal":0,"days":0,"spread":0,"streak":0,"rank_m":637531,"pct_m":0.677833},"2023-11":{"txs":0,"uniq":0,"trade":0,"nft":0,"gas":0,"bal":0,"days":0,"spread":0,"streak":0,"rank_m":646823,"pct_m":0.687713},"2023-12":{"txs":0,"uniq":0,"trade":0,"nft":0,"gas":0,"bal":0,"days":0,"spread":0,"streak":0,"rank_m":658006,"pct_m":0.699603},"2024-01":{"txs":0,"uniq":0,"trade":0,"nft":0,"gas":0,"bal":0,"days":0,"spread":0,"streak":0,"rank_m":667957,"pct_m":0.710183},"2024-02":{"txs":73,"uniq":19,"trade":0,"nft":12,"gas":0.00047,"bal":0.000093,"days":9,"spread":0.310345,"streak":6,"rank_m":47513,"pct_m":0.050516,"gas_method":"exact"},"2024-03":{"txs":641,"uniq":76,"trade":0,"nft":3,"gas":0.009465,"bal":0.029675,"days":15,"spread":0.483871,"streak":14,"rank_m":16330,"pct_m":0.017361,"gas_method":"estimated"},"2024-04":{"txs":253,"uniq":49,"trade":0,"nft":5,"gas":0.001442,"bal":0.008064,"days":16,"spread":0.533333,"streak":7,"rank_m":28950,"pct_m":0.030779,"gas_method":"exact"},"2024-05":{"txs":512,"uniq":54,"trade":5,"nft":3,"gas":0.000309,"bal":0.036779,"days":19,"spread":0.612903,"streak":12,"rank_m":6538,"pct_m":0.00695,"gas_method":"estimated"},"2024-06":{"txs":42,"uniq":6,"trade":0,"nft":0,"gas":0.000014,"bal":0.000482,"days":3,"spread":0.1,"streak":2,"rank_m":226064,"pct_m":0.240354,"gas_method":"exact"},"2024-07":{"txs":16,"uniq":6,"trade":0,"nft":0,"gas":0.000001,"bal":0.000912,"days":3,"spread":0.096774,"streak":2,"rank_m":343090,"pct_m":0.364778,"gas_method":"estimated"},"2024-08":{"txs":0,"uniq":0,"trade":0,"nft":0,"gas":0,"bal":0.000912,"days":0,"spread":0,"streak":0,"rank_m":590275,"pct_m":0.62759},"2024-09":{"txs":0,"uniq":0,"trade":0,"nft":0,"gas":0,"bal":0.000912,"days":0,"spread":0,"streak":0,"rank_m":587231,"pct_m":0.624353},"2024-10":{"txs":0,"uniq":0,"trade":0,"nft":0,"gas":0,"bal":0.000912,"days":0,"spread":0,"streak":0,"rank_m":626357,"pct_m":0.665953},"2024-11":{"txs":15,"uniq":5,"trade":0,"nft":0,"gas":0.000032,"bal":0.000162,"days":2,"spread":0.066667,"streak":2,"rank_m":347124,"pct_m":0.369067,"gas_method":"exact"},"2024-12":{"txs":43,"uniq":17,"trade":3,"nft":1,"gas":0.000882,"bal":0.000087,"days":8,"spread":0.258065,"streak":2,"rank_m":202903,"pct_m":0.215729,"gas_method":"exact"},"2025-01":{"txs":0,"uniq":0,"trade":0,"nft":0,"gas":0,"bal":0.000087,"days":0,"spread":0,"streak":0,"rank_m":747854,"pct_m":0.795131},"2025-02":{"txs":0,"uniq":0,"trade":0,"nft":0,"gas":0,"bal":0.000087,"days":0,"spread":0,"streak":0,"rank_m":773273,"pct_m":0.822157},"2025-03":{"txs":5,"uniq":2,"trade":3,"nft":0,"gas":0.000032,"bal":0.0009,"days":3,"spread":0.096774,"streak":1,"rank_m":331853,"pct_m":0.352831,"gas_method":"exact"},"2025-04":{"txs":7,"uniq":5,"trade":3,"nft":0,"gas":0.000002,"bal":0.000963,"days":3,"spread":0.1,"streak":2,"rank_m":304053,"pct_m":0.323274,"gas_method":"exact"},"2025-05":{"txs":272,"uniq":26,"trade":90,"nft":0,"gas":0.001914,"bal":0.000197,"days":6,"spread":0.193548,"streak":6,"rank_m":171506,"pct_m":0.182347,"gas_method":"estimated"},"2025-06":{"txs":60,"uniq":7,"trade":4,"nft":0,"gas":0.000422,"bal":0.000509,"days":4,"spread":0.133333,"streak":2,"rank_m":280872,"pct_m":0.298627,"gas_method":"estimated"},"2025-07":{"txs":6,"uniq":3,"trade":2,"nft":0,"gas":0.000042,"bal":0.000004,"days":2,"spread":0.064516,"streak":2,"rank_m":512096,"pct_m":0.544469,"gas_method":"estimated"},"2025-08":{"txs":0,"uniq":0,"trade":0,"nft":0,"gas":0,"bal":0.000004,"days":0,"spread":0,"streak":0,"rank_m":910274,"pct_m":0.967819},"2025-09":{"txs":0,"uniq":0,"trade":0,"nft":0,"gas":0,"bal":0.000004,"days":0,"spread":0,"streak":0,"rank_m":907792,"pct_m":0.96518},"2025-10":{"txs":0,"uniq":0,"trade":0,"nft":0,"gas":0,"bal":0.000004,"days":0,"spread":0,"streak":0,"rank_m":892697,"pct_m":0.94913}}}