{"wallet":"0x6b5cd2033eca2d0155b7f621f12d6d2bbd56a359","rank":352937,"lifetime":{"months_active":18,"first":"2023-07","last":"2025-10","tx_sum":223,"uniq_sum":107,"trade_sum":0,"nft_sum":64,"gas_sum":0.002127,"avg_balance_eth_mean":0.001962,"streak_best_days":6,"gas_sum_filled":0.002127},"months":{"2023-07":{"txs":0,"uniq":0,"trade":0,"nft":0,"gas":0,"bal":0,"days":0,"spread":0,"streak":0,"rank_m":567415,"pct_m":0.603285},"2023-08":{"txs":11,"uniq":3,"trade":0,"nft":0,"gas":0.000284,"bal":0.003348,"days":5,"spread":0.16129,"streak":4,"rank_m":93566,"pct_m":0.09948,"gas_method":"exact"},"2023-09":{"txs":14,"uniq":11,"trade":0,"nft":6,"gas":0.00026,"bal":0.002135,"days":6,"spread":0.2,"streak":1,"rank_m":46389,"pct_m":0.049321,"gas_method":"exact"},"2023-10":{"txs":33,"uniq":19,"trade":0,"nft":12,"gas":0.000021,"bal":0.011348,"days":9,"spread":0.290323,"streak":2,"rank_m":13722,"pct_m":0.014588,"gas_method":"exact"},"2023-11":{"txs":4,"uniq":3,"trade":0,"nft":2,"gas":0.000026,"bal":0.003724,"days":3,"spread":0.1,"streak":1,"rank_m":64771,"pct_m":0.068865,"gas_method":"exact"},"2023-12":{"txs":6,"uniq":3,"trade":0,"nft":0,"gas":0.00013,"bal":0.000065,"days":2,"spread":0.064516,"streak":1,"rank_m":172434,"pct_m":0.183334,"gas_method":"estimated"},"2024-01":{"txs":3,"uniq":2,"trade":0,"nft":1,"gas":0.000061,"bal":0.004243,"days":2,"spread":0.064516,"streak":1,"rank_m":122549,"pct_m":0.130295,"gas_method":"estimated"},"2024-02":{"txs":32,"uniq":19,"trade":0,"nft":11,"gas":0.000058,"bal":0.002657,"days":11,"spread":0.37931,"streak":5,"rank_m":26571,"pct_m":0.02825,"gas_method":"exact"},"2024-03":{"txs":16,"uniq":12,"trade":0,"nft":7,"gas":0.000678,"bal":0.003837,"days":9,"spread":0.290323,"streak":2,"rank_m":89529,"pct_m":0.095188,"gas_method":"exact"},"2024-04":{"txs":13,"uniq":6,"trade":0,"nft":16,"gas":0.000027,"bal":0.002539,"days":9,"spread":0.3,"streak":2,"rank_m":246013,"pct_m":0.261564,"gas_method":"estimated"},"2024-05":{"txs":9,"uniq":4,"trade":0,"nft":2,"gas":0.000022,"bal":0.003768,"days":3,"spread":0.096774,"streak":1,"rank_m":281310,"pct_m":0.299093,"gas_method":"exact"},"2024-06":{"txs":8,"uniq":7,"trade":0,"nft":4,"gas":0.000001,"bal":0.001415,"days":4,"spread":0.133333,"streak":2,"rank_m":201989,"pct_m":0.214757,"gas_method":"exact"},"2024-07":{"txs":0,"uniq":0,"trade":0,"nft":0,"gas":0,"bal":0.001415,"days":0,"spread":0,"streak":0,"rank_m":562264,"pct_m":0.597808},"2024-08":{"txs":1,"uniq":1,"trade":0,"nft":3,"gas":0,"bal":0.000006,"days":1,"spread":0.032258,"streak":1,"rank_m":505433,"pct_m":0.537384,"gas_method":"estimated"},"2024-09":{"txs":0,"uniq":0,"trade":0,"nft":0,"gas":0,"bal":0.000006,"days":0,"spread":0,"streak":0,"rank_m":708083,"pct_m":0.752845},"2024-10":{"txs":0,"uniq":0,"trade":0,"nft":0,"gas":0,"bal":0.000006,"days":0,"spread":0,"streak":0,"rank_m":731126,"pct_m":0.777345},"2024-11":{"txs":0,"uniq":0,"trade":0,"nft":0,"gas":0,"bal":0.000006,"days":0,"spread":0,"streak":0,"rank_m":748388,"pct_m":0.795698},"2024-12":{"txs":2,"uniq":1,"trade":0,"nft":0,"gas":0.000022,"bal":0.000096,"days":1,"spread":0.032258,"streak":1,"rank_m":589514,"pct_m":0.626781,"gas_method":"exact"},"2025-01":{"txs":5,"uniq":3,"trade":0,"nft":0,"gas":0.000078,"bal":0.000609,"days":3,"spread":0.096774,"streak":1,"rank_m":462013,"pct_m":0.491219,"gas_method":"exact"},"2025-02":{"txs":0,"uniq":0,"trade":0,"nft":0,"gas":0,"bal":0.000609,"days":0,"spread":0,"streak":0,"rank_m":705984,"pct_m":0.750614},"2025-03":{"txs":0,"uniq":0,"trade":0,"nft":0,"gas":0,"bal":0.000609,"days":0,"spread":0,"streak":0,"rank_m":712064,"pct_m":0.757078},"2025-04":{"txs":5,"uniq":4,"trade":0,"nft":0,"gas":0.00003,"bal":0.002389,"days":1,"spread":0.033333,"streak":1,"rank_m":387283,"pct_m":0.411765,"gas_method":"exact"},"2025-05":{"txs":0,"uniq":0,"trade":0,"nft":0,"gas":0,"bal":0.002389,"days":0,"spread":0,"streak":0,"rank_m":644446,"pct_m":0.685185},"2025-06":{"txs":0,"uniq":0,"trade":0,"nft":0,"gas":0,"bal":0.002389,"days":0,"spread":0,"streak":0,"rank_m":648591,"pct_m":0.689592},"2025-07":{"txs":0,"uniq":0,"trade":0,"nft":0,"gas":0,"bal":0.002389,"days":0,"spread":0,"streak":0,"rank_m":667679,"pct_m":0.709887},"2025-08":{"txs":4,"uniq":1,"trade":0,"nft":0,"gas":0.000028,"bal":0.002769,"days":1,"spread":0.032258,"streak":1,"rank_m":441533,"pct_m":0.469445,"gas_method":"estimated"},"2025-09":{"txs":44,"uniq":4,"trade":0,"nft":0,"gas":0.00031,"bal":0.000157,"days":5,"spread":0.166667,"streak":4,"rank_m":432456,"pct_m":0.459794,"gas_method":"estimated"},"2025-10":{"txs":13,"uniq":4,"trade":0,"nft":0,"gas":0.000091,"bal":0.000006,"days":2,"spread":0.064516,"streak":1,"rank_m":494075,"pct_m":0.525308,"gas_method":"estimated"}}}