{"wallet":"0x6bc883ca87f16b639df61efb2716f9ddba1430ff","rank":108588,"lifetime":{"months_active":21,"first":"2023-07","last":"2025-10","tx_sum":245,"uniq_sum":109,"trade_sum":23,"nft_sum":61,"gas_sum":0.004496,"avg_balance_eth_mean":0.006827,"streak_best_days":15,"gas_sum_filled":0.004496},"months":{"2023-07":{"txs":0,"uniq":0,"trade":0,"nft":0,"gas":0,"bal":0,"days":0,"spread":0,"streak":0,"rank_m":566012,"pct_m":0.601793},"2023-08":{"txs":38,"uniq":26,"trade":0,"nft":22,"gas":0.002581,"bal":0.007787,"days":19,"spread":0.612903,"streak":14,"rank_m":15520,"pct_m":0.0165,"gas_method":"exact"},"2023-09":{"txs":8,"uniq":6,"trade":0,"nft":5,"gas":0.000329,"bal":0.001781,"days":4,"spread":0.133333,"streak":2,"rank_m":51275,"pct_m":0.054515,"gas_method":"exact"},"2023-10":{"txs":62,"uniq":15,"trade":0,"nft":5,"gas":0.00001,"bal":0.005636,"days":8,"spread":0.258065,"streak":4,"rank_m":17482,"pct_m":0.018586,"gas_method":"exact"},"2023-11":{"txs":6,"uniq":4,"trade":2,"nft":0,"gas":0.000083,"bal":0.012253,"days":2,"spread":0.066667,"streak":1,"rank_m":51073,"pct_m":0.054301,"gas_method":"estimated"},"2023-12":{"txs":13,"uniq":7,"trade":5,"nft":7,"gas":0.000337,"bal":0.013552,"days":3,"spread":0.096774,"streak":2,"rank_m":25241,"pct_m":0.026836,"gas_method":"estimated"},"2024-01":{"txs":1,"uniq":1,"trade":0,"nft":0,"gas":0.000024,"bal":0.003671,"days":1,"spread":0.032258,"streak":1,"rank_m":169546,"pct_m":0.180263,"gas_method":"estimated"},"2024-02":{"txs":3,"uniq":2,"trade":0,"nft":2,"gas":0.000041,"bal":0.003991,"days":2,"spread":0.068966,"streak":1,"rank_m":177237,"pct_m":0.18844,"gas_method":"estimated"},"2024-03":{"txs":1,"uniq":1,"trade":0,"nft":1,"gas":0.00002,"bal":0.006138,"days":1,"spread":0.032258,"streak":1,"rank_m":293814,"pct_m":0.312387,"gas_method":"estimated"},"2024-04":{"txs":3,"uniq":2,"trade":0,"nft":1,"gas":0.000008,"bal":0.008714,"days":2,"spread":0.066667,"streak":1,"rank_m":357199,"pct_m":0.379779,"gas_method":"estimated"},"2024-05":{"txs":17,"uniq":7,"trade":0,"nft":8,"gas":0.000014,"bal":0.008664,"days":4,"spread":0.129032,"streak":1,"rank_m":221898,"pct_m":0.235925,"gas_method":"estimated"},"2024-06":{"txs":2,"uniq":2,"trade":0,"nft":2,"gas":0,"bal":0.006154,"days":2,"spread":0.066667,"streak":1,"rank_m":355271,"pct_m":0.377729,"gas_method":"estimated"},"2024-07":{"txs":0,"uniq":0,"trade":0,"nft":0,"gas":0,"bal":0.006154,"days":0,"spread":0,"streak":0,"rank_m":524038,"pct_m":0.557166},"2024-08":{"txs":8,"uniq":3,"trade":0,"nft":5,"gas":0.000001,"bal":0.005887,"days":3,"spread":0.096774,"streak":2,"rank_m":260755,"pct_m":0.277238,"gas_method":"estimated"},"2024-09":{"txs":1,"uniq":1,"trade":0,"nft":1,"gas":0,"bal":0.005561,"days":1,"spread":0.033333,"streak":1,"rank_m":347891,"pct_m":0.369883,"gas_method":"estimated"},"2024-10":{"txs":7,"uniq":6,"trade":0,"nft":0,"gas":0,"bal":0.00974,"days":3,"spread":0.096774,"streak":1,"rank_m":294017,"pct_m":0.312603,"gas_method":"estimated"},"2024-11":{"txs":17,"uniq":7,"trade":6,"nft":1,"gas":0.000037,"bal":0.015995,"days":5,"spread":0.166667,"streak":2,"rank_m":129028,"pct_m":0.137184,"gas_method":"exact"},"2024-12":{"txs":40,"uniq":9,"trade":0,"nft":0,"gas":0.000882,"bal":0.002048,"days":4,"spread":0.129032,"streak":3,"rank_m":207764,"pct_m":0.220897,"gas_method":"exact"},"2025-01":{"txs":0,"uniq":0,"trade":0,"nft":0,"gas":0,"bal":0.002048,"days":0,"spread":0,"streak":0,"rank_m":643134,"pct_m":0.68379},"2025-02":{"txs":4,"uniq":3,"trade":0,"nft":0,"gas":0.000021,"bal":0.003183,"days":2,"spread":0.071429,"streak":1,"rank_m":391983,"pct_m":0.416762,"gas_method":"exact"},"2025-03":{"txs":11,"uniq":5,"trade":10,"nft":0,"gas":0.000087,"bal":0.00956,"days":2,"spread":0.064516,"streak":1,"rank_m":192147,"pct_m":0.204293,"gas_method":"exact"},"2025-04":{"txs":0,"uniq":0,"trade":0,"nft":0,"gas":0,"bal":0.00956,"days":0,"spread":0,"streak":0,"rank_m":618336,"pct_m":0.657425},"2025-05":{"txs":0,"uniq":0,"trade":0,"nft":0,"gas":0,"bal":0.00956,"days":0,"spread":0,"streak":0,"rank_m":540898,"pct_m":0.575091},"2025-06":{"txs":1,"uniq":1,"trade":0,"nft":0,"gas":0.000007,"bal":0.007683,"days":1,"spread":0.033333,"streak":1,"rank_m":380754,"pct_m":0.404823,"gas_method":"estimated"},"2025-07":{"txs":1,"uniq":0,"trade":0,"nft":1,"gas":0.000007,"bal":0.006502,"days":1,"spread":0.032258,"streak":1,"rank_m":395182,"pct_m":0.420164,"gas_method":"estimated"},"2025-08":{"txs":0,"uniq":0,"trade":0,"nft":0,"gas":0,"bal":0.006502,"days":0,"spread":0,"streak":0,"rank_m":569384,"pct_m":0.605378},"2025-09":{"txs":0,"uniq":0,"trade":0,"nft":0,"gas":0,"bal":0.006502,"days":0,"spread":0,"streak":0,"rank_m":558343,"pct_m":0.593639},"2025-10":{"txs":1,"uniq":1,"trade":0,"nft":0,"gas":0.000007,"bal":0.006317,"days":1,"spread":0.032258,"streak":1,"rank_m":271047,"pct_m":0.288181,"gas_method":"estimated"}}}