{"wallet":"0x6b4be8938011a216183ae6814cec4ec59912d11d","rank":181051,"lifetime":{"months_active":27,"first":"2023-07","last":"2025-10","tx_sum":542,"uniq_sum":188,"trade_sum":3,"nft_sum":54,"gas_sum":0.006554,"avg_balance_eth_mean":0.001575,"streak_best_days":0,"gas_sum_filled":0.006554},"months":{"2023-07":{"txs":0,"uniq":0,"trade":0,"nft":0,"gas":0,"bal":0,"days":0,"spread":0,"streak":0,"rank_m":567650,"pct_m":0.603535},"2023-08":{"txs":38,"uniq":19,"trade":0,"nft":5,"gas":0.001797,"bal":0.000496,"days":11,"spread":0.354839,"streak":0,"rank_m":118164,"pct_m":0.125633,"gas_method":"exact"},"2023-09":{"txs":38,"uniq":9,"trade":0,"nft":2,"gas":0.000658,"bal":0.00035,"days":10,"spread":0.333333,"streak":0,"rank_m":115720,"pct_m":0.123035,"gas_method":"exact"},"2023-10":{"txs":12,"uniq":8,"trade":0,"nft":1,"gas":0.000174,"bal":0.000204,"days":5,"spread":0.16129,"streak":0,"rank_m":150261,"pct_m":0.159759,"gas_method":"estimated"},"2023-11":{"txs":4,"uniq":3,"trade":0,"nft":1,"gas":0.0001,"bal":0.000942,"days":2,"spread":0.066667,"streak":0,"rank_m":163460,"pct_m":0.173793,"gas_method":"estimated"},"2023-12":{"txs":9,"uniq":3,"trade":0,"nft":0,"gas":0.000422,"bal":0.001001,"days":7,"spread":0.225806,"streak":0,"rank_m":175271,"pct_m":0.18635,"gas_method":"estimated"},"2024-01":{"txs":2,"uniq":2,"trade":0,"nft":1,"gas":0.000087,"bal":0.000915,"days":2,"spread":0.064516,"streak":0,"rank_m":198251,"pct_m":0.210783,"gas_method":"estimated"},"2024-02":{"txs":8,"uniq":6,"trade":0,"nft":3,"gas":0.000114,"bal":0.000451,"days":4,"spread":0.137931,"streak":0,"rank_m":199292,"pct_m":0.21189,"gas_method":"exact"},"2024-03":{"txs":15,"uniq":9,"trade":0,"nft":6,"gas":0.000555,"bal":0.000449,"days":6,"spread":0.193548,"streak":0,"rank_m":279401,"pct_m":0.297063,"gas_method":"estimated"},"2024-04":{"txs":22,"uniq":10,"trade":0,"nft":5,"gas":0.0001,"bal":0.000724,"days":8,"spread":0.266667,"streak":0,"rank_m":346870,"pct_m":0.368797,"gas_method":"estimated"},"2024-05":{"txs":5,"uniq":4,"trade":0,"nft":5,"gas":0.000008,"bal":0.000273,"days":5,"spread":0.16129,"streak":0,"rank_m":423646,"pct_m":0.450427,"gas_method":"estimated"},"2024-06":{"txs":10,"uniq":8,"trade":0,"nft":3,"gas":0.000001,"bal":0.000843,"days":3,"spread":0.1,"streak":0,"rank_m":390106,"pct_m":0.414767,"gas_method":"estimated"},"2024-07":{"txs":3,"uniq":2,"trade":0,"nft":3,"gas":0.000001,"bal":0.000308,"days":3,"spread":0.096774,"streak":0,"rank_m":457793,"pct_m":0.486733,"gas_method":"estimated"},"2024-08":{"txs":4,"uniq":2,"trade":0,"nft":2,"gas":0.000001,"bal":0.000193,"days":2,"spread":0.064516,"streak":0,"rank_m":497403,"pct_m":0.528847,"gas_method":"estimated"},"2024-09":{"txs":9,"uniq":8,"trade":0,"nft":6,"gas":0.000001,"bal":0.000215,"days":5,"spread":0.166667,"streak":0,"rank_m":355754,"pct_m":0.378243,"gas_method":"estimated"},"2024-10":{"txs":17,"uniq":9,"trade":0,"nft":6,"gas":0.000002,"bal":0.000794,"days":8,"spread":0.258065,"streak":0,"rank_m":324971,"pct_m":0.345514,"gas_method":"estimated"},"2024-11":{"txs":8,"uniq":5,"trade":0,"nft":1,"gas":0.000014,"bal":0.00354,"days":5,"spread":0.166667,"streak":0,"rank_m":339923,"pct_m":0.361411,"gas_method":"exact"},"2024-12":{"txs":12,"uniq":6,"trade":1,"nft":1,"gas":0.000198,"bal":0.002678,"days":8,"spread":0.258065,"streak":0,"rank_m":320026,"pct_m":0.340256,"gas_method":"exact"},"2025-01":{"txs":4,"uniq":2,"trade":0,"nft":1,"gas":0.000104,"bal":0.002168,"days":4,"spread":0.129032,"streak":0,"rank_m":422735,"pct_m":0.449458,"gas_method":"exact"},"2025-02":{"txs":8,"uniq":7,"trade":0,"nft":1,"gas":0.000049,"bal":0.002234,"days":5,"spread":0.178571,"streak":0,"rank_m":289356,"pct_m":0.307647,"gas_method":"exact"},"2025-03":{"txs":17,"uniq":8,"trade":0,"nft":1,"gas":0.000103,"bal":0.005194,"days":6,"spread":0.193548,"streak":0,"rank_m":220488,"pct_m":0.234426,"gas_method":"exact"},"2025-04":{"txs":13,"uniq":6,"trade":0,"nft":0,"gas":0.000066,"bal":0.005228,"days":7,"spread":0.233333,"streak":0,"rank_m":245042,"pct_m":0.260532,"gas_method":"exact"},"2025-05":{"txs":4,"uniq":2,"trade":0,"nft":0,"gas":0.000028,"bal":0.005044,"days":2,"spread":0.064516,"streak":0,"rank_m":392783,"pct_m":0.417613,"gas_method":"estimated"},"2025-06":{"txs":57,"uniq":18,"trade":0,"nft":0,"gas":0.000401,"bal":0.002482,"days":16,"spread":0.533333,"streak":0,"rank_m":256851,"pct_m":0.273088,"gas_method":"estimated"},"2025-07":{"txs":41,"uniq":10,"trade":2,"nft":0,"gas":0.000289,"bal":0.001315,"days":11,"spread":0.354839,"streak":0,"rank_m":270164,"pct_m":0.287242,"gas_method":"estimated"},"2025-08":{"txs":61,"uniq":10,"trade":0,"nft":0,"gas":0.000429,"bal":0.002397,"days":14,"spread":0.451613,"streak":0,"rank_m":274879,"pct_m":0.292255,"gas_method":"estimated"},"2025-09":{"txs":53,"uniq":8,"trade":0,"nft":0,"gas":0.000373,"bal":0.001217,"days":9,"spread":0.3,"streak":0,"rank_m":342485,"pct_m":0.364135,"gas_method":"estimated"},"2025-10":{"txs":68,"uniq":4,"trade":0,"nft":0,"gas":0.000479,"bal":0.002457,"days":8,"spread":0.258065,"streak":0,"rank_m":237525,"pct_m":0.25254,"gas_method":"estimated"}}}