{"wallet":"0x6be74fbe852bcf43810f69a33efcc0483ba5605f","rank":63516,"lifetime":{"months_active":27,"first":"2023-07","last":"2025-10","tx_sum":427,"uniq_sum":218,"trade_sum":17,"nft_sum":123,"gas_sum":0.004596,"avg_balance_eth_mean":0.049166,"streak_best_days":4,"gas_sum_filled":0.004596},"months":{"2023-07":{"txs":3,"uniq":2,"trade":0,"nft":1,"gas":0.000254,"bal":0.000339,"days":1,"spread":0.032258,"streak":1,"rank_m":34657,"pct_m":0.036847,"gas_method":"estimated"},"2023-08":{"txs":7,"uniq":4,"trade":0,"nft":1,"gas":0.000844,"bal":0.008313,"days":4,"spread":0.129032,"streak":1,"rank_m":93350,"pct_m":0.09925,"gas_method":"exact"},"2023-09":{"txs":46,"uniq":5,"trade":0,"nft":1,"gas":0.000145,"bal":0.024456,"days":2,"spread":0.066667,"streak":1,"rank_m":50587,"pct_m":0.053784,"gas_method":"exact"},"2023-10":{"txs":7,"uniq":3,"trade":0,"nft":1,"gas":0.000046,"bal":0.022981,"days":4,"spread":0.129032,"streak":3,"rank_m":46424,"pct_m":0.049358,"gas_method":"estimated"},"2023-11":{"txs":12,"uniq":3,"trade":0,"nft":1,"gas":0.000086,"bal":0.020292,"days":4,"spread":0.133333,"streak":1,"rank_m":39053,"pct_m":0.041521,"gas_method":"exact"},"2023-12":{"txs":23,"uniq":16,"trade":0,"nft":13,"gas":0.000494,"bal":0.018189,"days":5,"spread":0.16129,"streak":3,"rank_m":12421,"pct_m":0.013205,"gas_method":"estimated"},"2024-01":{"txs":18,"uniq":15,"trade":0,"nft":13,"gas":0.000426,"bal":0.016482,"days":5,"spread":0.16129,"streak":1,"rank_m":22697,"pct_m":0.024131,"gas_method":"exact"},"2024-02":{"txs":14,"uniq":11,"trade":0,"nft":6,"gas":0.00013,"bal":0.020563,"days":7,"spread":0.241379,"streak":2,"rank_m":32089,"pct_m":0.034117,"gas_method":"exact"},"2024-03":{"txs":76,"uniq":25,"trade":0,"nft":16,"gas":0.001288,"bal":0.026111,"days":9,"spread":0.290323,"streak":4,"rank_m":27682,"pct_m":0.029431,"gas_method":"estimated"},"2024-04":{"txs":7,"uniq":5,"trade":0,"nft":2,"gas":0.000015,"bal":0.022515,"days":5,"spread":0.166667,"streak":1,"rank_m":256200,"pct_m":0.272395,"gas_method":"estimated"},"2024-05":{"txs":20,"uniq":13,"trade":0,"nft":5,"gas":0.000014,"bal":0.022857,"days":8,"spread":0.258065,"streak":3,"rank_m":90607,"pct_m":0.096334,"gas_method":"estimated"},"2024-06":{"txs":13,"uniq":9,"trade":0,"nft":8,"gas":0,"bal":0.02162,"days":7,"spread":0.233333,"streak":1,"rank_m":128315,"pct_m":0.136426,"gas_method":"estimated"},"2024-07":{"txs":24,"uniq":11,"trade":0,"nft":9,"gas":0.000004,"bal":0.013791,"days":13,"spread":0.419355,"streak":3,"rank_m":36733,"pct_m":0.039054,"gas_method":"exact"},"2024-08":{"txs":47,"uniq":33,"trade":0,"nft":32,"gas":0.000004,"bal":0.018254,"days":14,"spread":0.451613,"streak":4,"rank_m":26468,"pct_m":0.02814,"gas_method":"estimated"},"2024-09":{"txs":4,"uniq":4,"trade":0,"nft":4,"gas":0,"bal":0.050479,"days":3,"spread":0.1,"streak":2,"rank_m":134996,"pct_m":0.143529,"gas_method":"estimated"},"2024-10":{"txs":12,"uniq":9,"trade":13,"nft":7,"gas":0.000001,"bal":0.055865,"days":8,"spread":0.258065,"streak":2,"rank_m":64833,"pct_m":0.068931,"gas_method":"estimated"},"2024-11":{"txs":14,"uniq":5,"trade":1,"nft":1,"gas":0.000023,"bal":0.054422,"days":6,"spread":0.2,"streak":2,"rank_m":145505,"pct_m":0.154702,"gas_method":"exact"},"2024-12":{"txs":5,"uniq":4,"trade":0,"nft":0,"gas":0.00011,"bal":0.055412,"days":4,"spread":0.129032,"streak":1,"rank_m":345305,"pct_m":0.367133,"gas_method":"exact"},"2025-01":{"txs":14,"uniq":9,"trade":0,"nft":1,"gas":0.000338,"bal":0.054447,"days":6,"spread":0.193548,"streak":1,"rank_m":158816,"pct_m":0.168855,"gas_method":"exact"},"2025-02":{"txs":13,"uniq":8,"trade":2,"nft":0,"gas":0.000077,"bal":0.052833,"days":7,"spread":0.25,"streak":2,"rank_m":78739,"pct_m":0.083716,"gas_method":"exact"},"2025-03":{"txs":18,"uniq":4,"trade":0,"nft":0,"gas":0.000103,"bal":0.051045,"days":5,"spread":0.16129,"streak":1,"rank_m":158677,"pct_m":0.168707,"gas_method":"exact"},"2025-04":{"txs":10,"uniq":7,"trade":1,"nft":0,"gas":0.000054,"bal":0.057748,"days":4,"spread":0.133333,"streak":1,"rank_m":131943,"pct_m":0.140283,"gas_method":"exact"},"2025-05":{"txs":4,"uniq":2,"trade":0,"nft":0,"gas":0.000028,"bal":0.091193,"days":3,"spread":0.096774,"streak":2,"rank_m":117038,"pct_m":0.124436,"gas_method":"estimated"},"2025-06":{"txs":7,"uniq":5,"trade":0,"nft":1,"gas":0.000049,"bal":0.093287,"days":6,"spread":0.2,"streak":2,"rank_m":102864,"pct_m":0.109366,"gas_method":"estimated"},"2025-07":{"txs":5,"uniq":4,"trade":0,"nft":0,"gas":0.000035,"bal":0.101988,"days":4,"spread":0.129032,"streak":1,"rank_m":182260,"pct_m":0.193781,"gas_method":"estimated"},"2025-08":{"txs":0,"uniq":0,"trade":0,"nft":0,"gas":0,"bal":0.101988,"days":0,"spread":0,"streak":0,"rank_m":409002,"pct_m":0.434857},"2025-09":{"txs":3,"uniq":1,"trade":0,"nft":0,"gas":0.000021,"bal":0.141516,"days":3,"spread":0.1,"streak":1,"rank_m":211670,"pct_m":0.22505,"gas_method":"estimated"},"2025-10":{"txs":1,"uniq":1,"trade":0,"nft":0,"gas":0.000007,"bal":0.157674,"days":1,"spread":0.032258,"streak":1,"rank_m":136538,"pct_m":0.145169,"gas_method":"estimated"}}}