{"wallet":"0x6b33e3128ea82a2e7c13e7eff09a188a5c06cc7e","rank":642958,"lifetime":{"months_active":12,"first":"2023-07","last":"2025-10","tx_sum":169,"uniq_sum":76,"trade_sum":3,"nft_sum":39,"gas_sum":0.001582,"avg_balance_eth_mean":0.000462,"streak_best_days":6,"gas_sum_filled":0.001582},"months":{"2023-07":{"txs":0,"uniq":0,"trade":0,"nft":0,"gas":0,"bal":0,"days":0,"spread":0,"streak":0,"rank_m":567986,"pct_m":0.603892},"2023-08":{"txs":8,"uniq":7,"trade":0,"nft":5,"gas":0.000393,"bal":0.000296,"days":2,"spread":0.064516,"streak":1,"rank_m":111632,"pct_m":0.118688,"gas_method":"exact"},"2023-09":{"txs":2,"uniq":2,"trade":0,"nft":2,"gas":0.000085,"bal":0.000606,"days":1,"spread":0.033333,"streak":1,"rank_m":113772,"pct_m":0.120963,"gas_method":"exact"},"2023-10":{"txs":0,"uniq":0,"trade":0,"nft":0,"gas":0,"bal":0.000606,"days":0,"spread":0,"streak":0,"rank_m":291245,"pct_m":0.309656},"2023-11":{"txs":0,"uniq":0,"trade":0,"nft":0,"gas":0,"bal":0.000606,"days":0,"spread":0,"streak":0,"rank_m":300997,"pct_m":0.320024},"2023-12":{"txs":1,"uniq":1,"trade":0,"nft":2,"gas":0.000072,"bal":0.000561,"days":1,"spread":0.032258,"streak":1,"rank_m":165543,"pct_m":0.176007,"gas_method":"estimated"},"2024-01":{"txs":2,"uniq":2,"trade":0,"nft":0,"gas":0.000135,"bal":0.00062,"days":1,"spread":0.032258,"streak":1,"rank_m":185421,"pct_m":0.197142,"gas_method":"estimated"},"2024-02":{"txs":43,"uniq":18,"trade":2,"nft":10,"gas":0.000042,"bal":0.000269,"days":9,"spread":0.310345,"streak":3,"rank_m":49409,"pct_m":0.052531,"gas_method":"exact"},"2024-03":{"txs":6,"uniq":5,"trade":0,"nft":3,"gas":0.000343,"bal":0.00086,"days":2,"spread":0.064516,"streak":2,"rank_m":257932,"pct_m":0.274237,"gas_method":"estimated"},"2024-04":{"txs":66,"uniq":20,"trade":1,"nft":6,"gas":0.000465,"bal":0.002217,"days":13,"spread":0.433333,"streak":6,"rank_m":112519,"pct_m":0.119631,"gas_method":"estimated"},"2024-05":{"txs":5,"uniq":5,"trade":0,"nft":3,"gas":0.000015,"bal":0.000315,"days":3,"spread":0.096774,"streak":1,"rank_m":333893,"pct_m":0.355,"gas_method":"exact"},"2024-06":{"txs":2,"uniq":2,"trade":0,"nft":1,"gas":0,"bal":0.000272,"days":2,"spread":0.066667,"streak":1,"rank_m":457535,"pct_m":0.486458,"gas_method":"estimated"},"2024-07":{"txs":24,"uniq":9,"trade":0,"nft":6,"gas":0.000008,"bal":0.000235,"days":6,"spread":0.193548,"streak":3,"rank_m":241438,"pct_m":0.2567,"gas_method":"estimated"},"2024-08":{"txs":9,"uniq":4,"trade":0,"nft":1,"gas":0.000002,"bal":0.000216,"days":5,"spread":0.16129,"streak":2,"rank_m":386435,"pct_m":0.410864,"gas_method":"estimated"},"2024-09":{"txs":0,"uniq":0,"trade":0,"nft":0,"gas":0,"bal":0.000216,"days":0,"spread":0,"streak":0,"rank_m":646289,"pct_m":0.687145},"2024-10":{"txs":0,"uniq":0,"trade":0,"nft":0,"gas":0,"bal":0.000216,"days":0,"spread":0,"streak":0,"rank_m":672841,"pct_m":0.715376},"2024-11":{"txs":0,"uniq":0,"trade":0,"nft":0,"gas":0,"bal":0.000216,"days":0,"spread":0,"streak":0,"rank_m":687363,"pct_m":0.730816},"2024-12":{"txs":1,"uniq":1,"trade":0,"nft":0,"gas":0.000022,"bal":0.000419,"days":1,"spread":0.032258,"streak":1,"rank_m":574871,"pct_m":0.611212,"gas_method":"exact"},"2025-01":{"txs":0,"uniq":0,"trade":0,"nft":0,"gas":0,"bal":0.000419,"days":0,"spread":0,"streak":0,"rank_m":699031,"pct_m":0.743221},"2025-02":{"txs":0,"uniq":0,"trade":0,"nft":0,"gas":0,"bal":0.000419,"days":0,"spread":0,"streak":0,"rank_m":723402,"pct_m":0.769133},"2025-03":{"txs":0,"uniq":0,"trade":0,"nft":0,"gas":0,"bal":0.000419,"days":0,"spread":0,"streak":0,"rank_m":733120,"pct_m":0.779465},"2025-04":{"txs":0,"uniq":0,"trade":0,"nft":0,"gas":0,"bal":0.000419,"days":0,"spread":0,"streak":0,"rank_m":755808,"pct_m":0.803588},"2025-05":{"txs":0,"uniq":0,"trade":0,"nft":0,"gas":0,"bal":0.000419,"days":0,"spread":0,"streak":0,"rank_m":758477,"pct_m":0.806425},"2025-06":{"txs":0,"uniq":0,"trade":0,"nft":0,"gas":0,"bal":0.000419,"days":0,"spread":0,"streak":0,"rank_m":760891,"pct_m":0.808992},"2025-07":{"txs":0,"uniq":0,"trade":0,"nft":0,"gas":0,"bal":0.000419,"days":0,"spread":0,"streak":0,"rank_m":781678,"pct_m":0.831093},"2025-08":{"txs":0,"uniq":0,"trade":0,"nft":0,"gas":0,"bal":0.000419,"days":0,"spread":0,"streak":0,"rank_m":760418,"pct_m":0.808489},"2025-09":{"txs":0,"uniq":0,"trade":0,"nft":0,"gas":0,"bal":0.000419,"days":0,"spread":0,"streak":0,"rank_m":749221,"pct_m":0.796584},"2025-10":{"txs":0,"uniq":0,"trade":0,"nft":0,"gas":0,"bal":0.000419,"days":0,"spread":0,"streak":0,"rank_m":691794,"pct_m":0.735527}}}