{"wallet":"0x6b012af60a4821954c022571a56f8c4b35ab6675","rank":150964,"lifetime":{"months_active":23,"first":"2023-07","last":"2025-10","tx_sum":253,"uniq_sum":174,"trade_sum":9,"nft_sum":56,"gas_sum":0.001637,"avg_balance_eth_mean":0.022908,"streak_best_days":3,"gas_sum_filled":0.001637},"months":{"2023-07":{"txs":0,"uniq":0,"trade":0,"nft":0,"gas":0,"bal":0,"days":0,"spread":0,"streak":0,"rank_m":568675,"pct_m":0.604624},"2023-08":{"txs":0,"uniq":0,"trade":0,"nft":0,"gas":0,"bal":0,"days":0,"spread":0,"streak":0,"rank_m":616817,"pct_m":0.65581},"2023-09":{"txs":2,"uniq":2,"trade":0,"nft":1,"gas":0.000038,"bal":0.000279,"days":2,"spread":0.066667,"streak":1,"rank_m":118423,"pct_m":0.125908,"gas_method":"exact"},"2023-10":{"txs":2,"uniq":1,"trade":0,"nft":0,"gas":0.000014,"bal":0.000408,"days":2,"spread":0.064516,"streak":1,"rank_m":144364,"pct_m":0.153489,"gas_method":"estimated"},"2023-11":{"txs":1,"uniq":1,"trade":0,"nft":1,"gas":0.000012,"bal":0.000393,"days":1,"spread":0.033333,"streak":1,"rank_m":148914,"pct_m":0.158327,"gas_method":"estimated"},"2023-12":{"txs":0,"uniq":0,"trade":0,"nft":0,"gas":0,"bal":0.000393,"days":0,"spread":0,"streak":0,"rank_m":330602,"pct_m":0.351501},"2024-01":{"txs":0,"uniq":0,"trade":0,"nft":0,"gas":0,"bal":0.000393,"days":0,"spread":0,"streak":0,"rank_m":343480,"pct_m":0.365193},"2024-02":{"txs":0,"uniq":0,"trade":0,"nft":0,"gas":0,"bal":0.000393,"days":0,"spread":0,"streak":0,"rank_m":391717,"pct_m":0.416479},"2024-03":{"txs":2,"uniq":1,"trade":0,"nft":0,"gas":0.000036,"bal":0.000308,"days":1,"spread":0.032258,"streak":1,"rank_m":366198,"pct_m":0.389347,"gas_method":"estimated"},"2024-04":{"txs":11,"uniq":8,"trade":0,"nft":5,"gas":0.000024,"bal":0.001208,"days":5,"spread":0.166667,"streak":2,"rank_m":302910,"pct_m":0.322058,"gas_method":"estimated"},"2024-05":{"txs":5,"uniq":5,"trade":0,"nft":3,"gas":0.000022,"bal":0.001909,"days":4,"spread":0.129032,"streak":1,"rank_m":286167,"pct_m":0.304257,"gas_method":"exact"},"2024-06":{"txs":8,"uniq":7,"trade":0,"nft":4,"gas":0,"bal":0.008678,"days":2,"spread":0.066667,"streak":1,"rank_m":251937,"pct_m":0.267863,"gas_method":"estimated"},"2024-07":{"txs":14,"uniq":9,"trade":0,"nft":6,"gas":0.000002,"bal":0.006193,"days":4,"spread":0.129032,"streak":2,"rank_m":164235,"pct_m":0.174617,"gas_method":"estimated"},"2024-08":{"txs":34,"uniq":26,"trade":0,"nft":27,"gas":0.000003,"bal":0.002534,"days":5,"spread":0.16129,"streak":2,"rank_m":149617,"pct_m":0.159074,"gas_method":"estimated"},"2024-09":{"txs":4,"uniq":4,"trade":0,"nft":2,"gas":0,"bal":0.001643,"days":1,"spread":0.033333,"streak":1,"rank_m":342089,"pct_m":0.363714,"gas_method":"estimated"},"2024-10":{"txs":10,"uniq":9,"trade":0,"nft":2,"gas":0.000001,"bal":0.010223,"days":4,"spread":0.129032,"streak":2,"rank_m":178133,"pct_m":0.189393,"gas_method":"estimated"},"2024-11":{"txs":22,"uniq":20,"trade":0,"nft":0,"gas":0.000048,"bal":0.013664,"days":6,"spread":0.2,"streak":3,"rank_m":119352,"pct_m":0.126896,"gas_method":"exact"},"2024-12":{"txs":20,"uniq":14,"trade":0,"nft":1,"gas":0.000441,"bal":0.097275,"days":7,"spread":0.225806,"streak":2,"rank_m":115056,"pct_m":0.122329,"gas_method":"exact"},"2025-01":{"txs":11,"uniq":8,"trade":0,"nft":2,"gas":0.000286,"bal":0.050906,"days":5,"spread":0.16129,"streak":1,"rank_m":180465,"pct_m":0.191873,"gas_method":"exact"},"2025-02":{"txs":21,"uniq":8,"trade":0,"nft":0,"gas":0.00012,"bal":0.084285,"days":5,"spread":0.178571,"streak":2,"rank_m":91959,"pct_m":0.097771,"gas_method":"exact"},"2025-03":{"txs":17,"uniq":7,"trade":0,"nft":1,"gas":0.000134,"bal":0.112942,"days":5,"spread":0.16129,"streak":1,"rank_m":106936,"pct_m":0.113695,"gas_method":"exact"},"2025-04":{"txs":29,"uniq":16,"trade":9,"nft":0,"gas":0.000175,"bal":0.105656,"days":9,"spread":0.3,"streak":3,"rank_m":11833,"pct_m":0.01258,"gas_method":"exact"},"2025-05":{"txs":16,"uniq":13,"trade":0,"nft":1,"gas":0.000113,"bal":0.038922,"days":6,"spread":0.193548,"streak":1,"rank_m":56131,"pct_m":0.059678,"gas_method":"estimated"},"2025-06":{"txs":8,"uniq":5,"trade":0,"nft":0,"gas":0.000056,"bal":0.022173,"days":3,"spread":0.1,"streak":1,"rank_m":197401,"pct_m":0.209879,"gas_method":"estimated"},"2025-07":{"txs":3,"uniq":2,"trade":0,"nft":0,"gas":0.000021,"bal":0.023017,"days":2,"spread":0.064516,"streak":1,"rank_m":284761,"pct_m":0.302762,"gas_method":"estimated"},"2025-08":{"txs":10,"uniq":6,"trade":0,"nft":0,"gas":0.00007,"bal":0.02437,"days":2,"spread":0.064516,"streak":1,"rank_m":197667,"pct_m":0.210162,"gas_method":"estimated"},"2025-09":{"txs":2,"uniq":1,"trade":0,"nft":0,"gas":0.000014,"bal":0.016683,"days":2,"spread":0.066667,"streak":1,"rank_m":297939,"pct_m":0.316773,"gas_method":"estimated"},"2025-10":{"txs":1,"uniq":1,"trade":0,"nft":0,"gas":0.000007,"bal":0.016591,"days":1,"spread":0.032258,"streak":1,"rank_m":205131,"pct_m":0.218098,"gas_method":"estimated"}}}