{"wallet":"0x6baa0c6af7781e4e79bdcccf2eaaa0a7dc2e7e44","rank":661441,"lifetime":{"months_active":14,"first":"2023-07","last":"2025-10","tx_sum":121,"uniq_sum":48,"trade_sum":1,"nft_sum":17,"gas_sum":0.001026,"avg_balance_eth_mean":0.007438,"streak_best_days":3,"gas_sum_filled":0.001026},"months":{"2023-07":{"txs":0,"uniq":0,"trade":0,"nft":0,"gas":0,"bal":0,"days":0,"spread":0,"streak":0,"rank_m":566411,"pct_m":0.602217},"2023-08":{"txs":3,"uniq":3,"trade":0,"nft":1,"gas":0.000445,"bal":0.000971,"days":2,"spread":0.064516,"streak":1,"rank_m":125326,"pct_m":0.133248,"gas_method":"exact"},"2023-09":{"txs":1,"uniq":1,"trade":0,"nft":0,"gas":0.00003,"bal":0.005046,"days":1,"spread":0.033333,"streak":1,"rank_m":125952,"pct_m":0.133913,"gas_method":"estimated"},"2023-10":{"txs":1,"uniq":0,"trade":0,"nft":0,"gas":0.000008,"bal":0.008415,"days":1,"spread":0.032258,"streak":1,"rank_m":121274,"pct_m":0.12894,"gas_method":"estimated"},"2023-11":{"txs":1,"uniq":1,"trade":0,"nft":0,"gas":0.000014,"bal":0.012478,"days":1,"spread":0.033333,"streak":1,"rank_m":109691,"pct_m":0.116624,"gas_method":"estimated"},"2023-12":{"txs":0,"uniq":0,"trade":0,"nft":0,"gas":0,"bal":0.012478,"days":0,"spread":0,"streak":0,"rank_m":241454,"pct_m":0.256717},"2024-01":{"txs":0,"uniq":0,"trade":0,"nft":0,"gas":0,"bal":0.012478,"days":0,"spread":0,"streak":0,"rank_m":250166,"pct_m":0.26598},"2024-02":{"txs":0,"uniq":0,"trade":0,"nft":0,"gas":0,"bal":0.012478,"days":0,"spread":0,"streak":0,"rank_m":296313,"pct_m":0.315044},"2024-03":{"txs":0,"uniq":0,"trade":0,"nft":0,"gas":0,"bal":0.012478,"days":0,"spread":0,"streak":0,"rank_m":383122,"pct_m":0.407341},"2024-04":{"txs":0,"uniq":0,"trade":0,"nft":0,"gas":0,"bal":0.012478,"days":0,"spread":0,"streak":0,"rank_m":462658,"pct_m":0.491905},"2024-05":{"txs":0,"uniq":0,"trade":0,"nft":0,"gas":0,"bal":0.012478,"days":0,"spread":0,"streak":0,"rank_m":482643,"pct_m":0.513154},"2024-06":{"txs":0,"uniq":0,"trade":0,"nft":0,"gas":0,"bal":0.012478,"days":0,"spread":0,"streak":0,"rank_m":493776,"pct_m":0.52499},"2024-07":{"txs":0,"uniq":0,"trade":0,"nft":0,"gas":0,"bal":0.012478,"days":0,"spread":0,"streak":0,"rank_m":496021,"pct_m":0.527377},"2024-08":{"txs":0,"uniq":0,"trade":0,"nft":0,"gas":0,"bal":0.012478,"days":0,"spread":0,"streak":0,"rank_m":505350,"pct_m":0.537296},"2024-09":{"txs":1,"uniq":1,"trade":0,"nft":0,"gas":0,"bal":0.002927,"days":1,"spread":0.033333,"streak":1,"rank_m":410042,"pct_m":0.435963,"gas_method":"estimated"},"2024-10":{"txs":27,"uniq":5,"trade":1,"nft":16,"gas":0.000002,"bal":0.002564,"days":9,"spread":0.290323,"streak":3,"rank_m":154911,"pct_m":0.164703,"gas_method":"estimated"},"2024-11":{"txs":29,"uniq":1,"trade":0,"nft":0,"gas":0.000067,"bal":0.00123,"days":3,"spread":0.1,"streak":1,"rank_m":314149,"pct_m":0.334008,"gas_method":"exact"},"2024-12":{"txs":3,"uniq":1,"trade":0,"nft":0,"gas":0.000044,"bal":0.000764,"days":2,"spread":0.064516,"streak":1,"rank_m":527925,"pct_m":0.561298,"gas_method":"exact"},"2025-01":{"txs":5,"uniq":3,"trade":0,"nft":0,"gas":0.000104,"bal":0.002615,"days":2,"spread":0.064516,"streak":1,"rank_m":427085,"pct_m":0.454083,"gas_method":"exact"},"2025-02":{"txs":13,"uniq":7,"trade":0,"nft":0,"gas":0.000063,"bal":0.011604,"days":5,"spread":0.178571,"streak":2,"rank_m":162639,"pct_m":0.17292,"gas_method":"exact"},"2025-03":{"txs":13,"uniq":9,"trade":0,"nft":0,"gas":0.000103,"bal":0.010944,"days":4,"spread":0.129032,"streak":1,"rank_m":180074,"pct_m":0.191457,"gas_method":"exact"},"2025-04":{"txs":10,"uniq":4,"trade":0,"nft":0,"gas":0.000048,"bal":0.006612,"days":4,"spread":0.133333,"streak":3,"rank_m":195527,"pct_m":0.207887,"gas_method":"exact"},"2025-05":{"txs":6,"uniq":4,"trade":0,"nft":0,"gas":0.000042,"bal":0.004974,"days":5,"spread":0.16129,"streak":2,"rank_m":215379,"pct_m":0.228994,"gas_method":"estimated"},"2025-06":{"txs":8,"uniq":8,"trade":0,"nft":0,"gas":0.000056,"bal":0.004962,"days":1,"spread":0.033333,"streak":1,"rank_m":334147,"pct_m":0.35527,"gas_method":"estimated"},"2025-07":{"txs":0,"uniq":0,"trade":0,"nft":0,"gas":0,"bal":0.004962,"days":0,"spread":0,"streak":0,"rank_m":612833,"pct_m":0.651574},"2025-08":{"txs":0,"uniq":0,"trade":0,"nft":0,"gas":0,"bal":0.004962,"days":0,"spread":0,"streak":0,"rank_m":594416,"pct_m":0.631993},"2025-09":{"txs":0,"uniq":0,"trade":0,"nft":0,"gas":0,"bal":0.004962,"days":0,"spread":0,"streak":0,"rank_m":581441,"pct_m":0.618197},"2025-10":{"txs":0,"uniq":0,"trade":0,"nft":0,"gas":0,"bal":0.004962,"days":0,"spread":0,"streak":0,"rank_m":498218,"pct_m":0.529713}}}