{"wallet":"0x6b897018f5f4c38fd1e43fdc0a132ff70224b94a","rank":92868,"lifetime":{"months_active":20,"first":"2023-07","last":"2025-10","tx_sum":737,"uniq_sum":322,"trade_sum":20,"nft_sum":36,"gas_sum":0.004405,"avg_balance_eth_mean":0.013186,"streak_best_days":0,"gas_sum_filled":0.004405},"months":{"2023-07":{"txs":0,"uniq":0,"trade":0,"nft":0,"gas":0,"bal":0,"days":0,"spread":0,"streak":0,"rank_m":566815,"pct_m":0.602647},"2023-08":{"txs":0,"uniq":0,"trade":0,"nft":0,"gas":0,"bal":0,"days":0,"spread":0,"streak":0,"rank_m":615198,"pct_m":0.654088},"2023-09":{"txs":0,"uniq":0,"trade":0,"nft":0,"gas":0,"bal":0,"days":0,"spread":0,"streak":0,"rank_m":628149,"pct_m":0.667858},"2023-10":{"txs":0,"uniq":0,"trade":0,"nft":0,"gas":0,"bal":0,"days":0,"spread":0,"streak":0,"rank_m":638599,"pct_m":0.678969},"2023-11":{"txs":0,"uniq":0,"trade":0,"nft":0,"gas":0,"bal":0,"days":0,"spread":0,"streak":0,"rank_m":647856,"pct_m":0.688811},"2023-12":{"txs":0,"uniq":0,"trade":0,"nft":0,"gas":0,"bal":0,"days":0,"spread":0,"streak":0,"rank_m":659000,"pct_m":0.70066},"2024-01":{"txs":0,"uniq":0,"trade":0,"nft":0,"gas":0,"bal":0,"days":0,"spread":0,"streak":0,"rank_m":668909,"pct_m":0.711195},"2024-02":{"txs":6,"uniq":3,"trade":0,"nft":2,"gas":0.000024,"bal":0.000481,"days":5,"spread":0.172414,"streak":0,"rank_m":247941,"pct_m":0.263614,"gas_method":"estimated"},"2024-03":{"txs":17,"uniq":7,"trade":0,"nft":4,"gas":0.000101,"bal":0.000541,"days":10,"spread":0.322581,"streak":0,"rank_m":267117,"pct_m":0.284003,"gas_method":"estimated"},"2024-04":{"txs":121,"uniq":39,"trade":1,"nft":18,"gas":0.000089,"bal":0.000776,"days":19,"spread":0.633333,"streak":0,"rank_m":210998,"pct_m":0.224336,"gas_method":"estimated"},"2024-05":{"txs":24,"uniq":14,"trade":0,"nft":5,"gas":0.000073,"bal":0.00563,"days":12,"spread":0.387097,"streak":0,"rank_m":170013,"pct_m":0.18076,"gas_method":"exact"},"2024-06":{"txs":36,"uniq":15,"trade":0,"nft":3,"gas":0.000001,"bal":0.008412,"days":13,"spread":0.433333,"streak":0,"rank_m":134711,"pct_m":0.143226,"gas_method":"exact"},"2024-07":{"txs":5,"uniq":3,"trade":2,"nft":0,"gas":0.000002,"bal":0.002417,"days":4,"spread":0.129032,"streak":0,"rank_m":294498,"pct_m":0.313114,"gas_method":"exact"},"2024-08":{"txs":8,"uniq":5,"trade":0,"nft":0,"gas":0,"bal":0.001008,"days":2,"spread":0.064516,"streak":0,"rank_m":467252,"pct_m":0.49679,"gas_method":"estimated"},"2024-09":{"txs":8,"uniq":5,"trade":0,"nft":1,"gas":0,"bal":0.001389,"days":2,"spread":0.066667,"streak":0,"rank_m":377747,"pct_m":0.401626,"gas_method":"estimated"},"2024-10":{"txs":6,"uniq":6,"trade":0,"nft":1,"gas":0,"bal":0.003078,"days":4,"spread":0.129032,"streak":0,"rank_m":374174,"pct_m":0.397827,"gas_method":"estimated"},"2024-11":{"txs":14,"uniq":6,"trade":0,"nft":0,"gas":0.000032,"bal":0.042845,"days":7,"spread":0.233333,"streak":0,"rank_m":250856,"pct_m":0.266714,"gas_method":"exact"},"2024-12":{"txs":87,"uniq":35,"trade":0,"nft":0,"gas":0.001852,"bal":0.04991,"days":20,"spread":0.645161,"streak":0,"rank_m":90530,"pct_m":0.096252,"gas_method":"exact"},"2025-01":{"txs":62,"uniq":21,"trade":0,"nft":0,"gas":0.000009,"bal":0.09055,"days":23,"spread":0.741935,"streak":0,"rank_m":214380,"pct_m":0.227932,"gas_method":"exact"},"2025-02":{"txs":21,"uniq":10,"trade":3,"nft":1,"gas":0.000141,"bal":0.035398,"days":8,"spread":0.285714,"streak":0,"rank_m":115782,"pct_m":0.1231,"gas_method":"exact"},"2025-03":{"txs":5,"uniq":3,"trade":0,"nft":0,"gas":0.00004,"bal":0.028646,"days":2,"spread":0.064516,"streak":0,"rank_m":339492,"pct_m":0.360953,"gas_method":"exact"},"2025-04":{"txs":27,"uniq":14,"trade":1,"nft":0,"gas":0.000001,"bal":0.014253,"days":10,"spread":0.333333,"streak":0,"rank_m":181341,"pct_m":0.192804,"gas_method":"exact"},"2025-05":{"txs":150,"uniq":53,"trade":5,"nft":0,"gas":0.001056,"bal":0.006828,"days":17,"spread":0.548387,"streak":0,"rank_m":70700,"pct_m":0.075168,"gas_method":"estimated"},"2025-06":{"txs":88,"uniq":41,"trade":3,"nft":0,"gas":0.000619,"bal":0.010806,"days":17,"spread":0.566667,"streak":0,"rank_m":65710,"pct_m":0.069863,"gas_method":"estimated"},"2025-07":{"txs":38,"uniq":31,"trade":4,"nft":1,"gas":0.000267,"bal":0.006699,"days":8,"spread":0.258065,"streak":0,"rank_m":157188,"pct_m":0.167124,"gas_method":"estimated"},"2025-08":{"txs":12,"uniq":9,"trade":1,"nft":0,"gas":0.000084,"bal":0.008516,"days":3,"spread":0.096774,"streak":0,"rank_m":239261,"pct_m":0.254386,"gas_method":"estimated"},"2025-09":{"txs":2,"uniq":2,"trade":0,"nft":0,"gas":0.000014,"bal":0.025514,"days":1,"spread":0.033333,"streak":0,"rank_m":341287,"pct_m":0.362861,"gas_method":"estimated"},"2025-10":{"txs":0,"uniq":0,"trade":0,"nft":0,"gas":0,"bal":0.025514,"days":0,"spread":0,"streak":0,"rank_m":361539,"pct_m":0.384394}}}