{"wallet":"0x6b3813b6b6150571a611e41df6731b513db1b8bd","rank":344040,"lifetime":{"months_active":21,"first":"2023-07","last":"2025-10","tx_sum":179,"uniq_sum":124,"trade_sum":3,"nft_sum":67,"gas_sum":0.001809,"avg_balance_eth_mean":0.003103,"streak_best_days":3,"gas_sum_filled":0.001809},"months":{"2023-07":{"txs":3,"uniq":2,"trade":0,"nft":1,"gas":0.000212,"bal":0.000337,"days":1,"spread":0.032258,"streak":1,"rank_m":36012,"pct_m":0.038288,"gas_method":"estimated"},"2023-08":{"txs":4,"uniq":6,"trade":0,"nft":2,"gas":0.00058,"bal":0.000559,"days":3,"spread":0.096774,"streak":2,"rank_m":107178,"pct_m":0.113953,"gas_method":"exact"},"2023-09":{"txs":0,"uniq":0,"trade":0,"nft":0,"gas":0,"bal":0.000559,"days":0,"spread":0,"streak":0,"rank_m":281534,"pct_m":0.299331},"2023-10":{"txs":0,"uniq":0,"trade":0,"nft":0,"gas":0,"bal":0.000559,"days":0,"spread":0,"streak":0,"rank_m":292920,"pct_m":0.311437},"2023-11":{"txs":0,"uniq":0,"trade":0,"nft":0,"gas":0,"bal":0.000559,"days":0,"spread":0,"streak":0,"rank_m":302918,"pct_m":0.322067},"2023-12":{"txs":0,"uniq":0,"trade":0,"nft":0,"gas":0,"bal":0.000559,"days":0,"spread":0,"streak":0,"rank_m":322731,"pct_m":0.343132},"2024-01":{"txs":0,"uniq":0,"trade":0,"nft":0,"gas":0,"bal":0.000559,"days":0,"spread":0,"streak":0,"rank_m":334464,"pct_m":0.355607},"2024-02":{"txs":6,"uniq":4,"trade":1,"nft":6,"gas":0.000057,"bal":0.001727,"days":4,"spread":0.137931,"streak":1,"rank_m":141715,"pct_m":0.150673,"gas_method":"estimated"},"2024-03":{"txs":7,"uniq":7,"trade":0,"nft":4,"gas":0.000099,"bal":0.005982,"days":4,"spread":0.129032,"streak":1,"rank_m":191788,"pct_m":0.203911,"gas_method":"estimated"},"2024-04":{"txs":6,"uniq":6,"trade":0,"nft":5,"gas":0.00001,"bal":0.003612,"days":5,"spread":0.166667,"streak":1,"rank_m":309182,"pct_m":0.328727,"gas_method":"estimated"},"2024-05":{"txs":16,"uniq":13,"trade":0,"nft":8,"gas":0.000001,"bal":0.005453,"days":7,"spread":0.225806,"streak":2,"rank_m":134406,"pct_m":0.142902,"gas_method":"exact"},"2024-06":{"txs":3,"uniq":2,"trade":0,"nft":2,"gas":0,"bal":0.005909,"days":3,"spread":0.1,"streak":1,"rank_m":296196,"pct_m":0.31492,"gas_method":"exact"},"2024-07":{"txs":5,"uniq":4,"trade":0,"nft":5,"gas":0,"bal":0.008819,"days":5,"spread":0.16129,"streak":3,"rank_m":186693,"pct_m":0.198494,"gas_method":"estimated"},"2024-08":{"txs":20,"uniq":14,"trade":0,"nft":18,"gas":0.000004,"bal":0.00858,"days":11,"spread":0.354839,"streak":2,"rank_m":71087,"pct_m":0.07558,"gas_method":"exact"},"2024-09":{"txs":4,"uniq":3,"trade":1,"nft":2,"gas":0,"bal":0.009585,"days":3,"spread":0.1,"streak":1,"rank_m":206173,"pct_m":0.219206,"gas_method":"estimated"},"2024-10":{"txs":15,"uniq":8,"trade":0,"nft":9,"gas":0.000001,"bal":0.008947,"days":5,"spread":0.16129,"streak":2,"rank_m":145006,"pct_m":0.154172,"gas_method":"estimated"},"2024-11":{"txs":8,"uniq":5,"trade":0,"nft":0,"gas":0.000014,"bal":0.007493,"days":6,"spread":0.2,"streak":2,"rank_m":271569,"pct_m":0.288736,"gas_method":"exact"},"2024-12":{"txs":11,"uniq":10,"trade":0,"nft":3,"gas":0.000243,"bal":0.006446,"days":6,"spread":0.193548,"streak":1,"rank_m":245431,"pct_m":0.260946,"gas_method":"exact"},"2025-01":{"txs":6,"uniq":6,"trade":0,"nft":1,"gas":0.000156,"bal":0.00201,"days":5,"spread":0.16129,"streak":2,"rank_m":285369,"pct_m":0.303408,"gas_method":"exact"},"2025-02":{"txs":9,"uniq":8,"trade":0,"nft":0,"gas":0.000056,"bal":0.000538,"days":5,"spread":0.178571,"streak":2,"rank_m":269241,"pct_m":0.286261,"gas_method":"exact"},"2025-03":{"txs":3,"uniq":3,"trade":0,"nft":0,"gas":0.000024,"bal":0.000272,"days":3,"spread":0.096774,"streak":1,"rank_m":425242,"pct_m":0.452124,"gas_method":"exact"},"2025-04":{"txs":9,"uniq":5,"trade":0,"nft":1,"gas":0.000042,"bal":0.000265,"days":5,"spread":0.166667,"streak":1,"rank_m":314790,"pct_m":0.334689,"gas_method":"exact"},"2025-05":{"txs":14,"uniq":5,"trade":1,"nft":0,"gas":0.000099,"bal":0.000314,"days":3,"spread":0.096774,"streak":1,"rank_m":340713,"pct_m":0.362251,"gas_method":"estimated"},"2025-06":{"txs":0,"uniq":0,"trade":0,"nft":0,"gas":0,"bal":0.000314,"days":0,"spread":0,"streak":0,"rank_m":774934,"pct_m":0.823923},"2025-07":{"txs":0,"uniq":0,"trade":0,"nft":0,"gas":0,"bal":0.000314,"days":0,"spread":0,"streak":0,"rank_m":794984,"pct_m":0.84524},"2025-08":{"txs":11,"uniq":3,"trade":0,"nft":0,"gas":0.000077,"bal":0.000099,"days":3,"spread":0.096774,"streak":2,"rank_m":548961,"pct_m":0.583664,"gas_method":"estimated"},"2025-09":{"txs":14,"uniq":5,"trade":0,"nft":0,"gas":0.000099,"bal":0.001613,"days":4,"spread":0.133333,"streak":2,"rank_m":336839,"pct_m":0.358132,"gas_method":"estimated"},"2025-10":{"txs":5,"uniq":5,"trade":0,"nft":0,"gas":0.000035,"bal":0.004912,"days":2,"spread":0.064516,"streak":1,"rank_m":220655,"pct_m":0.234603,"gas_method":"estimated"}}}