{"wallet":"0x6b516943eaf398a6dd630a13bf85320e6433c938","rank":569035,"lifetime":{"months_active":16,"first":"2023-07","last":"2025-10","tx_sum":152,"uniq_sum":89,"trade_sum":5,"nft_sum":29,"gas_sum":0.001072,"avg_balance_eth_mean":0.004434,"streak_best_days":2,"gas_sum_filled":0.001072},"months":{"2023-07":{"txs":0,"uniq":0,"trade":0,"nft":0,"gas":0,"bal":0,"days":0,"spread":0,"streak":0,"rank_m":567577,"pct_m":0.603457},"2023-08":{"txs":0,"uniq":0,"trade":0,"nft":0,"gas":0,"bal":0,"days":0,"spread":0,"streak":0,"rank_m":615855,"pct_m":0.654787},"2023-09":{"txs":6,"uniq":5,"trade":0,"nft":3,"gas":0.000139,"bal":0.003895,"days":2,"spread":0.066667,"streak":2,"rank_m":70033,"pct_m":0.074459,"gas_method":"estimated"},"2023-10":{"txs":28,"uniq":16,"trade":0,"nft":7,"gas":0.000171,"bal":0.002109,"days":2,"spread":0.064516,"streak":1,"rank_m":61277,"pct_m":0.06515,"gas_method":"estimated"},"2023-11":{"txs":0,"uniq":0,"trade":0,"nft":0,"gas":0,"bal":0.002109,"days":0,"spread":0,"streak":0,"rank_m":268321,"pct_m":0.285283},"2023-12":{"txs":7,"uniq":5,"trade":0,"nft":4,"gas":0.000139,"bal":0.000732,"days":3,"spread":0.096774,"streak":1,"rank_m":104017,"pct_m":0.110592,"gas_method":"estimated"},"2024-01":{"txs":2,"uniq":1,"trade":0,"nft":1,"gas":0.000037,"bal":0.000362,"days":1,"spread":0.032258,"streak":1,"rank_m":181127,"pct_m":0.192576,"gas_method":"estimated"},"2024-02":{"txs":0,"uniq":0,"trade":0,"nft":0,"gas":0,"bal":0.000362,"days":0,"spread":0,"streak":0,"rank_m":393260,"pct_m":0.41812},"2024-03":{"txs":4,"uniq":4,"trade":0,"nft":1,"gas":0.000063,"bal":0.000728,"days":1,"spread":0.032258,"streak":1,"rank_m":319231,"pct_m":0.339411,"gas_method":"estimated"},"2024-04":{"txs":0,"uniq":0,"trade":0,"nft":0,"gas":0,"bal":0.000728,"days":0,"spread":0,"streak":0,"rank_m":521696,"pct_m":0.554675},"2024-05":{"txs":7,"uniq":7,"trade":0,"nft":1,"gas":0.000004,"bal":0.002208,"days":2,"spread":0.064516,"streak":1,"rank_m":362503,"pct_m":0.385419,"gas_method":"estimated"},"2024-06":{"txs":4,"uniq":3,"trade":0,"nft":0,"gas":0,"bal":0.004213,"days":1,"spread":0.033333,"streak":1,"rank_m":409151,"pct_m":0.435016,"gas_method":"estimated"},"2024-07":{"txs":5,"uniq":3,"trade":0,"nft":0,"gas":0,"bal":0.000121,"days":1,"spread":0.032258,"streak":1,"rank_m":486764,"pct_m":0.517535,"gas_method":"estimated"},"2024-08":{"txs":0,"uniq":0,"trade":0,"nft":0,"gas":0,"bal":0.000121,"days":0,"spread":0,"streak":0,"rank_m":653512,"pct_m":0.694825},"2024-09":{"txs":2,"uniq":2,"trade":0,"nft":0,"gas":0,"bal":0.000079,"days":1,"spread":0.033333,"streak":1,"rank_m":500519,"pct_m":0.53216,"gas_method":"estimated"},"2024-10":{"txs":12,"uniq":10,"trade":0,"nft":11,"gas":0.000001,"bal":0.001977,"days":1,"spread":0.032258,"streak":1,"rank_m":302520,"pct_m":0.321644,"gas_method":"estimated"},"2024-11":{"txs":0,"uniq":0,"trade":0,"nft":0,"gas":0,"bal":0.001977,"days":0,"spread":0,"streak":0,"rank_m":606201,"pct_m":0.644523},"2024-12":{"txs":0,"uniq":0,"trade":0,"nft":0,"gas":0,"bal":0.001977,"days":0,"spread":0,"streak":0,"rank_m":654422,"pct_m":0.695792},"2025-01":{"txs":0,"uniq":0,"trade":0,"nft":0,"gas":0,"bal":0.001977,"days":0,"spread":0,"streak":0,"rank_m":644370,"pct_m":0.685105},"2025-02":{"txs":0,"uniq":0,"trade":0,"nft":0,"gas":0,"bal":0.001977,"days":0,"spread":0,"streak":0,"rank_m":659027,"pct_m":0.700688},"2025-03":{"txs":0,"uniq":0,"trade":0,"nft":0,"gas":0,"bal":0.001977,"days":0,"spread":0,"streak":0,"rank_m":652776,"pct_m":0.694042},"2025-04":{"txs":8,"uniq":3,"trade":0,"nft":0,"gas":0.000048,"bal":0.007573,"days":1,"spread":0.033333,"streak":1,"rank_m":323050,"pct_m":0.343471,"gas_method":"exact"},"2025-05":{"txs":9,"uniq":6,"trade":4,"nft":0,"gas":0.000063,"bal":0.00077,"days":2,"spread":0.064516,"streak":1,"rank_m":302533,"pct_m":0.321657,"gas_method":"estimated"},"2025-06":{"txs":10,"uniq":5,"trade":1,"nft":0,"gas":0.00007,"bal":0.038771,"days":2,"spread":0.066667,"streak":1,"rank_m":159290,"pct_m":0.169359,"gas_method":"estimated"},"2025-07":{"txs":13,"uniq":8,"trade":0,"nft":0,"gas":0.000091,"bal":0.02262,"days":3,"spread":0.096774,"streak":1,"rank_m":186900,"pct_m":0.198714,"gas_method":"estimated"},"2025-08":{"txs":12,"uniq":8,"trade":0,"nft":1,"gas":0.000084,"bal":0.009935,"days":1,"spread":0.032258,"streak":1,"rank_m":222808,"pct_m":0.236892,"gas_method":"estimated"},"2025-09":{"txs":0,"uniq":0,"trade":0,"nft":0,"gas":0,"bal":0.009935,"days":0,"spread":0,"streak":0,"rank_m":524650,"pct_m":0.557816},"2025-10":{"txs":23,"uniq":3,"trade":0,"nft":0,"gas":0.000162,"bal":0.00493,"days":2,"spread":0.064516,"streak":1,"rank_m":202678,"pct_m":0.21549,"gas_method":"estimated"}}}