{"wallet":"0x6b1cd31100c7f22b94af204c06bb598e0c934867","rank":71088,"lifetime":{"months_active":14,"first":"2023-07","last":"2025-10","tx_sum":461631,"uniq_sum":38,"trade_sum":79,"nft_sum":4,"gas_sum":0.817405,"avg_balance_eth_mean":0.028332,"streak_best_days":72,"gas_sum_filled":0.817405},"months":{"2023-07":{"txs":0,"uniq":0,"trade":0,"nft":0,"gas":0,"bal":0,"days":0,"spread":0,"streak":0,"rank_m":568291,"pct_m":0.604216},"2023-08":{"txs":0,"uniq":0,"trade":0,"nft":0,"gas":0,"bal":0,"days":0,"spread":0,"streak":0,"rank_m":616479,"pct_m":0.65545},"2023-09":{"txs":1,"uniq":1,"trade":0,"nft":1,"gas":0.000047,"bal":0.000141,"days":1,"spread":0.033333,"streak":1,"rank_m":131809,"pct_m":0.140141,"gas_method":"exact"},"2023-10":{"txs":0,"uniq":0,"trade":0,"nft":0,"gas":0,"bal":0.000141,"days":0,"spread":0,"streak":0,"rank_m":310885,"pct_m":0.330537},"2023-11":{"txs":0,"uniq":0,"trade":0,"nft":0,"gas":0,"bal":0.000141,"days":0,"spread":0,"streak":0,"rank_m":324449,"pct_m":0.344959},"2023-12":{"txs":0,"uniq":0,"trade":0,"nft":0,"gas":0,"bal":0.000141,"days":0,"spread":0,"streak":0,"rank_m":346513,"pct_m":0.368418},"2024-01":{"txs":0,"uniq":0,"trade":0,"nft":0,"gas":0,"bal":0.000141,"days":0,"spread":0,"streak":0,"rank_m":362505,"pct_m":0.385421},"2024-02":{"txs":1,"uniq":1,"trade":0,"nft":1,"gas":0.000008,"bal":0.000147,"days":1,"spread":0.034483,"streak":1,"rank_m":270496,"pct_m":0.287595,"gas_method":"estimated"},"2024-03":{"txs":1,"uniq":1,"trade":0,"nft":0,"gas":0.000012,"bal":0.000104,"days":1,"spread":0.032258,"streak":1,"rank_m":376891,"pct_m":0.400716,"gas_method":"estimated"},"2024-04":{"txs":1,"uniq":1,"trade":0,"nft":0,"gas":0.000001,"bal":0.000098,"days":1,"spread":0.033333,"streak":1,"rank_m":469101,"pct_m":0.498756,"gas_method":"estimated"},"2024-05":{"txs":0,"uniq":0,"trade":0,"nft":0,"gas":0,"bal":0.000098,"days":0,"spread":0,"streak":0,"rank_m":591833,"pct_m":0.629246},"2024-06":{"txs":0,"uniq":0,"trade":0,"nft":0,"gas":0,"bal":0.000098,"days":0,"spread":0,"streak":0,"rank_m":618478,"pct_m":0.657576},"2024-07":{"txs":0,"uniq":0,"trade":0,"nft":0,"gas":0,"bal":0.000098,"days":0,"spread":0,"streak":0,"rank_m":640665,"pct_m":0.681165},"2024-08":{"txs":1,"uniq":1,"trade":0,"nft":1,"gas":0,"bal":0.000096,"days":1,"spread":0.032258,"streak":1,"rank_m":506884,"pct_m":0.538927,"gas_method":"estimated"},"2024-09":{"txs":0,"uniq":0,"trade":0,"nft":0,"gas":0,"bal":0.000096,"days":0,"spread":0,"streak":0,"rank_m":671567,"pct_m":0.714021},"2024-10":{"txs":0,"uniq":0,"trade":0,"nft":0,"gas":0,"bal":0.000096,"days":0,"spread":0,"streak":0,"rank_m":696732,"pct_m":0.740777},"2024-11":{"txs":334021,"uniq":6,"trade":34,"nft":0,"gas":0.767659,"bal":0.043994,"days":6,"spread":0.2,"streak":5,"rank_m":28455,"pct_m":0.030253,"gas_method":"exact"},"2024-12":{"txs":79718,"uniq":5,"trade":33,"nft":0,"gas":0.008072,"bal":0.075825,"days":27,"spread":0.870968,"streak":22,"rank_m":12894,"pct_m":0.013708,"gas_method":"exact"},"2025-01":{"txs":42037,"uniq":5,"trade":10,"nft":0,"gas":0.000076,"bal":0.065936,"days":31,"spread":1,"streak":31,"rank_m":36441,"pct_m":0.038744,"gas_method":"exact"},"2025-02":{"txs":3264,"uniq":3,"trade":0,"nft":0,"gas":0.022853,"bal":0.075733,"days":28,"spread":1,"streak":28,"rank_m":18722,"pct_m":0.019905,"gas_method":"exact"},"2025-03":{"txs":552,"uniq":3,"trade":0,"nft":0,"gas":0.004362,"bal":0.074451,"days":11,"spread":0.354839,"streak":11,"rank_m":25835,"pct_m":0.027467,"gas_method":"exact"},"2025-04":{"txs":0,"uniq":0,"trade":0,"nft":0,"gas":0,"bal":0.074451,"days":0,"spread":0,"streak":0,"rank_m":560810,"pct_m":0.596262},"2025-05":{"txs":926,"uniq":3,"trade":0,"nft":1,"gas":0.006517,"bal":0.072276,"days":12,"spread":0.387097,"streak":5,"rank_m":20260,"pct_m":0.02154,"gas_method":"estimated"},"2025-06":{"txs":471,"uniq":3,"trade":0,"nft":0,"gas":0.003315,"bal":0.062421,"days":14,"spread":0.466667,"streak":4,"rank_m":30085,"pct_m":0.031986,"gas_method":"estimated"},"2025-07":{"txs":632,"uniq":1,"trade":0,"nft":0,"gas":0.004448,"bal":0.061699,"days":9,"spread":0.290323,"streak":9,"rank_m":48974,"pct_m":0.052069,"gas_method":"estimated"},"2025-08":{"txs":0,"uniq":0,"trade":0,"nft":0,"gas":0,"bal":0.061699,"days":0,"spread":0,"streak":0,"rank_m":422808,"pct_m":0.449536},"2025-09":{"txs":5,"uniq":4,"trade":2,"nft":0,"gas":0.000035,"bal":0.061581,"days":1,"spread":0.033333,"streak":1,"rank_m":182967,"pct_m":0.194533,"gas_method":"estimated"},"2025-10":{"txs":0,"uniq":0,"trade":0,"nft":0,"gas":0,"bal":0.061581,"days":0,"spread":0,"streak":0,"rank_m":323582,"pct_m":0.344037}}}