{"wallet":"0x6b6e1638a520c9c152d5a8f248c680b42fb6f3b3","rank":589703,"lifetime":{"months_active":12,"first":"2023-07","last":"2025-10","tx_sum":122,"uniq_sum":75,"trade_sum":0,"nft_sum":9,"gas_sum":0.00484,"avg_balance_eth_mean":0.010337,"streak_best_days":2,"gas_sum_filled":0.00484},"months":{"2023-07":{"txs":0,"uniq":0,"trade":0,"nft":0,"gas":0,"bal":0,"days":0,"spread":0,"streak":0,"rank_m":567179,"pct_m":0.603034},"2023-08":{"txs":5,"uniq":1,"trade":0,"nft":0,"gas":0.001432,"bal":0.000392,"days":2,"spread":0.064516,"streak":1,"rank_m":129419,"pct_m":0.1376,"gas_method":"exact"},"2023-09":{"txs":43,"uniq":21,"trade":0,"nft":2,"gas":0.001123,"bal":0.000957,"days":3,"spread":0.1,"streak":1,"rank_m":48861,"pct_m":0.051949,"gas_method":"exact"},"2023-10":{"txs":23,"uniq":13,"trade":0,"nft":2,"gas":0.000561,"bal":0.203106,"days":2,"spread":0.064516,"streak":1,"rank_m":35166,"pct_m":0.037388,"gas_method":"estimated"},"2023-11":{"txs":6,"uniq":5,"trade":0,"nft":0,"gas":0.000253,"bal":0.001624,"days":2,"spread":0.066667,"streak":1,"rank_m":108166,"pct_m":0.115003,"gas_method":"estimated"},"2023-12":{"txs":9,"uniq":8,"trade":0,"nft":1,"gas":0.000712,"bal":0.001606,"days":4,"spread":0.129032,"streak":2,"rank_m":73388,"pct_m":0.078026,"gas_method":"estimated"},"2024-01":{"txs":6,"uniq":5,"trade":0,"nft":0,"gas":0.000442,"bal":0.001932,"days":1,"spread":0.032258,"streak":1,"rank_m":143789,"pct_m":0.152878,"gas_method":"estimated"},"2024-02":{"txs":3,"uniq":3,"trade":0,"nft":2,"gas":0.000125,"bal":0.001413,"days":2,"spread":0.068966,"streak":1,"rank_m":198818,"pct_m":0.211386,"gas_method":"estimated"},"2024-03":{"txs":0,"uniq":0,"trade":0,"nft":0,"gas":0,"bal":0.001413,"days":0,"spread":0,"streak":0,"rank_m":426513,"pct_m":0.453475},"2024-04":{"txs":1,"uniq":1,"trade":0,"nft":1,"gas":0.000008,"bal":0.000102,"days":1,"spread":0.033333,"streak":1,"rank_m":455009,"pct_m":0.483773,"gas_method":"estimated"},"2024-05":{"txs":18,"uniq":12,"trade":0,"nft":1,"gas":0.000046,"bal":0.003863,"days":2,"spread":0.064516,"streak":1,"rank_m":296070,"pct_m":0.314786,"gas_method":"estimated"},"2024-06":{"txs":0,"uniq":0,"trade":0,"nft":0,"gas":0,"bal":0.003863,"days":0,"spread":0,"streak":0,"rank_m":526091,"pct_m":0.559348},"2024-07":{"txs":0,"uniq":0,"trade":0,"nft":0,"gas":0,"bal":0.003863,"days":0,"spread":0,"streak":0,"rank_m":538363,"pct_m":0.572396},"2024-08":{"txs":1,"uniq":1,"trade":0,"nft":0,"gas":0,"bal":0.012977,"days":1,"spread":0.032258,"streak":1,"rank_m":386394,"pct_m":0.41082,"gas_method":"estimated"},"2024-09":{"txs":0,"uniq":0,"trade":0,"nft":0,"gas":0,"bal":0.012977,"days":0,"spread":0,"streak":0,"rank_m":474551,"pct_m":0.50455},"2024-10":{"txs":0,"uniq":0,"trade":0,"nft":0,"gas":0,"bal":0.012977,"days":0,"spread":0,"streak":0,"rank_m":517295,"pct_m":0.549996},"2024-11":{"txs":0,"uniq":0,"trade":0,"nft":0,"gas":0,"bal":0.012977,"days":0,"spread":0,"streak":0,"rank_m":548171,"pct_m":0.582824},"2024-12":{"txs":6,"uniq":4,"trade":0,"nft":0,"gas":0.000132,"bal":0.001012,"days":1,"spread":0.032258,"streak":1,"rank_m":468477,"pct_m":0.498092,"gas_method":"exact"},"2025-01":{"txs":0,"uniq":0,"trade":0,"nft":0,"gas":0,"bal":0.001012,"days":0,"spread":0,"streak":0,"rank_m":666680,"pct_m":0.708825},"2025-02":{"txs":0,"uniq":0,"trade":0,"nft":0,"gas":0,"bal":0.001012,"days":0,"spread":0,"streak":0,"rank_m":685120,"pct_m":0.728431},"2025-03":{"txs":0,"uniq":0,"trade":0,"nft":0,"gas":0,"bal":0.001012,"days":0,"spread":0,"streak":0,"rank_m":685823,"pct_m":0.729178},"2025-04":{"txs":1,"uniq":1,"trade":0,"nft":0,"gas":0.000006,"bal":0.001335,"days":1,"spread":0.033333,"streak":1,"rank_m":508211,"pct_m":0.540338,"gas_method":"exact"},"2025-05":{"txs":0,"uniq":0,"trade":0,"nft":0,"gas":0,"bal":0.001335,"days":0,"spread":0,"streak":0,"rank_m":685968,"pct_m":0.729332},"2025-06":{"txs":0,"uniq":0,"trade":0,"nft":0,"gas":0,"bal":0.001335,"days":0,"spread":0,"streak":0,"rank_m":688026,"pct_m":0.73152},"2025-07":{"txs":0,"uniq":0,"trade":0,"nft":0,"gas":0,"bal":0.001335,"days":0,"spread":0,"streak":0,"rank_m":705115,"pct_m":0.74969},"2025-08":{"txs":0,"uniq":0,"trade":0,"nft":0,"gas":0,"bal":0.001335,"days":0,"spread":0,"streak":0,"rank_m":687569,"pct_m":0.731035},"2025-09":{"txs":0,"uniq":0,"trade":0,"nft":0,"gas":0,"bal":0.001335,"days":0,"spread":0,"streak":0,"rank_m":671252,"pct_m":0.713686},"2025-10":{"txs":0,"uniq":0,"trade":0,"nft":0,"gas":0,"bal":0.001335,"days":0,"spread":0,"streak":0,"rank_m":604919,"pct_m":0.64316}}}