{"wallet":"0x6bc7e09f3fceb57cb839930beb082ac9bad23e50","rank":159567,"lifetime":{"months_active":24,"first":"2023-07","last":"2025-10","tx_sum":484,"uniq_sum":149,"trade_sum":28,"nft_sum":19,"gas_sum":0.00297,"avg_balance_eth_mean":0.003848,"streak_best_days":0,"gas_sum_filled":0.00297},"months":{"2023-07":{"txs":0,"uniq":0,"trade":0,"nft":0,"gas":0,"bal":0,"days":0,"spread":0,"streak":0,"rank_m":566019,"pct_m":0.6018},"2023-08":{"txs":2,"uniq":2,"trade":0,"nft":1,"gas":0.000097,"bal":0.000134,"days":1,"spread":0.032258,"streak":0,"rank_m":192455,"pct_m":0.204621,"gas_method":"exact"},"2023-09":{"txs":0,"uniq":0,"trade":0,"nft":0,"gas":0,"bal":0.000134,"days":0,"spread":0,"streak":0,"rank_m":294011,"pct_m":0.312597},"2023-10":{"txs":4,"uniq":4,"trade":0,"nft":2,"gas":0.000188,"bal":0.001111,"days":3,"spread":0.096774,"streak":0,"rank_m":135930,"pct_m":0.144522,"gas_method":"exact"},"2023-11":{"txs":4,"uniq":2,"trade":0,"nft":0,"gas":0.000052,"bal":0.000256,"days":3,"spread":0.1,"streak":0,"rank_m":173874,"pct_m":0.184865,"gas_method":"estimated"},"2023-12":{"txs":4,"uniq":2,"trade":0,"nft":0,"gas":0.000097,"bal":0.001797,"days":1,"spread":0.032258,"streak":0,"rank_m":195053,"pct_m":0.207383,"gas_method":"estimated"},"2024-01":{"txs":1,"uniq":1,"trade":0,"nft":0,"gas":0.000023,"bal":0.002319,"days":1,"spread":0.032258,"streak":0,"rank_m":208965,"pct_m":0.222174,"gas_method":"estimated"},"2024-02":{"txs":0,"uniq":0,"trade":0,"nft":0,"gas":0,"bal":0.002319,"days":0,"spread":0,"streak":0,"rank_m":337962,"pct_m":0.359326},"2024-03":{"txs":3,"uniq":2,"trade":0,"nft":1,"gas":0.000057,"bal":0.004268,"days":1,"spread":0.032258,"streak":0,"rank_m":338278,"pct_m":0.359662,"gas_method":"estimated"},"2024-04":{"txs":1,"uniq":1,"trade":0,"nft":1,"gas":0.000033,"bal":0.012147,"days":1,"spread":0.033333,"streak":0,"rank_m":394265,"pct_m":0.419189,"gas_method":"exact"},"2024-05":{"txs":2,"uniq":2,"trade":0,"nft":2,"gas":0.000002,"bal":0.012142,"days":2,"spread":0.064516,"streak":0,"rank_m":388164,"pct_m":0.412702,"gas_method":"estimated"},"2024-06":{"txs":0,"uniq":0,"trade":0,"nft":0,"gas":0,"bal":0.012142,"days":0,"spread":0,"streak":0,"rank_m":494535,"pct_m":0.525797},"2024-07":{"txs":64,"uniq":11,"trade":0,"nft":5,"gas":0.000008,"bal":0.008279,"days":11,"spread":0.354839,"streak":0,"rank_m":155450,"pct_m":0.165276,"gas_method":"estimated"},"2024-08":{"txs":78,"uniq":8,"trade":0,"nft":2,"gas":0.000001,"bal":0.00214,"days":12,"spread":0.387097,"streak":0,"rank_m":194449,"pct_m":0.206741,"gas_method":"exact"},"2024-09":{"txs":13,"uniq":5,"trade":2,"nft":3,"gas":0,"bal":0.001585,"days":6,"spread":0.2,"streak":0,"rank_m":209750,"pct_m":0.223009,"gas_method":"exact"},"2024-10":{"txs":1,"uniq":1,"trade":0,"nft":1,"gas":0,"bal":0.000712,"days":1,"spread":0.032258,"streak":0,"rank_m":532876,"pct_m":0.566562,"gas_method":"estimated"},"2024-11":{"txs":3,"uniq":3,"trade":1,"nft":0,"gas":0.000007,"bal":0.000518,"days":3,"spread":0.1,"streak":0,"rank_m":433033,"pct_m":0.460407,"gas_method":"exact"},"2024-12":{"txs":12,"uniq":6,"trade":1,"nft":1,"gas":0.000243,"bal":0.002504,"days":3,"spread":0.096774,"streak":0,"rank_m":361648,"pct_m":0.38451,"gas_method":"exact"},"2025-01":{"txs":9,"uniq":7,"trade":0,"nft":0,"gas":0.000208,"bal":0.005691,"days":3,"spread":0.096774,"streak":0,"rank_m":369732,"pct_m":0.393105,"gas_method":"exact"},"2025-02":{"txs":6,"uniq":2,"trade":0,"nft":0,"gas":0.000021,"bal":0.001757,"days":4,"spread":0.142857,"streak":0,"rank_m":424667,"pct_m":0.451512,"gas_method":"exact"},"2025-03":{"txs":31,"uniq":21,"trade":19,"nft":0,"gas":0.000229,"bal":0.000637,"days":4,"spread":0.129032,"streak":0,"rank_m":227739,"pct_m":0.242135,"gas_method":"exact"},"2025-04":{"txs":9,"uniq":5,"trade":0,"nft":0,"gas":0.000036,"bal":0.00143,"days":5,"spread":0.166667,"streak":0,"rank_m":352989,"pct_m":0.375303,"gas_method":"exact"},"2025-05":{"txs":5,"uniq":5,"trade":0,"nft":0,"gas":0.000035,"bal":0.00279,"days":3,"spread":0.096774,"streak":0,"rank_m":374432,"pct_m":0.398102,"gas_method":"estimated"},"2025-06":{"txs":81,"uniq":18,"trade":1,"nft":0,"gas":0.00057,"bal":0.002041,"days":21,"spread":0.7,"streak":0,"rank_m":177055,"pct_m":0.188247,"gas_method":"estimated"},"2025-07":{"txs":45,"uniq":16,"trade":2,"nft":0,"gas":0.000317,"bal":0.006319,"days":17,"spread":0.548387,"streak":0,"rank_m":131834,"pct_m":0.140167,"gas_method":"estimated"},"2025-08":{"txs":39,"uniq":12,"trade":0,"nft":0,"gas":0.000274,"bal":0.007982,"days":16,"spread":0.516129,"streak":0,"rank_m":178921,"pct_m":0.190231,"gas_method":"estimated"},"2025-09":{"txs":40,"uniq":6,"trade":2,"nft":0,"gas":0.000282,"bal":0.006893,"days":10,"spread":0.333333,"streak":0,"rank_m":172782,"pct_m":0.183704,"gas_method":"estimated"},"2025-10":{"txs":27,"uniq":7,"trade":0,"nft":0,"gas":0.00019,"bal":0.007709,"days":6,"spread":0.193548,"streak":0,"rank_m":165425,"pct_m":0.175882,"gas_method":"estimated"}}}