{"wallet":"0x6b902d7663a03c1b499b1664096c7f62f2036362","rank":541742,"lifetime":{"months_active":10,"first":"2023-07","last":"2025-10","tx_sum":212,"uniq_sum":94,"trade_sum":2,"nft_sum":3,"gas_sum":0.000989,"avg_balance_eth_mean":0.009547,"streak_best_days":3,"gas_sum_filled":0.000989},"months":{"2023-07":{"txs":0,"uniq":0,"trade":0,"nft":0,"gas":0,"bal":0,"days":0,"spread":0,"streak":0,"rank_m":566735,"pct_m":0.602562},"2023-08":{"txs":0,"uniq":0,"trade":0,"nft":0,"gas":0,"bal":0,"days":0,"spread":0,"streak":0,"rank_m":615123,"pct_m":0.654009},"2023-09":{"txs":0,"uniq":0,"trade":0,"nft":0,"gas":0,"bal":0,"days":0,"spread":0,"streak":0,"rank_m":628078,"pct_m":0.667783},"2023-10":{"txs":0,"uniq":0,"trade":0,"nft":0,"gas":0,"bal":0,"days":0,"spread":0,"streak":0,"rank_m":638532,"pct_m":0.678898},"2023-11":{"txs":0,"uniq":0,"trade":0,"nft":0,"gas":0,"bal":0,"days":0,"spread":0,"streak":0,"rank_m":647789,"pct_m":0.68874},"2023-12":{"txs":0,"uniq":0,"trade":0,"nft":0,"gas":0,"bal":0,"days":0,"spread":0,"streak":0,"rank_m":658939,"pct_m":0.700595},"2024-01":{"txs":0,"uniq":0,"trade":0,"nft":0,"gas":0,"bal":0,"days":0,"spread":0,"streak":0,"rank_m":668851,"pct_m":0.711133},"2024-02":{"txs":15,"uniq":7,"trade":2,"nft":0,"gas":0.000571,"bal":0.007771,"days":6,"spread":0.206897,"streak":3,"rank_m":47204,"pct_m":0.050187,"gas_method":"estimated"},"2024-03":{"txs":3,"uniq":3,"trade":0,"nft":0,"gas":0.000171,"bal":0.011611,"days":1,"spread":0.032258,"streak":1,"rank_m":266976,"pct_m":0.283853,"gas_method":"estimated"},"2024-04":{"txs":12,"uniq":7,"trade":0,"nft":0,"gas":0.000085,"bal":0.029359,"days":4,"spread":0.133333,"streak":1,"rank_m":261898,"pct_m":0.278454,"gas_method":"estimated"},"2024-05":{"txs":31,"uniq":19,"trade":0,"nft":1,"gas":0.000072,"bal":0.01828,"days":8,"spread":0.258065,"streak":2,"rank_m":107157,"pct_m":0.11393,"gas_method":"estimated"},"2024-06":{"txs":56,"uniq":18,"trade":0,"nft":0,"gas":0.000005,"bal":0.014904,"days":5,"spread":0.166667,"streak":3,"rank_m":111117,"pct_m":0.118141,"gas_method":"estimated"},"2024-07":{"txs":5,"uniq":2,"trade":0,"nft":0,"gas":0.000002,"bal":0.020113,"days":5,"spread":0.16129,"streak":1,"rank_m":266638,"pct_m":0.283493,"gas_method":"estimated"},"2024-08":{"txs":35,"uniq":21,"trade":0,"nft":2,"gas":0.000009,"bal":0.052019,"days":9,"spread":0.290323,"streak":2,"rank_m":61140,"pct_m":0.065004,"gas_method":"estimated"},"2024-09":{"txs":32,"uniq":7,"trade":0,"nft":0,"gas":0.000004,"bal":0.020842,"days":6,"spread":0.2,"streak":2,"rank_m":103585,"pct_m":0.110132,"gas_method":"estimated"},"2024-10":{"txs":20,"uniq":7,"trade":0,"nft":0,"gas":0.000004,"bal":0.014256,"days":8,"spread":0.258065,"streak":3,"rank_m":147290,"pct_m":0.1566,"gas_method":"estimated"},"2024-11":{"txs":0,"uniq":0,"trade":0,"nft":0,"gas":0,"bal":0.014256,"days":0,"spread":0,"streak":0,"rank_m":545571,"pct_m":0.58006},"2024-12":{"txs":3,"uniq":3,"trade":0,"nft":0,"gas":0.000066,"bal":0.005809,"days":1,"spread":0.032258,"streak":1,"rank_m":472246,"pct_m":0.502099,"gas_method":"exact"},"2025-01":{"txs":0,"uniq":0,"trade":0,"nft":0,"gas":0,"bal":0.005809,"days":0,"spread":0,"streak":0,"rank_m":614215,"pct_m":0.653043},"2025-02":{"txs":0,"uniq":0,"trade":0,"nft":0,"gas":0,"bal":0.005809,"days":0,"spread":0,"streak":0,"rank_m":620225,"pct_m":0.659433},"2025-03":{"txs":0,"uniq":0,"trade":0,"nft":0,"gas":0,"bal":0.005809,"days":0,"spread":0,"streak":0,"rank_m":605984,"pct_m":0.644292},"2025-04":{"txs":0,"uniq":0,"trade":0,"nft":0,"gas":0,"bal":0.005809,"days":0,"spread":0,"streak":0,"rank_m":637004,"pct_m":0.677273},"2025-05":{"txs":0,"uniq":0,"trade":0,"nft":0,"gas":0,"bal":0.005809,"days":0,"spread":0,"streak":0,"rank_m":580385,"pct_m":0.617075},"2025-06":{"txs":0,"uniq":0,"trade":0,"nft":0,"gas":0,"bal":0.005809,"days":0,"spread":0,"streak":0,"rank_m":580364,"pct_m":0.617052},"2025-07":{"txs":0,"uniq":0,"trade":0,"nft":0,"gas":0,"bal":0.005809,"days":0,"spread":0,"streak":0,"rank_m":599771,"pct_m":0.637686},"2025-08":{"txs":0,"uniq":0,"trade":0,"nft":0,"gas":0,"bal":0.005809,"days":0,"spread":0,"streak":0,"rank_m":579895,"pct_m":0.616554},"2025-09":{"txs":0,"uniq":0,"trade":0,"nft":0,"gas":0,"bal":0.005809,"days":0,"spread":0,"streak":0,"rank_m":567967,"pct_m":0.603872},"2025-10":{"txs":0,"uniq":0,"trade":0,"nft":0,"gas":0,"bal":0.005809,"days":0,"spread":0,"streak":0,"rank_m":482297,"pct_m":0.512786}}}