{"wallet":"0x6bc3b3612f88d358a975ece0fa6c1f2f0c55b082","rank":86454,"lifetime":{"months_active":12,"first":"2023-07","last":"2025-10","tx_sum":584,"uniq_sum":231,"trade_sum":14,"nft_sum":139,"gas_sum":0.00131,"avg_balance_eth_mean":0.011947,"streak_best_days":42,"gas_sum_filled":0.00131},"months":{"2023-07":{"txs":0,"uniq":0,"trade":0,"nft":0,"gas":0,"bal":0,"days":0,"spread":0,"streak":0,"rank_m":566062,"pct_m":0.601846},"2023-08":{"txs":0,"uniq":0,"trade":0,"nft":0,"gas":0,"bal":0,"days":0,"spread":0,"streak":0,"rank_m":614540,"pct_m":0.653389},"2023-09":{"txs":0,"uniq":0,"trade":0,"nft":0,"gas":0,"bal":0,"days":0,"spread":0,"streak":0,"rank_m":627513,"pct_m":0.667182},"2023-10":{"txs":0,"uniq":0,"trade":0,"nft":0,"gas":0,"bal":0,"days":0,"spread":0,"streak":0,"rank_m":637991,"pct_m":0.678322},"2023-11":{"txs":0,"uniq":0,"trade":0,"nft":0,"gas":0,"bal":0,"days":0,"spread":0,"streak":0,"rank_m":647267,"pct_m":0.688185},"2023-12":{"txs":0,"uniq":0,"trade":0,"nft":0,"gas":0,"bal":0,"days":0,"spread":0,"streak":0,"rank_m":658432,"pct_m":0.700056},"2024-01":{"txs":0,"uniq":0,"trade":0,"nft":0,"gas":0,"bal":0,"days":0,"spread":0,"streak":0,"rank_m":668368,"pct_m":0.71062},"2024-02":{"txs":55,"uniq":26,"trade":2,"nft":15,"gas":0.000047,"bal":0.001411,"days":3,"spread":0.103448,"streak":2,"rank_m":74522,"pct_m":0.079232,"gas_method":"estimated"},"2024-03":{"txs":106,"uniq":40,"trade":0,"nft":23,"gas":0.001,"bal":0.019951,"days":20,"spread":0.645161,"streak":10,"rank_m":7094,"pct_m":0.007541,"gas_method":"exact"},"2024-04":{"txs":60,"uniq":17,"trade":1,"nft":10,"gas":0.00002,"bal":0.016169,"days":22,"spread":0.733333,"streak":18,"rank_m":34199,"pct_m":0.03636,"gas_method":"exact"},"2024-05":{"txs":93,"uniq":32,"trade":1,"nft":11,"gas":0.00002,"bal":0.008269,"days":28,"spread":0.903226,"streak":13,"rank_m":16781,"pct_m":0.017841,"gas_method":"exact"},"2024-06":{"txs":155,"uniq":53,"trade":4,"nft":33,"gas":0,"bal":0.004026,"days":29,"spread":0.966667,"streak":29,"rank_m":18935,"pct_m":0.020131,"gas_method":"exact"},"2024-07":{"txs":72,"uniq":34,"trade":3,"nft":23,"gas":0.000002,"bal":0.006976,"days":19,"spread":0.612903,"streak":6,"rank_m":13482,"pct_m":0.014333,"gas_method":"exact"},"2024-08":{"txs":29,"uniq":17,"trade":3,"nft":17,"gas":0.000019,"bal":0.020925,"days":8,"spread":0.258065,"streak":2,"rank_m":31546,"pct_m":0.033539,"gas_method":"exact"},"2024-09":{"txs":2,"uniq":2,"trade":0,"nft":4,"gas":0,"bal":0.019328,"days":2,"spread":0.066667,"streak":1,"rank_m":230043,"pct_m":0.244585,"gas_method":"estimated"},"2024-10":{"txs":2,"uniq":2,"trade":0,"nft":3,"gas":0,"bal":0.018948,"days":2,"spread":0.064516,"streak":1,"rank_m":288972,"pct_m":0.307239,"gas_method":"estimated"},"2024-11":{"txs":0,"uniq":0,"trade":0,"nft":0,"gas":0,"bal":0.018948,"days":0,"spread":0,"streak":0,"rank_m":539182,"pct_m":0.573267},"2024-12":{"txs":0,"uniq":0,"trade":0,"nft":0,"gas":0,"bal":0.018948,"days":0,"spread":0,"streak":0,"rank_m":596830,"pct_m":0.634559},"2025-01":{"txs":7,"uniq":5,"trade":0,"nft":0,"gas":0.000182,"bal":0.018299,"days":1,"spread":0.032258,"streak":1,"rank_m":345445,"pct_m":0.367282,"gas_method":"exact"},"2025-02":{"txs":0,"uniq":0,"trade":0,"nft":0,"gas":0,"bal":0.018299,"days":0,"spread":0,"streak":0,"rank_m":577614,"pct_m":0.614128},"2025-03":{"txs":0,"uniq":0,"trade":0,"nft":0,"gas":0,"bal":0.018299,"days":0,"spread":0,"streak":0,"rank_m":559412,"pct_m":0.594776},"2025-04":{"txs":1,"uniq":1,"trade":0,"nft":0,"gas":0.000006,"bal":0.017969,"days":1,"spread":0.033333,"streak":1,"rank_m":436764,"pct_m":0.464374,"gas_method":"exact"},"2025-05":{"txs":0,"uniq":0,"trade":0,"nft":0,"gas":0,"bal":0.017969,"days":0,"spread":0,"streak":0,"rank_m":487768,"pct_m":0.518603},"2025-06":{"txs":0,"uniq":0,"trade":0,"nft":0,"gas":0,"bal":0.017969,"days":0,"spread":0,"streak":0,"rank_m":487127,"pct_m":0.517921},"2025-07":{"txs":0,"uniq":0,"trade":0,"nft":0,"gas":0,"bal":0.017969,"days":0,"spread":0,"streak":0,"rank_m":505617,"pct_m":0.53758},"2025-08":{"txs":0,"uniq":0,"trade":0,"nft":0,"gas":0,"bal":0.017969,"days":0,"spread":0,"streak":0,"rank_m":481667,"pct_m":0.512116},"2025-09":{"txs":2,"uniq":2,"trade":0,"nft":0,"gas":0.000014,"bal":0.017941,"days":1,"spread":0.033333,"streak":1,"rank_m":299475,"pct_m":0.318406,"gas_method":"estimated"},"2025-10":{"txs":0,"uniq":0,"trade":0,"nft":0,"gas":0,"bal":0.017941,"days":0,"spread":0,"streak":0,"rank_m":384582,"pct_m":0.408893}}}