{"wallet":"0x6bbbd114e5652d6462caeaabe9e0fb1b92d36ab9","rank":58173,"lifetime":{"months_active":26,"first":"2023-07","last":"2025-10","tx_sum":8610,"uniq_sum":333,"trade_sum":16,"nft_sum":198,"gas_sum":0.032727,"avg_balance_eth_mean":0.005223,"streak_best_days":0,"gas_sum_filled":0.032727},"months":{"2023-07":{"txs":4,"uniq":2,"trade":0,"nft":2,"gas":0.002521,"bal":0.001644,"days":1,"spread":0.032258,"streak":0,"rank_m":74378,"pct_m":0.079079,"gas_method":"exact"},"2023-08":{"txs":54,"uniq":27,"trade":0,"nft":15,"gas":0.008345,"bal":0.006192,"days":17,"spread":0.548387,"streak":0,"rank_m":81249,"pct_m":0.086384,"gas_method":"exact"},"2023-09":{"txs":7,"uniq":4,"trade":0,"nft":3,"gas":0.000026,"bal":0.002783,"days":6,"spread":0.2,"streak":0,"rank_m":130529,"pct_m":0.13878,"gas_method":"exact"},"2023-10":{"txs":51,"uniq":21,"trade":3,"nft":8,"gas":0.000834,"bal":0.003768,"days":9,"spread":0.290323,"streak":0,"rank_m":75390,"pct_m":0.080155,"gas_method":"exact"},"2023-11":{"txs":26,"uniq":10,"trade":6,"nft":2,"gas":0.000165,"bal":0.008979,"days":12,"spread":0.4,"streak":0,"rank_m":68562,"pct_m":0.072895,"gas_method":"exact"},"2023-12":{"txs":28,"uniq":19,"trade":0,"nft":20,"gas":0.000065,"bal":0.00332,"days":12,"spread":0.387097,"streak":0,"rank_m":81277,"pct_m":0.086414,"gas_method":"exact"},"2024-01":{"txs":15,"uniq":9,"trade":0,"nft":5,"gas":0.000072,"bal":0.001346,"days":10,"spread":0.322581,"streak":0,"rank_m":119909,"pct_m":0.127488,"gas_method":"exact"},"2024-02":{"txs":115,"uniq":31,"trade":2,"nft":22,"gas":0.001382,"bal":0.002964,"days":23,"spread":0.793103,"streak":0,"rank_m":71155,"pct_m":0.075652,"gas_method":"exact"},"2024-03":{"txs":15,"uniq":6,"trade":0,"nft":9,"gas":0.00025,"bal":0.004834,"days":6,"spread":0.193548,"streak":0,"rank_m":222748,"pct_m":0.236829,"gas_method":"estimated"},"2024-04":{"txs":9,"uniq":7,"trade":0,"nft":8,"gas":0.000018,"bal":0.004143,"days":6,"spread":0.2,"streak":0,"rank_m":331393,"pct_m":0.352342,"gas_method":"estimated"},"2024-05":{"txs":15,"uniq":12,"trade":1,"nft":4,"gas":0.00001,"bal":0.002398,"days":7,"spread":0.225806,"streak":0,"rank_m":278231,"pct_m":0.295819,"gas_method":"estimated"},"2024-06":{"txs":21,"uniq":8,"trade":0,"nft":4,"gas":0,"bal":0.003209,"days":5,"spread":0.166667,"streak":0,"rank_m":235199,"pct_m":0.250067,"gas_method":"exact"},"2024-07":{"txs":2,"uniq":2,"trade":0,"nft":4,"gas":0,"bal":0.00226,"days":1,"spread":0.032258,"streak":0,"rank_m":438661,"pct_m":0.466391,"gas_method":"estimated"},"2024-08":{"txs":50,"uniq":43,"trade":0,"nft":41,"gas":0.000004,"bal":0.002284,"days":10,"spread":0.322581,"streak":0,"rank_m":190459,"pct_m":0.202498,"gas_method":"estimated"},"2024-09":{"txs":20,"uniq":16,"trade":1,"nft":14,"gas":0.000001,"bal":0.002375,"days":8,"spread":0.266667,"streak":0,"rank_m":138996,"pct_m":0.147782,"gas_method":"exact"},"2024-10":{"txs":607,"uniq":32,"trade":0,"nft":27,"gas":0.000035,"bal":0.003778,"days":14,"spread":0.451613,"streak":0,"rank_m":139028,"pct_m":0.147816,"gas_method":"estimated"},"2024-11":{"txs":7381,"uniq":18,"trade":2,"nft":5,"gas":0.016962,"bal":0.004435,"days":12,"spread":0.4,"streak":0,"rank_m":101506,"pct_m":0.107922,"gas_method":"exact"},"2024-12":{"txs":46,"uniq":6,"trade":0,"nft":0,"gas":0.000992,"bal":0.002521,"days":10,"spread":0.322581,"streak":0,"rank_m":267775,"pct_m":0.284702,"gas_method":"exact"},"2025-01":{"txs":2,"uniq":2,"trade":0,"nft":0,"gas":0.000052,"bal":0.003114,"days":2,"spread":0.064516,"streak":0,"rank_m":510435,"pct_m":0.542703,"gas_method":"exact"},"2025-02":{"txs":13,"uniq":10,"trade":0,"nft":1,"gas":0.000084,"bal":0.003031,"days":8,"spread":0.285714,"streak":0,"rank_m":219806,"pct_m":0.233701,"gas_method":"exact"},"2025-03":{"txs":20,"uniq":11,"trade":0,"nft":0,"gas":0.000158,"bal":0.00992,"days":7,"spread":0.225806,"streak":0,"rank_m":189873,"pct_m":0.201875,"gas_method":"exact"},"2025-04":{"txs":9,"uniq":6,"trade":0,"nft":1,"gas":0.000048,"bal":0.006804,"days":6,"spread":0.2,"streak":0,"rank_m":240329,"pct_m":0.255521,"gas_method":"exact"},"2025-05":{"txs":0,"uniq":0,"trade":0,"nft":0,"gas":0,"bal":0.006804,"days":0,"spread":0,"streak":0,"rank_m":567611,"pct_m":0.603493},"2025-06":{"txs":4,"uniq":3,"trade":0,"nft":0,"gas":0.000028,"bal":0.010811,"days":2,"spread":0.066667,"streak":0,"rank_m":349893,"pct_m":0.372011,"gas_method":"estimated"},"2025-07":{"txs":2,"uniq":2,"trade":0,"nft":0,"gas":0.000014,"bal":0.010803,"days":1,"spread":0.032258,"streak":0,"rank_m":419653,"pct_m":0.446182,"gas_method":"estimated"},"2025-08":{"txs":9,"uniq":7,"trade":1,"nft":1,"gas":0.000063,"bal":0.010595,"days":5,"spread":0.16129,"streak":0,"rank_m":220677,"pct_m":0.234627,"gas_method":"estimated"},"2025-09":{"txs":85,"uniq":19,"trade":0,"nft":2,"gas":0.000598,"bal":0.010565,"days":9,"spread":0.3,"streak":0,"rank_m":102963,"pct_m":0.109471,"gas_method":"estimated"},"2025-10":{"txs":0,"uniq":0,"trade":0,"nft":0,"gas":0,"bal":0.010565,"days":0,"spread":0,"streak":0,"rank_m":427750,"pct_m":0.45479}}}