{"wallet":"0x6bdb627491e468fa859141f29af5779ede9cea10","rank":194109,"lifetime":{"months_active":21,"first":"2023-07","last":"2025-10","tx_sum":241,"uniq_sum":72,"trade_sum":16,"nft_sum":10,"gas_sum":0.003096,"avg_balance_eth_mean":0.010035,"streak_best_days":5,"gas_sum_filled":0.003096},"months":{"2023-07":{"txs":0,"uniq":0,"trade":0,"nft":0,"gas":0,"bal":0,"days":0,"spread":0,"streak":0,"rank_m":565768,"pct_m":0.601534},"2023-08":{"txs":0,"uniq":0,"trade":0,"nft":0,"gas":0,"bal":0,"days":0,"spread":0,"streak":0,"rank_m":614289,"pct_m":0.653122},"2023-09":{"txs":12,"uniq":7,"trade":0,"nft":1,"gas":0.001986,"bal":0.007918,"days":3,"spread":0.1,"streak":1,"rank_m":47902,"pct_m":0.050929,"gas_method":"exact"},"2023-10":{"txs":1,"uniq":1,"trade":0,"nft":1,"gas":0.000006,"bal":0.009692,"days":1,"spread":0.032258,"streak":1,"rank_m":103021,"pct_m":0.109533,"gas_method":"estimated"},"2023-11":{"txs":0,"uniq":0,"trade":0,"nft":0,"gas":0,"bal":0.009692,"days":0,"spread":0,"streak":0,"rank_m":230261,"pct_m":0.244817},"2023-12":{"txs":0,"uniq":0,"trade":0,"nft":0,"gas":0,"bal":0.009692,"days":0,"spread":0,"streak":0,"rank_m":246017,"pct_m":0.261569},"2024-01":{"txs":0,"uniq":0,"trade":0,"nft":0,"gas":0,"bal":0.009692,"days":0,"spread":0,"streak":0,"rank_m":254883,"pct_m":0.270995},"2024-02":{"txs":0,"uniq":0,"trade":0,"nft":0,"gas":0,"bal":0.009692,"days":0,"spread":0,"streak":0,"rank_m":297758,"pct_m":0.316581},"2024-03":{"txs":5,"uniq":3,"trade":0,"nft":0,"gas":0.000081,"bal":0.019141,"days":2,"spread":0.064516,"streak":2,"rank_m":212901,"pct_m":0.226359,"gas_method":"estimated"},"2024-04":{"txs":41,"uniq":6,"trade":0,"nft":1,"gas":0.000256,"bal":0.066833,"days":13,"spread":0.433333,"streak":3,"rank_m":97466,"pct_m":0.103627,"gas_method":"exact"},"2024-05":{"txs":41,"uniq":7,"trade":1,"nft":0,"gas":0.000056,"bal":0.090575,"days":11,"spread":0.354839,"streak":3,"rank_m":42956,"pct_m":0.045671,"gas_method":"exact"},"2024-06":{"txs":42,"uniq":8,"trade":0,"nft":1,"gas":0.000001,"bal":0.000574,"days":12,"spread":0.4,"streak":4,"rank_m":231088,"pct_m":0.245696,"gas_method":"estimated"},"2024-07":{"txs":10,"uniq":1,"trade":3,"nft":0,"gas":0.000001,"bal":0.006803,"days":6,"spread":0.193548,"streak":2,"rank_m":189532,"pct_m":0.201513,"gas_method":"estimated"},"2024-08":{"txs":15,"uniq":4,"trade":0,"nft":3,"gas":0.000001,"bal":0.012313,"days":8,"spread":0.258065,"streak":2,"rank_m":135740,"pct_m":0.14432,"gas_method":"exact"},"2024-09":{"txs":1,"uniq":1,"trade":0,"nft":0,"gas":0,"bal":0.007316,"days":1,"spread":0.033333,"streak":1,"rank_m":368970,"pct_m":0.392294,"gas_method":"estimated"},"2024-10":{"txs":7,"uniq":4,"trade":0,"nft":1,"gas":0,"bal":0.000919,"days":2,"spread":0.064516,"streak":1,"rank_m":407561,"pct_m":0.433325,"gas_method":"estimated"},"2024-11":{"txs":8,"uniq":4,"trade":1,"nft":0,"gas":0.000018,"bal":0.00091,"days":2,"spread":0.066667,"streak":1,"rank_m":342685,"pct_m":0.364348,"gas_method":"exact"},"2024-12":{"txs":0,"uniq":0,"trade":0,"nft":0,"gas":0,"bal":0.00091,"days":0,"spread":0,"streak":0,"rank_m":676469,"pct_m":0.719233},"2025-01":{"txs":15,"uniq":6,"trade":0,"nft":0,"gas":0.00039,"bal":0.001446,"days":6,"spread":0.193548,"streak":3,"rank_m":251279,"pct_m":0.267163,"gas_method":"exact"},"2025-02":{"txs":13,"uniq":2,"trade":4,"nft":0,"gas":0.000091,"bal":0.014326,"days":5,"spread":0.178571,"streak":2,"rank_m":143932,"pct_m":0.15303,"gas_method":"exact"},"2025-03":{"txs":1,"uniq":1,"trade":0,"nft":0,"gas":0.000008,"bal":0.000085,"days":1,"spread":0.032258,"streak":1,"rank_m":526759,"pct_m":0.560059,"gas_method":"exact"},"2025-04":{"txs":2,"uniq":1,"trade":0,"nft":0,"gas":0.000012,"bal":0.000085,"days":1,"spread":0.033333,"streak":1,"rank_m":537061,"pct_m":0.571012,"gas_method":"exact"},"2025-05":{"txs":3,"uniq":2,"trade":0,"nft":0,"gas":0.000021,"bal":0.000072,"days":1,"spread":0.032258,"streak":1,"rank_m":638747,"pct_m":0.679126,"gas_method":"estimated"},"2025-06":{"txs":10,"uniq":5,"trade":6,"nft":1,"gas":0.00007,"bal":0.000105,"days":4,"spread":0.133333,"streak":1,"rank_m":437065,"pct_m":0.464694,"gas_method":"estimated"},"2025-07":{"txs":1,"uniq":1,"trade":0,"nft":1,"gas":0.000007,"bal":0.000242,"days":1,"spread":0.032258,"streak":1,"rank_m":544407,"pct_m":0.578822,"gas_method":"estimated"},"2025-08":{"txs":2,"uniq":2,"trade":1,"nft":0,"gas":0.000014,"bal":0.000354,"days":1,"spread":0.032258,"streak":1,"rank_m":469109,"pct_m":0.498764,"gas_method":"estimated"},"2025-09":{"txs":7,"uniq":4,"trade":0,"nft":0,"gas":0.000049,"bal":0.000799,"days":1,"spread":0.033333,"streak":1,"rank_m":472919,"pct_m":0.502815,"gas_method":"estimated"},"2025-10":{"txs":4,"uniq":2,"trade":0,"nft":0,"gas":0.000028,"bal":0.000794,"days":1,"spread":0.032258,"streak":1,"rank_m":377235,"pct_m":0.401082,"gas_method":"estimated"}}}