{"wallet":"0x6b821bd540ef180ab6e8219af224f9ba52045471","rank":18949,"lifetime":{"months_active":26,"first":"2023-07","last":"2025-10","tx_sum":3052,"uniq_sum":1262,"trade_sum":108,"nft_sum":592,"gas_sum":0.02508,"avg_balance_eth_mean":0.170144,"streak_best_days":0,"gas_sum_filled":0.02508},"months":{"2023-07":{"txs":0,"uniq":0,"trade":0,"nft":0,"gas":0,"bal":0,"days":0,"spread":0,"streak":0,"rank_m":566912,"pct_m":0.60275},"2023-08":{"txs":121,"uniq":61,"trade":0,"nft":43,"gas":0.007834,"bal":0.128685,"days":14,"spread":0.451613,"streak":0,"rank_m":65513,"pct_m":0.069654,"gas_method":"exact"},"2023-09":{"txs":181,"uniq":99,"trade":0,"nft":67,"gas":0.007781,"bal":0.223423,"days":17,"spread":0.566667,"streak":0,"rank_m":53818,"pct_m":0.057219,"gas_method":"exact"},"2023-10":{"txs":130,"uniq":77,"trade":2,"nft":58,"gas":0.000279,"bal":0.194322,"days":21,"spread":0.677419,"streak":0,"rank_m":49734,"pct_m":0.052877,"gas_method":"exact"},"2023-11":{"txs":247,"uniq":80,"trade":4,"nft":64,"gas":0.00037,"bal":0.252024,"days":27,"spread":0.9,"streak":0,"rank_m":44729,"pct_m":0.047556,"gas_method":"exact"},"2023-12":{"txs":103,"uniq":30,"trade":7,"nft":11,"gas":0.001651,"bal":0.498959,"days":18,"spread":0.580645,"streak":0,"rank_m":40547,"pct_m":0.043109,"gas_method":"exact"},"2024-01":{"txs":190,"uniq":66,"trade":11,"nft":20,"gas":0.000781,"bal":0.627706,"days":23,"spread":0.741935,"streak":0,"rank_m":43227,"pct_m":0.045959,"gas_method":"exact"},"2024-02":{"txs":107,"uniq":46,"trade":2,"nft":20,"gas":0.001677,"bal":0.672535,"days":17,"spread":0.586207,"streak":0,"rank_m":40634,"pct_m":0.043202,"gas_method":"exact"},"2024-03":{"txs":146,"uniq":43,"trade":7,"nft":29,"gas":0.000717,"bal":0.344041,"days":23,"spread":0.741935,"streak":0,"rank_m":40055,"pct_m":0.042586,"gas_method":"exact"},"2024-04":{"txs":178,"uniq":69,"trade":5,"nft":28,"gas":0.000023,"bal":0.447143,"days":22,"spread":0.733333,"streak":0,"rank_m":49916,"pct_m":0.053071,"gas_method":"exact"},"2024-05":{"txs":183,"uniq":62,"trade":3,"nft":35,"gas":0.000032,"bal":0.13598,"days":27,"spread":0.870968,"streak":0,"rank_m":37930,"pct_m":0.040327,"gas_method":"exact"},"2024-06":{"txs":128,"uniq":57,"trade":5,"nft":27,"gas":0.000006,"bal":0.081866,"days":26,"spread":0.866667,"streak":0,"rank_m":31117,"pct_m":0.033083,"gas_method":"exact"},"2024-07":{"txs":137,"uniq":52,"trade":2,"nft":25,"gas":0.000008,"bal":0.095619,"days":28,"spread":0.903226,"streak":0,"rank_m":27042,"pct_m":0.02875,"gas_method":"exact"},"2024-08":{"txs":213,"uniq":87,"trade":2,"nft":39,"gas":0.000014,"bal":0.109726,"days":29,"spread":0.935484,"streak":0,"rank_m":20298,"pct_m":0.02158,"gas_method":"exact"},"2024-09":{"txs":151,"uniq":55,"trade":4,"nft":27,"gas":0,"bal":0.024038,"days":28,"spread":0.933333,"streak":0,"rank_m":31146,"pct_m":0.033114,"gas_method":"exact"},"2024-10":{"txs":101,"uniq":62,"trade":3,"nft":59,"gas":0.000008,"bal":0.026918,"days":17,"spread":0.548387,"streak":0,"rank_m":41126,"pct_m":0.043725,"gas_method":"exact"},"2024-11":{"txs":23,"uniq":11,"trade":4,"nft":4,"gas":0.000051,"bal":0.032672,"days":10,"spread":0.333333,"streak":0,"rank_m":139903,"pct_m":0.148746,"gas_method":"exact"},"2024-12":{"txs":79,"uniq":38,"trade":2,"nft":1,"gas":0.001742,"bal":0.295216,"days":15,"spread":0.483871,"streak":0,"rank_m":62045,"pct_m":0.065966,"gas_method":"exact"},"2025-01":{"txs":169,"uniq":75,"trade":4,"nft":5,"gas":0.000094,"bal":0.0706,"days":28,"spread":0.903226,"streak":0,"rank_m":72295,"pct_m":0.076864,"gas_method":"exact"},"2025-02":{"txs":118,"uniq":49,"trade":8,"nft":4,"gas":0.000816,"bal":0.027019,"days":24,"spread":0.857143,"streak":0,"rank_m":38942,"pct_m":0.041403,"gas_method":"exact"},"2025-03":{"txs":162,"uniq":72,"trade":13,"nft":1,"gas":0,"bal":0.046414,"days":26,"spread":0.83871,"streak":0,"rank_m":83743,"pct_m":0.089036,"gas_method":"exact"},"2025-04":{"txs":100,"uniq":39,"trade":4,"nft":2,"gas":0.000598,"bal":0.206874,"days":24,"spread":0.8,"streak":0,"rank_m":20361,"pct_m":0.021647,"gas_method":"exact"},"2025-05":{"txs":48,"uniq":22,"trade":16,"nft":1,"gas":0.000338,"bal":0.087284,"days":13,"spread":0.419355,"streak":0,"rank_m":38893,"pct_m":0.041351,"gas_method":"estimated"},"2025-06":{"txs":0,"uniq":0,"trade":0,"nft":0,"gas":0,"bal":0.087284,"days":0,"spread":0,"streak":0,"rank_m":415971,"pct_m":0.442267},"2025-07":{"txs":3,"uniq":2,"trade":0,"nft":0,"gas":0.000021,"bal":0.012705,"days":2,"spread":0.064516,"streak":0,"rank_m":375267,"pct_m":0.39899,"gas_method":"estimated"},"2025-08":{"txs":26,"uniq":4,"trade":0,"nft":2,"gas":0.000183,"bal":0.012321,"days":6,"spread":0.193548,"streak":0,"rank_m":207112,"pct_m":0.220204,"gas_method":"estimated"},"2025-09":{"txs":6,"uniq":2,"trade":0,"nft":19,"gas":0.000042,"bal":0.011334,"days":6,"spread":0.2,"streak":0,"rank_m":264483,"pct_m":0.281202,"gas_method":"estimated"},"2025-10":{"txs":2,"uniq":2,"trade":0,"nft":1,"gas":0.000014,"bal":0.011314,"days":1,"spread":0.032258,"streak":0,"rank_m":239453,"pct_m":0.25459,"gas_method":"estimated"}}}