{"wallet":"0x6b514bf75b0bc289cc7410d9915dbf8caa5b0a90","rank":240683,"lifetime":{"months_active":18,"first":"2023-07","last":"2025-10","tx_sum":170,"uniq_sum":95,"trade_sum":43,"nft_sum":8,"gas_sum":0.001333,"avg_balance_eth_mean":0.005832,"streak_best_days":9,"gas_sum_filled":0.001333},"months":{"2023-07":{"txs":0,"uniq":0,"trade":0,"nft":0,"gas":0,"bal":0,"days":0,"spread":0,"streak":0,"rank_m":567579,"pct_m":0.603459},"2023-08":{"txs":0,"uniq":0,"trade":0,"nft":0,"gas":0,"bal":0,"days":0,"spread":0,"streak":0,"rank_m":615857,"pct_m":0.654789},"2023-09":{"txs":0,"uniq":0,"trade":0,"nft":0,"gas":0,"bal":0,"days":0,"spread":0,"streak":0,"rank_m":628783,"pct_m":0.668532},"2023-10":{"txs":0,"uniq":0,"trade":0,"nft":0,"gas":0,"bal":0,"days":0,"spread":0,"streak":0,"rank_m":639211,"pct_m":0.679619},"2023-11":{"txs":0,"uniq":0,"trade":0,"nft":0,"gas":0,"bal":0,"days":0,"spread":0,"streak":0,"rank_m":648445,"pct_m":0.689437},"2023-12":{"txs":7,"uniq":3,"trade":0,"nft":1,"gas":0.000182,"bal":0.002314,"days":6,"spread":0.193548,"streak":2,"rank_m":75855,"pct_m":0.080649,"gas_method":"estimated"},"2024-01":{"txs":6,"uniq":5,"trade":0,"nft":1,"gas":0.000331,"bal":0.00243,"days":1,"spread":0.032258,"streak":1,"rank_m":95837,"pct_m":0.101895,"gas_method":"exact"},"2024-02":{"txs":5,"uniq":4,"trade":0,"nft":1,"gas":0.000068,"bal":0.002234,"days":1,"spread":0.034483,"streak":1,"rank_m":196244,"pct_m":0.208649,"gas_method":"estimated"},"2024-03":{"txs":2,"uniq":1,"trade":0,"nft":0,"gas":0.000041,"bal":0.007359,"days":2,"spread":0.064516,"streak":1,"rank_m":288244,"pct_m":0.306465,"gas_method":"estimated"},"2024-04":{"txs":10,"uniq":6,"trade":3,"nft":2,"gas":0.000025,"bal":0.008359,"days":3,"spread":0.1,"streak":1,"rank_m":258756,"pct_m":0.275113,"gas_method":"estimated"},"2024-05":{"txs":22,"uniq":5,"trade":5,"nft":1,"gas":0.000018,"bal":0.009408,"days":3,"spread":0.096774,"streak":1,"rank_m":212321,"pct_m":0.225742,"gas_method":"estimated"},"2024-06":{"txs":0,"uniq":0,"trade":0,"nft":0,"gas":0,"bal":0.009408,"days":0,"spread":0,"streak":0,"rank_m":503929,"pct_m":0.535785},"2024-07":{"txs":0,"uniq":0,"trade":0,"nft":0,"gas":0,"bal":0.009408,"days":0,"spread":0,"streak":0,"rank_m":509339,"pct_m":0.541537},"2024-08":{"txs":0,"uniq":0,"trade":0,"nft":0,"gas":0,"bal":0.009408,"days":0,"spread":0,"streak":0,"rank_m":519250,"pct_m":0.552075},"2024-09":{"txs":18,"uniq":8,"trade":8,"nft":0,"gas":0.000001,"bal":0.008634,"days":2,"spread":0.066667,"streak":1,"rank_m":144983,"pct_m":0.154147,"gas_method":"estimated"},"2024-10":{"txs":18,"uniq":10,"trade":6,"nft":1,"gas":0.000001,"bal":0.005332,"days":13,"spread":0.419355,"streak":5,"rank_m":88336,"pct_m":0.093919,"gas_method":"estimated"},"2024-11":{"txs":22,"uniq":13,"trade":2,"nft":0,"gas":0.000051,"bal":0.003727,"days":15,"spread":0.5,"streak":9,"rank_m":84940,"pct_m":0.090309,"gas_method":"exact"},"2024-12":{"txs":8,"uniq":5,"trade":0,"nft":0,"gas":0.000176,"bal":0.00324,"days":6,"spread":0.193548,"streak":4,"rank_m":309132,"pct_m":0.328674,"gas_method":"exact"},"2025-01":{"txs":4,"uniq":3,"trade":4,"nft":0,"gas":0.000104,"bal":0.00522,"days":3,"spread":0.096774,"streak":1,"rank_m":333743,"pct_m":0.35484,"gas_method":"exact"},"2025-02":{"txs":10,"uniq":7,"trade":0,"nft":0,"gas":0.00007,"bal":0.004112,"days":8,"spread":0.285714,"streak":2,"rank_m":182912,"pct_m":0.194474,"gas_method":"exact"},"2025-03":{"txs":12,"uniq":7,"trade":8,"nft":0,"gas":0.000095,"bal":0.004766,"days":10,"spread":0.322581,"streak":2,"rank_m":115816,"pct_m":0.123137,"gas_method":"exact"},"2025-04":{"txs":6,"uniq":5,"trade":3,"nft":0,"gas":0.00003,"bal":0.004563,"days":5,"spread":0.166667,"streak":2,"rank_m":188973,"pct_m":0.200918,"gas_method":"exact"},"2025-05":{"txs":4,"uniq":4,"trade":0,"nft":0,"gas":0.000028,"bal":0.009767,"days":3,"spread":0.096774,"streak":1,"rank_m":226394,"pct_m":0.240705,"gas_method":"estimated"},"2025-06":{"txs":0,"uniq":0,"trade":0,"nft":0,"gas":0,"bal":0.009767,"days":0,"spread":0,"streak":0,"rank_m":538979,"pct_m":0.573051},"2025-07":{"txs":0,"uniq":0,"trade":0,"nft":0,"gas":0,"bal":0.009767,"days":0,"spread":0,"streak":0,"rank_m":557080,"pct_m":0.592296},"2025-08":{"txs":11,"uniq":6,"trade":0,"nft":1,"gas":0.000077,"bal":0.010796,"days":6,"spread":0.193548,"streak":3,"rank_m":132769,"pct_m":0.141161,"gas_method":"estimated"},"2025-09":{"txs":4,"uniq":2,"trade":3,"nft":0,"gas":0.000028,"bal":0.011685,"days":3,"spread":0.1,"streak":2,"rank_m":199478,"pct_m":0.212088,"gas_method":"estimated"},"2025-10":{"txs":1,"uniq":1,"trade":1,"nft":0,"gas":0.000007,"bal":0.011606,"days":1,"spread":0.032258,"streak":1,"rank_m":184148,"pct_m":0.195788,"gas_method":"estimated"}}}