{"wallet":"0x6ba7b6406e12a4c6dc6f96c4c7da06c9ddbf3022","rank":8818,"lifetime":{"months_active":26,"first":"2023-07","last":"2025-10","tx_sum":1357,"uniq_sum":453,"trade_sum":15,"nft_sum":157,"gas_sum":0.011914,"avg_balance_eth_mean":0.030879,"streak_best_days":55,"gas_sum_filled":0.011914},"months":{"2023-07":{"txs":3,"uniq":2,"trade":0,"nft":1,"gas":0.000155,"bal":0.000969,"days":1,"spread":0.032258,"streak":1,"rank_m":24188,"pct_m":0.025716,"gas_method":"exact"},"2023-08":{"txs":19,"uniq":13,"trade":0,"nft":10,"gas":0.00263,"bal":0.004929,"days":6,"spread":0.193548,"streak":3,"rank_m":44786,"pct_m":0.047616,"gas_method":"exact"},"2023-09":{"txs":1,"uniq":1,"trade":0,"nft":2,"gas":0.000057,"bal":0.001049,"days":1,"spread":0.033333,"streak":1,"rank_m":127682,"pct_m":0.135753,"gas_method":"estimated"},"2023-10":{"txs":0,"uniq":0,"trade":0,"nft":0,"gas":0,"bal":0.001049,"days":0,"spread":0,"streak":0,"rank_m":278532,"pct_m":0.296139},"2023-11":{"txs":0,"uniq":0,"trade":0,"nft":0,"gas":0,"bal":0.001049,"days":0,"spread":0,"streak":0,"rank_m":286125,"pct_m":0.304212},"2023-12":{"txs":2,"uniq":2,"trade":0,"nft":4,"gas":0.0001,"bal":0.000292,"days":2,"spread":0.064516,"streak":1,"rank_m":115385,"pct_m":0.122678,"gas_method":"exact"},"2024-01":{"txs":1,"uniq":1,"trade":0,"nft":0,"gas":0.000067,"bal":0.000064,"days":1,"spread":0.032258,"streak":1,"rank_m":179345,"pct_m":0.190682,"gas_method":"exact"},"2024-02":{"txs":15,"uniq":9,"trade":0,"nft":11,"gas":0.000386,"bal":0.000713,"days":10,"spread":0.344828,"streak":5,"rank_m":91655,"pct_m":0.097448,"gas_method":"estimated"},"2024-03":{"txs":23,"uniq":12,"trade":0,"nft":9,"gas":0.000887,"bal":0.001168,"days":7,"spread":0.225806,"streak":4,"rank_m":142290,"pct_m":0.151284,"gas_method":"estimated"},"2024-04":{"txs":26,"uniq":12,"trade":0,"nft":10,"gas":0.000124,"bal":0.002884,"days":10,"spread":0.333333,"streak":4,"rank_m":177719,"pct_m":0.188953,"gas_method":"estimated"},"2024-05":{"txs":63,"uniq":22,"trade":0,"nft":20,"gas":0.000099,"bal":0.020633,"days":15,"spread":0.483871,"streak":5,"rank_m":33571,"pct_m":0.035692,"gas_method":"estimated"},"2024-06":{"txs":58,"uniq":28,"trade":0,"nft":29,"gas":0.000003,"bal":0.010794,"days":17,"spread":0.566667,"streak":7,"rank_m":37352,"pct_m":0.039712,"gas_method":"estimated"},"2024-07":{"txs":24,"uniq":11,"trade":0,"nft":18,"gas":0.000006,"bal":0.002555,"days":12,"spread":0.387097,"streak":2,"rank_m":133271,"pct_m":0.141695,"gas_method":"estimated"},"2024-08":{"txs":7,"uniq":3,"trade":0,"nft":9,"gas":0.000001,"bal":0.004617,"days":5,"spread":0.16129,"streak":2,"rank_m":251983,"pct_m":0.267912,"gas_method":"estimated"},"2024-09":{"txs":7,"uniq":4,"trade":0,"nft":3,"gas":0.000001,"bal":0.00892,"days":3,"spread":0.1,"streak":3,"rank_m":167769,"pct_m":0.178374,"gas_method":"estimated"},"2024-10":{"txs":10,"uniq":8,"trade":0,"nft":5,"gas":0.000001,"bal":0.009813,"days":6,"spread":0.193548,"streak":3,"rank_m":140140,"pct_m":0.148998,"gas_method":"estimated"},"2024-11":{"txs":14,"uniq":8,"trade":2,"nft":2,"gas":0.000032,"bal":0.008802,"days":6,"spread":0.2,"streak":1,"rank_m":176696,"pct_m":0.187865,"gas_method":"exact"},"2024-12":{"txs":58,"uniq":28,"trade":3,"nft":3,"gas":0.001279,"bal":0.021502,"days":18,"spread":0.580645,"streak":17,"rank_m":19900,"pct_m":0.021157,"gas_method":"exact"},"2025-01":{"txs":166,"uniq":46,"trade":3,"nft":4,"gas":0.000011,"bal":0.050947,"days":27,"spread":0.870968,"streak":16,"rank_m":28724,"pct_m":0.030539,"gas_method":"exact"},"2025-02":{"txs":110,"uniq":47,"trade":1,"nft":1,"gas":0.000753,"bal":0.066595,"days":20,"spread":0.714286,"streak":5,"rank_m":5001,"pct_m":0.005316,"gas_method":"exact"},"2025-03":{"txs":99,"uniq":38,"trade":1,"nft":3,"gas":0.000766,"bal":0.281137,"days":18,"spread":0.580645,"streak":9,"rank_m":3759,"pct_m":0.003996,"gas_method":"exact"},"2025-04":{"txs":22,"uniq":13,"trade":0,"nft":2,"gas":0.000127,"bal":0.067197,"days":7,"spread":0.233333,"streak":2,"rank_m":36850,"pct_m":0.039179,"gas_method":"exact"},"2025-05":{"txs":67,"uniq":32,"trade":4,"nft":1,"gas":0.000472,"bal":0.005468,"days":12,"spread":0.387097,"streak":3,"rank_m":43051,"pct_m":0.045772,"gas_method":"estimated"},"2025-06":{"txs":122,"uniq":44,"trade":1,"nft":0,"gas":0.000859,"bal":0.004632,"days":24,"spread":0.8,"streak":16,"rank_m":32679,"pct_m":0.034744,"gas_method":"estimated"},"2025-07":{"txs":96,"uniq":22,"trade":0,"nft":3,"gas":0.000676,"bal":0.026853,"days":28,"spread":0.903226,"streak":13,"rank_m":8721,"pct_m":0.009271,"gas_method":"estimated"},"2025-08":{"txs":75,"uniq":9,"trade":0,"nft":2,"gas":0.000528,"bal":0.092659,"days":30,"spread":0.967742,"streak":20,"rank_m":8600,"pct_m":0.009143,"gas_method":"estimated"},"2025-09":{"txs":124,"uniq":23,"trade":0,"nft":3,"gas":0.000873,"bal":0.083894,"days":30,"spread":1,"streak":30,"rank_m":3068,"pct_m":0.003261,"gas_method":"estimated"},"2025-10":{"txs":145,"uniq":15,"trade":0,"nft":2,"gas":0.001021,"bal":0.083436,"days":15,"spread":0.483871,"streak":15,"rank_m":2113,"pct_m":0.002246,"gas_method":"estimated"}}}