{"wallet":"0x6b606e6d06474a360bfbb690ad1923bae495c55e","rank":597548,"lifetime":{"months_active":16,"first":"2023-07","last":"2025-10","tx_sum":115,"uniq_sum":89,"trade_sum":2,"nft_sum":46,"gas_sum":0.000981,"avg_balance_eth_mean":0.003007,"streak_best_days":3,"gas_sum_filled":0.000981},"months":{"2023-07":{"txs":0,"uniq":0,"trade":0,"nft":0,"gas":0,"bal":0,"days":0,"spread":0,"streak":0,"rank_m":567363,"pct_m":0.603229},"2023-08":{"txs":5,"uniq":5,"trade":0,"nft":5,"gas":0.000232,"bal":0.000092,"days":1,"spread":0.032258,"streak":1,"rank_m":128447,"pct_m":0.136566,"gas_method":"exact"},"2023-09":{"txs":0,"uniq":0,"trade":0,"nft":0,"gas":0,"bal":0.000092,"days":0,"spread":0,"streak":0,"rank_m":296589,"pct_m":0.315338},"2023-10":{"txs":3,"uniq":3,"trade":0,"nft":3,"gas":0.000014,"bal":0.000614,"days":3,"spread":0.096774,"streak":1,"rank_m":88618,"pct_m":0.094219,"gas_method":"exact"},"2023-11":{"txs":3,"uniq":2,"trade":0,"nft":1,"gas":0.00007,"bal":0.000613,"days":2,"spread":0.066667,"streak":1,"rank_m":125821,"pct_m":0.133774,"gas_method":"estimated"},"2023-12":{"txs":2,"uniq":2,"trade":0,"nft":1,"gas":0.000088,"bal":0.00022,"days":2,"spread":0.064516,"streak":1,"rank_m":165026,"pct_m":0.175458,"gas_method":"estimated"},"2024-01":{"txs":1,"uniq":1,"trade":0,"nft":0,"gas":0.000069,"bal":0.00009,"days":1,"spread":0.032258,"streak":1,"rank_m":178184,"pct_m":0.189447,"gas_method":"exact"},"2024-02":{"txs":4,"uniq":4,"trade":0,"nft":3,"gas":0.000092,"bal":0.000182,"days":2,"spread":0.068966,"streak":1,"rank_m":221398,"pct_m":0.235393,"gas_method":"estimated"},"2024-03":{"txs":2,"uniq":2,"trade":0,"nft":1,"gas":0.000209,"bal":0.000318,"days":1,"spread":0.032258,"streak":1,"rank_m":304038,"pct_m":0.323258,"gas_method":"exact"},"2024-04":{"txs":17,"uniq":13,"trade":0,"nft":6,"gas":0.000073,"bal":0.004755,"days":4,"spread":0.133333,"streak":3,"rank_m":216268,"pct_m":0.229939,"gas_method":"estimated"},"2024-05":{"txs":13,"uniq":10,"trade":0,"nft":4,"gas":0.000018,"bal":0.007331,"days":3,"spread":0.096774,"streak":1,"rank_m":246787,"pct_m":0.262387,"gas_method":"estimated"},"2024-06":{"txs":25,"uniq":10,"trade":1,"nft":4,"gas":0.000005,"bal":0.006784,"days":6,"spread":0.2,"streak":3,"rank_m":74106,"pct_m":0.07879,"gas_method":"exact"},"2024-07":{"txs":9,"uniq":9,"trade":0,"nft":3,"gas":0.000002,"bal":0.002148,"days":3,"spread":0.096774,"streak":1,"rank_m":218352,"pct_m":0.232155,"gas_method":"exact"},"2024-08":{"txs":14,"uniq":14,"trade":0,"nft":14,"gas":0.000002,"bal":0.001312,"days":3,"spread":0.096774,"streak":1,"rank_m":282991,"pct_m":0.30088,"gas_method":"estimated"},"2024-09":{"txs":4,"uniq":4,"trade":0,"nft":1,"gas":0,"bal":0.0032,"days":2,"spread":0.066667,"streak":1,"rank_m":306952,"pct_m":0.326356,"gas_method":"estimated"},"2024-10":{"txs":5,"uniq":3,"trade":1,"nft":0,"gas":0.000001,"bal":0.002963,"days":2,"spread":0.064516,"streak":1,"rank_m":330084,"pct_m":0.35095,"gas_method":"estimated"},"2024-11":{"txs":0,"uniq":0,"trade":0,"nft":0,"gas":0,"bal":0.002963,"days":0,"spread":0,"streak":0,"rank_m":594502,"pct_m":0.632084},"2024-12":{"txs":4,"uniq":4,"trade":0,"nft":0,"gas":0.000088,"bal":0.005017,"days":3,"spread":0.096774,"streak":2,"rank_m":393960,"pct_m":0.418864,"gas_method":"exact"},"2025-01":{"txs":0,"uniq":0,"trade":0,"nft":0,"gas":0,"bal":0.005017,"days":0,"spread":0,"streak":0,"rank_m":618610,"pct_m":0.657716},"2025-02":{"txs":0,"uniq":0,"trade":0,"nft":0,"gas":0,"bal":0.005017,"days":0,"spread":0,"streak":0,"rank_m":626145,"pct_m":0.665727},"2025-03":{"txs":0,"uniq":0,"trade":0,"nft":0,"gas":0,"bal":0.005017,"days":0,"spread":0,"streak":0,"rank_m":612867,"pct_m":0.65161},"2025-04":{"txs":4,"uniq":3,"trade":0,"nft":0,"gas":0.000018,"bal":0.00435,"days":2,"spread":0.066667,"streak":2,"rank_m":349004,"pct_m":0.371066,"gas_method":"exact"},"2025-05":{"txs":0,"uniq":0,"trade":0,"nft":0,"gas":0,"bal":0.00435,"days":0,"spread":0,"streak":0,"rank_m":603178,"pct_m":0.641309},"2025-06":{"txs":0,"uniq":0,"trade":0,"nft":0,"gas":0,"bal":0.00435,"days":0,"spread":0,"streak":0,"rank_m":604573,"pct_m":0.642792},"2025-07":{"txs":0,"uniq":0,"trade":0,"nft":0,"gas":0,"bal":0.00435,"days":0,"spread":0,"streak":0,"rank_m":623431,"pct_m":0.662842},"2025-08":{"txs":0,"uniq":0,"trade":0,"nft":0,"gas":0,"bal":0.00435,"days":0,"spread":0,"streak":0,"rank_m":605306,"pct_m":0.643571},"2025-09":{"txs":0,"uniq":0,"trade":0,"nft":0,"gas":0,"bal":0.00435,"days":0,"spread":0,"streak":0,"rank_m":591499,"pct_m":0.628891},"2025-10":{"txs":0,"uniq":0,"trade":0,"nft":0,"gas":0,"bal":0.00435,"days":0,"spread":0,"streak":0,"rank_m":510484,"pct_m":0.542755}}}