{"wallet":"0x6b7f986850817f07e25999978beb466c64efe8d1","rank":201397,"lifetime":{"months_active":22,"first":"2023-07","last":"2025-10","tx_sum":245,"uniq_sum":148,"trade_sum":26,"nft_sum":48,"gas_sum":0.001886,"avg_balance_eth_mean":0.012705,"streak_best_days":0,"gas_sum_filled":0.001886},"months":{"2023-07":{"txs":0,"uniq":0,"trade":0,"nft":0,"gas":0,"bal":0,"days":0,"spread":0,"streak":0,"rank_m":566949,"pct_m":0.602789},"2023-08":{"txs":0,"uniq":0,"trade":0,"nft":0,"gas":0,"bal":0,"days":0,"spread":0,"streak":0,"rank_m":615313,"pct_m":0.654211},"2023-09":{"txs":0,"uniq":0,"trade":0,"nft":0,"gas":0,"bal":0,"days":0,"spread":0,"streak":0,"rank_m":628261,"pct_m":0.667977},"2023-10":{"txs":0,"uniq":0,"trade":0,"nft":0,"gas":0,"bal":0,"days":0,"spread":0,"streak":0,"rank_m":638710,"pct_m":0.679087},"2023-11":{"txs":1,"uniq":1,"trade":0,"nft":0,"gas":0.000017,"bal":0.00039,"days":1,"spread":0.033333,"streak":0,"rank_m":183367,"pct_m":0.194958,"gas_method":"estimated"},"2023-12":{"txs":3,"uniq":3,"trade":0,"nft":1,"gas":0.000098,"bal":0.001055,"days":2,"spread":0.064516,"streak":0,"rank_m":187132,"pct_m":0.198961,"gas_method":"estimated"},"2024-01":{"txs":2,"uniq":2,"trade":0,"nft":2,"gas":0.000024,"bal":0.001686,"days":2,"spread":0.064516,"streak":0,"rank_m":181329,"pct_m":0.192791,"gas_method":"exact"},"2024-02":{"txs":5,"uniq":3,"trade":0,"nft":3,"gas":0.000086,"bal":0.001456,"days":3,"spread":0.103448,"streak":0,"rank_m":236608,"pct_m":0.251565,"gas_method":"estimated"},"2024-03":{"txs":5,"uniq":3,"trade":0,"nft":2,"gas":0.000129,"bal":0.001602,"days":2,"spread":0.064516,"streak":0,"rank_m":331880,"pct_m":0.35286,"gas_method":"estimated"},"2024-04":{"txs":40,"uniq":25,"trade":2,"nft":12,"gas":0.000127,"bal":0.004795,"days":11,"spread":0.366667,"streak":0,"rank_m":197350,"pct_m":0.209825,"gas_method":"estimated"},"2024-05":{"txs":4,"uniq":4,"trade":0,"nft":4,"gas":0.000004,"bal":0.006118,"days":3,"spread":0.096774,"streak":0,"rank_m":370955,"pct_m":0.394405,"gas_method":"estimated"},"2024-06":{"txs":5,"uniq":5,"trade":1,"nft":3,"gas":0,"bal":0.010923,"days":2,"spread":0.066667,"streak":0,"rank_m":312474,"pct_m":0.332227,"gas_method":"estimated"},"2024-07":{"txs":7,"uniq":5,"trade":0,"nft":5,"gas":0.000001,"bal":0.03023,"days":4,"spread":0.129032,"streak":0,"rank_m":238150,"pct_m":0.253204,"gas_method":"estimated"},"2024-08":{"txs":1,"uniq":1,"trade":0,"nft":2,"gas":0,"bal":0.029937,"days":1,"spread":0.032258,"streak":0,"rank_m":385607,"pct_m":0.409983,"gas_method":"estimated"},"2024-09":{"txs":7,"uniq":5,"trade":0,"nft":3,"gas":0,"bal":0.030279,"days":3,"spread":0.1,"streak":0,"rank_m":222051,"pct_m":0.236088,"gas_method":"estimated"},"2024-10":{"txs":5,"uniq":3,"trade":1,"nft":4,"gas":0,"bal":0.022971,"days":4,"spread":0.129032,"streak":0,"rank_m":261996,"pct_m":0.278558,"gas_method":"estimated"},"2024-11":{"txs":3,"uniq":2,"trade":0,"nft":0,"gas":0.000005,"bal":0.008617,"days":2,"spread":0.066667,"streak":0,"rank_m":446789,"pct_m":0.475033,"gas_method":"exact"},"2024-12":{"txs":17,"uniq":13,"trade":0,"nft":1,"gas":0.000375,"bal":0.007931,"days":4,"spread":0.129032,"streak":0,"rank_m":279879,"pct_m":0.297571,"gas_method":"exact"},"2025-01":{"txs":2,"uniq":2,"trade":1,"nft":0,"gas":0.000052,"bal":0.032288,"days":2,"spread":0.064516,"streak":0,"rank_m":396480,"pct_m":0.421544,"gas_method":"exact"},"2025-02":{"txs":0,"uniq":0,"trade":0,"nft":0,"gas":0,"bal":0.032288,"days":0,"spread":0,"streak":0,"rank_m":562303,"pct_m":0.59785},"2025-03":{"txs":8,"uniq":6,"trade":6,"nft":0,"gas":0.000063,"bal":0.031225,"days":3,"spread":0.096774,"streak":0,"rank_m":218446,"pct_m":0.232255,"gas_method":"exact"},"2025-04":{"txs":10,"uniq":8,"trade":5,"nft":0,"gas":0.00006,"bal":0.025987,"days":4,"spread":0.133333,"streak":0,"rank_m":176888,"pct_m":0.188069,"gas_method":"exact"},"2025-05":{"txs":21,"uniq":12,"trade":5,"nft":1,"gas":0.000148,"bal":0.022532,"days":3,"spread":0.096774,"streak":0,"rank_m":113277,"pct_m":0.120437,"gas_method":"estimated"},"2025-06":{"txs":0,"uniq":0,"trade":0,"nft":0,"gas":0,"bal":0.022532,"days":0,"spread":0,"streak":0,"rank_m":472084,"pct_m":0.501927},"2025-07":{"txs":15,"uniq":8,"trade":0,"nft":0,"gas":0.000106,"bal":0.012477,"days":2,"spread":0.064516,"streak":0,"rank_m":293454,"pct_m":0.312004,"gas_method":"estimated"},"2025-08":{"txs":3,"uniq":2,"trade":0,"nft":0,"gas":0.000021,"bal":0.009967,"days":2,"spread":0.064516,"streak":0,"rank_m":371216,"pct_m":0.394682,"gas_method":"estimated"},"2025-09":{"txs":45,"uniq":18,"trade":0,"nft":3,"gas":0.000317,"bal":0.002104,"days":2,"spread":0.066667,"streak":0,"rank_m":281976,"pct_m":0.299801,"gas_method":"estimated"},"2025-10":{"txs":36,"uniq":17,"trade":5,"nft":2,"gas":0.000253,"bal":0.006347,"days":2,"spread":0.064516,"streak":0,"rank_m":144959,"pct_m":0.154122,"gas_method":"estimated"}}}