{"wallet":"0x6bd9afe7abd09eca05aadd5d1f4a18de962785a0","rank":243754,"lifetime":{"months_active":17,"first":"2023-07","last":"2025-10","tx_sum":276,"uniq_sum":68,"trade_sum":16,"nft_sum":17,"gas_sum":0.003237,"avg_balance_eth_mean":0.004996,"streak_best_days":7,"gas_sum_filled":0.003237},"months":{"2023-07":{"txs":0,"uniq":0,"trade":0,"nft":0,"gas":0,"bal":0,"days":0,"spread":0,"streak":0,"rank_m":565791,"pct_m":0.601558},"2023-08":{"txs":10,"uniq":7,"trade":0,"nft":5,"gas":0.001089,"bal":0.009014,"days":9,"spread":0.290323,"streak":4,"rank_m":54915,"pct_m":0.058386,"gas_method":"exact"},"2023-09":{"txs":1,"uniq":1,"trade":0,"nft":1,"gas":0.000024,"bal":0.009452,"days":1,"spread":0.033333,"streak":1,"rank_m":108004,"pct_m":0.114831,"gas_method":"exact"},"2023-10":{"txs":0,"uniq":0,"trade":0,"nft":0,"gas":0,"bal":0.009452,"days":0,"spread":0,"streak":0,"rank_m":233737,"pct_m":0.248512},"2023-11":{"txs":0,"uniq":0,"trade":0,"nft":0,"gas":0,"bal":0.009452,"days":0,"spread":0,"streak":0,"rank_m":230847,"pct_m":0.24544},"2023-12":{"txs":1,"uniq":1,"trade":0,"nft":1,"gas":0.000089,"bal":0.009221,"days":1,"spread":0.032258,"streak":1,"rank_m":111263,"pct_m":0.118296,"gas_method":"exact"},"2024-01":{"txs":0,"uniq":0,"trade":0,"nft":0,"gas":0,"bal":0.009221,"days":0,"spread":0,"streak":0,"rank_m":255966,"pct_m":0.272147},"2024-02":{"txs":0,"uniq":0,"trade":0,"nft":0,"gas":0,"bal":0.009221,"days":0,"spread":0,"streak":0,"rank_m":298880,"pct_m":0.317773},"2024-03":{"txs":1,"uniq":0,"trade":0,"nft":0,"gas":0.000062,"bal":0.010578,"days":1,"spread":0.032258,"streak":1,"rank_m":301741,"pct_m":0.320815,"gas_method":"estimated"},"2024-04":{"txs":2,"uniq":2,"trade":0,"nft":1,"gas":0.000015,"bal":0.012878,"days":1,"spread":0.033333,"streak":1,"rank_m":357126,"pct_m":0.379702,"gas_method":"estimated"},"2024-05":{"txs":0,"uniq":0,"trade":0,"nft":0,"gas":0,"bal":0.012878,"days":0,"spread":0,"streak":0,"rank_m":481852,"pct_m":0.512313},"2024-06":{"txs":1,"uniq":1,"trade":0,"nft":0,"gas":0,"bal":0.000083,"days":1,"spread":0.033333,"streak":1,"rank_m":512761,"pct_m":0.545176,"gas_method":"estimated"},"2024-07":{"txs":3,"uniq":2,"trade":0,"nft":1,"gas":0.000001,"bal":0.000337,"days":2,"spread":0.064516,"streak":1,"rank_m":443692,"pct_m":0.47174,"gas_method":"estimated"},"2024-08":{"txs":0,"uniq":0,"trade":0,"nft":0,"gas":0,"bal":0.000337,"days":0,"spread":0,"streak":0,"rank_m":624594,"pct_m":0.664078},"2024-09":{"txs":0,"uniq":0,"trade":0,"nft":0,"gas":0,"bal":0.000337,"days":0,"spread":0,"streak":0,"rank_m":628028,"pct_m":0.66773},"2024-10":{"txs":10,"uniq":6,"trade":3,"nft":6,"gas":0.000002,"bal":0.001467,"days":6,"spread":0.193548,"streak":2,"rank_m":228063,"pct_m":0.24248,"gas_method":"estimated"},"2024-11":{"txs":10,"uniq":3,"trade":0,"nft":2,"gas":0.000021,"bal":0.000438,"days":6,"spread":0.2,"streak":2,"rank_m":304568,"pct_m":0.323821,"gas_method":"exact"},"2024-12":{"txs":18,"uniq":3,"trade":13,"nft":0,"gas":0.000375,"bal":0.000666,"days":4,"spread":0.129032,"streak":2,"rank_m":293003,"pct_m":0.311525,"gas_method":"exact"},"2025-01":{"txs":1,"uniq":1,"trade":0,"nft":0,"gas":0.000026,"bal":0.002205,"days":1,"spread":0.032258,"streak":1,"rank_m":518937,"pct_m":0.551742,"gas_method":"exact"},"2025-02":{"txs":0,"uniq":0,"trade":0,"nft":0,"gas":0,"bal":0.002205,"days":0,"spread":0,"streak":0,"rank_m":655044,"pct_m":0.696453},"2025-03":{"txs":0,"uniq":0,"trade":0,"nft":0,"gas":0,"bal":0.002205,"days":0,"spread":0,"streak":0,"rank_m":647543,"pct_m":0.688478},"2025-04":{"txs":1,"uniq":1,"trade":0,"nft":0,"gas":0.000006,"bal":0.000204,"days":1,"spread":0.033333,"streak":1,"rank_m":554940,"pct_m":0.590021,"gas_method":"exact"},"2025-05":{"txs":0,"uniq":0,"trade":0,"nft":0,"gas":0,"bal":0.000204,"days":0,"spread":0,"streak":0,"rank_m":789521,"pct_m":0.839432},"2025-06":{"txs":63,"uniq":13,"trade":0,"nft":0,"gas":0.000443,"bal":0.003246,"days":15,"spread":0.5,"streak":7,"rank_m":143744,"pct_m":0.15283,"gas_method":"estimated"},"2025-07":{"txs":45,"uniq":7,"trade":0,"nft":0,"gas":0.000317,"bal":0.001091,"days":7,"spread":0.225806,"streak":2,"rank_m":325616,"pct_m":0.3462,"gas_method":"estimated"},"2025-08":{"txs":30,"uniq":9,"trade":0,"nft":0,"gas":0.000211,"bal":0.003404,"days":9,"spread":0.290323,"streak":3,"rank_m":209509,"pct_m":0.222753,"gas_method":"estimated"},"2025-09":{"txs":19,"uniq":8,"trade":0,"nft":0,"gas":0.000134,"bal":0.007039,"days":7,"spread":0.233333,"streak":2,"rank_m":180971,"pct_m":0.192411,"gas_method":"estimated"},"2025-10":{"txs":60,"uniq":3,"trade":0,"nft":0,"gas":0.000422,"bal":0.013043,"days":1,"spread":0.032258,"streak":1,"rank_m":126788,"pct_m":0.134802,"gas_method":"estimated"}}}