{"wallet":"0x6bab6677076f461d766de5b623dfbb592fc1857f","rank":95775,"lifetime":{"months_active":20,"first":"2023-07","last":"2025-10","tx_sum":270,"uniq_sum":156,"trade_sum":18,"nft_sum":57,"gas_sum":0.003829,"avg_balance_eth_mean":0.01271,"streak_best_days":11,"gas_sum_filled":0.003829},"months":{"2023-07":{"txs":0,"uniq":0,"trade":0,"nft":0,"gas":0,"bal":0,"days":0,"spread":0,"streak":0,"rank_m":566387,"pct_m":0.602192},"2023-08":{"txs":5,"uniq":4,"trade":1,"nft":1,"gas":0.000335,"bal":0.000969,"days":3,"spread":0.096774,"streak":1,"rank_m":101799,"pct_m":0.108233,"gas_method":"exact"},"2023-09":{"txs":0,"uniq":0,"trade":0,"nft":0,"gas":0,"bal":0.000969,"days":0,"spread":0,"streak":0,"rank_m":272759,"pct_m":0.290001},"2023-10":{"txs":0,"uniq":0,"trade":0,"nft":0,"gas":0,"bal":0.000969,"days":0,"spread":0,"streak":0,"rank_m":280428,"pct_m":0.298155},"2023-11":{"txs":0,"uniq":0,"trade":0,"nft":0,"gas":0,"bal":0.000969,"days":0,"spread":0,"streak":0,"rank_m":288391,"pct_m":0.306621},"2023-12":{"txs":0,"uniq":0,"trade":0,"nft":0,"gas":0,"bal":0.000969,"days":0,"spread":0,"streak":0,"rank_m":306669,"pct_m":0.326055},"2024-01":{"txs":14,"uniq":11,"trade":3,"nft":3,"gas":0.001184,"bal":0.001017,"days":4,"spread":0.129032,"streak":2,"rank_m":40605,"pct_m":0.043171,"gas_method":"exact"},"2024-02":{"txs":11,"uniq":8,"trade":2,"nft":4,"gas":0.000148,"bal":0.002187,"days":7,"spread":0.241379,"streak":3,"rank_m":51231,"pct_m":0.054469,"gas_method":"exact"},"2024-03":{"txs":38,"uniq":12,"trade":0,"nft":4,"gas":0.000978,"bal":0.002382,"days":5,"spread":0.16129,"streak":2,"rank_m":141801,"pct_m":0.150764,"gas_method":"estimated"},"2024-04":{"txs":46,"uniq":18,"trade":6,"nft":9,"gas":0.000146,"bal":0.005041,"days":13,"spread":0.433333,"streak":3,"rank_m":97874,"pct_m":0.10406,"gas_method":"estimated"},"2024-05":{"txs":8,"uniq":7,"trade":0,"nft":5,"gas":0.000008,"bal":0.002761,"days":5,"spread":0.16129,"streak":2,"rank_m":262252,"pct_m":0.27883,"gas_method":"estimated"},"2024-06":{"txs":12,"uniq":8,"trade":0,"nft":8,"gas":0,"bal":0.001319,"days":8,"spread":0.266667,"streak":2,"rank_m":165145,"pct_m":0.175584,"gas_method":"exact"},"2024-07":{"txs":11,"uniq":9,"trade":2,"nft":3,"gas":0.000002,"bal":0.000519,"days":4,"spread":0.129032,"streak":1,"rank_m":285720,"pct_m":0.303782,"gas_method":"estimated"},"2024-08":{"txs":8,"uniq":7,"trade":0,"nft":5,"gas":0.000002,"bal":0.000613,"days":7,"spread":0.225806,"streak":3,"rank_m":212276,"pct_m":0.225695,"gas_method":"exact"},"2024-09":{"txs":10,"uniq":10,"trade":0,"nft":11,"gas":0.000001,"bal":0.000621,"days":5,"spread":0.166667,"streak":4,"rank_m":214963,"pct_m":0.228551,"gas_method":"estimated"},"2024-10":{"txs":4,"uniq":3,"trade":0,"nft":2,"gas":0,"bal":0.000529,"days":3,"spread":0.096774,"streak":1,"rank_m":421553,"pct_m":0.448202,"gas_method":"estimated"},"2024-11":{"txs":7,"uniq":5,"trade":1,"nft":2,"gas":0.000016,"bal":0.00072,"days":5,"spread":0.166667,"streak":1,"rank_m":311022,"pct_m":0.330683,"gas_method":"exact"},"2024-12":{"txs":22,"uniq":13,"trade":0,"nft":0,"gas":0.000485,"bal":0.00094,"days":7,"spread":0.225806,"streak":2,"rank_m":247028,"pct_m":0.262644,"gas_method":"exact"},"2025-01":{"txs":1,"uniq":1,"trade":0,"nft":0,"gas":0.000026,"bal":0.000059,"days":1,"spread":0.032258,"streak":1,"rank_m":579704,"pct_m":0.616351,"gas_method":"exact"},"2025-02":{"txs":11,"uniq":9,"trade":0,"nft":0,"gas":0.00007,"bal":0.000082,"days":5,"spread":0.178571,"streak":2,"rank_m":287233,"pct_m":0.30539,"gas_method":"exact"},"2025-03":{"txs":0,"uniq":0,"trade":0,"nft":0,"gas":0,"bal":0.000082,"days":0,"spread":0,"streak":0,"rank_m":790841,"pct_m":0.840835},"2025-04":{"txs":8,"uniq":6,"trade":0,"nft":0,"gas":0.000048,"bal":0.000389,"days":3,"spread":0.1,"streak":2,"rank_m":315514,"pct_m":0.335459,"gas_method":"exact"},"2025-05":{"txs":0,"uniq":0,"trade":0,"nft":0,"gas":0,"bal":0.000389,"days":0,"spread":0,"streak":0,"rank_m":761414,"pct_m":0.809548},"2025-06":{"txs":0,"uniq":0,"trade":0,"nft":0,"gas":0,"bal":0.000389,"days":0,"spread":0,"streak":0,"rank_m":764298,"pct_m":0.812614},"2025-07":{"txs":2,"uniq":1,"trade":0,"nft":0,"gas":0.000014,"bal":0.006845,"days":1,"spread":0.032258,"streak":1,"rank_m":410421,"pct_m":0.436366,"gas_method":"estimated"},"2025-08":{"txs":17,"uniq":8,"trade":0,"nft":0,"gas":0.00012,"bal":0.020072,"days":4,"spread":0.129032,"streak":1,"rank_m":156864,"pct_m":0.16678,"gas_method":"estimated"},"2025-09":{"txs":30,"uniq":13,"trade":3,"nft":0,"gas":0.000211,"bal":0.096022,"days":11,"spread":0.366667,"streak":8,"rank_m":13029,"pct_m":0.013852,"gas_method":"estimated"},"2025-10":{"txs":5,"uniq":3,"trade":0,"nft":0,"gas":0.000035,"bal":0.208051,"days":5,"spread":0.16129,"streak":3,"rank_m":42748,"pct_m":0.045449,"gas_method":"estimated"}}}