{"wallet":"0x6bc717f96c14fbf2082c8725a32f5c540b634c9c","rank":122405,"lifetime":{"months_active":22,"first":"2023-07","last":"2025-10","tx_sum":319,"uniq_sum":176,"trade_sum":13,"nft_sum":87,"gas_sum":0.001103,"avg_balance_eth_mean":0.012278,"streak_best_days":8,"gas_sum_filled":0.001103},"months":{"2023-07":{"txs":0,"uniq":0,"trade":0,"nft":0,"gas":0,"bal":0,"days":0,"spread":0,"streak":0,"rank_m":566028,"pct_m":0.60181},"2023-08":{"txs":0,"uniq":0,"trade":0,"nft":0,"gas":0,"bal":0,"days":0,"spread":0,"streak":0,"rank_m":614509,"pct_m":0.653356},"2023-09":{"txs":2,"uniq":1,"trade":0,"nft":0,"gas":0.000046,"bal":0.000195,"days":1,"spread":0.033333,"streak":1,"rank_m":145002,"pct_m":0.154168,"gas_method":"estimated"},"2023-10":{"txs":2,"uniq":1,"trade":0,"nft":0,"gas":0.000012,"bal":0.00439,"days":2,"spread":0.064516,"streak":1,"rank_m":114405,"pct_m":0.121636,"gas_method":"estimated"},"2023-11":{"txs":0,"uniq":0,"trade":0,"nft":0,"gas":0,"bal":0.00439,"days":0,"spread":0,"streak":0,"rank_m":248759,"pct_m":0.264484},"2023-12":{"txs":1,"uniq":1,"trade":0,"nft":1,"gas":0.00002,"bal":0.000362,"days":1,"spread":0.032258,"streak":1,"rank_m":178336,"pct_m":0.189609,"gas_method":"estimated"},"2024-01":{"txs":0,"uniq":0,"trade":0,"nft":0,"gas":0,"bal":0.000362,"days":0,"spread":0,"streak":0,"rank_m":344729,"pct_m":0.366521},"2024-02":{"txs":1,"uniq":1,"trade":0,"nft":1,"gas":0.00001,"bal":0.000551,"days":1,"spread":0.034483,"streak":1,"rank_m":257371,"pct_m":0.27364,"gas_method":"estimated"},"2024-03":{"txs":2,"uniq":2,"trade":0,"nft":3,"gas":0.000031,"bal":0.000439,"days":2,"spread":0.064516,"streak":1,"rank_m":319407,"pct_m":0.339598,"gas_method":"estimated"},"2024-04":{"txs":140,"uniq":42,"trade":2,"nft":5,"gas":0.00027,"bal":0.002618,"days":8,"spread":0.266667,"streak":6,"rank_m":93754,"pct_m":0.09968,"gas_method":"estimated"},"2024-05":{"txs":10,"uniq":9,"trade":0,"nft":6,"gas":0.000053,"bal":0.017302,"days":8,"spread":0.258065,"streak":2,"rank_m":108693,"pct_m":0.115563,"gas_method":"exact"},"2024-06":{"txs":16,"uniq":11,"trade":0,"nft":3,"gas":0,"bal":0.028202,"days":9,"spread":0.3,"streak":3,"rank_m":85954,"pct_m":0.091387,"gas_method":"estimated"},"2024-07":{"txs":7,"uniq":6,"trade":0,"nft":6,"gas":0,"bal":0.000619,"days":4,"spread":0.129032,"streak":2,"rank_m":229785,"pct_m":0.24431,"gas_method":"exact"},"2024-08":{"txs":58,"uniq":46,"trade":1,"nft":42,"gas":0.000004,"bal":0.000369,"days":9,"spread":0.290323,"streak":3,"rank_m":160006,"pct_m":0.17012,"gas_method":"estimated"},"2024-09":{"txs":10,"uniq":6,"trade":0,"nft":6,"gas":0,"bal":0.000611,"days":6,"spread":0.2,"streak":1,"rank_m":272436,"pct_m":0.289658,"gas_method":"estimated"},"2024-10":{"txs":7,"uniq":4,"trade":0,"nft":9,"gas":0,"bal":0.00034,"days":4,"spread":0.129032,"streak":1,"rank_m":379799,"pct_m":0.403808,"gas_method":"estimated"},"2024-11":{"txs":1,"uniq":1,"trade":0,"nft":1,"gas":0.000002,"bal":0.000983,"days":1,"spread":0.033333,"streak":1,"rank_m":451396,"pct_m":0.479931,"gas_method":"exact"},"2024-12":{"txs":4,"uniq":4,"trade":0,"nft":1,"gas":0.000088,"bal":0.000596,"days":3,"spread":0.096774,"streak":1,"rank_m":428278,"pct_m":0.455352,"gas_method":"exact"},"2025-01":{"txs":12,"uniq":8,"trade":0,"nft":1,"gas":0.00026,"bal":0.001141,"days":4,"spread":0.129032,"streak":2,"rank_m":264639,"pct_m":0.281368,"gas_method":"exact"},"2025-02":{"txs":14,"uniq":8,"trade":1,"nft":1,"gas":0.000084,"bal":0.015244,"days":8,"spread":0.285714,"streak":2,"rank_m":90653,"pct_m":0.096383,"gas_method":"exact"},"2025-03":{"txs":8,"uniq":7,"trade":4,"nft":0,"gas":0.000063,"bal":0.05883,"days":6,"spread":0.193548,"streak":1,"rank_m":121480,"pct_m":0.129159,"gas_method":"exact"},"2025-04":{"txs":8,"uniq":8,"trade":1,"nft":0,"gas":0.000048,"bal":0.043343,"days":4,"spread":0.133333,"streak":3,"rank_m":94911,"pct_m":0.10091,"gas_method":"exact"},"2025-05":{"txs":7,"uniq":4,"trade":0,"nft":0,"gas":0.000049,"bal":0.047162,"days":1,"spread":0.032258,"streak":1,"rank_m":165910,"pct_m":0.176397,"gas_method":"estimated"},"2025-06":{"txs":3,"uniq":2,"trade":0,"nft":0,"gas":0.000021,"bal":0.04716,"days":1,"spread":0.033333,"streak":1,"rank_m":246863,"pct_m":0.262468,"gas_method":"estimated"},"2025-07":{"txs":4,"uniq":2,"trade":4,"nft":1,"gas":0.000028,"bal":0.033034,"days":1,"spread":0.032258,"streak":1,"rank_m":234976,"pct_m":0.24983,"gas_method":"estimated"},"2025-08":{"txs":2,"uniq":2,"trade":0,"nft":0,"gas":0.000014,"bal":0.011847,"days":1,"spread":0.032258,"streak":1,"rank_m":323951,"pct_m":0.344429,"gas_method":"estimated"},"2025-09":{"txs":0,"uniq":0,"trade":0,"nft":0,"gas":0,"bal":0.011847,"days":0,"spread":0,"streak":0,"rank_m":508419,"pct_m":0.540559},"2025-10":{"txs":0,"uniq":0,"trade":0,"nft":0,"gas":0,"bal":0.011847,"days":0,"spread":0,"streak":0,"rank_m":416631,"pct_m":0.442968}}}