{"wallet":"0x6b1ad27b7d2e19a5e7d73651c30cc1ccecf60267","rank":574813,"lifetime":{"months_active":13,"first":"2023-07","last":"2025-10","tx_sum":110,"uniq_sum":80,"trade_sum":2,"nft_sum":22,"gas_sum":0.002615,"avg_balance_eth_mean":0.013696,"streak_best_days":3,"gas_sum_filled":0.002615},"months":{"2023-07":{"txs":0,"uniq":0,"trade":0,"nft":0,"gas":0,"bal":0,"days":0,"spread":0,"streak":0,"rank_m":568313,"pct_m":0.604239},"2023-08":{"txs":0,"uniq":0,"trade":0,"nft":0,"gas":0,"bal":0,"days":0,"spread":0,"streak":0,"rank_m":616499,"pct_m":0.655472},"2023-09":{"txs":0,"uniq":0,"trade":0,"nft":0,"gas":0,"bal":0,"days":0,"spread":0,"streak":0,"rank_m":629391,"pct_m":0.669179},"2023-10":{"txs":0,"uniq":0,"trade":0,"nft":0,"gas":0,"bal":0,"days":0,"spread":0,"streak":0,"rank_m":639796,"pct_m":0.680241},"2023-11":{"txs":9,"uniq":7,"trade":0,"nft":1,"gas":0.000271,"bal":0.003468,"days":2,"spread":0.066667,"streak":1,"rank_m":73020,"pct_m":0.077635,"gas_method":"estimated"},"2023-12":{"txs":12,"uniq":7,"trade":0,"nft":0,"gas":0.000678,"bal":0.009494,"days":2,"spread":0.064516,"streak":1,"rank_m":71908,"pct_m":0.076453,"gas_method":"estimated"},"2024-01":{"txs":13,"uniq":11,"trade":2,"nft":1,"gas":0.000581,"bal":0.007113,"days":4,"spread":0.129032,"streak":1,"rank_m":33651,"pct_m":0.035777,"gas_method":"exact"},"2024-02":{"txs":30,"uniq":20,"trade":0,"nft":16,"gas":0.000891,"bal":0.009859,"days":3,"spread":0.103448,"streak":1,"rank_m":60627,"pct_m":0.064459,"gas_method":"estimated"},"2024-03":{"txs":1,"uniq":1,"trade":0,"nft":0,"gas":0.000045,"bal":0.013544,"days":1,"spread":0.032258,"streak":1,"rank_m":288940,"pct_m":0.307205,"gas_method":"estimated"},"2024-04":{"txs":5,"uniq":5,"trade":0,"nft":0,"gas":0.000086,"bal":0.010827,"days":2,"spread":0.066667,"streak":1,"rank_m":311336,"pct_m":0.331017,"gas_method":"exact"},"2024-05":{"txs":9,"uniq":6,"trade":0,"nft":0,"gas":0.000016,"bal":0.103584,"days":4,"spread":0.129032,"streak":1,"rank_m":237474,"pct_m":0.252486,"gas_method":"estimated"},"2024-06":{"txs":1,"uniq":1,"trade":0,"nft":1,"gas":0,"bal":0.014173,"days":1,"spread":0.033333,"streak":1,"rank_m":361450,"pct_m":0.384299,"gas_method":"estimated"},"2024-07":{"txs":5,"uniq":3,"trade":0,"nft":1,"gas":0.000001,"bal":0.013518,"days":4,"spread":0.129032,"streak":3,"rank_m":210686,"pct_m":0.224004,"gas_method":"estimated"},"2024-08":{"txs":0,"uniq":0,"trade":0,"nft":0,"gas":0,"bal":0.013518,"days":0,"spread":0,"streak":0,"rank_m":502389,"pct_m":0.534148},"2024-09":{"txs":2,"uniq":2,"trade":0,"nft":0,"gas":0,"bal":0.07113,"days":2,"spread":0.066667,"streak":1,"rank_m":252805,"pct_m":0.268786,"gas_method":"estimated"},"2024-10":{"txs":13,"uniq":9,"trade":0,"nft":2,"gas":0.000003,"bal":0.040636,"days":5,"spread":0.16129,"streak":1,"rank_m":120749,"pct_m":0.128381,"gas_method":"exact"},"2024-11":{"txs":9,"uniq":7,"trade":0,"nft":0,"gas":0.000021,"bal":0.060752,"days":5,"spread":0.166667,"streak":1,"rank_m":230150,"pct_m":0.244699,"gas_method":"exact"},"2024-12":{"txs":1,"uniq":1,"trade":0,"nft":0,"gas":0.000022,"bal":0.001078,"days":1,"spread":0.032258,"streak":1,"rank_m":556366,"pct_m":0.591537,"gas_method":"exact"},"2025-01":{"txs":0,"uniq":0,"trade":0,"nft":0,"gas":0,"bal":0.001078,"days":0,"spread":0,"streak":0,"rank_m":664796,"pct_m":0.706822},"2025-02":{"txs":0,"uniq":0,"trade":0,"nft":0,"gas":0,"bal":0.001078,"days":0,"spread":0,"streak":0,"rank_m":682866,"pct_m":0.726034},"2025-03":{"txs":0,"uniq":0,"trade":0,"nft":0,"gas":0,"bal":0.001078,"days":0,"spread":0,"streak":0,"rank_m":683045,"pct_m":0.726225},"2025-04":{"txs":0,"uniq":0,"trade":0,"nft":0,"gas":0,"bal":0.001078,"days":0,"spread":0,"streak":0,"rank_m":706199,"pct_m":0.750842},"2025-05":{"txs":0,"uniq":0,"trade":0,"nft":0,"gas":0,"bal":0.001078,"days":0,"spread":0,"streak":0,"rank_m":700497,"pct_m":0.74478},"2025-06":{"txs":0,"uniq":0,"trade":0,"nft":0,"gas":0,"bal":0.001078,"days":0,"spread":0,"streak":0,"rank_m":702969,"pct_m":0.747408},"2025-07":{"txs":0,"uniq":0,"trade":0,"nft":0,"gas":0,"bal":0.001078,"days":0,"spread":0,"streak":0,"rank_m":719166,"pct_m":0.764629},"2025-08":{"txs":0,"uniq":0,"trade":0,"nft":0,"gas":0,"bal":0.001078,"days":0,"spread":0,"streak":0,"rank_m":701292,"pct_m":0.745625},"2025-09":{"txs":0,"uniq":0,"trade":0,"nft":0,"gas":0,"bal":0.001078,"days":0,"spread":0,"streak":0,"rank_m":685092,"pct_m":0.728401},"2025-10":{"txs":0,"uniq":0,"trade":0,"nft":0,"gas":0,"bal":0.001078,"days":0,"spread":0,"streak":0,"rank_m":619664,"pct_m":0.658837}}}