{"wallet":"0x6b8ae529b1526b390ac2ee28ebba7cbca7a9098b","rank":383248,"lifetime":{"months_active":18,"first":"2023-07","last":"2025-10","tx_sum":168,"uniq_sum":111,"trade_sum":10,"nft_sum":88,"gas_sum":0.00124,"avg_balance_eth_mean":0.003544,"streak_best_days":6,"gas_sum_filled":0.00124},"months":{"2023-07":{"txs":0,"uniq":0,"trade":0,"nft":0,"gas":0,"bal":0,"days":0,"spread":0,"streak":0,"rank_m":566801,"pct_m":0.602632},"2023-08":{"txs":0,"uniq":0,"trade":0,"nft":0,"gas":0,"bal":0,"days":0,"spread":0,"streak":0,"rank_m":615185,"pct_m":0.654075},"2023-09":{"txs":21,"uniq":10,"trade":10,"nft":1,"gas":0.000636,"bal":0.000719,"days":2,"spread":0.066667,"streak":2,"rank_m":63612,"pct_m":0.067632,"gas_method":"estimated"},"2023-10":{"txs":3,"uniq":2,"trade":0,"nft":0,"gas":0.000024,"bal":0.003572,"days":1,"spread":0.032258,"streak":1,"rank_m":117534,"pct_m":0.124963,"gas_method":"estimated"},"2023-11":{"txs":2,"uniq":1,"trade":0,"nft":1,"gas":0.000028,"bal":0.003455,"days":1,"spread":0.033333,"streak":1,"rank_m":113448,"pct_m":0.120619,"gas_method":"estimated"},"2023-12":{"txs":10,"uniq":4,"trade":0,"nft":0,"gas":0.00026,"bal":0.006179,"days":3,"spread":0.096774,"streak":1,"rank_m":81271,"pct_m":0.086408,"gas_method":"estimated"},"2024-01":{"txs":2,"uniq":1,"trade":0,"nft":1,"gas":0.000048,"bal":0.006187,"days":1,"spread":0.032258,"streak":1,"rank_m":136702,"pct_m":0.145343,"gas_method":"estimated"},"2024-02":{"txs":8,"uniq":3,"trade":0,"nft":1,"gas":0.000109,"bal":0.005769,"days":3,"spread":0.103448,"streak":1,"rank_m":146171,"pct_m":0.155411,"gas_method":"estimated"},"2024-03":{"txs":1,"uniq":0,"trade":0,"nft":0,"gas":0.00002,"bal":0.005917,"days":1,"spread":0.032258,"streak":1,"rank_m":317190,"pct_m":0.337241,"gas_method":"estimated"},"2024-04":{"txs":6,"uniq":3,"trade":0,"nft":0,"gas":0.000015,"bal":0.009296,"days":4,"spread":0.133333,"streak":3,"rank_m":302308,"pct_m":0.321418,"gas_method":"estimated"},"2024-05":{"txs":5,"uniq":2,"trade":0,"nft":0,"gas":0.000004,"bal":0.010051,"days":2,"spread":0.064516,"streak":1,"rank_m":362942,"pct_m":0.385885,"gas_method":"estimated"},"2024-06":{"txs":2,"uniq":1,"trade":0,"nft":0,"gas":0,"bal":0.005607,"days":1,"spread":0.033333,"streak":1,"rank_m":424049,"pct_m":0.450855,"gas_method":"estimated"},"2024-07":{"txs":24,"uniq":20,"trade":0,"nft":24,"gas":0.000003,"bal":0.004596,"days":5,"spread":0.16129,"streak":2,"rank_m":120900,"pct_m":0.128542,"gas_method":"estimated"},"2024-08":{"txs":68,"uniq":54,"trade":0,"nft":57,"gas":0.000001,"bal":0.002648,"days":21,"spread":0.677419,"streak":5,"rank_m":31191,"pct_m":0.033162,"gas_method":"exact"},"2024-09":{"txs":8,"uniq":3,"trade":0,"nft":3,"gas":0,"bal":0.004661,"days":5,"spread":0.166667,"streak":1,"rank_m":225942,"pct_m":0.240225,"gas_method":"estimated"},"2024-10":{"txs":0,"uniq":0,"trade":0,"nft":0,"gas":0,"bal":0.004661,"days":0,"spread":0,"streak":0,"rank_m":567512,"pct_m":0.603388},"2024-11":{"txs":3,"uniq":2,"trade":0,"nft":0,"gas":0.000007,"bal":0.00572,"days":1,"spread":0.033333,"streak":1,"rank_m":418560,"pct_m":0.445019,"gas_method":"exact"},"2024-12":{"txs":2,"uniq":2,"trade":0,"nft":0,"gas":0.000044,"bal":0.005646,"days":1,"spread":0.032258,"streak":1,"rank_m":497573,"pct_m":0.529027,"gas_method":"exact"},"2025-01":{"txs":1,"uniq":1,"trade":0,"nft":0,"gas":0.000026,"bal":0.004778,"days":1,"spread":0.032258,"streak":1,"rank_m":502388,"pct_m":0.534147,"gas_method":"exact"},"2025-02":{"txs":0,"uniq":0,"trade":0,"nft":0,"gas":0,"bal":0.004778,"days":0,"spread":0,"streak":0,"rank_m":627995,"pct_m":0.667694},"2025-03":{"txs":1,"uniq":1,"trade":0,"nft":0,"gas":0.000008,"bal":0.000991,"days":1,"spread":0.032258,"streak":1,"rank_m":476166,"pct_m":0.506267,"gas_method":"exact"},"2025-04":{"txs":0,"uniq":0,"trade":0,"nft":0,"gas":0,"bal":0.000991,"days":0,"spread":0,"streak":0,"rank_m":710267,"pct_m":0.755168},"2025-05":{"txs":0,"uniq":0,"trade":0,"nft":0,"gas":0,"bal":0.000991,"days":0,"spread":0,"streak":0,"rank_m":706449,"pct_m":0.751108},"2025-06":{"txs":0,"uniq":0,"trade":0,"nft":0,"gas":0,"bal":0.000991,"days":0,"spread":0,"streak":0,"rank_m":708570,"pct_m":0.753363},"2025-07":{"txs":1,"uniq":1,"trade":0,"nft":0,"gas":0.000007,"bal":0.000257,"days":1,"spread":0.032258,"streak":1,"rank_m":625567,"pct_m":0.665113,"gas_method":"estimated"},"2025-08":{"txs":0,"uniq":0,"trade":0,"nft":0,"gas":0,"bal":0.000257,"days":0,"spread":0,"streak":0,"rank_m":789153,"pct_m":0.839041},"2025-09":{"txs":0,"uniq":0,"trade":0,"nft":0,"gas":0,"bal":0.000257,"days":0,"spread":0,"streak":0,"rank_m":776572,"pct_m":0.825664},"2025-10":{"txs":0,"uniq":0,"trade":0,"nft":0,"gas":0,"bal":0.000257,"days":0,"spread":0,"streak":0,"rank_m":728950,"pct_m":0.775032}}}