{"wallet":"0x6c4c83dcab58dae68705339abf69c0e307432c79","rank":529525,"lifetime":{"months_active":24,"first":"2023-07","last":"2025-10","tx_sum":118,"uniq_sum":71,"trade_sum":20,"nft_sum":3,"gas_sum":0.001396,"avg_balance_eth_mean":0.001233,"streak_best_days":2,"gas_sum_filled":0.001396},"months":{"2023-07":{"txs":0,"uniq":0,"trade":0,"nft":0,"gas":0,"bal":0,"days":0,"spread":0,"streak":0,"rank_m":564284,"pct_m":0.599956},"2023-08":{"txs":0,"uniq":0,"trade":0,"nft":0,"gas":0,"bal":0,"days":0,"spread":0,"streak":0,"rank_m":613007,"pct_m":0.651759},"2023-09":{"txs":0,"uniq":0,"trade":0,"nft":0,"gas":0,"bal":0,"days":0,"spread":0,"streak":0,"rank_m":626043,"pct_m":0.665619},"2023-10":{"txs":0,"uniq":0,"trade":0,"nft":0,"gas":0,"bal":0,"days":0,"spread":0,"streak":0,"rank_m":636554,"pct_m":0.676795},"2023-11":{"txs":17,"uniq":10,"trade":0,"nft":1,"gas":0.00023,"bal":0.002626,"days":4,"spread":0.133333,"streak":1,"rank_m":41352,"pct_m":0.043965,"gas_method":"exact"},"2023-12":{"txs":10,"uniq":4,"trade":4,"nft":1,"gas":0.000352,"bal":0.001724,"days":3,"spread":0.096774,"streak":2,"rank_m":63142,"pct_m":0.067133,"gas_method":"estimated"},"2024-01":{"txs":13,"uniq":5,"trade":4,"nft":0,"gas":0.000251,"bal":0.001025,"days":4,"spread":0.129032,"streak":2,"rank_m":53716,"pct_m":0.057111,"gas_method":"exact"},"2024-02":{"txs":4,"uniq":4,"trade":0,"nft":0,"gas":0.000074,"bal":0.001391,"days":1,"spread":0.034483,"streak":1,"rank_m":223475,"pct_m":0.237602,"gas_method":"estimated"},"2024-03":{"txs":4,"uniq":3,"trade":0,"nft":0,"gas":0.000111,"bal":0.002077,"days":1,"spread":0.032258,"streak":1,"rank_m":312125,"pct_m":0.331856,"gas_method":"estimated"},"2024-04":{"txs":8,"uniq":4,"trade":0,"nft":0,"gas":0.000027,"bal":0.001982,"days":2,"spread":0.066667,"streak":1,"rank_m":392781,"pct_m":0.417611,"gas_method":"estimated"},"2024-05":{"txs":3,"uniq":2,"trade":0,"nft":0,"gas":0.000003,"bal":0.001846,"days":1,"spread":0.032258,"streak":1,"rank_m":440183,"pct_m":0.468009,"gas_method":"estimated"},"2024-06":{"txs":10,"uniq":7,"trade":0,"nft":1,"gas":0,"bal":0.001738,"days":3,"spread":0.1,"streak":1,"rank_m":333681,"pct_m":0.354775,"gas_method":"estimated"},"2024-07":{"txs":3,"uniq":3,"trade":0,"nft":0,"gas":0.000001,"bal":0.001365,"days":1,"spread":0.032258,"streak":1,"rank_m":442017,"pct_m":0.469959,"gas_method":"estimated"},"2024-08":{"txs":3,"uniq":2,"trade":0,"nft":0,"gas":0,"bal":0.001362,"days":1,"spread":0.032258,"streak":1,"rank_m":459537,"pct_m":0.488587,"gas_method":"estimated"},"2024-09":{"txs":3,"uniq":2,"trade":0,"nft":0,"gas":0,"bal":0.001356,"days":1,"spread":0.033333,"streak":1,"rank_m":420000,"pct_m":0.44655,"gas_method":"estimated"},"2024-10":{"txs":3,"uniq":2,"trade":0,"nft":0,"gas":0,"bal":0.00135,"days":1,"spread":0.032258,"streak":1,"rank_m":473834,"pct_m":0.503788,"gas_method":"estimated"},"2024-11":{"txs":3,"uniq":2,"trade":0,"nft":0,"gas":0.000007,"bal":0.001346,"days":1,"spread":0.033333,"streak":1,"rank_m":449727,"pct_m":0.478157,"gas_method":"exact"},"2024-12":{"txs":3,"uniq":2,"trade":0,"nft":0,"gas":0.000066,"bal":0.001343,"days":1,"spread":0.032258,"streak":1,"rank_m":514259,"pct_m":0.546768,"gas_method":"exact"},"2025-01":{"txs":3,"uniq":2,"trade":0,"nft":0,"gas":0.000078,"bal":0.001339,"days":1,"spread":0.032258,"streak":1,"rank_m":487742,"pct_m":0.518575,"gas_method":"exact"},"2025-02":{"txs":3,"uniq":2,"trade":0,"nft":0,"gas":0.000021,"bal":0.001333,"days":1,"spread":0.035714,"streak":1,"rank_m":451154,"pct_m":0.479674,"gas_method":"exact"},"2025-03":{"txs":3,"uniq":2,"trade":1,"nft":0,"gas":0.000024,"bal":0.001329,"days":1,"spread":0.032258,"streak":1,"rank_m":380407,"pct_m":0.404454,"gas_method":"exact"},"2025-04":{"txs":3,"uniq":3,"trade":0,"nft":0,"gas":0.000018,"bal":0.001325,"days":1,"spread":0.033333,"streak":1,"rank_m":449794,"pct_m":0.478228,"gas_method":"exact"},"2025-05":{"txs":3,"uniq":2,"trade":0,"nft":0,"gas":0.000021,"bal":0.001319,"days":1,"spread":0.032258,"streak":1,"rank_m":468608,"pct_m":0.498231,"gas_method":"estimated"},"2025-06":{"txs":3,"uniq":2,"trade":0,"nft":0,"gas":0.000021,"bal":0.001312,"days":1,"spread":0.033333,"streak":1,"rank_m":503559,"pct_m":0.535392,"gas_method":"estimated"},"2025-07":{"txs":2,"uniq":1,"trade":3,"nft":0,"gas":0.000014,"bal":0.001307,"days":1,"spread":0.032258,"streak":1,"rank_m":435100,"pct_m":0.462605,"gas_method":"estimated"},"2025-08":{"txs":3,"uniq":2,"trade":2,"nft":0,"gas":0.000021,"bal":0.001302,"days":1,"spread":0.032258,"streak":1,"rank_m":394417,"pct_m":0.41935,"gas_method":"estimated"},"2025-09":{"txs":6,"uniq":2,"trade":2,"nft":0,"gas":0.000042,"bal":0.000786,"days":2,"spread":0.066667,"streak":2,"rank_m":350338,"pct_m":0.372485,"gas_method":"estimated"},"2025-10":{"txs":2,"uniq":1,"trade":4,"nft":0,"gas":0.000014,"bal":0.000654,"days":1,"spread":0.032258,"streak":1,"rank_m":308986,"pct_m":0.328518,"gas_method":"estimated"}}}