{"wallet":"0x6c7bffd4b7b72187c76779dd4ffefcb53cb3aba4","rank":448011,"lifetime":{"months_active":21,"first":"2023-07","last":"2025-10","tx_sum":113,"uniq_sum":71,"trade_sum":1,"nft_sum":22,"gas_sum":0.002965,"avg_balance_eth_mean":0.021182,"streak_best_days":4,"gas_sum_filled":0.002965},"months":{"2023-07":{"txs":0,"uniq":0,"trade":0,"nft":0,"gas":0,"bal":0,"days":0,"spread":0,"streak":0,"rank_m":563623,"pct_m":0.599253},"2023-08":{"txs":5,"uniq":3,"trade":0,"nft":4,"gas":0.000411,"bal":0.000125,"days":3,"spread":0.096774,"streak":1,"rank_m":121366,"pct_m":0.129037,"gas_method":"exact"},"2023-09":{"txs":5,"uniq":4,"trade":0,"nft":1,"gas":0.000287,"bal":0.002147,"days":1,"spread":0.033333,"streak":1,"rank_m":108269,"pct_m":0.115112,"gas_method":"estimated"},"2023-10":{"txs":2,"uniq":1,"trade":0,"nft":0,"gas":0.00003,"bal":0.000188,"days":2,"spread":0.064516,"streak":1,"rank_m":147997,"pct_m":0.157352,"gas_method":"estimated"},"2023-11":{"txs":0,"uniq":0,"trade":0,"nft":0,"gas":0,"bal":0.000188,"days":0,"spread":0,"streak":0,"rank_m":319575,"pct_m":0.339777},"2023-12":{"txs":22,"uniq":4,"trade":0,"nft":0,"gas":0.001082,"bal":0.031207,"days":7,"spread":0.225806,"streak":4,"rank_m":29290,"pct_m":0.031141,"gas_method":"estimated"},"2024-01":{"txs":2,"uniq":2,"trade":0,"nft":1,"gas":0.000087,"bal":0.013565,"days":2,"spread":0.064516,"streak":1,"rank_m":94948,"pct_m":0.100949,"gas_method":"exact"},"2024-02":{"txs":2,"uniq":1,"trade":0,"nft":1,"gas":0.000052,"bal":0.000938,"days":1,"spread":0.034483,"streak":1,"rank_m":244199,"pct_m":0.259636,"gas_method":"estimated"},"2024-03":{"txs":13,"uniq":5,"trade":0,"nft":3,"gas":0.000504,"bal":0.010921,"days":2,"spread":0.064516,"streak":1,"rank_m":192284,"pct_m":0.204439,"gas_method":"estimated"},"2024-04":{"txs":5,"uniq":4,"trade":0,"nft":0,"gas":0.000024,"bal":0.019685,"days":3,"spread":0.1,"streak":1,"rank_m":317144,"pct_m":0.337192,"gas_method":"estimated"},"2024-05":{"txs":6,"uniq":5,"trade":0,"nft":4,"gas":0.00001,"bal":0.012671,"days":4,"spread":0.129032,"streak":1,"rank_m":254121,"pct_m":0.270185,"gas_method":"estimated"},"2024-06":{"txs":4,"uniq":2,"trade":0,"nft":1,"gas":0,"bal":0.015121,"days":2,"spread":0.066667,"streak":1,"rank_m":310752,"pct_m":0.330396,"gas_method":"estimated"},"2024-07":{"txs":1,"uniq":1,"trade":0,"nft":1,"gas":0,"bal":0.058194,"days":1,"spread":0.032258,"streak":1,"rank_m":317228,"pct_m":0.337281,"gas_method":"estimated"},"2024-08":{"txs":3,"uniq":3,"trade":0,"nft":3,"gas":0.000001,"bal":0.057712,"days":3,"spread":0.096774,"streak":1,"rank_m":241149,"pct_m":0.256393,"gas_method":"estimated"},"2024-09":{"txs":5,"uniq":5,"trade":0,"nft":3,"gas":0,"bal":0.056984,"days":3,"spread":0.1,"streak":2,"rank_m":126864,"pct_m":0.134883,"gas_method":"estimated"},"2024-10":{"txs":1,"uniq":1,"trade":0,"nft":0,"gas":0,"bal":0.056951,"days":1,"spread":0.032258,"streak":1,"rank_m":356174,"pct_m":0.378689,"gas_method":"estimated"},"2024-11":{"txs":4,"uniq":4,"trade":0,"nft":0,"gas":0.000009,"bal":0.056915,"days":3,"spread":0.1,"streak":1,"rank_m":313414,"pct_m":0.333226,"gas_method":"exact"},"2024-12":{"txs":7,"uniq":6,"trade":0,"nft":0,"gas":0.000154,"bal":0.061422,"days":4,"spread":0.129032,"streak":2,"rank_m":280486,"pct_m":0.298217,"gas_method":"exact"},"2025-01":{"txs":7,"uniq":4,"trade":0,"nft":0,"gas":0.000182,"bal":0.069037,"days":2,"spread":0.064516,"streak":2,"rank_m":279891,"pct_m":0.297584,"gas_method":"exact"},"2025-02":{"txs":9,"uniq":8,"trade":0,"nft":0,"gas":0.000063,"bal":0.059015,"days":4,"spread":0.142857,"streak":1,"rank_m":178966,"pct_m":0.190279,"gas_method":"exact"},"2025-03":{"txs":4,"uniq":3,"trade":0,"nft":0,"gas":0.000032,"bal":0.00118,"days":1,"spread":0.032258,"streak":1,"rank_m":405140,"pct_m":0.430751,"gas_method":"exact"},"2025-04":{"txs":5,"uniq":4,"trade":1,"nft":0,"gas":0.00003,"bal":0.00095,"days":1,"spread":0.033333,"streak":1,"rank_m":375760,"pct_m":0.399514,"gas_method":"exact"},"2025-05":{"txs":1,"uniq":1,"trade":0,"nft":0,"gas":0.000007,"bal":0.001333,"days":1,"spread":0.032258,"streak":1,"rank_m":503067,"pct_m":0.534869,"gas_method":"estimated"},"2025-06":{"txs":0,"uniq":0,"trade":0,"nft":0,"gas":0,"bal":0.001333,"days":0,"spread":0,"streak":0,"rank_m":687633,"pct_m":0.731103},"2025-07":{"txs":0,"uniq":0,"trade":0,"nft":0,"gas":0,"bal":0.001333,"days":0,"spread":0,"streak":0,"rank_m":704748,"pct_m":0.7493},"2025-08":{"txs":0,"uniq":0,"trade":0,"nft":0,"gas":0,"bal":0.001333,"days":0,"spread":0,"streak":0,"rank_m":687166,"pct_m":0.730606},"2025-09":{"txs":0,"uniq":0,"trade":0,"nft":0,"gas":0,"bal":0.001333,"days":0,"spread":0,"streak":0,"rank_m":670814,"pct_m":0.71322},"2025-10":{"txs":0,"uniq":0,"trade":0,"nft":0,"gas":0,"bal":0.001333,"days":0,"spread":0,"streak":0,"rank_m":604313,"pct_m":0.642515}}}