{"wallet":"0x6c560916fa77963defe090fd543eb1004b627d19","rank":215517,"lifetime":{"months_active":19,"first":"2023-07","last":"2025-10","tx_sum":233,"uniq_sum":89,"trade_sum":2,"nft_sum":10,"gas_sum":0.002419,"avg_balance_eth_mean":0.031856,"streak_best_days":10,"gas_sum_filled":0.002419},"months":{"2023-07":{"txs":0,"uniq":0,"trade":0,"nft":0,"gas":0,"bal":0,"days":0,"spread":0,"streak":0,"rank_m":564133,"pct_m":0.599795},"2023-08":{"txs":0,"uniq":0,"trade":0,"nft":0,"gas":0,"bal":0,"days":0,"spread":0,"streak":0,"rank_m":612877,"pct_m":0.651621},"2023-09":{"txs":0,"uniq":0,"trade":0,"nft":0,"gas":0,"bal":0,"days":0,"spread":0,"streak":0,"rank_m":625917,"pct_m":0.665485},"2023-10":{"txs":0,"uniq":0,"trade":0,"nft":0,"gas":0,"bal":0,"days":0,"spread":0,"streak":0,"rank_m":636432,"pct_m":0.676665},"2023-11":{"txs":2,"uniq":2,"trade":0,"nft":0,"gas":0.000025,"bal":0.039764,"days":2,"spread":0.066667,"streak":1,"rank_m":77810,"pct_m":0.082728,"gas_method":"estimated"},"2023-12":{"txs":7,"uniq":2,"trade":0,"nft":2,"gas":0.000162,"bal":0.006686,"days":1,"spread":0.032258,"streak":1,"rank_m":94175,"pct_m":0.100127,"gas_method":"estimated"},"2024-01":{"txs":1,"uniq":1,"trade":0,"nft":0,"gas":0.000022,"bal":0.00498,"days":1,"spread":0.032258,"streak":1,"rank_m":164070,"pct_m":0.174441,"gas_method":"estimated"},"2024-02":{"txs":0,"uniq":0,"trade":0,"nft":0,"gas":0,"bal":0.00498,"days":0,"spread":0,"streak":0,"rank_m":314116,"pct_m":0.333973},"2024-03":{"txs":62,"uniq":14,"trade":1,"nft":2,"gas":0.00113,"bal":0.008874,"days":3,"spread":0.096774,"streak":3,"rank_m":81486,"pct_m":0.086636,"gas_method":"estimated"},"2024-04":{"txs":12,"uniq":10,"trade":1,"nft":1,"gas":0.000027,"bal":0.03352,"days":6,"spread":0.2,"streak":2,"rank_m":151508,"pct_m":0.161085,"gas_method":"estimated"},"2024-05":{"txs":39,"uniq":13,"trade":0,"nft":1,"gas":0.000005,"bal":0.053691,"days":11,"spread":0.354839,"streak":10,"rank_m":56177,"pct_m":0.059727,"gas_method":"exact"},"2024-06":{"txs":1,"uniq":1,"trade":0,"nft":1,"gas":0,"bal":0.06027,"days":1,"spread":0.033333,"streak":1,"rank_m":329271,"pct_m":0.350086,"gas_method":"estimated"},"2024-07":{"txs":6,"uniq":6,"trade":0,"nft":0,"gas":0.000001,"bal":0.056205,"days":1,"spread":0.032258,"streak":1,"rank_m":263138,"pct_m":0.279772,"gas_method":"estimated"},"2024-08":{"txs":29,"uniq":11,"trade":0,"nft":2,"gas":0.000043,"bal":0.045334,"days":5,"spread":0.16129,"streak":3,"rank_m":64214,"pct_m":0.068272,"gas_method":"exact"},"2024-09":{"txs":1,"uniq":1,"trade":0,"nft":1,"gas":0,"bal":0.009657,"days":1,"spread":0.033333,"streak":1,"rank_m":321982,"pct_m":0.342336,"gas_method":"estimated"},"2024-10":{"txs":1,"uniq":1,"trade":0,"nft":0,"gas":0,"bal":0.029055,"days":1,"spread":0.032258,"streak":1,"rank_m":369163,"pct_m":0.3925,"gas_method":"estimated"},"2024-11":{"txs":0,"uniq":0,"trade":0,"nft":0,"gas":0,"bal":0.029055,"days":0,"spread":0,"streak":0,"rank_m":531181,"pct_m":0.56476},"2024-12":{"txs":12,"uniq":5,"trade":0,"nft":0,"gas":0.000265,"bal":0.070156,"days":5,"spread":0.16129,"streak":2,"rank_m":238569,"pct_m":0.25365,"gas_method":"exact"},"2025-01":{"txs":16,"uniq":2,"trade":0,"nft":0,"gas":0.000416,"bal":0.026971,"days":8,"spread":0.258065,"streak":4,"rank_m":178417,"pct_m":0.189695,"gas_method":"exact"},"2025-02":{"txs":2,"uniq":2,"trade":0,"nft":0,"gas":0.000014,"bal":0.053003,"days":1,"spread":0.035714,"streak":1,"rank_m":379391,"pct_m":0.403374,"gas_method":"exact"},"2025-03":{"txs":21,"uniq":4,"trade":0,"nft":0,"gas":0.000166,"bal":0.063381,"days":6,"spread":0.193548,"streak":5,"rank_m":87289,"pct_m":0.092806,"gas_method":"exact"},"2025-04":{"txs":4,"uniq":4,"trade":0,"nft":0,"gas":0.000024,"bal":0.037541,"days":2,"spread":0.066667,"streak":1,"rank_m":296232,"pct_m":0.314958,"gas_method":"exact"},"2025-05":{"txs":6,"uniq":2,"trade":0,"nft":0,"gas":0.000042,"bal":0.030085,"days":5,"spread":0.16129,"streak":3,"rank_m":109584,"pct_m":0.116511,"gas_method":"estimated"},"2025-06":{"txs":4,"uniq":4,"trade":0,"nft":0,"gas":0.000028,"bal":0.048462,"days":1,"spread":0.033333,"streak":1,"rank_m":222449,"pct_m":0.236511,"gas_method":"estimated"},"2025-07":{"txs":0,"uniq":0,"trade":0,"nft":0,"gas":0,"bal":0.048462,"days":0,"spread":0,"streak":0,"rank_m":452375,"pct_m":0.480972},"2025-08":{"txs":7,"uniq":4,"trade":0,"nft":0,"gas":0.000049,"bal":0.043949,"days":1,"spread":0.032258,"streak":1,"rank_m":219299,"pct_m":0.233162,"gas_method":"estimated"},"2025-09":{"txs":0,"uniq":0,"trade":0,"nft":0,"gas":0,"bal":0.043949,"days":0,"spread":0,"streak":0,"rank_m":429486,"pct_m":0.456636},"2025-10":{"txs":0,"uniq":0,"trade":0,"nft":0,"gas":0,"bal":0.043949,"days":0,"spread":0,"streak":0,"rank_m":334325,"pct_m":0.355459}}}