{"wallet":"0x6cf3c25e511ff34972b6d10fc9a70891338c59a2","rank":106340,"lifetime":{"months_active":15,"first":"2023-07","last":"2025-10","tx_sum":351,"uniq_sum":169,"trade_sum":29,"nft_sum":71,"gas_sum":0.005919,"avg_balance_eth_mean":0.014141,"streak_best_days":8,"gas_sum_filled":0.005919},"months":{"2023-07":{"txs":0,"uniq":0,"trade":0,"nft":0,"gas":0,"bal":0,"days":0,"spread":0,"streak":0,"rank_m":562005,"pct_m":0.597533},"2023-08":{"txs":0,"uniq":0,"trade":0,"nft":0,"gas":0,"bal":0,"days":0,"spread":0,"streak":0,"rank_m":611028,"pct_m":0.649655},"2023-09":{"txs":0,"uniq":0,"trade":0,"nft":0,"gas":0,"bal":0,"days":0,"spread":0,"streak":0,"rank_m":624137,"pct_m":0.663593},"2023-10":{"txs":0,"uniq":0,"trade":0,"nft":0,"gas":0,"bal":0,"days":0,"spread":0,"streak":0,"rank_m":634715,"pct_m":0.674839},"2023-11":{"txs":0,"uniq":0,"trade":0,"nft":0,"gas":0,"bal":0,"days":0,"spread":0,"streak":0,"rank_m":644102,"pct_m":0.68482},"2023-12":{"txs":52,"uniq":20,"trade":0,"nft":9,"gas":0.00239,"bal":0.000861,"days":11,"spread":0.354839,"streak":8,"rank_m":40270,"pct_m":0.042815,"gas_method":"estimated"},"2024-01":{"txs":23,"uniq":10,"trade":7,"nft":3,"gas":0.00105,"bal":0.000472,"days":3,"spread":0.096774,"streak":1,"rank_m":59867,"pct_m":0.063651,"gas_method":"exact"},"2024-02":{"txs":1,"uniq":1,"trade":0,"nft":1,"gas":0.000024,"bal":0.000397,"days":1,"spread":0.034483,"streak":1,"rank_m":261769,"pct_m":0.278316,"gas_method":"estimated"},"2024-03":{"txs":33,"uniq":18,"trade":5,"nft":9,"gas":0.001196,"bal":0.001172,"days":8,"spread":0.258065,"streak":2,"rank_m":119526,"pct_m":0.127081,"gas_method":"estimated"},"2024-04":{"txs":18,"uniq":9,"trade":2,"nft":2,"gas":0.00008,"bal":0.004293,"days":4,"spread":0.133333,"streak":2,"rank_m":225771,"pct_m":0.240043,"gas_method":"estimated"},"2024-05":{"txs":30,"uniq":19,"trade":0,"nft":6,"gas":0.000044,"bal":0.011168,"days":6,"spread":0.193548,"streak":2,"rank_m":110868,"pct_m":0.117876,"gas_method":"estimated"},"2024-06":{"txs":31,"uniq":11,"trade":0,"nft":9,"gas":0.000002,"bal":0.013975,"days":6,"spread":0.2,"streak":4,"rank_m":80779,"pct_m":0.085885,"gas_method":"estimated"},"2024-07":{"txs":19,"uniq":9,"trade":3,"nft":8,"gas":0.000004,"bal":0.008809,"days":11,"spread":0.354839,"streak":4,"rank_m":71388,"pct_m":0.0759,"gas_method":"estimated"},"2024-08":{"txs":18,"uniq":11,"trade":0,"nft":6,"gas":0.000002,"bal":0.00649,"days":8,"spread":0.258065,"streak":3,"rank_m":98530,"pct_m":0.104758,"gas_method":"exact"},"2024-09":{"txs":13,"uniq":9,"trade":0,"nft":7,"gas":0.000001,"bal":0.010936,"days":8,"spread":0.266667,"streak":2,"rank_m":83948,"pct_m":0.089254,"gas_method":"estimated"},"2024-10":{"txs":25,"uniq":10,"trade":0,"nft":5,"gas":0.000003,"bal":0.019037,"days":10,"spread":0.322581,"streak":7,"rank_m":60523,"pct_m":0.064348,"gas_method":"estimated"},"2024-11":{"txs":25,"uniq":10,"trade":0,"nft":2,"gas":0.000053,"bal":0.010754,"days":13,"spread":0.433333,"streak":3,"rank_m":91534,"pct_m":0.09732,"gas_method":"exact"},"2024-12":{"txs":29,"uniq":11,"trade":12,"nft":2,"gas":0.000617,"bal":0.016908,"days":10,"spread":0.322581,"streak":3,"rank_m":82128,"pct_m":0.087319,"gas_method":"exact"},"2025-01":{"txs":13,"uniq":6,"trade":0,"nft":1,"gas":0.000312,"bal":0.016559,"days":6,"spread":0.193548,"streak":1,"rank_m":200435,"pct_m":0.213105,"gas_method":"exact"},"2025-02":{"txs":21,"uniq":15,"trade":0,"nft":0,"gas":0.000141,"bal":0.030457,"days":3,"spread":0.107143,"streak":3,"rank_m":86105,"pct_m":0.091547,"gas_method":"exact"},"2025-03":{"txs":0,"uniq":0,"trade":0,"nft":0,"gas":0,"bal":0.030457,"days":0,"spread":0,"streak":0,"rank_m":542537,"pct_m":0.576834},"2025-04":{"txs":0,"uniq":0,"trade":0,"nft":0,"gas":0,"bal":0.030457,"days":0,"spread":0,"streak":0,"rank_m":577462,"pct_m":0.613967},"2025-05":{"txs":0,"uniq":0,"trade":0,"nft":0,"gas":0,"bal":0.030457,"days":0,"spread":0,"streak":0,"rank_m":453911,"pct_m":0.482605},"2025-06":{"txs":0,"uniq":0,"trade":0,"nft":0,"gas":0,"bal":0.030457,"days":0,"spread":0,"streak":0,"rank_m":454365,"pct_m":0.483088},"2025-07":{"txs":0,"uniq":0,"trade":0,"nft":0,"gas":0,"bal":0.030457,"days":0,"spread":0,"streak":0,"rank_m":472874,"pct_m":0.502767},"2025-08":{"txs":0,"uniq":0,"trade":0,"nft":1,"gas":0,"bal":0.030457,"days":0,"spread":0,"streak":0,"rank_m":410649,"pct_m":0.436608},"2025-09":{"txs":0,"uniq":0,"trade":0,"nft":0,"gas":0,"bal":0.030457,"days":0,"spread":0,"streak":0,"rank_m":444723,"pct_m":0.472836},"2025-10":{"txs":0,"uniq":0,"trade":0,"nft":0,"gas":0,"bal":0.030457,"days":0,"spread":0,"streak":0,"rank_m":350912,"pct_m":0.373095}}}