{"wallet":"0x6cdeee2981e71d31dc759d7808c04aff0b458644","rank":350107,"lifetime":{"months_active":13,"first":"2023-07","last":"2025-10","tx_sum":294,"uniq_sum":71,"trade_sum":11,"nft_sum":38,"gas_sum":0.000474,"avg_balance_eth_mean":0.002324,"streak_best_days":13,"gas_sum_filled":0.000474},"months":{"2023-07":{"txs":0,"uniq":0,"trade":0,"nft":0,"gas":0,"bal":0,"days":0,"spread":0,"streak":0,"rank_m":562273,"pct_m":0.597818},"2023-08":{"txs":0,"uniq":0,"trade":0,"nft":0,"gas":0,"bal":0,"days":0,"spread":0,"streak":0,"rank_m":611264,"pct_m":0.649906},"2023-09":{"txs":0,"uniq":0,"trade":0,"nft":0,"gas":0,"bal":0,"days":0,"spread":0,"streak":0,"rank_m":624369,"pct_m":0.663839},"2023-10":{"txs":0,"uniq":0,"trade":0,"nft":0,"gas":0,"bal":0,"days":0,"spread":0,"streak":0,"rank_m":634939,"pct_m":0.675077},"2023-11":{"txs":0,"uniq":0,"trade":0,"nft":0,"gas":0,"bal":0,"days":0,"spread":0,"streak":0,"rank_m":644317,"pct_m":0.685048},"2023-12":{"txs":31,"uniq":15,"trade":0,"nft":8,"gas":0.000029,"bal":0.013251,"days":11,"spread":0.354839,"streak":6,"rank_m":9474,"pct_m":0.010072,"gas_method":"estimated"},"2024-01":{"txs":13,"uniq":4,"trade":1,"nft":0,"gas":0.00038,"bal":0.01694,"days":12,"spread":0.387097,"streak":4,"rank_m":16975,"pct_m":0.018047,"gas_method":"exact"},"2024-02":{"txs":7,"uniq":4,"trade":0,"nft":3,"gas":0.000003,"bal":0.00734,"days":6,"spread":0.206897,"streak":2,"rank_m":90957,"pct_m":0.096706,"gas_method":"estimated"},"2024-03":{"txs":11,"uniq":4,"trade":0,"nft":2,"gas":0.000008,"bal":0.006628,"days":7,"spread":0.225806,"streak":4,"rank_m":149530,"pct_m":0.158982,"gas_method":"estimated"},"2024-04":{"txs":117,"uniq":10,"trade":10,"nft":1,"gas":0.000011,"bal":0.008665,"days":18,"spread":0.6,"streak":10,"rank_m":55955,"pct_m":0.059491,"gas_method":"estimated"},"2024-05":{"txs":32,"uniq":5,"trade":0,"nft":3,"gas":0.000009,"bal":0.001181,"days":21,"spread":0.677419,"streak":13,"rank_m":135029,"pct_m":0.143564,"gas_method":"exact"},"2024-06":{"txs":23,"uniq":6,"trade":0,"nft":4,"gas":0,"bal":0.001039,"days":18,"spread":0.6,"streak":6,"rank_m":132432,"pct_m":0.140803,"gas_method":"exact"},"2024-07":{"txs":41,"uniq":13,"trade":0,"nft":11,"gas":0,"bal":0.00108,"days":20,"spread":0.645161,"streak":9,"rank_m":66638,"pct_m":0.07085,"gas_method":"exact"},"2024-08":{"txs":10,"uniq":4,"trade":0,"nft":2,"gas":0.000001,"bal":0.000645,"days":8,"spread":0.258065,"streak":2,"rank_m":246342,"pct_m":0.261914,"gas_method":"exact"},"2024-09":{"txs":5,"uniq":2,"trade":0,"nft":3,"gas":0,"bal":0.000598,"days":5,"spread":0.166667,"streak":2,"rank_m":314549,"pct_m":0.334433,"gas_method":"estimated"},"2024-10":{"txs":2,"uniq":2,"trade":0,"nft":1,"gas":0,"bal":0.000595,"days":2,"spread":0.064516,"streak":1,"rank_m":460848,"pct_m":0.489981,"gas_method":"estimated"},"2024-11":{"txs":0,"uniq":0,"trade":0,"nft":0,"gas":0,"bal":0.000595,"days":0,"spread":0,"streak":0,"rank_m":648838,"pct_m":0.689855},"2024-12":{"txs":0,"uniq":0,"trade":0,"nft":0,"gas":0,"bal":0.000595,"days":0,"spread":0,"streak":0,"rank_m":687265,"pct_m":0.730711},"2025-01":{"txs":1,"uniq":1,"trade":0,"nft":0,"gas":0.000026,"bal":0.000594,"days":1,"spread":0.032258,"streak":1,"rank_m":546687,"pct_m":0.581246,"gas_method":"exact"},"2025-02":{"txs":1,"uniq":1,"trade":0,"nft":0,"gas":0.000007,"bal":0.000592,"days":1,"spread":0.035714,"streak":1,"rank_m":522798,"pct_m":0.555847,"gas_method":"exact"},"2025-03":{"txs":0,"uniq":0,"trade":0,"nft":0,"gas":0,"bal":0.000592,"days":0,"spread":0,"streak":0,"rank_m":713211,"pct_m":0.758298},"2025-04":{"txs":0,"uniq":0,"trade":0,"nft":0,"gas":0,"bal":0.000592,"days":0,"spread":0,"streak":0,"rank_m":735540,"pct_m":0.782038},"2025-05":{"txs":0,"uniq":0,"trade":0,"nft":0,"gas":0,"bal":0.000592,"days":0,"spread":0,"streak":0,"rank_m":737425,"pct_m":0.784042},"2025-06":{"txs":0,"uniq":0,"trade":0,"nft":0,"gas":0,"bal":0.000592,"days":0,"spread":0,"streak":0,"rank_m":738358,"pct_m":0.785034},"2025-07":{"txs":0,"uniq":0,"trade":0,"nft":0,"gas":0,"bal":0.000592,"days":0,"spread":0,"streak":0,"rank_m":759589,"pct_m":0.807608},"2025-08":{"txs":0,"uniq":0,"trade":0,"nft":0,"gas":0,"bal":0.000592,"days":0,"spread":0,"streak":0,"rank_m":738046,"pct_m":0.784703},"2025-09":{"txs":0,"uniq":0,"trade":0,"nft":0,"gas":0,"bal":0.000592,"days":0,"spread":0,"streak":0,"rank_m":727721,"pct_m":0.773725},"2025-10":{"txs":0,"uniq":0,"trade":0,"nft":0,"gas":0,"bal":0.000592,"days":0,"spread":0,"streak":0,"rank_m":662456,"pct_m":0.704334}}}