{"wallet":"0x6cfd3d6aa099c92081d0add65eb6cdf61e6615b7","rank":308760,"lifetime":{"months_active":13,"first":"2023-07","last":"2025-10","tx_sum":173,"uniq_sum":118,"trade_sum":24,"nft_sum":28,"gas_sum":0.001144,"avg_balance_eth_mean":0.082968,"streak_best_days":2,"gas_sum_filled":0.001144},"months":{"2023-07":{"txs":0,"uniq":0,"trade":0,"nft":0,"gas":0,"bal":0,"days":0,"spread":0,"streak":0,"rank_m":561872,"pct_m":0.597391},"2023-08":{"txs":0,"uniq":0,"trade":0,"nft":0,"gas":0,"bal":0,"days":0,"spread":0,"streak":0,"rank_m":610914,"pct_m":0.649534},"2023-09":{"txs":0,"uniq":0,"trade":0,"nft":0,"gas":0,"bal":0,"days":0,"spread":0,"streak":0,"rank_m":624027,"pct_m":0.663476},"2023-10":{"txs":0,"uniq":0,"trade":0,"nft":0,"gas":0,"bal":0,"days":0,"spread":0,"streak":0,"rank_m":634610,"pct_m":0.674728},"2023-11":{"txs":0,"uniq":0,"trade":0,"nft":0,"gas":0,"bal":0,"days":0,"spread":0,"streak":0,"rank_m":643997,"pct_m":0.684708},"2023-12":{"txs":4,"uniq":3,"trade":0,"nft":0,"gas":0.00008,"bal":0.080093,"days":3,"spread":0.096774,"streak":2,"rank_m":56171,"pct_m":0.059721,"gas_method":"estimated"},"2024-01":{"txs":10,"uniq":6,"trade":2,"nft":1,"gas":0.000099,"bal":0.156888,"days":4,"spread":0.129032,"streak":1,"rank_m":35199,"pct_m":0.037423,"gas_method":"exact"},"2024-02":{"txs":11,"uniq":8,"trade":0,"nft":1,"gas":0.000116,"bal":0.186203,"days":3,"spread":0.103448,"streak":1,"rank_m":85641,"pct_m":0.091054,"gas_method":"estimated"},"2024-03":{"txs":16,"uniq":12,"trade":2,"nft":5,"gas":0.000252,"bal":0.182497,"days":6,"spread":0.193548,"streak":2,"rank_m":63573,"pct_m":0.067591,"gas_method":"estimated"},"2024-04":{"txs":13,"uniq":10,"trade":0,"nft":2,"gas":0.000025,"bal":0.182081,"days":3,"spread":0.1,"streak":1,"rank_m":212298,"pct_m":0.225718,"gas_method":"estimated"},"2024-05":{"txs":16,"uniq":9,"trade":4,"nft":0,"gas":0.00001,"bal":0.181298,"days":3,"spread":0.096774,"streak":1,"rank_m":137009,"pct_m":0.145669,"gas_method":"estimated"},"2024-06":{"txs":11,"uniq":7,"trade":1,"nft":2,"gas":0,"bal":0.083399,"days":4,"spread":0.133333,"streak":1,"rank_m":135213,"pct_m":0.14376,"gas_method":"estimated"},"2024-07":{"txs":16,"uniq":11,"trade":2,"nft":1,"gas":0.000002,"bal":0.111927,"days":5,"spread":0.16129,"streak":1,"rank_m":79896,"pct_m":0.084946,"gas_method":"estimated"},"2024-08":{"txs":17,"uniq":17,"trade":1,"nft":14,"gas":0.000002,"bal":0.076464,"days":6,"spread":0.193548,"streak":2,"rank_m":49992,"pct_m":0.053151,"gas_method":"exact"},"2024-09":{"txs":11,"uniq":6,"trade":5,"nft":1,"gas":0,"bal":0.088243,"days":5,"spread":0.166667,"streak":1,"rank_m":74387,"pct_m":0.079089,"gas_method":"estimated"},"2024-10":{"txs":12,"uniq":8,"trade":3,"nft":1,"gas":0.000001,"bal":0.108116,"days":4,"spread":0.129032,"streak":1,"rank_m":110188,"pct_m":0.117153,"gas_method":"estimated"},"2024-11":{"txs":12,"uniq":8,"trade":0,"nft":0,"gas":0.000028,"bal":0.07715,"days":4,"spread":0.133333,"streak":1,"rank_m":213993,"pct_m":0.22752,"gas_method":"exact"},"2024-12":{"txs":24,"uniq":13,"trade":4,"nft":0,"gas":0.000529,"bal":0.073521,"days":6,"spread":0.193548,"streak":2,"rank_m":98672,"pct_m":0.104909,"gas_method":"exact"},"2025-01":{"txs":0,"uniq":0,"trade":0,"nft":0,"gas":0,"bal":0.073521,"days":0,"spread":0,"streak":0,"rank_m":561931,"pct_m":0.597454},"2025-02":{"txs":0,"uniq":0,"trade":0,"nft":0,"gas":0,"bal":0.073521,"days":0,"spread":0,"streak":0,"rank_m":546478,"pct_m":0.581024},"2025-03":{"txs":0,"uniq":0,"trade":0,"nft":0,"gas":0,"bal":0.073521,"days":0,"spread":0,"streak":0,"rank_m":522661,"pct_m":0.555701},"2025-04":{"txs":0,"uniq":0,"trade":0,"nft":0,"gas":0,"bal":0.073521,"days":0,"spread":0,"streak":0,"rank_m":560189,"pct_m":0.595602},"2025-05":{"txs":0,"uniq":0,"trade":0,"nft":0,"gas":0,"bal":0.073521,"days":0,"spread":0,"streak":0,"rank_m":417146,"pct_m":0.443516},"2025-06":{"txs":0,"uniq":0,"trade":0,"nft":0,"gas":0,"bal":0.073521,"days":0,"spread":0,"streak":0,"rank_m":419885,"pct_m":0.446428},"2025-07":{"txs":0,"uniq":0,"trade":0,"nft":0,"gas":0,"bal":0.073521,"days":0,"spread":0,"streak":0,"rank_m":438385,"pct_m":0.466098},"2025-08":{"txs":0,"uniq":0,"trade":0,"nft":0,"gas":0,"bal":0.073521,"days":0,"spread":0,"streak":0,"rank_m":416776,"pct_m":0.443123},"2025-09":{"txs":0,"uniq":0,"trade":0,"nft":0,"gas":0,"bal":0.073521,"days":0,"spread":0,"streak":0,"rank_m":413808,"pct_m":0.439967},"2025-10":{"txs":0,"uniq":0,"trade":0,"nft":0,"gas":0,"bal":0.073521,"days":0,"spread":0,"streak":0,"rank_m":317273,"pct_m":0.337329}}}