{"wallet":"0x6ce10efa053fa3fad0cd6c355a337e8338796567","rank":459327,"lifetime":{"months_active":8,"first":"2023-07","last":"2025-10","tx_sum":218,"uniq_sum":104,"trade_sum":11,"nft_sum":58,"gas_sum":0.006233,"avg_balance_eth_mean":0.001499,"streak_best_days":5,"gas_sum_filled":0.006233},"months":{"2023-07":{"txs":0,"uniq":0,"trade":0,"nft":0,"gas":0,"bal":0,"days":0,"spread":0,"streak":0,"rank_m":562246,"pct_m":0.597789},"2023-08":{"txs":0,"uniq":0,"trade":0,"nft":0,"gas":0,"bal":0,"days":0,"spread":0,"streak":0,"rank_m":611245,"pct_m":0.649886},"2023-09":{"txs":0,"uniq":0,"trade":0,"nft":0,"gas":0,"bal":0,"days":0,"spread":0,"streak":0,"rank_m":624350,"pct_m":0.663819},"2023-10":{"txs":0,"uniq":0,"trade":0,"nft":0,"gas":0,"bal":0,"days":0,"spread":0,"streak":0,"rank_m":634921,"pct_m":0.675058},"2023-11":{"txs":0,"uniq":0,"trade":0,"nft":0,"gas":0,"bal":0,"days":0,"spread":0,"streak":0,"rank_m":644299,"pct_m":0.685029},"2023-12":{"txs":0,"uniq":0,"trade":0,"nft":0,"gas":0,"bal":0,"days":0,"spread":0,"streak":0,"rank_m":655577,"pct_m":0.69702},"2024-01":{"txs":3,"uniq":3,"trade":0,"nft":2,"gas":0.000303,"bal":0.001764,"days":1,"spread":0.032258,"streak":1,"rank_m":135580,"pct_m":0.14415,"gas_method":"estimated"},"2024-02":{"txs":74,"uniq":31,"trade":9,"nft":13,"gas":0.004225,"bal":0.024571,"days":13,"spread":0.448276,"streak":3,"rank_m":7103,"pct_m":0.007551,"gas_method":"estimated"},"2024-03":{"txs":30,"uniq":14,"trade":0,"nft":9,"gas":0.000991,"bal":0.001321,"days":9,"spread":0.290323,"streak":2,"rank_m":90419,"pct_m":0.096134,"gas_method":"exact"},"2024-04":{"txs":49,"uniq":27,"trade":2,"nft":14,"gas":0.000517,"bal":0.00311,"days":13,"spread":0.433333,"streak":4,"rank_m":103564,"pct_m":0.11011,"gas_method":"estimated"},"2024-05":{"txs":56,"uniq":24,"trade":0,"nft":15,"gas":0.000196,"bal":0.001568,"days":10,"spread":0.322581,"streak":5,"rank_m":122667,"pct_m":0.130421,"gas_method":"estimated"},"2024-06":{"txs":1,"uniq":1,"trade":0,"nft":1,"gas":0,"bal":0.000748,"days":1,"spread":0.033333,"streak":1,"rank_m":463719,"pct_m":0.493033,"gas_method":"estimated"},"2024-07":{"txs":0,"uniq":0,"trade":0,"nft":0,"gas":0,"bal":0.000748,"days":0,"spread":0,"streak":0,"rank_m":577415,"pct_m":0.613917},"2024-08":{"txs":1,"uniq":1,"trade":0,"nft":1,"gas":0,"bal":0.000593,"days":1,"spread":0.032258,"streak":1,"rank_m":476136,"pct_m":0.506235,"gas_method":"estimated"},"2024-09":{"txs":4,"uniq":3,"trade":0,"nft":3,"gas":0.000001,"bal":0.000539,"days":2,"spread":0.066667,"streak":2,"rank_m":339702,"pct_m":0.361176,"gas_method":"estimated"},"2024-10":{"txs":0,"uniq":0,"trade":0,"nft":0,"gas":0,"bal":0.000539,"days":0,"spread":0,"streak":0,"rank_m":642108,"pct_m":0.6827},"2024-11":{"txs":0,"uniq":0,"trade":0,"nft":0,"gas":0,"bal":0.000539,"days":0,"spread":0,"streak":0,"rank_m":652779,"pct_m":0.694045},"2024-12":{"txs":0,"uniq":0,"trade":0,"nft":0,"gas":0,"bal":0.000539,"days":0,"spread":0,"streak":0,"rank_m":690696,"pct_m":0.734359},"2025-01":{"txs":0,"uniq":0,"trade":0,"nft":0,"gas":0,"bal":0.000539,"days":0,"spread":0,"streak":0,"rank_m":689126,"pct_m":0.73269},"2025-02":{"txs":0,"uniq":0,"trade":0,"nft":0,"gas":0,"bal":0.000539,"days":0,"spread":0,"streak":0,"rank_m":712652,"pct_m":0.757703},"2025-03":{"txs":0,"uniq":0,"trade":0,"nft":0,"gas":0,"bal":0.000539,"days":0,"spread":0,"streak":0,"rank_m":719964,"pct_m":0.765478},"2025-04":{"txs":0,"uniq":0,"trade":0,"nft":0,"gas":0,"bal":0.000539,"days":0,"spread":0,"streak":0,"rank_m":742156,"pct_m":0.789072},"2025-05":{"txs":0,"uniq":0,"trade":0,"nft":0,"gas":0,"bal":0.000539,"days":0,"spread":0,"streak":0,"rank_m":744039,"pct_m":0.791074},"2025-06":{"txs":0,"uniq":0,"trade":0,"nft":0,"gas":0,"bal":0.000539,"days":0,"spread":0,"streak":0,"rank_m":744925,"pct_m":0.792017},"2025-07":{"txs":0,"uniq":0,"trade":0,"nft":0,"gas":0,"bal":0.000539,"days":0,"spread":0,"streak":0,"rank_m":766507,"pct_m":0.814963},"2025-08":{"txs":0,"uniq":0,"trade":0,"nft":0,"gas":0,"bal":0.000539,"days":0,"spread":0,"streak":0,"rank_m":744914,"pct_m":0.792005},"2025-09":{"txs":0,"uniq":0,"trade":0,"nft":0,"gas":0,"bal":0.000539,"days":0,"spread":0,"streak":0,"rank_m":735421,"pct_m":0.781912},"2025-10":{"txs":0,"uniq":0,"trade":0,"nft":0,"gas":0,"bal":0.000539,"days":0,"spread":0,"streak":0,"rank_m":671959,"pct_m":0.714438}}}