{"wallet":"0x6c498f9c4698273b27ea65483ff66329f70922d1","rank":268899,"lifetime":{"months_active":25,"first":"2023-07","last":"2025-10","tx_sum":172,"uniq_sum":118,"trade_sum":10,"nft_sum":35,"gas_sum":0.001031,"avg_balance_eth_mean":0.006743,"streak_best_days":4,"gas_sum_filled":0.001031},"months":{"2023-07":{"txs":0,"uniq":0,"trade":0,"nft":0,"gas":0,"bal":0,"days":0,"spread":0,"streak":0,"rank_m":564316,"pct_m":0.59999},"2023-08":{"txs":0,"uniq":0,"trade":0,"nft":0,"gas":0,"bal":0,"days":0,"spread":0,"streak":0,"rank_m":613035,"pct_m":0.651789},"2023-09":{"txs":2,"uniq":1,"trade":0,"nft":1,"gas":0.000069,"bal":0.000928,"days":1,"spread":0.033333,"streak":1,"rank_m":120017,"pct_m":0.127603,"gas_method":"exact"},"2023-10":{"txs":4,"uniq":3,"trade":0,"nft":1,"gas":0.000032,"bal":0.002707,"days":2,"spread":0.064516,"streak":1,"rank_m":97752,"pct_m":0.103931,"gas_method":"estimated"},"2023-11":{"txs":1,"uniq":1,"trade":0,"nft":0,"gas":0.000014,"bal":0.00557,"days":1,"spread":0.033333,"streak":1,"rank_m":122816,"pct_m":0.130579,"gas_method":"estimated"},"2023-12":{"txs":4,"uniq":3,"trade":1,"nft":0,"gas":0.000104,"bal":0.005248,"days":2,"spread":0.064516,"streak":1,"rank_m":78834,"pct_m":0.083817,"gas_method":"estimated"},"2024-01":{"txs":14,"uniq":6,"trade":9,"nft":1,"gas":0.000085,"bal":0.004887,"days":4,"spread":0.129032,"streak":1,"rank_m":48204,"pct_m":0.05125,"gas_method":"exact"},"2024-02":{"txs":12,"uniq":8,"trade":0,"nft":3,"gas":0.000152,"bal":0.004392,"days":3,"spread":0.103448,"streak":1,"rank_m":94073,"pct_m":0.100019,"gas_method":"exact"},"2024-03":{"txs":3,"uniq":2,"trade":0,"nft":0,"gas":0.000061,"bal":0.004472,"days":2,"spread":0.064516,"streak":1,"rank_m":289208,"pct_m":0.30749,"gas_method":"estimated"},"2024-04":{"txs":25,"uniq":12,"trade":0,"nft":5,"gas":0.000063,"bal":0.005825,"days":5,"spread":0.166667,"streak":2,"rank_m":207090,"pct_m":0.220181,"gas_method":"estimated"},"2024-05":{"txs":21,"uniq":16,"trade":0,"nft":3,"gas":0.000018,"bal":0.009821,"days":10,"spread":0.322581,"streak":4,"rank_m":110332,"pct_m":0.117306,"gas_method":"estimated"},"2024-06":{"txs":5,"uniq":4,"trade":0,"nft":2,"gas":0,"bal":0.010029,"days":3,"spread":0.1,"streak":1,"rank_m":277648,"pct_m":0.295199,"gas_method":"estimated"},"2024-07":{"txs":2,"uniq":2,"trade":0,"nft":0,"gas":0,"bal":0.010023,"days":1,"spread":0.032258,"streak":1,"rank_m":376897,"pct_m":0.400723,"gas_method":"estimated"},"2024-08":{"txs":20,"uniq":17,"trade":0,"nft":15,"gas":0.000002,"bal":0.009507,"days":10,"spread":0.322581,"streak":3,"rank_m":90018,"pct_m":0.095708,"gas_method":"estimated"},"2024-09":{"txs":3,"uniq":1,"trade":0,"nft":1,"gas":0,"bal":0.008297,"days":2,"spread":0.066667,"streak":1,"rank_m":297690,"pct_m":0.316508,"gas_method":"estimated"},"2024-10":{"txs":2,"uniq":2,"trade":0,"nft":3,"gas":0,"bal":0.008276,"days":2,"spread":0.064516,"streak":1,"rank_m":329256,"pct_m":0.35007,"gas_method":"estimated"},"2024-11":{"txs":12,"uniq":6,"trade":0,"nft":0,"gas":0.000025,"bal":0.010802,"days":6,"spread":0.2,"streak":1,"rank_m":245116,"pct_m":0.260611,"gas_method":"exact"},"2024-12":{"txs":5,"uniq":5,"trade":0,"nft":0,"gas":0.00011,"bal":0.010641,"days":2,"spread":0.064516,"streak":2,"rank_m":363096,"pct_m":0.386049,"gas_method":"exact"},"2025-01":{"txs":2,"uniq":2,"trade":0,"nft":0,"gas":0.000052,"bal":0.009943,"days":2,"spread":0.064516,"streak":1,"rank_m":434739,"pct_m":0.462221,"gas_method":"exact"},"2025-02":{"txs":4,"uniq":2,"trade":0,"nft":0,"gas":0.000028,"bal":0.00925,"days":2,"spread":0.071429,"streak":1,"rank_m":356477,"pct_m":0.379012,"gas_method":"exact"},"2025-03":{"txs":4,"uniq":4,"trade":0,"nft":0,"gas":0.000032,"bal":0.008938,"days":1,"spread":0.032258,"streak":1,"rank_m":337523,"pct_m":0.358859,"gas_method":"exact"},"2025-04":{"txs":5,"uniq":5,"trade":0,"nft":0,"gas":0.00003,"bal":0.008633,"days":4,"spread":0.133333,"streak":2,"rank_m":239947,"pct_m":0.255115,"gas_method":"exact"},"2025-05":{"txs":6,"uniq":3,"trade":0,"nft":0,"gas":0.000042,"bal":0.007731,"days":3,"spread":0.096774,"streak":1,"rank_m":248317,"pct_m":0.264014,"gas_method":"estimated"},"2025-06":{"txs":3,"uniq":3,"trade":0,"nft":0,"gas":0.000021,"bal":0.006762,"days":1,"spread":0.033333,"streak":1,"rank_m":354635,"pct_m":0.377053,"gas_method":"estimated"},"2025-07":{"txs":10,"uniq":7,"trade":0,"nft":0,"gas":0.00007,"bal":0.006516,"days":1,"spread":0.032258,"streak":1,"rank_m":329364,"pct_m":0.350185,"gas_method":"estimated"},"2025-08":{"txs":2,"uniq":2,"trade":0,"nft":0,"gas":0.000014,"bal":0.00657,"days":1,"spread":0.032258,"streak":1,"rank_m":371365,"pct_m":0.394841,"gas_method":"estimated"},"2025-09":{"txs":1,"uniq":1,"trade":0,"nft":0,"gas":0.000007,"bal":0.006524,"days":1,"spread":0.033333,"streak":1,"rank_m":385224,"pct_m":0.409576,"gas_method":"estimated"},"2025-10":{"txs":0,"uniq":0,"trade":0,"nft":0,"gas":0,"bal":0.006524,"days":0,"spread":0,"streak":0,"rank_m":470744,"pct_m":0.500502}}}