{"wallet":"0x6c4c29d5eb7776fc1d7a12941f6e30a8532a1766","rank":336382,"lifetime":{"months_active":10,"first":"2023-07","last":"2025-10","tx_sum":386,"uniq_sum":97,"trade_sum":0,"nft_sum":25,"gas_sum":0.004619,"avg_balance_eth_mean":0.004092,"streak_best_days":5,"gas_sum_filled":0.004619},"months":{"2023-07":{"txs":0,"uniq":0,"trade":0,"nft":0,"gas":0,"bal":0,"days":0,"spread":0,"streak":0,"rank_m":564288,"pct_m":0.59996},"2023-08":{"txs":0,"uniq":0,"trade":0,"nft":0,"gas":0,"bal":0,"days":0,"spread":0,"streak":0,"rank_m":613011,"pct_m":0.651763},"2023-09":{"txs":0,"uniq":0,"trade":0,"nft":0,"gas":0,"bal":0,"days":0,"spread":0,"streak":0,"rank_m":626047,"pct_m":0.665623},"2023-10":{"txs":11,"uniq":5,"trade":0,"nft":2,"gas":0.000083,"bal":0.010247,"days":2,"spread":0.064516,"streak":1,"rank_m":60423,"pct_m":0.064242,"gas_method":"estimated"},"2023-11":{"txs":24,"uniq":7,"trade":0,"nft":2,"gas":0.000799,"bal":0.067089,"days":5,"spread":0.166667,"streak":1,"rank_m":17198,"pct_m":0.018284,"gas_method":"exact"},"2023-12":{"txs":108,"uniq":10,"trade":0,"nft":2,"gas":0.000457,"bal":0.020232,"days":13,"spread":0.419355,"streak":5,"rank_m":4958,"pct_m":0.00527,"gas_method":"exact"},"2024-01":{"txs":48,"uniq":7,"trade":0,"nft":2,"gas":0.002327,"bal":0.003185,"days":9,"spread":0.290323,"streak":2,"rank_m":22458,"pct_m":0.023877,"gas_method":"exact"},"2024-02":{"txs":30,"uniq":9,"trade":0,"nft":3,"gas":0.000225,"bal":0.001549,"days":4,"spread":0.137931,"streak":1,"rank_m":87133,"pct_m":0.09264,"gas_method":"exact"},"2024-03":{"txs":36,"uniq":9,"trade":0,"nft":2,"gas":0.000698,"bal":0.001504,"days":10,"spread":0.322581,"streak":2,"rank_m":153385,"pct_m":0.163081,"gas_method":"estimated"},"2024-04":{"txs":8,"uniq":3,"trade":0,"nft":0,"gas":0.000019,"bal":0.001099,"days":2,"spread":0.066667,"streak":1,"rank_m":410204,"pct_m":0.436135,"gas_method":"estimated"},"2024-05":{"txs":0,"uniq":0,"trade":0,"nft":0,"gas":0,"bal":0.001099,"days":0,"spread":0,"streak":0,"rank_m":532474,"pct_m":0.566135},"2024-06":{"txs":85,"uniq":27,"trade":0,"nft":9,"gas":0.000003,"bal":0.000717,"days":3,"spread":0.1,"streak":3,"rank_m":188793,"pct_m":0.200727,"gas_method":"estimated"},"2024-07":{"txs":7,"uniq":5,"trade":0,"nft":0,"gas":0.000005,"bal":0.000188,"days":2,"spread":0.064516,"streak":1,"rank_m":347643,"pct_m":0.369619,"gas_method":"exact"},"2024-08":{"txs":29,"uniq":15,"trade":0,"nft":3,"gas":0.000003,"bal":0.000512,"days":1,"spread":0.032258,"streak":1,"rank_m":349776,"pct_m":0.371887,"gas_method":"estimated"},"2024-09":{"txs":0,"uniq":0,"trade":0,"nft":0,"gas":0,"bal":0.000512,"days":0,"spread":0,"streak":0,"rank_m":607338,"pct_m":0.645732},"2024-10":{"txs":0,"uniq":0,"trade":0,"nft":0,"gas":0,"bal":0.000512,"days":0,"spread":0,"streak":0,"rank_m":643636,"pct_m":0.684324},"2024-11":{"txs":0,"uniq":0,"trade":0,"nft":0,"gas":0,"bal":0.000512,"days":0,"spread":0,"streak":0,"rank_m":654990,"pct_m":0.696396},"2024-12":{"txs":0,"uniq":0,"trade":0,"nft":0,"gas":0,"bal":0.000512,"days":0,"spread":0,"streak":0,"rank_m":692534,"pct_m":0.736313},"2025-01":{"txs":0,"uniq":0,"trade":0,"nft":0,"gas":0,"bal":0.000512,"days":0,"spread":0,"streak":0,"rank_m":691270,"pct_m":0.73497},"2025-02":{"txs":0,"uniq":0,"trade":0,"nft":0,"gas":0,"bal":0.000512,"days":0,"spread":0,"streak":0,"rank_m":715518,"pct_m":0.76075},"2025-03":{"txs":0,"uniq":0,"trade":0,"nft":0,"gas":0,"bal":0.000512,"days":0,"spread":0,"streak":0,"rank_m":723326,"pct_m":0.769052},"2025-04":{"txs":0,"uniq":0,"trade":0,"nft":0,"gas":0,"bal":0.000512,"days":0,"spread":0,"streak":0,"rank_m":745573,"pct_m":0.792705},"2025-05":{"txs":0,"uniq":0,"trade":0,"nft":0,"gas":0,"bal":0.000512,"days":0,"spread":0,"streak":0,"rank_m":747739,"pct_m":0.795008},"2025-06":{"txs":0,"uniq":0,"trade":0,"nft":0,"gas":0,"bal":0.000512,"days":0,"spread":0,"streak":0,"rank_m":748786,"pct_m":0.796122},"2025-07":{"txs":0,"uniq":0,"trade":0,"nft":0,"gas":0,"bal":0.000512,"days":0,"spread":0,"streak":0,"rank_m":770476,"pct_m":0.819183},"2025-08":{"txs":0,"uniq":0,"trade":0,"nft":0,"gas":0,"bal":0.000512,"days":0,"spread":0,"streak":0,"rank_m":748761,"pct_m":0.796095},"2025-09":{"txs":0,"uniq":0,"trade":0,"nft":0,"gas":0,"bal":0.000512,"days":0,"spread":0,"streak":0,"rank_m":738840,"pct_m":0.785547},"2025-10":{"txs":0,"uniq":0,"trade":0,"nft":0,"gas":0,"bal":0.000512,"days":0,"spread":0,"streak":0,"rank_m":676832,"pct_m":0.719619}}}