{"wallet":"0x6cd130f8c23e4f11a3f0e156fa6884622684f456","rank":81967,"lifetime":{"months_active":27,"first":"2023-07","last":"2025-10","tx_sum":444,"uniq_sum":248,"trade_sum":15,"nft_sum":119,"gas_sum":0.006111,"avg_balance_eth_mean":0.001574,"streak_best_days":11,"gas_sum_filled":0.006111},"months":{"2023-07":{"txs":0,"uniq":0,"trade":0,"nft":0,"gas":0,"bal":0,"days":0,"spread":0,"streak":0,"rank_m":562484,"pct_m":0.598042},"2023-08":{"txs":32,"uniq":25,"trade":0,"nft":22,"gas":0.00237,"bal":0.002964,"days":13,"spread":0.419355,"streak":3,"rank_m":30842,"pct_m":0.032791,"gas_method":"exact"},"2023-09":{"txs":5,"uniq":5,"trade":0,"nft":6,"gas":0.000103,"bal":0.002414,"days":5,"spread":0.166667,"streak":2,"rank_m":55300,"pct_m":0.058795,"gas_method":"exact"},"2023-10":{"txs":1,"uniq":1,"trade":0,"nft":5,"gas":0.000026,"bal":0.002154,"days":1,"spread":0.032258,"streak":1,"rank_m":98853,"pct_m":0.105101,"gas_method":"exact"},"2023-11":{"txs":18,"uniq":9,"trade":0,"nft":8,"gas":0.000097,"bal":0.002803,"days":7,"spread":0.233333,"streak":2,"rank_m":24605,"pct_m":0.026159,"gas_method":"exact"},"2023-12":{"txs":3,"uniq":2,"trade":0,"nft":5,"gas":0.000094,"bal":0.000496,"days":2,"spread":0.064516,"streak":1,"rank_m":107659,"pct_m":0.114464,"gas_method":"exact"},"2024-01":{"txs":1,"uniq":1,"trade":0,"nft":3,"gas":0.000078,"bal":0.000232,"days":1,"spread":0.032258,"streak":1,"rank_m":153964,"pct_m":0.163696,"gas_method":"exact"},"2024-02":{"txs":3,"uniq":3,"trade":0,"nft":5,"gas":0.000263,"bal":0.001839,"days":2,"spread":0.068966,"streak":1,"rank_m":150678,"pct_m":0.160202,"gas_method":"exact"},"2024-03":{"txs":6,"uniq":5,"trade":0,"nft":0,"gas":0.000319,"bal":0.001113,"days":2,"spread":0.064516,"streak":1,"rank_m":302356,"pct_m":0.321469,"gas_method":"estimated"},"2024-04":{"txs":14,"uniq":10,"trade":6,"nft":6,"gas":0.000092,"bal":0.000438,"days":8,"spread":0.266667,"streak":2,"rank_m":265845,"pct_m":0.28265,"gas_method":"estimated"},"2024-05":{"txs":34,"uniq":15,"trade":1,"nft":11,"gas":0.000074,"bal":0.001352,"days":12,"spread":0.387097,"streak":2,"rank_m":160187,"pct_m":0.170313,"gas_method":"estimated"},"2024-06":{"txs":38,"uniq":17,"trade":0,"nft":14,"gas":0,"bal":0.001236,"days":12,"spread":0.4,"streak":2,"rank_m":99698,"pct_m":0.106,"gas_method":"exact"},"2024-07":{"txs":8,"uniq":6,"trade":0,"nft":9,"gas":0.000001,"bal":0.000983,"days":7,"spread":0.225806,"streak":2,"rank_m":184025,"pct_m":0.195658,"gas_method":"exact"},"2024-08":{"txs":4,"uniq":4,"trade":0,"nft":7,"gas":0.000001,"bal":0.000825,"days":4,"spread":0.129032,"streak":2,"rank_m":343894,"pct_m":0.365633,"gas_method":"estimated"},"2024-09":{"txs":7,"uniq":6,"trade":1,"nft":4,"gas":0.000001,"bal":0.000543,"days":6,"spread":0.2,"streak":4,"rank_m":232592,"pct_m":0.247295,"gas_method":"estimated"},"2024-10":{"txs":19,"uniq":15,"trade":0,"nft":4,"gas":0.000003,"bal":0.000575,"days":8,"spread":0.258065,"streak":3,"rank_m":225949,"pct_m":0.240232,"gas_method":"estimated"},"2024-11":{"txs":11,"uniq":3,"trade":0,"nft":0,"gas":0.000025,"bal":0.00038,"days":5,"spread":0.166667,"streak":3,"rank_m":326506,"pct_m":0.347146,"gas_method":"exact"},"2024-12":{"txs":22,"uniq":13,"trade":0,"nft":1,"gas":0.000485,"bal":0.001282,"days":7,"spread":0.225806,"streak":2,"rank_m":210622,"pct_m":0.223936,"gas_method":"exact"},"2025-01":{"txs":29,"uniq":19,"trade":1,"nft":1,"gas":0.000753,"bal":0.0023,"days":9,"spread":0.290323,"streak":4,"rank_m":101646,"pct_m":0.108071,"gas_method":"exact"},"2025-02":{"txs":15,"uniq":12,"trade":0,"nft":1,"gas":0.000099,"bal":0.005789,"days":6,"spread":0.214286,"streak":3,"rank_m":107604,"pct_m":0.114405,"gas_method":"exact"},"2025-03":{"txs":5,"uniq":4,"trade":0,"nft":0,"gas":0.00004,"bal":0.006184,"days":2,"spread":0.064516,"streak":1,"rank_m":314160,"pct_m":0.334019,"gas_method":"exact"},"2025-04":{"txs":2,"uniq":2,"trade":0,"nft":0,"gas":0.000012,"bal":0.000621,"days":2,"spread":0.066667,"streak":1,"rank_m":477827,"pct_m":0.508033,"gas_method":"exact"},"2025-05":{"txs":33,"uniq":18,"trade":1,"nft":0,"gas":0.000232,"bal":0.000443,"days":7,"spread":0.225806,"streak":2,"rank_m":199912,"pct_m":0.212549,"gas_method":"estimated"},"2025-06":{"txs":118,"uniq":40,"trade":5,"nft":5,"gas":0.000831,"bal":0.000984,"days":14,"spread":0.466667,"streak":10,"rank_m":97907,"pct_m":0.104095,"gas_method":"estimated"},"2025-07":{"txs":4,"uniq":4,"trade":0,"nft":0,"gas":0.000028,"bal":0.001401,"days":4,"spread":0.129032,"streak":2,"rank_m":411371,"pct_m":0.437376,"gas_method":"estimated"},"2025-08":{"txs":2,"uniq":2,"trade":0,"nft":0,"gas":0.000014,"bal":0.000863,"days":1,"spread":0.032258,"streak":1,"rank_m":519426,"pct_m":0.552262,"gas_method":"estimated"},"2025-09":{"txs":2,"uniq":2,"trade":0,"nft":0,"gas":0.000014,"bal":0.000812,"days":2,"spread":0.066667,"streak":2,"rank_m":462624,"pct_m":0.491869,"gas_method":"estimated"},"2025-10":{"txs":8,"uniq":5,"trade":0,"nft":2,"gas":0.000056,"bal":0.003041,"days":4,"spread":0.129032,"streak":2,"rank_m":143435,"pct_m":0.152502,"gas_method":"estimated"}}}