{"wallet":"0x6cd02ab23636637099a1fb7b993520854e22d9d1","rank":455364,"lifetime":{"months_active":14,"first":"2023-07","last":"2025-10","tx_sum":153,"uniq_sum":93,"trade_sum":0,"nft_sum":34,"gas_sum":0.004335,"avg_balance_eth_mean":0.002879,"streak_best_days":6,"gas_sum_filled":0.004335},"months":{"2023-07":{"txs":3,"uniq":2,"trade":0,"nft":1,"gas":0.000157,"bal":0.000769,"days":1,"spread":0.032258,"streak":1,"rank_m":24379,"pct_m":0.025919,"gas_method":"exact"},"2023-08":{"txs":21,"uniq":13,"trade":0,"nft":5,"gas":0.002055,"bal":0.002918,"days":7,"spread":0.225806,"streak":2,"rank_m":54576,"pct_m":0.058025,"gas_method":"exact"},"2023-09":{"txs":0,"uniq":0,"trade":0,"nft":0,"gas":0,"bal":0.002918,"days":0,"spread":0,"streak":0,"rank_m":255821,"pct_m":0.271992},"2023-10":{"txs":1,"uniq":1,"trade":0,"nft":1,"gas":0.000024,"bal":0.001433,"days":1,"spread":0.032258,"streak":1,"rank_m":129784,"pct_m":0.137988,"gas_method":"estimated"},"2023-11":{"txs":0,"uniq":0,"trade":0,"nft":0,"gas":0,"bal":0.001433,"days":0,"spread":0,"streak":0,"rank_m":276936,"pct_m":0.294442},"2023-12":{"txs":0,"uniq":0,"trade":0,"nft":0,"gas":0,"bal":0.001433,"days":0,"spread":0,"streak":0,"rank_m":294392,"pct_m":0.313002},"2024-01":{"txs":0,"uniq":0,"trade":0,"nft":0,"gas":0,"bal":0.001433,"days":0,"spread":0,"streak":0,"rank_m":303549,"pct_m":0.322738},"2024-02":{"txs":12,"uniq":4,"trade":0,"nft":3,"gas":0.000498,"bal":0.000755,"days":5,"spread":0.172414,"streak":3,"rank_m":136176,"pct_m":0.144784,"gas_method":"estimated"},"2024-03":{"txs":14,"uniq":10,"trade":0,"nft":7,"gas":0.000871,"bal":0.003795,"days":11,"spread":0.354839,"streak":4,"rank_m":110082,"pct_m":0.11704,"gas_method":"estimated"},"2024-04":{"txs":16,"uniq":15,"trade":0,"nft":10,"gas":0.000029,"bal":0.006352,"days":8,"spread":0.266667,"streak":6,"rank_m":122826,"pct_m":0.13059,"gas_method":"exact"},"2024-05":{"txs":0,"uniq":0,"trade":0,"nft":0,"gas":0,"bal":0.006352,"days":0,"spread":0,"streak":0,"rank_m":498650,"pct_m":0.530173},"2024-06":{"txs":0,"uniq":0,"trade":0,"nft":0,"gas":0,"bal":0.006352,"days":0,"spread":0,"streak":0,"rank_m":514039,"pct_m":0.546534},"2024-07":{"txs":2,"uniq":2,"trade":0,"nft":1,"gas":0.000001,"bal":0.003932,"days":2,"spread":0.064516,"streak":1,"rank_m":375509,"pct_m":0.399247,"gas_method":"estimated"},"2024-08":{"txs":4,"uniq":3,"trade":0,"nft":3,"gas":0.000001,"bal":0.002483,"days":4,"spread":0.129032,"streak":2,"rank_m":312969,"pct_m":0.332753,"gas_method":"estimated"},"2024-09":{"txs":1,"uniq":1,"trade":0,"nft":1,"gas":0,"bal":0.000888,"days":1,"spread":0.033333,"streak":1,"rank_m":420931,"pct_m":0.44754,"gas_method":"estimated"},"2024-10":{"txs":8,"uniq":6,"trade":0,"nft":2,"gas":0.000002,"bal":0.003353,"days":4,"spread":0.129032,"streak":1,"rank_m":290799,"pct_m":0.309182,"gas_method":"estimated"},"2024-11":{"txs":44,"uniq":17,"trade":0,"nft":0,"gas":0.000099,"bal":0.010067,"days":11,"spread":0.366667,"streak":3,"rank_m":80862,"pct_m":0.085973,"gas_method":"exact"},"2024-12":{"txs":12,"uniq":8,"trade":0,"nft":0,"gas":0.000265,"bal":0.003729,"days":4,"spread":0.129032,"streak":2,"rank_m":293937,"pct_m":0.312518,"gas_method":"exact"},"2025-01":{"txs":12,"uniq":9,"trade":0,"nft":0,"gas":0.000312,"bal":0.002387,"days":5,"spread":0.16129,"streak":1,"rank_m":285324,"pct_m":0.303361,"gas_method":"exact"},"2025-02":{"txs":0,"uniq":0,"trade":0,"nft":0,"gas":0,"bal":0.002387,"days":0,"spread":0,"streak":0,"rank_m":652094,"pct_m":0.693317},"2025-03":{"txs":0,"uniq":0,"trade":0,"nft":0,"gas":0,"bal":0.002387,"days":0,"spread":0,"streak":0,"rank_m":643865,"pct_m":0.684568},"2025-04":{"txs":0,"uniq":0,"trade":0,"nft":0,"gas":0,"bal":0.002387,"days":0,"spread":0,"streak":0,"rank_m":671368,"pct_m":0.713809},"2025-05":{"txs":0,"uniq":0,"trade":0,"nft":0,"gas":0,"bal":0.002387,"days":0,"spread":0,"streak":0,"rank_m":643738,"pct_m":0.684433},"2025-06":{"txs":0,"uniq":0,"trade":0,"nft":0,"gas":0,"bal":0.002387,"days":0,"spread":0,"streak":0,"rank_m":647934,"pct_m":0.688894},"2025-07":{"txs":3,"uniq":2,"trade":0,"nft":0,"gas":0.000021,"bal":0.001474,"days":1,"spread":0.032258,"streak":1,"rank_m":508511,"pct_m":0.540657,"gas_method":"estimated"},"2025-08":{"txs":0,"uniq":0,"trade":0,"nft":0,"gas":0,"bal":0.001474,"days":0,"spread":0,"streak":0,"rank_m":679615,"pct_m":0.722578},"2025-09":{"txs":0,"uniq":0,"trade":0,"nft":0,"gas":0,"bal":0.001474,"days":0,"spread":0,"streak":0,"rank_m":663148,"pct_m":0.70507},"2025-10":{"txs":0,"uniq":0,"trade":0,"nft":0,"gas":0,"bal":0.001474,"days":0,"spread":0,"streak":0,"rank_m":596172,"pct_m":0.63386}}}