{"wallet":"0x6c70e5fc4e4926cd836a6f8b0645aa1a077fa605","rank":428742,"lifetime":{"months_active":14,"first":"2023-07","last":"2025-10","tx_sum":174,"uniq_sum":68,"trade_sum":12,"nft_sum":14,"gas_sum":0.000545,"avg_balance_eth_mean":0.00574,"streak_best_days":9,"gas_sum_filled":0.000545},"months":{"2023-07":{"txs":0,"uniq":0,"trade":0,"nft":0,"gas":0,"bal":0,"days":0,"spread":0,"streak":0,"rank_m":563777,"pct_m":0.599417},"2023-08":{"txs":1,"uniq":0,"trade":0,"nft":0,"gas":0.000059,"bal":0.00009,"days":1,"spread":0.032258,"streak":1,"rank_m":158373,"pct_m":0.168384,"gas_method":"estimated"},"2023-09":{"txs":0,"uniq":0,"trade":0,"nft":0,"gas":0,"bal":0.00009,"days":0,"spread":0,"streak":0,"rank_m":295661,"pct_m":0.314351},"2023-10":{"txs":0,"uniq":0,"trade":0,"nft":0,"gas":0,"bal":0.00009,"days":0,"spread":0,"streak":0,"rank_m":312896,"pct_m":0.332676},"2023-11":{"txs":0,"uniq":0,"trade":0,"nft":0,"gas":0,"bal":0.00009,"days":0,"spread":0,"streak":0,"rank_m":327211,"pct_m":0.347896},"2023-12":{"txs":0,"uniq":0,"trade":0,"nft":0,"gas":0,"bal":0.00009,"days":0,"spread":0,"streak":0,"rank_m":350158,"pct_m":0.372293},"2024-01":{"txs":0,"uniq":0,"trade":0,"nft":0,"gas":0,"bal":0.00009,"days":0,"spread":0,"streak":0,"rank_m":366994,"pct_m":0.390194},"2024-02":{"txs":14,"uniq":6,"trade":1,"nft":4,"gas":0.000118,"bal":0.002388,"days":6,"spread":0.206897,"streak":2,"rank_m":84480,"pct_m":0.08982,"gas_method":"estimated"},"2024-03":{"txs":10,"uniq":7,"trade":0,"nft":2,"gas":0.000127,"bal":0.001228,"days":6,"spread":0.193548,"streak":3,"rank_m":199875,"pct_m":0.21251,"gas_method":"estimated"},"2024-04":{"txs":2,"uniq":2,"trade":2,"nft":0,"gas":0.000003,"bal":0.002335,"days":1,"spread":0.033333,"streak":1,"rank_m":376463,"pct_m":0.400261,"gas_method":"estimated"},"2024-05":{"txs":28,"uniq":5,"trade":0,"nft":1,"gas":0.000014,"bal":0.001882,"days":12,"spread":0.387097,"streak":7,"rank_m":226915,"pct_m":0.241259,"gas_method":"estimated"},"2024-06":{"txs":43,"uniq":13,"trade":9,"nft":1,"gas":0.000001,"bal":0.002681,"days":21,"spread":0.7,"streak":9,"rank_m":83505,"pct_m":0.088783,"gas_method":"estimated"},"2024-07":{"txs":30,"uniq":11,"trade":0,"nft":1,"gas":0.000001,"bal":0.001684,"days":14,"spread":0.451613,"streak":8,"rank_m":98477,"pct_m":0.104701,"gas_method":"exact"},"2024-08":{"txs":26,"uniq":11,"trade":0,"nft":2,"gas":0.000127,"bal":0.002227,"days":10,"spread":0.322581,"streak":2,"rank_m":119143,"pct_m":0.126674,"gas_method":"exact"},"2024-09":{"txs":2,"uniq":1,"trade":0,"nft":1,"gas":0,"bal":0.005618,"days":2,"spread":0.066667,"streak":1,"rank_m":324523,"pct_m":0.345038,"gas_method":"estimated"},"2024-10":{"txs":9,"uniq":5,"trade":0,"nft":1,"gas":0.000005,"bal":0.043283,"days":4,"spread":0.129032,"streak":1,"rank_m":169613,"pct_m":0.180335,"gas_method":"exact"},"2024-11":{"txs":0,"uniq":0,"trade":0,"nft":1,"gas":0,"bal":0.043283,"days":0,"spread":0,"streak":0,"rank_m":488859,"pct_m":0.519763},"2024-12":{"txs":1,"uniq":1,"trade":0,"nft":0,"gas":0.000022,"bal":0.042816,"days":1,"spread":0.032258,"streak":1,"rank_m":477763,"pct_m":0.507965,"gas_method":"exact"},"2025-01":{"txs":2,"uniq":1,"trade":0,"nft":0,"gas":0.000026,"bal":0.00156,"days":1,"spread":0.032258,"streak":1,"rank_m":521448,"pct_m":0.554412,"gas_method":"exact"},"2025-02":{"txs":0,"uniq":0,"trade":0,"nft":0,"gas":0,"bal":0.00156,"days":0,"spread":0,"streak":0,"rank_m":667022,"pct_m":0.709189},"2025-03":{"txs":0,"uniq":0,"trade":0,"nft":0,"gas":0,"bal":0.00156,"days":0,"spread":0,"streak":0,"rank_m":663155,"pct_m":0.705077},"2025-04":{"txs":0,"uniq":0,"trade":0,"nft":0,"gas":0,"bal":0.00156,"days":0,"spread":0,"streak":0,"rank_m":688348,"pct_m":0.731863},"2025-05":{"txs":0,"uniq":0,"trade":0,"nft":0,"gas":0,"bal":0.00156,"days":0,"spread":0,"streak":0,"rank_m":673674,"pct_m":0.716261},"2025-06":{"txs":0,"uniq":0,"trade":0,"nft":0,"gas":0,"bal":0.00156,"days":0,"spread":0,"streak":0,"rank_m":676074,"pct_m":0.718813},"2025-07":{"txs":2,"uniq":1,"trade":0,"nft":0,"gas":0.000014,"bal":0.000201,"days":1,"spread":0.032258,"streak":1,"rank_m":631955,"pct_m":0.671905,"gas_method":"estimated"},"2025-08":{"txs":4,"uniq":4,"trade":0,"nft":0,"gas":0.000028,"bal":0.000395,"days":1,"spread":0.032258,"streak":1,"rank_m":537202,"pct_m":0.571162,"gas_method":"estimated"},"2025-09":{"txs":0,"uniq":0,"trade":0,"nft":0,"gas":0,"bal":0.000395,"days":0,"spread":0,"streak":0,"rank_m":751463,"pct_m":0.798968},"2025-10":{"txs":0,"uniq":0,"trade":0,"nft":0,"gas":0,"bal":0.000395,"days":0,"spread":0,"streak":0,"rank_m":695220,"pct_m":0.739169}}}