{"wallet":"0x6ce826569bd5392ce7f474c367967992b32f35ae","rank":180497,"lifetime":{"months_active":24,"first":"2023-07","last":"2025-10","tx_sum":436,"uniq_sum":111,"trade_sum":8,"nft_sum":26,"gas_sum":0.006658,"avg_balance_eth_mean":0.004351,"streak_best_days":0,"gas_sum_filled":0.006658},"months":{"2023-07":{"txs":3,"uniq":2,"trade":0,"nft":1,"gas":0.000931,"bal":0.000168,"days":1,"spread":0.032258,"streak":0,"rank_m":92368,"pct_m":0.098206,"gas_method":"estimated"},"2023-08":{"txs":12,"uniq":9,"trade":0,"nft":4,"gas":0.001636,"bal":0.003239,"days":4,"spread":0.129032,"streak":0,"rank_m":135887,"pct_m":0.144476,"gas_method":"exact"},"2023-09":{"txs":2,"uniq":2,"trade":0,"nft":3,"gas":0.000088,"bal":0.003663,"days":2,"spread":0.066667,"streak":0,"rank_m":142265,"pct_m":0.151258,"gas_method":"exact"},"2023-10":{"txs":2,"uniq":2,"trade":0,"nft":1,"gas":0.000024,"bal":0.003619,"days":2,"spread":0.064516,"streak":0,"rank_m":144616,"pct_m":0.153757,"gas_method":"exact"},"2023-11":{"txs":2,"uniq":2,"trade":0,"nft":1,"gas":0.000084,"bal":0.002818,"days":2,"spread":0.066667,"streak":0,"rank_m":157645,"pct_m":0.16761,"gas_method":"estimated"},"2023-12":{"txs":1,"uniq":1,"trade":0,"nft":1,"gas":0.000079,"bal":0.001533,"days":1,"spread":0.032258,"streak":0,"rank_m":197669,"pct_m":0.210164,"gas_method":"estimated"},"2024-01":{"txs":16,"uniq":4,"trade":0,"nft":0,"gas":0.000425,"bal":0.001716,"days":1,"spread":0.032258,"streak":0,"rank_m":167245,"pct_m":0.177817,"gas_method":"exact"},"2024-02":{"txs":14,"uniq":8,"trade":0,"nft":3,"gas":0.000581,"bal":0.001891,"days":5,"spread":0.172414,"streak":0,"rank_m":184309,"pct_m":0.19596,"gas_method":"estimated"},"2024-03":{"txs":2,"uniq":2,"trade":0,"nft":1,"gas":0.000124,"bal":0.003229,"days":2,"spread":0.064516,"streak":0,"rank_m":334620,"pct_m":0.355773,"gas_method":"estimated"},"2024-04":{"txs":4,"uniq":4,"trade":0,"nft":1,"gas":0.000031,"bal":0.006437,"days":2,"spread":0.066667,"streak":0,"rank_m":396640,"pct_m":0.421714,"gas_method":"estimated"},"2024-05":{"txs":4,"uniq":4,"trade":0,"nft":3,"gas":0.00001,"bal":0.008725,"days":2,"spread":0.064516,"streak":0,"rank_m":374507,"pct_m":0.398181,"gas_method":"estimated"},"2024-06":{"txs":3,"uniq":3,"trade":0,"nft":2,"gas":0,"bal":0.008714,"days":3,"spread":0.1,"streak":0,"rank_m":366740,"pct_m":0.389923,"gas_method":"estimated"},"2024-07":{"txs":3,"uniq":3,"trade":0,"nft":2,"gas":0.000001,"bal":0.006909,"days":2,"spread":0.064516,"streak":0,"rank_m":380042,"pct_m":0.404066,"gas_method":"estimated"},"2024-08":{"txs":1,"uniq":1,"trade":0,"nft":0,"gas":0,"bal":0.005316,"days":1,"spread":0.032258,"streak":0,"rank_m":475999,"pct_m":0.50609,"gas_method":"estimated"},"2024-09":{"txs":0,"uniq":0,"trade":0,"nft":0,"gas":0,"bal":0.005316,"days":0,"spread":0,"streak":0,"rank_m":515451,"pct_m":0.548036},"2024-10":{"txs":0,"uniq":0,"trade":0,"nft":0,"gas":0,"bal":0.005316,"days":0,"spread":0,"streak":0,"rank_m":561589,"pct_m":0.59709},"2024-11":{"txs":0,"uniq":0,"trade":0,"nft":0,"gas":0,"bal":0.005316,"days":0,"spread":0,"streak":0,"rank_m":575177,"pct_m":0.611537},"2024-12":{"txs":4,"uniq":3,"trade":0,"nft":0,"gas":0.000088,"bal":0.008187,"days":2,"spread":0.064516,"streak":0,"rank_m":477171,"pct_m":0.507336,"gas_method":"exact"},"2025-01":{"txs":1,"uniq":1,"trade":0,"nft":0,"gas":0.000026,"bal":0.008112,"days":1,"spread":0.032258,"streak":0,"rank_m":529183,"pct_m":0.562636,"gas_method":"exact"},"2025-02":{"txs":0,"uniq":0,"trade":0,"nft":0,"gas":0,"bal":0.008112,"days":0,"spread":0,"streak":0,"rank_m":607764,"pct_m":0.646184},"2025-03":{"txs":1,"uniq":1,"trade":0,"nft":0,"gas":0.000008,"bal":0.00477,"days":1,"spread":0.032258,"streak":0,"rank_m":482617,"pct_m":0.513126,"gas_method":"exact"},"2025-04":{"txs":12,"uniq":6,"trade":0,"nft":0,"gas":0.000066,"bal":0.004141,"days":4,"spread":0.133333,"streak":0,"rank_m":285380,"pct_m":0.30342,"gas_method":"exact"},"2025-05":{"txs":14,"uniq":10,"trade":0,"nft":0,"gas":0.000099,"bal":0.00288,"days":4,"spread":0.129032,"streak":0,"rank_m":298942,"pct_m":0.317839,"gas_method":"estimated"},"2025-06":{"txs":50,"uniq":11,"trade":0,"nft":0,"gas":0.000352,"bal":0.0024,"days":14,"spread":0.466667,"streak":0,"rank_m":294395,"pct_m":0.313005,"gas_method":"estimated"},"2025-07":{"txs":89,"uniq":10,"trade":6,"nft":3,"gas":0.000626,"bal":0.003053,"days":19,"spread":0.612903,"streak":0,"rank_m":164290,"pct_m":0.174675,"gas_method":"estimated"},"2025-08":{"txs":60,"uniq":10,"trade":1,"nft":0,"gas":0.000422,"bal":0.002636,"days":16,"spread":0.516129,"streak":0,"rank_m":192960,"pct_m":0.205157,"gas_method":"estimated"},"2025-09":{"txs":87,"uniq":7,"trade":0,"nft":0,"gas":0.000612,"bal":0.001111,"days":20,"spread":0.666667,"streak":0,"rank_m":315189,"pct_m":0.335114,"gas_method":"estimated"},"2025-10":{"txs":49,"uniq":5,"trade":1,"nft":0,"gas":0.000345,"bal":0.002508,"days":9,"spread":0.290323,"streak":0,"rank_m":162771,"pct_m":0.17306,"gas_method":"estimated"}}}