{"wallet":"0x6c717198261b01a90eb66778c8448d30022321b3","rank":8050,"lifetime":{"months_active":28,"first":"2023-07","last":"2025-10","tx_sum":1045,"uniq_sum":587,"trade_sum":71,"nft_sum":462,"gas_sum":0.02631,"avg_balance_eth_mean":0.01031,"streak_best_days":23,"gas_sum_filled":0.02631},"months":{"2023-07":{"txs":3,"uniq":2,"trade":0,"nft":1,"gas":0.000204,"bal":0.006359,"days":1,"spread":0.032258,"streak":1,"rank_m":19478,"pct_m":0.020708,"gas_method":"exact"},"2023-08":{"txs":120,"uniq":86,"trade":0,"nft":78,"gas":0.014965,"bal":0.056232,"days":21,"spread":0.677419,"streak":8,"rank_m":2194,"pct_m":0.002332,"gas_method":"exact"},"2023-09":{"txs":130,"uniq":80,"trade":0,"nft":71,"gas":0.002668,"bal":0.04671,"days":24,"spread":0.8,"streak":10,"rank_m":930,"pct_m":0.000988,"gas_method":"exact"},"2023-10":{"txs":83,"uniq":67,"trade":0,"nft":62,"gas":0.000405,"bal":0.001147,"days":24,"spread":0.774194,"streak":17,"rank_m":12449,"pct_m":0.013235,"gas_method":"exact"},"2023-11":{"txs":26,"uniq":13,"trade":0,"nft":18,"gas":0.000063,"bal":0.005815,"days":14,"spread":0.466667,"streak":3,"rank_m":11200,"pct_m":0.011907,"gas_method":"exact"},"2023-12":{"txs":19,"uniq":11,"trade":0,"nft":21,"gas":0.000754,"bal":0.003101,"days":12,"spread":0.387097,"streak":3,"rank_m":14374,"pct_m":0.015282,"gas_method":"exact"},"2024-01":{"txs":33,"uniq":8,"trade":0,"nft":2,"gas":0.000548,"bal":0.004026,"days":24,"spread":0.774194,"streak":23,"rank_m":15820,"pct_m":0.016819,"gas_method":"exact"},"2024-02":{"txs":55,"uniq":33,"trade":0,"nft":23,"gas":0.001143,"bal":0.004942,"days":14,"spread":0.482759,"streak":5,"rank_m":22319,"pct_m":0.023729,"gas_method":"estimated"},"2024-03":{"txs":39,"uniq":28,"trade":2,"nft":24,"gas":0.002514,"bal":0.010538,"days":14,"spread":0.451613,"streak":4,"rank_m":17848,"pct_m":0.018975,"gas_method":"exact"},"2024-04":{"txs":62,"uniq":36,"trade":0,"nft":25,"gas":0.000107,"bal":0.006524,"days":20,"spread":0.666667,"streak":6,"rank_m":41880,"pct_m":0.044527,"gas_method":"exact"},"2024-05":{"txs":25,"uniq":20,"trade":0,"nft":22,"gas":0.000032,"bal":0.007042,"days":14,"spread":0.451613,"streak":3,"rank_m":89181,"pct_m":0.094818,"gas_method":"estimated"},"2024-06":{"txs":32,"uniq":11,"trade":0,"nft":16,"gas":0.000002,"bal":0.003064,"days":14,"spread":0.466667,"streak":4,"rank_m":119107,"pct_m":0.126636,"gas_method":"estimated"},"2024-07":{"txs":33,"uniq":23,"trade":0,"nft":26,"gas":0.000006,"bal":0.006195,"days":10,"spread":0.322581,"streak":4,"rank_m":64042,"pct_m":0.06809,"gas_method":"estimated"},"2024-08":{"txs":25,"uniq":14,"trade":2,"nft":16,"gas":0,"bal":0.005661,"days":10,"spread":0.322581,"streak":2,"rank_m":71597,"pct_m":0.076122,"gas_method":"exact"},"2024-09":{"txs":27,"uniq":16,"trade":0,"nft":23,"gas":0.000002,"bal":0.002726,"days":13,"spread":0.433333,"streak":3,"rank_m":90596,"pct_m":0.096322,"gas_method":"estimated"},"2024-10":{"txs":58,"uniq":21,"trade":16,"nft":20,"gas":0.000006,"bal":0.007288,"days":21,"spread":0.677419,"streak":4,"rank_m":39561,"pct_m":0.042061,"gas_method":"estimated"},"2024-11":{"txs":46,"uniq":22,"trade":17,"nft":5,"gas":0.000103,"bal":0.005111,"days":17,"spread":0.566667,"streak":5,"rank_m":42097,"pct_m":0.044757,"gas_method":"exact"},"2024-12":{"txs":49,"uniq":9,"trade":24,"nft":2,"gas":0.001036,"bal":0.011818,"days":12,"spread":0.387097,"streak":3,"rank_m":67911,"pct_m":0.072203,"gas_method":"exact"},"2025-01":{"txs":31,"uniq":10,"trade":0,"nft":2,"gas":0.000753,"bal":0.027251,"days":20,"spread":0.645161,"streak":8,"rank_m":42557,"pct_m":0.045246,"gas_method":"exact"},"2025-02":{"txs":20,"uniq":12,"trade":1,"nft":1,"gas":0.000113,"bal":0.003748,"days":9,"spread":0.321429,"streak":2,"rank_m":100160,"pct_m":0.106491,"gas_method":"exact"},"2025-03":{"txs":18,"uniq":13,"trade":4,"nft":1,"gas":0.000134,"bal":0.006878,"days":9,"spread":0.290323,"streak":3,"rank_m":68812,"pct_m":0.073161,"gas_method":"exact"},"2025-04":{"txs":22,"uniq":12,"trade":5,"nft":0,"gas":0.000127,"bal":0.006779,"days":9,"spread":0.3,"streak":2,"rank_m":54314,"pct_m":0.057747,"gas_method":"exact"},"2025-05":{"txs":6,"uniq":4,"trade":0,"nft":0,"gas":0.000042,"bal":0.007416,"days":2,"spread":0.064516,"streak":1,"rank_m":256656,"pct_m":0.27288,"gas_method":"estimated"},"2025-06":{"txs":11,"uniq":4,"trade":0,"nft":0,"gas":0.000077,"bal":0.007265,"days":8,"spread":0.266667,"streak":3,"rank_m":211388,"pct_m":0.22475,"gas_method":"estimated"},"2025-07":{"txs":4,"uniq":3,"trade":0,"nft":0,"gas":0.000028,"bal":0.01349,"days":4,"spread":0.129032,"streak":1,"rank_m":278488,"pct_m":0.296092,"gas_method":"estimated"},"2025-08":{"txs":11,"uniq":7,"trade":0,"nft":0,"gas":0.000077,"bal":0.009454,"days":11,"spread":0.354839,"streak":3,"rank_m":151703,"pct_m":0.161292,"gas_method":"estimated"},"2025-09":{"txs":39,"uniq":14,"trade":0,"nft":1,"gas":0.000274,"bal":0.006321,"days":17,"spread":0.566667,"streak":3,"rank_m":60761,"pct_m":0.064601,"gas_method":"estimated"},"2025-10":{"txs":18,"uniq":8,"trade":0,"nft":2,"gas":0.000127,"bal":0.005773,"days":9,"spread":0.290323,"streak":2,"rank_m":67459,"pct_m":0.071723,"gas_method":"estimated"}}}