{"wallet":"0x62e68bf1cdfd251899ef08fc05c824af42c1e9bf","rank":73928,"lifetime":{"months_active":18,"first":"2023-07","last":"2025-10","tx_sum":450,"uniq_sum":106,"trade_sum":4,"nft_sum":20,"gas_sum":0.006487,"avg_balance_eth_mean":0.043196,"streak_best_days":28,"gas_sum_filled":0.006487},"months":{"2023-07":{"txs":0,"uniq":0,"trade":0,"nft":0,"gas":0,"bal":0,"days":0,"spread":0,"streak":0,"rank_m":597064,"pct_m":0.634808},"2023-08":{"txs":17,"uniq":12,"trade":0,"nft":9,"gas":0.00335,"bal":0.00663,"days":6,"spread":0.193548,"streak":2,"rank_m":47381,"pct_m":0.050375,"gas_method":"exact"},"2023-09":{"txs":4,"uniq":3,"trade":0,"nft":2,"gas":0.000108,"bal":0.008713,"days":3,"spread":0.1,"streak":3,"rank_m":66430,"pct_m":0.070628,"gas_method":"estimated"},"2023-10":{"txs":9,"uniq":5,"trade":0,"nft":0,"gas":0.000149,"bal":0.066591,"days":5,"spread":0.16129,"streak":2,"rank_m":33061,"pct_m":0.03515,"gas_method":"exact"},"2023-11":{"txs":73,"uniq":13,"trade":0,"nft":2,"gas":0.000111,"bal":0.075479,"days":18,"spread":0.6,"streak":9,"rank_m":2934,"pct_m":0.003118,"gas_method":"exact"},"2023-12":{"txs":29,"uniq":9,"trade":0,"nft":1,"gas":0.000662,"bal":0.03287,"days":26,"spread":0.83871,"streak":8,"rank_m":6653,"pct_m":0.007073,"gas_method":"exact"},"2024-01":{"txs":79,"uniq":9,"trade":0,"nft":1,"gas":0.001358,"bal":0.021091,"days":30,"spread":0.967742,"streak":20,"rank_m":5566,"pct_m":0.005917,"gas_method":"exact"},"2024-02":{"txs":9,"uniq":3,"trade":1,"nft":0,"gas":0.00021,"bal":0.018745,"days":5,"spread":0.172414,"streak":3,"rank_m":51234,"pct_m":0.054472,"gas_method":"exact"},"2024-03":{"txs":13,"uniq":4,"trade":0,"nft":1,"gas":0.000237,"bal":0.017744,"days":8,"spread":0.258065,"streak":7,"rank_m":117135,"pct_m":0.124539,"gas_method":"estimated"},"2024-04":{"txs":47,"uniq":2,"trade":0,"nft":0,"gas":0.000076,"bal":0.013087,"days":20,"spread":0.666667,"streak":7,"rank_m":128712,"pct_m":0.136848,"gas_method":"exact"},"2024-05":{"txs":30,"uniq":9,"trade":3,"nft":2,"gas":0.000022,"bal":0.04068,"days":9,"spread":0.290323,"streak":3,"rank_m":61982,"pct_m":0.065899,"gas_method":"estimated"},"2024-06":{"txs":75,"uniq":4,"trade":0,"nft":0,"gas":0,"bal":0.056433,"days":23,"spread":0.766667,"streak":9,"rank_m":64887,"pct_m":0.068988,"gas_method":"exact"},"2024-07":{"txs":16,"uniq":5,"trade":0,"nft":1,"gas":0.000002,"bal":0.045258,"days":9,"spread":0.290323,"streak":2,"rank_m":114288,"pct_m":0.121512,"gas_method":"estimated"},"2024-08":{"txs":11,"uniq":3,"trade":0,"nft":0,"gas":0.000001,"bal":0.073617,"days":8,"spread":0.258065,"streak":3,"rank_m":144393,"pct_m":0.15352,"gas_method":"exact"},"2024-09":{"txs":0,"uniq":0,"trade":0,"nft":0,"gas":0,"bal":0.073617,"days":0,"spread":0,"streak":0,"rank_m":437159,"pct_m":0.464794},"2024-10":{"txs":8,"uniq":5,"trade":0,"nft":1,"gas":0,"bal":0.079489,"days":5,"spread":0.16129,"streak":2,"rank_m":154921,"pct_m":0.164714,"gas_method":"estimated"},"2024-11":{"txs":2,"uniq":1,"trade":0,"nft":0,"gas":0.000005,"bal":0.072619,"days":2,"spread":0.066667,"streak":2,"rank_m":347850,"pct_m":0.369839,"gas_method":"exact"},"2024-12":{"txs":0,"uniq":0,"trade":0,"nft":0,"gas":0,"bal":0.072619,"days":0,"spread":0,"streak":0,"rank_m":581979,"pct_m":0.618769},"2025-01":{"txs":0,"uniq":0,"trade":0,"nft":0,"gas":0,"bal":0.072619,"days":0,"spread":0,"streak":0,"rank_m":565794,"pct_m":0.601561},"2025-02":{"txs":8,"uniq":8,"trade":0,"nft":0,"gas":0.000056,"bal":0.072216,"days":1,"spread":0.035714,"streak":1,"rank_m":242806,"pct_m":0.258155,"gas_method":"exact"},"2025-03":{"txs":0,"uniq":0,"trade":0,"nft":0,"gas":0,"bal":0.072216,"days":0,"spread":0,"streak":0,"rank_m":528856,"pct_m":0.562288},"2025-04":{"txs":0,"uniq":0,"trade":0,"nft":0,"gas":0,"bal":0.072216,"days":0,"spread":0,"streak":0,"rank_m":565199,"pct_m":0.600929},"2025-05":{"txs":10,"uniq":7,"trade":0,"nft":0,"gas":0.00007,"bal":0.072205,"days":2,"spread":0.064516,"streak":1,"rank_m":104093,"pct_m":0.110672,"gas_method":"estimated"},"2025-06":{"txs":10,"uniq":4,"trade":0,"nft":0,"gas":0.00007,"bal":0.014547,"days":3,"spread":0.1,"streak":1,"rank_m":228268,"pct_m":0.242698,"gas_method":"estimated"},"2025-07":{"txs":0,"uniq":0,"trade":0,"nft":0,"gas":0,"bal":0.014547,"days":0,"spread":0,"streak":0,"rank_m":526147,"pct_m":0.559408},"2025-08":{"txs":0,"uniq":0,"trade":0,"nft":0,"gas":0,"bal":0.014547,"days":0,"spread":0,"streak":0,"rank_m":503419,"pct_m":0.535243},"2025-09":{"txs":0,"uniq":0,"trade":0,"nft":0,"gas":0,"bal":0.014547,"days":0,"spread":0,"streak":0,"rank_m":497923,"pct_m":0.5294},"2025-10":{"txs":0,"uniq":0,"trade":0,"nft":0,"gas":0,"bal":0.014547,"days":0,"spread":0,"streak":0,"rank_m":406843,"pct_m":0.432562}}}