{"wallet":"0x623f2091f4cedfeb49a85ac7649fe9e485637aa0","rank":616910,"lifetime":{"months_active":15,"first":"2023-07","last":"2025-10","tx_sum":129,"uniq_sum":78,"trade_sum":0,"nft_sum":63,"gas_sum":0.001916,"avg_balance_eth_mean":0.005216,"streak_best_days":5,"gas_sum_filled":0.001916},"months":{"2023-07":{"txs":0,"uniq":0,"trade":0,"nft":0,"gas":0,"bal":0,"days":0,"spread":0,"streak":0,"rank_m":599262,"pct_m":0.637145},"2023-08":{"txs":4,"uniq":4,"trade":0,"nft":4,"gas":0.000186,"bal":0.002837,"days":2,"spread":0.064516,"streak":1,"rank_m":112222,"pct_m":0.119315,"gas_method":"exact"},"2023-09":{"txs":0,"uniq":0,"trade":0,"nft":0,"gas":0,"bal":0.002837,"days":0,"spread":0,"streak":0,"rank_m":266738,"pct_m":0.2836},"2023-10":{"txs":5,"uniq":4,"trade":0,"nft":4,"gas":0.000183,"bal":0.003434,"days":2,"spread":0.064516,"streak":1,"rank_m":80210,"pct_m":0.08528,"gas_method":"estimated"},"2023-11":{"txs":0,"uniq":0,"trade":0,"nft":0,"gas":0,"bal":0.003434,"days":0,"spread":0,"streak":0,"rank_m":265556,"pct_m":0.282343},"2023-12":{"txs":2,"uniq":2,"trade":0,"nft":2,"gas":0.000238,"bal":0.003144,"days":2,"spread":0.064516,"streak":1,"rank_m":112408,"pct_m":0.119513,"gas_method":"estimated"},"2024-01":{"txs":0,"uniq":0,"trade":0,"nft":0,"gas":0,"bal":0.003144,"days":0,"spread":0,"streak":0,"rank_m":292924,"pct_m":0.311441},"2024-02":{"txs":1,"uniq":1,"trade":0,"nft":1,"gas":0.000063,"bal":0.003025,"days":1,"spread":0.034483,"streak":1,"rank_m":221538,"pct_m":0.235542,"gas_method":"estimated"},"2024-03":{"txs":5,"uniq":1,"trade":0,"nft":1,"gas":0.000469,"bal":0.00283,"days":2,"spread":0.064516,"streak":2,"rank_m":263742,"pct_m":0.280414,"gas_method":"estimated"},"2024-04":{"txs":57,"uniq":24,"trade":0,"nft":10,"gas":0.000659,"bal":0.007217,"days":6,"spread":0.2,"streak":1,"rank_m":155335,"pct_m":0.165154,"gas_method":"estimated"},"2024-05":{"txs":8,"uniq":6,"trade":0,"nft":5,"gas":0.000031,"bal":0.012349,"days":6,"spread":0.193548,"streak":2,"rank_m":192414,"pct_m":0.204577,"gas_method":"estimated"},"2024-06":{"txs":5,"uniq":4,"trade":0,"nft":3,"gas":0.000001,"bal":0.007569,"days":4,"spread":0.133333,"streak":1,"rank_m":271622,"pct_m":0.288792,"gas_method":"estimated"},"2024-07":{"txs":5,"uniq":2,"trade":0,"nft":1,"gas":0.000003,"bal":0.001425,"days":4,"spread":0.129032,"streak":2,"rank_m":346493,"pct_m":0.368396,"gas_method":"estimated"},"2024-08":{"txs":24,"uniq":20,"trade":0,"nft":25,"gas":0.00001,"bal":0.003039,"days":10,"spread":0.322581,"streak":5,"rank_m":112876,"pct_m":0.120011,"gas_method":"estimated"},"2024-09":{"txs":5,"uniq":5,"trade":0,"nft":4,"gas":0.000001,"bal":0.002969,"days":5,"spread":0.166667,"streak":1,"rank_m":238073,"pct_m":0.253122,"gas_method":"estimated"},"2024-10":{"txs":4,"uniq":3,"trade":0,"nft":3,"gas":0.000001,"bal":0.002527,"days":3,"spread":0.096774,"streak":1,"rank_m":350666,"pct_m":0.372833,"gas_method":"estimated"},"2024-11":{"txs":1,"uniq":0,"trade":0,"nft":0,"gas":0.000012,"bal":0.00767,"days":1,"spread":0.033333,"streak":1,"rank_m":482404,"pct_m":0.512899,"gas_method":"estimated"},"2024-12":{"txs":0,"uniq":0,"trade":0,"nft":0,"gas":0,"bal":0.00767,"days":0,"spread":0,"streak":0,"rank_m":624438,"pct_m":0.663913},"2025-01":{"txs":2,"uniq":1,"trade":0,"nft":0,"gas":0.000052,"bal":0.007663,"days":2,"spread":0.064516,"streak":1,"rank_m":454088,"pct_m":0.482793,"gas_method":"exact"},"2025-02":{"txs":0,"uniq":0,"trade":0,"nft":0,"gas":0,"bal":0.007663,"days":0,"spread":0,"streak":0,"rank_m":614052,"pct_m":0.65287},"2025-03":{"txs":0,"uniq":0,"trade":0,"nft":0,"gas":0,"bal":0.007663,"days":0,"spread":0,"streak":0,"rank_m":598764,"pct_m":0.636616},"2025-04":{"txs":0,"uniq":0,"trade":0,"nft":0,"gas":0,"bal":0.007663,"days":0,"spread":0,"streak":0,"rank_m":630366,"pct_m":0.670215},"2025-05":{"txs":0,"uniq":0,"trade":0,"nft":0,"gas":0,"bal":0.007663,"days":0,"spread":0,"streak":0,"rank_m":563906,"pct_m":0.599554},"2025-06":{"txs":1,"uniq":1,"trade":0,"nft":0,"gas":0.000007,"bal":0.006125,"days":1,"spread":0.033333,"streak":1,"rank_m":403218,"pct_m":0.428708,"gas_method":"estimated"},"2025-07":{"txs":0,"uniq":0,"trade":0,"nft":0,"gas":0,"bal":0.006125,"days":0,"spread":0,"streak":0,"rank_m":599890,"pct_m":0.637813},"2025-08":{"txs":0,"uniq":0,"trade":0,"nft":0,"gas":0,"bal":0.006125,"days":0,"spread":0,"streak":0,"rank_m":580400,"pct_m":0.617091},"2025-09":{"txs":0,"uniq":0,"trade":0,"nft":0,"gas":0,"bal":0.006125,"days":0,"spread":0,"streak":0,"rank_m":568411,"pct_m":0.604344},"2025-10":{"txs":0,"uniq":0,"trade":0,"nft":0,"gas":0,"bal":0.006125,"days":0,"spread":0,"streak":0,"rank_m":483998,"pct_m":0.514594}}}