{"wallet":"0x623c6740bd57e30330b7110856c0ed5f4834204a","rank":27363,"lifetime":{"months_active":25,"first":"2023-07","last":"2025-10","tx_sum":695,"uniq_sum":221,"trade_sum":12,"nft_sum":18,"gas_sum":0.00859,"avg_balance_eth_mean":0.118661,"streak_best_days":8,"gas_sum_filled":0.00859},"months":{"2023-07":{"txs":11,"uniq":5,"trade":0,"nft":0,"gas":0.002919,"bal":0.001741,"days":1,"spread":0.032258,"streak":1,"rank_m":17148,"pct_m":0.018231,"gas_method":"exact"},"2023-08":{"txs":22,"uniq":15,"trade":0,"nft":0,"gas":0.001775,"bal":0.002509,"days":7,"spread":0.225806,"streak":2,"rank_m":64909,"pct_m":0.069011,"gas_method":"exact"},"2023-09":{"txs":3,"uniq":3,"trade":0,"nft":1,"gas":0.000119,"bal":0.007281,"days":2,"spread":0.066667,"streak":1,"rank_m":82039,"pct_m":0.087224,"gas_method":"exact"},"2023-10":{"txs":0,"uniq":0,"trade":0,"nft":0,"gas":0,"bal":0.007281,"days":0,"spread":0,"streak":0,"rank_m":248707,"pct_m":0.264429},"2023-11":{"txs":0,"uniq":0,"trade":0,"nft":0,"gas":0,"bal":0.007281,"days":0,"spread":0,"streak":0,"rank_m":247022,"pct_m":0.262637},"2023-12":{"txs":9,"uniq":6,"trade":3,"nft":0,"gas":0.000203,"bal":0.007699,"days":3,"spread":0.096774,"streak":1,"rank_m":48128,"pct_m":0.051169,"gas_method":"estimated"},"2024-01":{"txs":0,"uniq":0,"trade":0,"nft":0,"gas":0,"bal":0.007699,"days":0,"spread":0,"streak":0,"rank_m":270624,"pct_m":0.287731},"2024-02":{"txs":21,"uniq":7,"trade":8,"nft":2,"gas":0.000249,"bal":0.008537,"days":7,"spread":0.241379,"streak":2,"rank_m":40149,"pct_m":0.042686,"gas_method":"estimated"},"2024-03":{"txs":37,"uniq":12,"trade":1,"nft":3,"gas":0.000118,"bal":0.019148,"days":13,"spread":0.419355,"streak":6,"rank_m":30046,"pct_m":0.031944,"gas_method":"exact"},"2024-04":{"txs":21,"uniq":12,"trade":0,"nft":1,"gas":0.000159,"bal":0.103694,"days":7,"spread":0.233333,"streak":3,"rank_m":115149,"pct_m":0.122427,"gas_method":"exact"},"2024-05":{"txs":227,"uniq":31,"trade":0,"nft":2,"gas":0.000007,"bal":0.037423,"days":20,"spread":0.645161,"streak":8,"rank_m":19447,"pct_m":0.020675,"gas_method":"exact"},"2024-06":{"txs":23,"uniq":10,"trade":0,"nft":0,"gas":0,"bal":0.025212,"days":6,"spread":0.2,"streak":1,"rank_m":137921,"pct_m":0.146639,"gas_method":"exact"},"2024-07":{"txs":3,"uniq":1,"trade":0,"nft":0,"gas":0,"bal":0.000793,"days":1,"spread":0.032258,"streak":1,"rank_m":477658,"pct_m":0.507853,"gas_method":"estimated"},"2024-08":{"txs":4,"uniq":3,"trade":0,"nft":0,"gas":0,"bal":0.003837,"days":3,"spread":0.096774,"streak":1,"rank_m":381515,"pct_m":0.405633,"gas_method":"estimated"},"2024-09":{"txs":11,"uniq":7,"trade":0,"nft":2,"gas":0,"bal":0.004074,"days":5,"spread":0.166667,"streak":2,"rank_m":175954,"pct_m":0.187076,"gas_method":"estimated"},"2024-10":{"txs":59,"uniq":18,"trade":0,"nft":6,"gas":0.000089,"bal":0.241195,"days":12,"spread":0.387097,"streak":3,"rank_m":16121,"pct_m":0.017139,"gas_method":"exact"},"2024-11":{"txs":51,"uniq":19,"trade":0,"nft":0,"gas":0.000115,"bal":0.354876,"days":12,"spread":0.4,"streak":3,"rank_m":40932,"pct_m":0.043519,"gas_method":"exact"},"2024-12":{"txs":96,"uniq":28,"trade":0,"nft":0,"gas":0.002073,"bal":0.326474,"days":12,"spread":0.387097,"streak":3,"rank_m":32148,"pct_m":0.034179,"gas_method":"exact"},"2025-01":{"txs":6,"uniq":5,"trade":0,"nft":0,"gas":0.000156,"bal":0.056324,"days":3,"spread":0.096774,"streak":2,"rank_m":271246,"pct_m":0.288393,"gas_method":"exact"},"2025-02":{"txs":8,"uniq":4,"trade":0,"nft":0,"gas":0.000049,"bal":0.037664,"days":3,"spread":0.107143,"streak":2,"rank_m":207407,"pct_m":0.220518,"gas_method":"exact"},"2025-03":{"txs":1,"uniq":1,"trade":0,"nft":1,"gas":0.000008,"bal":0.023343,"days":1,"spread":0.032258,"streak":1,"rank_m":346298,"pct_m":0.368189,"gas_method":"exact"},"2025-04":{"txs":25,"uniq":9,"trade":0,"nft":0,"gas":0.000151,"bal":0.020912,"days":5,"spread":0.166667,"streak":4,"rank_m":55735,"pct_m":0.059257,"gas_method":"exact"},"2025-05":{"txs":9,"uniq":4,"trade":0,"nft":0,"gas":0.000063,"bal":0.156901,"days":3,"spread":0.096774,"streak":2,"rank_m":74228,"pct_m":0.078919,"gas_method":"estimated"},"2025-06":{"txs":11,"uniq":5,"trade":0,"nft":0,"gas":0.000077,"bal":0.590589,"days":2,"spread":0.066667,"streak":1,"rank_m":136607,"pct_m":0.145242,"gas_method":"estimated"},"2025-07":{"txs":3,"uniq":2,"trade":0,"nft":0,"gas":0.000021,"bal":0.502802,"days":3,"spread":0.096774,"streak":1,"rank_m":205157,"pct_m":0.218126,"gas_method":"estimated"},"2025-08":{"txs":2,"uniq":2,"trade":0,"nft":0,"gas":0.000014,"bal":0.365014,"days":1,"spread":0.032258,"streak":1,"rank_m":225814,"pct_m":0.240088,"gas_method":"estimated"},"2025-09":{"txs":13,"uniq":6,"trade":0,"nft":0,"gas":0.000091,"bal":0.316081,"days":6,"spread":0.2,"streak":2,"rank_m":72421,"pct_m":0.076998,"gas_method":"estimated"},"2025-10":{"txs":19,"uniq":6,"trade":0,"nft":0,"gas":0.000134,"bal":0.086134,"days":4,"spread":0.129032,"streak":1,"rank_m":45272,"pct_m":0.048133,"gas_method":"estimated"}}}