{"wallet":"0x6298d86578b49b5859cf19e183ed82c75d346901","rank":413141,"lifetime":{"months_active":23,"first":"2023-07","last":"2025-10","tx_sum":132,"uniq_sum":83,"trade_sum":8,"nft_sum":5,"gas_sum":0.00146,"avg_balance_eth_mean":0.002176,"streak_best_days":4,"gas_sum_filled":0.00146},"months":{"2023-07":{"txs":0,"uniq":0,"trade":0,"nft":0,"gas":0,"bal":0,"days":0,"spread":0,"streak":0,"rank_m":598083,"pct_m":0.635891},"2023-08":{"txs":4,"uniq":4,"trade":0,"nft":0,"gas":0.000407,"bal":0.000918,"days":1,"spread":0.032258,"streak":1,"rank_m":132208,"pct_m":0.140565,"gas_method":"exact"},"2023-09":{"txs":1,"uniq":1,"trade":0,"nft":1,"gas":0.00003,"bal":0.001501,"days":1,"spread":0.033333,"streak":1,"rank_m":130918,"pct_m":0.139193,"gas_method":"estimated"},"2023-10":{"txs":0,"uniq":0,"trade":0,"nft":0,"gas":0,"bal":0.001501,"days":0,"spread":0,"streak":0,"rank_m":281026,"pct_m":0.298791},"2023-11":{"txs":0,"uniq":0,"trade":0,"nft":0,"gas":0,"bal":0.001501,"days":0,"spread":0,"streak":0,"rank_m":287030,"pct_m":0.305174},"2023-12":{"txs":2,"uniq":1,"trade":0,"nft":0,"gas":0.000052,"bal":0.001087,"days":1,"spread":0.032258,"streak":1,"rank_m":173740,"pct_m":0.184722,"gas_method":"estimated"},"2024-01":{"txs":1,"uniq":1,"trade":0,"nft":0,"gas":0.000024,"bal":0.000861,"days":1,"spread":0.032258,"streak":1,"rank_m":191638,"pct_m":0.203752,"gas_method":"estimated"},"2024-02":{"txs":1,"uniq":1,"trade":0,"nft":1,"gas":0.000014,"bal":0.000827,"days":1,"spread":0.034483,"streak":1,"rank_m":251461,"pct_m":0.267357,"gas_method":"estimated"},"2024-03":{"txs":6,"uniq":2,"trade":1,"nft":0,"gas":0.0003,"bal":0.000533,"days":2,"spread":0.064516,"streak":1,"rank_m":247866,"pct_m":0.263534,"gas_method":"exact"},"2024-04":{"txs":3,"uniq":3,"trade":0,"nft":0,"gas":0.000078,"bal":0.000366,"days":2,"spread":0.066667,"streak":1,"rank_m":389861,"pct_m":0.414506,"gas_method":"exact"},"2024-05":{"txs":0,"uniq":0,"trade":0,"nft":0,"gas":0,"bal":0.000366,"days":0,"spread":0,"streak":0,"rank_m":574632,"pct_m":0.610958},"2024-06":{"txs":3,"uniq":2,"trade":0,"nft":1,"gas":0,"bal":0.000721,"days":1,"spread":0.033333,"streak":1,"rank_m":451570,"pct_m":0.480116,"gas_method":"estimated"},"2024-07":{"txs":10,"uniq":6,"trade":0,"nft":1,"gas":0.000001,"bal":0.001371,"days":4,"spread":0.129032,"streak":2,"rank_m":293852,"pct_m":0.312428,"gas_method":"estimated"},"2024-08":{"txs":15,"uniq":8,"trade":2,"nft":0,"gas":0.000001,"bal":0.002168,"days":11,"spread":0.354839,"streak":4,"rank_m":157630,"pct_m":0.167594,"gas_method":"estimated"},"2024-09":{"txs":17,"uniq":6,"trade":0,"nft":0,"gas":0,"bal":0.000815,"days":11,"spread":0.366667,"streak":3,"rank_m":162342,"pct_m":0.172604,"gas_method":"exact"},"2024-10":{"txs":15,"uniq":13,"trade":2,"nft":1,"gas":0.000012,"bal":0.002894,"days":8,"spread":0.258065,"streak":2,"rank_m":91282,"pct_m":0.097052,"gas_method":"exact"},"2024-11":{"txs":11,"uniq":6,"trade":0,"nft":0,"gas":0.000025,"bal":0.00547,"days":6,"spread":0.2,"streak":3,"rank_m":232593,"pct_m":0.247296,"gas_method":"exact"},"2024-12":{"txs":11,"uniq":5,"trade":0,"nft":0,"gas":0.000243,"bal":0.003436,"days":3,"spread":0.096774,"streak":1,"rank_m":361666,"pct_m":0.384529,"gas_method":"exact"},"2025-01":{"txs":3,"uniq":3,"trade":0,"nft":0,"gas":0.000078,"bal":0.00339,"days":2,"spread":0.064516,"streak":1,"rank_m":442508,"pct_m":0.470481,"gas_method":"exact"},"2025-02":{"txs":7,"uniq":5,"trade":0,"nft":0,"gas":0.000049,"bal":0.005461,"days":1,"spread":0.035714,"streak":1,"rank_m":326939,"pct_m":0.347606,"gas_method":"exact"},"2025-03":{"txs":2,"uniq":1,"trade":0,"nft":0,"gas":0.000016,"bal":0.004141,"days":1,"spread":0.032258,"streak":1,"rank_m":421639,"pct_m":0.448293,"gas_method":"exact"},"2025-04":{"txs":10,"uniq":7,"trade":2,"nft":0,"gas":0.00006,"bal":0.002166,"days":5,"spread":0.166667,"streak":2,"rank_m":168473,"pct_m":0.179122,"gas_method":"exact"},"2025-05":{"txs":1,"uniq":1,"trade":0,"nft":0,"gas":0.000007,"bal":0.000855,"days":1,"spread":0.032258,"streak":1,"rank_m":541759,"pct_m":0.576007,"gas_method":"estimated"},"2025-06":{"txs":3,"uniq":3,"trade":1,"nft":0,"gas":0.000021,"bal":0.002438,"days":1,"spread":0.033333,"streak":1,"rank_m":377457,"pct_m":0.401318,"gas_method":"estimated"},"2025-07":{"txs":1,"uniq":1,"trade":0,"nft":0,"gas":0.000007,"bal":0.004584,"days":1,"spread":0.032258,"streak":1,"rank_m":456361,"pct_m":0.48521,"gas_method":"estimated"},"2025-08":{"txs":1,"uniq":1,"trade":0,"nft":0,"gas":0.000007,"bal":0.003191,"days":1,"spread":0.032258,"streak":1,"rank_m":453509,"pct_m":0.482178,"gas_method":"estimated"},"2025-09":{"txs":4,"uniq":2,"trade":0,"nft":0,"gas":0.000028,"bal":0.004179,"days":2,"spread":0.066667,"streak":1,"rank_m":375335,"pct_m":0.399062,"gas_method":"estimated"},"2025-10":{"txs":0,"uniq":0,"trade":0,"nft":0,"gas":0,"bal":0.004179,"days":0,"spread":0,"streak":0,"rank_m":521134,"pct_m":0.554078}}}