{"wallet":"0x628973a342be72e630cdec56b9b6120a9759bc67","rank":158222,"lifetime":{"months_active":22,"first":"2023-07","last":"2025-10","tx_sum":269,"uniq_sum":161,"trade_sum":0,"nft_sum":79,"gas_sum":0.002898,"avg_balance_eth_mean":0.005762,"streak_best_days":15,"gas_sum_filled":0.002898},"months":{"2023-07":{"txs":0,"uniq":0,"trade":0,"nft":0,"gas":0,"bal":0,"days":0,"spread":0,"streak":0,"rank_m":598298,"pct_m":0.63612},"2023-08":{"txs":12,"uniq":11,"trade":0,"nft":9,"gas":0.001143,"bal":0.008297,"days":7,"spread":0.225806,"streak":3,"rank_m":50443,"pct_m":0.053631,"gas_method":"exact"},"2023-09":{"txs":17,"uniq":15,"trade":0,"nft":9,"gas":0.000354,"bal":0.019427,"days":11,"spread":0.366667,"streak":4,"rank_m":14627,"pct_m":0.015551,"gas_method":"exact"},"2023-10":{"txs":36,"uniq":21,"trade":0,"nft":16,"gas":0.000011,"bal":0.015162,"days":29,"spread":0.935484,"streak":11,"rank_m":6614,"pct_m":0.007031,"gas_method":"exact"},"2023-11":{"txs":14,"uniq":6,"trade":0,"nft":4,"gas":0.000208,"bal":0.005337,"days":13,"spread":0.433333,"streak":8,"rank_m":16868,"pct_m":0.017933,"gas_method":"exact"},"2023-12":{"txs":10,"uniq":10,"trade":0,"nft":9,"gas":0.00026,"bal":0.003858,"days":10,"spread":0.322581,"streak":4,"rank_m":30763,"pct_m":0.032707,"gas_method":"estimated"},"2024-01":{"txs":3,"uniq":3,"trade":0,"nft":3,"gas":0.000119,"bal":0.003278,"days":3,"spread":0.096774,"streak":1,"rank_m":87195,"pct_m":0.092706,"gas_method":"exact"},"2024-02":{"txs":7,"uniq":4,"trade":0,"nft":3,"gas":0.000096,"bal":0.003183,"days":4,"spread":0.137931,"streak":1,"rank_m":139302,"pct_m":0.148107,"gas_method":"estimated"},"2024-03":{"txs":20,"uniq":8,"trade":0,"nft":4,"gas":0.000409,"bal":0.006294,"days":6,"spread":0.193548,"streak":2,"rank_m":133152,"pct_m":0.141569,"gas_method":"estimated"},"2024-04":{"txs":40,"uniq":13,"trade":0,"nft":5,"gas":0.000101,"bal":0.006637,"days":17,"spread":0.566667,"streak":13,"rank_m":104388,"pct_m":0.110986,"gas_method":"estimated"},"2024-05":{"txs":23,"uniq":12,"trade":0,"nft":6,"gas":0.000019,"bal":0.008584,"days":11,"spread":0.354839,"streak":3,"rank_m":115379,"pct_m":0.122672,"gas_method":"estimated"},"2024-06":{"txs":28,"uniq":17,"trade":0,"nft":5,"gas":0,"bal":0.008455,"days":17,"spread":0.566667,"streak":8,"rank_m":48696,"pct_m":0.051773,"gas_method":"exact"},"2024-07":{"txs":14,"uniq":7,"trade":0,"nft":3,"gas":0.000005,"bal":0.010693,"days":7,"spread":0.225806,"streak":3,"rank_m":91213,"pct_m":0.096978,"gas_method":"exact"},"2024-08":{"txs":10,"uniq":9,"trade":0,"nft":3,"gas":0.000001,"bal":0.017787,"days":7,"spread":0.225806,"streak":2,"rank_m":144011,"pct_m":0.153114,"gas_method":"estimated"},"2024-09":{"txs":2,"uniq":1,"trade":0,"nft":0,"gas":0,"bal":0.005071,"days":2,"spread":0.066667,"streak":1,"rank_m":364266,"pct_m":0.387293,"gas_method":"estimated"},"2024-10":{"txs":9,"uniq":8,"trade":0,"nft":0,"gas":0.000001,"bal":0.00079,"days":4,"spread":0.129032,"streak":2,"rank_m":372553,"pct_m":0.396104,"gas_method":"estimated"},"2024-11":{"txs":0,"uniq":0,"trade":0,"nft":0,"gas":0,"bal":0.00079,"days":0,"spread":0,"streak":0,"rank_m":643949,"pct_m":0.684657},"2024-12":{"txs":0,"uniq":0,"trade":0,"nft":0,"gas":0,"bal":0.00079,"days":0,"spread":0,"streak":0,"rank_m":683194,"pct_m":0.726383},"2025-01":{"txs":1,"uniq":1,"trade":0,"nft":0,"gas":0.000026,"bal":0.000196,"days":1,"spread":0.032258,"streak":1,"rank_m":568751,"pct_m":0.604705,"gas_method":"exact"},"2025-02":{"txs":5,"uniq":5,"trade":0,"nft":0,"gas":0.000035,"bal":0.00327,"days":3,"spread":0.107143,"streak":1,"rank_m":327548,"pct_m":0.348254,"gas_method":"exact"},"2025-03":{"txs":3,"uniq":3,"trade":0,"nft":0,"gas":0.000024,"bal":0.00601,"days":2,"spread":0.064516,"streak":1,"rank_m":354045,"pct_m":0.376426,"gas_method":"exact"},"2025-04":{"txs":7,"uniq":4,"trade":0,"nft":0,"gas":0.00003,"bal":0.006445,"days":5,"spread":0.166667,"streak":3,"rank_m":224580,"pct_m":0.238776,"gas_method":"exact"},"2025-05":{"txs":3,"uniq":2,"trade":0,"nft":0,"gas":0.000021,"bal":0.004,"days":2,"spread":0.064516,"streak":1,"rank_m":355628,"pct_m":0.378109,"gas_method":"estimated"},"2025-06":{"txs":0,"uniq":0,"trade":0,"nft":0,"gas":0,"bal":0.004,"days":0,"spread":0,"streak":0,"rank_m":616923,"pct_m":0.655922},"2025-07":{"txs":0,"uniq":0,"trade":0,"nft":0,"gas":0,"bal":0.004,"days":0,"spread":0,"streak":0,"rank_m":635886,"pct_m":0.676084},"2025-08":{"txs":0,"uniq":0,"trade":0,"nft":0,"gas":0,"bal":0.004,"days":0,"spread":0,"streak":0,"rank_m":617779,"pct_m":0.656833},"2025-09":{"txs":4,"uniq":1,"trade":0,"nft":0,"gas":0.000028,"bal":0.00498,"days":4,"spread":0.133333,"streak":1,"rank_m":353064,"pct_m":0.375383,"gas_method":"estimated"},"2025-10":{"txs":1,"uniq":0,"trade":0,"nft":0,"gas":0.000007,"bal":0,"days":1,"spread":0.032258,"streak":1,"rank_m":726319,"pct_m":0.772234,"gas_method":"estimated"}}}