{"wallet":"0x6223f3555f785c0330d7776fda22090776ee3eb7","rank":481655,"lifetime":{"months_active":16,"first":"2023-07","last":"2025-10","tx_sum":142,"uniq_sum":93,"trade_sum":3,"nft_sum":5,"gas_sum":0.000958,"avg_balance_eth_mean":0.009816,"streak_best_days":2,"gas_sum_filled":0.000958},"months":{"2023-07":{"txs":0,"uniq":0,"trade":0,"nft":0,"gas":0,"bal":0,"days":0,"spread":0,"streak":0,"rank_m":599666,"pct_m":0.637575},"2023-08":{"txs":2,"uniq":2,"trade":0,"nft":2,"gas":0.000106,"bal":0.003956,"days":2,"spread":0.064516,"streak":2,"rank_m":114426,"pct_m":0.121659,"gas_method":"exact"},"2023-09":{"txs":0,"uniq":0,"trade":0,"nft":0,"gas":0,"bal":0.003956,"days":0,"spread":0,"streak":0,"rank_m":261865,"pct_m":0.278418},"2023-10":{"txs":0,"uniq":0,"trade":0,"nft":0,"gas":0,"bal":0.003956,"days":0,"spread":0,"streak":0,"rank_m":261156,"pct_m":0.277665},"2023-11":{"txs":0,"uniq":0,"trade":0,"nft":0,"gas":0,"bal":0.003956,"days":0,"spread":0,"streak":0,"rank_m":262117,"pct_m":0.278686},"2023-12":{"txs":4,"uniq":4,"trade":0,"nft":0,"gas":0.000098,"bal":0.017966,"days":3,"spread":0.096774,"streak":2,"rank_m":61784,"pct_m":0.065689,"gas_method":"estimated"},"2024-01":{"txs":0,"uniq":0,"trade":0,"nft":0,"gas":0,"bal":0.017966,"days":0,"spread":0,"streak":0,"rank_m":255556,"pct_m":0.271711},"2024-02":{"txs":2,"uniq":2,"trade":0,"nft":0,"gas":0.000026,"bal":0.012155,"days":1,"spread":0.034483,"streak":1,"rank_m":192545,"pct_m":0.204716,"gas_method":"estimated"},"2024-03":{"txs":0,"uniq":0,"trade":0,"nft":0,"gas":0,"bal":0.012155,"days":0,"spread":0,"streak":0,"rank_m":385413,"pct_m":0.409777},"2024-04":{"txs":0,"uniq":0,"trade":0,"nft":0,"gas":0,"bal":0.012155,"days":0,"spread":0,"streak":0,"rank_m":466377,"pct_m":0.495859},"2024-05":{"txs":24,"uniq":13,"trade":0,"nft":0,"gas":0.000019,"bal":0.020378,"days":3,"spread":0.096774,"streak":2,"rank_m":182505,"pct_m":0.194042,"gas_method":"estimated"},"2024-06":{"txs":6,"uniq":6,"trade":0,"nft":1,"gas":0,"bal":0.015878,"days":3,"spread":0.1,"streak":2,"rank_m":213286,"pct_m":0.226768,"gas_method":"estimated"},"2024-07":{"txs":0,"uniq":0,"trade":0,"nft":0,"gas":0,"bal":0.015878,"days":0,"spread":0,"streak":0,"rank_m":492643,"pct_m":0.523786},"2024-08":{"txs":0,"uniq":0,"trade":0,"nft":0,"gas":0,"bal":0.015878,"days":0,"spread":0,"streak":0,"rank_m":501456,"pct_m":0.533156},"2024-09":{"txs":34,"uniq":19,"trade":1,"nft":1,"gas":0.000001,"bal":0.007266,"days":4,"spread":0.133333,"streak":2,"rank_m":77117,"pct_m":0.081991,"gas_method":"estimated"},"2024-10":{"txs":5,"uniq":5,"trade":0,"nft":0,"gas":0,"bal":0.010117,"days":1,"spread":0.032258,"streak":1,"rank_m":346315,"pct_m":0.368207,"gas_method":"estimated"},"2024-11":{"txs":7,"uniq":6,"trade":0,"nft":0,"gas":0.000016,"bal":0.011059,"days":1,"spread":0.033333,"streak":1,"rank_m":333362,"pct_m":0.354435,"gas_method":"exact"},"2024-12":{"txs":19,"uniq":9,"trade":0,"nft":0,"gas":0.000419,"bal":0.011158,"days":3,"spread":0.096774,"streak":2,"rank_m":235449,"pct_m":0.250333,"gas_method":"exact"},"2025-01":{"txs":0,"uniq":0,"trade":0,"nft":0,"gas":0,"bal":0.011158,"days":0,"spread":0,"streak":0,"rank_m":599032,"pct_m":0.6369},"2025-02":{"txs":8,"uniq":5,"trade":0,"nft":0,"gas":0.000056,"bal":0.01068,"days":1,"spread":0.035714,"streak":1,"rank_m":296266,"pct_m":0.314994,"gas_method":"exact"},"2025-03":{"txs":3,"uniq":3,"trade":0,"nft":0,"gas":0.000024,"bal":0.011037,"days":2,"spread":0.064516,"streak":1,"rank_m":334611,"pct_m":0.355763,"gas_method":"exact"},"2025-04":{"txs":3,"uniq":2,"trade":0,"nft":0,"gas":0.000018,"bal":0.010008,"days":1,"spread":0.033333,"streak":1,"rank_m":400147,"pct_m":0.425442,"gas_method":"exact"},"2025-05":{"txs":6,"uniq":3,"trade":0,"nft":0,"gas":0.000042,"bal":0.009337,"days":2,"spread":0.064516,"streak":1,"rank_m":253356,"pct_m":0.269372,"gas_method":"estimated"},"2025-06":{"txs":5,"uniq":3,"trade":0,"nft":0,"gas":0.000035,"bal":0.009111,"days":2,"spread":0.066667,"streak":1,"rank_m":304991,"pct_m":0.324271,"gas_method":"estimated"},"2025-07":{"txs":4,"uniq":3,"trade":0,"nft":1,"gas":0.000028,"bal":0.004214,"days":1,"spread":0.032258,"streak":1,"rank_m":366840,"pct_m":0.39003,"gas_method":"estimated"},"2025-08":{"txs":0,"uniq":0,"trade":0,"nft":0,"gas":0,"bal":0.004214,"days":0,"spread":0,"streak":0,"rank_m":612697,"pct_m":0.651429},"2025-09":{"txs":10,"uniq":8,"trade":2,"nft":0,"gas":0.00007,"bal":0.004623,"days":2,"spread":0.066667,"streak":1,"rank_m":238447,"pct_m":0.25352,"gas_method":"estimated"},"2025-10":{"txs":0,"uniq":0,"trade":0,"nft":0,"gas":0,"bal":0.004623,"days":0,"spread":0,"streak":0,"rank_m":512163,"pct_m":0.54454}}}