{"wallet":"0x62f08ecbfec37c4209135f9d96d8507190c51561","rank":247203,"lifetime":{"months_active":16,"first":"2023-07","last":"2025-10","tx_sum":171,"uniq_sum":108,"trade_sum":10,"nft_sum":64,"gas_sum":0.0033,"avg_balance_eth_mean":0.024459,"streak_best_days":4,"gas_sum_filled":0.0033},"months":{"2023-07":{"txs":0,"uniq":0,"trade":0,"nft":0,"gas":0,"bal":0,"days":0,"spread":0,"streak":0,"rank_m":596919,"pct_m":0.634654},"2023-08":{"txs":0,"uniq":0,"trade":0,"nft":0,"gas":0,"bal":0,"days":0,"spread":0,"streak":0,"rank_m":641370,"pct_m":0.681915},"2023-09":{"txs":0,"uniq":0,"trade":0,"nft":0,"gas":0,"bal":0,"days":0,"spread":0,"streak":0,"rank_m":653284,"pct_m":0.694582},"2023-10":{"txs":0,"uniq":0,"trade":0,"nft":0,"gas":0,"bal":0,"days":0,"spread":0,"streak":0,"rank_m":662919,"pct_m":0.704826},"2023-11":{"txs":49,"uniq":22,"trade":0,"nft":14,"gas":0.000679,"bal":0.062125,"days":8,"spread":0.266667,"streak":3,"rank_m":4623,"pct_m":0.004914,"gas_method":"estimated"},"2023-12":{"txs":31,"uniq":30,"trade":0,"nft":29,"gas":0.001791,"bal":0.146894,"days":7,"spread":0.225806,"streak":2,"rank_m":2859,"pct_m":0.003039,"gas_method":"exact"},"2024-01":{"txs":14,"uniq":6,"trade":4,"nft":2,"gas":0.000339,"bal":0.027216,"days":5,"spread":0.16129,"streak":2,"rank_m":30327,"pct_m":0.032243,"gas_method":"estimated"},"2024-02":{"txs":11,"uniq":8,"trade":0,"nft":2,"gas":0.00015,"bal":0.016464,"days":4,"spread":0.137931,"streak":2,"rank_m":70571,"pct_m":0.075031,"gas_method":"estimated"},"2024-03":{"txs":4,"uniq":3,"trade":0,"nft":3,"gas":0.000082,"bal":0.01163,"days":3,"spread":0.096774,"streak":1,"rank_m":213088,"pct_m":0.226558,"gas_method":"estimated"},"2024-04":{"txs":6,"uniq":6,"trade":0,"nft":7,"gas":0.000015,"bal":0.00679,"days":4,"spread":0.133333,"streak":1,"rank_m":290065,"pct_m":0.308401,"gas_method":"estimated"},"2024-05":{"txs":18,"uniq":5,"trade":2,"nft":1,"gas":0.000015,"bal":0.052731,"days":10,"spread":0.322581,"streak":4,"rank_m":83033,"pct_m":0.088281,"gas_method":"estimated"},"2024-06":{"txs":5,"uniq":5,"trade":0,"nft":3,"gas":0,"bal":0.029881,"days":4,"spread":0.133333,"streak":1,"rank_m":208023,"pct_m":0.221173,"gas_method":"estimated"},"2024-07":{"txs":3,"uniq":2,"trade":0,"nft":1,"gas":0,"bal":0.005783,"days":1,"spread":0.032258,"streak":1,"rank_m":374084,"pct_m":0.397732,"gas_method":"estimated"},"2024-08":{"txs":7,"uniq":3,"trade":2,"nft":2,"gas":0.000001,"bal":0.042848,"days":6,"spread":0.193548,"streak":2,"rank_m":135079,"pct_m":0.143617,"gas_method":"estimated"},"2024-09":{"txs":0,"uniq":0,"trade":0,"nft":0,"gas":0,"bal":0.042848,"days":0,"spread":0,"streak":0,"rank_m":445735,"pct_m":0.473912},"2024-10":{"txs":0,"uniq":0,"trade":0,"nft":0,"gas":0,"bal":0.042848,"days":0,"spread":0,"streak":0,"rank_m":487993,"pct_m":0.518842},"2024-11":{"txs":2,"uniq":2,"trade":0,"nft":0,"gas":0.000005,"bal":0.051698,"days":1,"spread":0.033333,"streak":1,"rank_m":387604,"pct_m":0.412106,"gas_method":"exact"},"2024-12":{"txs":1,"uniq":1,"trade":0,"nft":0,"gas":0.000022,"bal":0.051722,"days":1,"spread":0.032258,"streak":1,"rank_m":477366,"pct_m":0.507543,"gas_method":"exact"},"2025-01":{"txs":5,"uniq":3,"trade":0,"nft":0,"gas":0.000104,"bal":0.037245,"days":1,"spread":0.032258,"streak":1,"rank_m":381501,"pct_m":0.405618,"gas_method":"exact"},"2025-02":{"txs":3,"uniq":3,"trade":0,"nft":0,"gas":0.000021,"bal":0.018481,"days":1,"spread":0.035714,"streak":1,"rank_m":367197,"pct_m":0.390409,"gas_method":"exact"},"2025-03":{"txs":2,"uniq":2,"trade":0,"nft":0,"gas":0.000016,"bal":0.005911,"days":1,"spread":0.032258,"streak":1,"rank_m":402613,"pct_m":0.428064,"gas_method":"exact"},"2025-04":{"txs":10,"uniq":7,"trade":2,"nft":0,"gas":0.00006,"bal":0.004534,"days":2,"spread":0.066667,"streak":1,"rank_m":223676,"pct_m":0.237815,"gas_method":"exact"},"2025-05":{"txs":0,"uniq":0,"trade":0,"nft":0,"gas":0,"bal":0.004534,"days":0,"spread":0,"streak":0,"rank_m":604844,"pct_m":0.64308},"2025-06":{"txs":0,"uniq":0,"trade":0,"nft":0,"gas":0,"bal":0.004534,"days":0,"spread":0,"streak":0,"rank_m":605755,"pct_m":0.644048},"2025-07":{"txs":0,"uniq":0,"trade":0,"nft":0,"gas":0,"bal":0.004534,"days":0,"spread":0,"streak":0,"rank_m":624310,"pct_m":0.663776},"2025-08":{"txs":0,"uniq":0,"trade":0,"nft":0,"gas":0,"bal":0.004534,"days":0,"spread":0,"streak":0,"rank_m":606643,"pct_m":0.644993},"2025-09":{"txs":0,"uniq":0,"trade":0,"nft":0,"gas":0,"bal":0.004534,"days":0,"spread":0,"streak":0,"rank_m":592854,"pct_m":0.630332},"2025-10":{"txs":0,"uniq":0,"trade":0,"nft":0,"gas":0,"bal":0.004534,"days":0,"spread":0,"streak":0,"rank_m":513278,"pct_m":0.545725}}}