{"wallet":"0x629edc648a19c81c20b7d5d45490151ac7829c07","rank":344794,"lifetime":{"months_active":22,"first":"2023-07","last":"2025-10","tx_sum":194,"uniq_sum":101,"trade_sum":3,"nft_sum":20,"gas_sum":0.001918,"avg_balance_eth_mean":0.004288,"streak_best_days":3,"gas_sum_filled":0.001918},"months":{"2023-07":{"txs":0,"uniq":0,"trade":0,"nft":0,"gas":0,"bal":0,"days":0,"spread":0,"streak":0,"rank_m":597994,"pct_m":0.635797},"2023-08":{"txs":7,"uniq":4,"trade":0,"nft":3,"gas":0.000227,"bal":0.000124,"days":1,"spread":0.032258,"streak":1,"rank_m":131436,"pct_m":0.139744,"gas_method":"exact"},"2023-09":{"txs":0,"uniq":0,"trade":0,"nft":0,"gas":0,"bal":0.000124,"days":0,"spread":0,"streak":0,"rank_m":303745,"pct_m":0.322946},"2023-10":{"txs":0,"uniq":0,"trade":0,"nft":0,"gas":0,"bal":0.000124,"days":0,"spread":0,"streak":0,"rank_m":321138,"pct_m":0.341439},"2023-11":{"txs":2,"uniq":1,"trade":0,"nft":0,"gas":0.00005,"bal":0.000562,"days":1,"spread":0.033333,"streak":1,"rank_m":157243,"pct_m":0.167183,"gas_method":"estimated"},"2023-12":{"txs":0,"uniq":0,"trade":0,"nft":0,"gas":0,"bal":0.000562,"days":0,"spread":0,"streak":0,"rank_m":331852,"pct_m":0.35283},"2024-01":{"txs":1,"uniq":1,"trade":0,"nft":0,"gas":0.000116,"bal":0.000191,"days":1,"spread":0.032258,"streak":1,"rank_m":172401,"pct_m":0.183299,"gas_method":"exact"},"2024-02":{"txs":0,"uniq":0,"trade":0,"nft":0,"gas":0,"bal":0.000191,"days":0,"spread":0,"streak":0,"rank_m":412565,"pct_m":0.438645},"2024-03":{"txs":9,"uniq":6,"trade":0,"nft":2,"gas":0.000331,"bal":0.00193,"days":2,"spread":0.064516,"streak":1,"rank_m":253331,"pct_m":0.269345,"gas_method":"estimated"},"2024-04":{"txs":2,"uniq":2,"trade":0,"nft":0,"gas":0.000009,"bal":0.003675,"days":1,"spread":0.033333,"streak":1,"rank_m":409329,"pct_m":0.435205,"gas_method":"estimated"},"2024-05":{"txs":2,"uniq":2,"trade":0,"nft":2,"gas":0.000003,"bal":0.003651,"days":1,"spread":0.032258,"streak":1,"rank_m":399536,"pct_m":0.424793,"gas_method":"estimated"},"2024-06":{"txs":8,"uniq":6,"trade":0,"nft":1,"gas":0,"bal":0.003104,"days":3,"spread":0.1,"streak":2,"rank_m":291357,"pct_m":0.309775,"gas_method":"estimated"},"2024-07":{"txs":1,"uniq":1,"trade":0,"nft":0,"gas":0,"bal":0.002596,"days":1,"spread":0.032258,"streak":1,"rank_m":451342,"pct_m":0.479874,"gas_method":"estimated"},"2024-08":{"txs":1,"uniq":1,"trade":0,"nft":2,"gas":0,"bal":0.002235,"days":1,"spread":0.032258,"streak":1,"rank_m":421740,"pct_m":0.4484,"gas_method":"estimated"},"2024-09":{"txs":0,"uniq":0,"trade":0,"nft":0,"gas":0,"bal":0.002235,"days":0,"spread":0,"streak":0,"rank_m":552832,"pct_m":0.58778},"2024-10":{"txs":9,"uniq":8,"trade":0,"nft":7,"gas":0.000001,"bal":0.002504,"days":2,"spread":0.064516,"streak":1,"rank_m":294474,"pct_m":0.313089,"gas_method":"estimated"},"2024-11":{"txs":22,"uniq":2,"trade":0,"nft":0,"gas":0.000051,"bal":0.003,"days":2,"spread":0.066667,"streak":1,"rank_m":312876,"pct_m":0.332654,"gas_method":"exact"},"2024-12":{"txs":5,"uniq":4,"trade":0,"nft":0,"gas":0.00011,"bal":0.000668,"days":2,"spread":0.064516,"streak":1,"rank_m":475057,"pct_m":0.505088,"gas_method":"exact"},"2025-01":{"txs":10,"uniq":8,"trade":1,"nft":0,"gas":0.00026,"bal":0.000875,"days":3,"spread":0.096774,"streak":1,"rank_m":313747,"pct_m":0.33358,"gas_method":"exact"},"2025-02":{"txs":10,"uniq":8,"trade":0,"nft":0,"gas":0.000063,"bal":0.005598,"days":7,"spread":0.25,"streak":2,"rank_m":177441,"pct_m":0.188657,"gas_method":"exact"},"2025-03":{"txs":3,"uniq":1,"trade":0,"nft":0,"gas":0.000008,"bal":0.007145,"days":2,"spread":0.064516,"streak":1,"rank_m":396021,"pct_m":0.421056,"gas_method":"exact"},"2025-04":{"txs":10,"uniq":7,"trade":0,"nft":0,"gas":0.000042,"bal":0.006041,"days":9,"spread":0.3,"streak":3,"rank_m":152873,"pct_m":0.162536,"gas_method":"exact"},"2025-05":{"txs":11,"uniq":6,"trade":0,"nft":0,"gas":0.000077,"bal":0.006352,"days":5,"spread":0.16129,"streak":1,"rank_m":190393,"pct_m":0.202428,"gas_method":"estimated"},"2025-06":{"txs":30,"uniq":13,"trade":2,"nft":0,"gas":0.000211,"bal":0.009585,"days":8,"spread":0.266667,"streak":2,"rank_m":92260,"pct_m":0.098091,"gas_method":"estimated"},"2025-07":{"txs":22,"uniq":6,"trade":0,"nft":2,"gas":0.000155,"bal":0.013278,"days":8,"spread":0.258065,"streak":3,"rank_m":105680,"pct_m":0.11236,"gas_method":"estimated"},"2025-08":{"txs":3,"uniq":3,"trade":0,"nft":0,"gas":0.000021,"bal":0.014581,"days":1,"spread":0.032258,"streak":1,"rank_m":295166,"pct_m":0.313825,"gas_method":"estimated"},"2025-09":{"txs":12,"uniq":5,"trade":0,"nft":1,"gas":0.000084,"bal":0.013479,"days":4,"spread":0.133333,"streak":1,"rank_m":177450,"pct_m":0.188667,"gas_method":"estimated"},"2025-10":{"txs":14,"uniq":6,"trade":0,"nft":0,"gas":0.000099,"bal":0.015655,"days":3,"spread":0.096774,"streak":2,"rank_m":80495,"pct_m":0.085583,"gas_method":"estimated"}}}