{"wallet":"0x62eb03e21def739f6cadd5582b64a9ff1583fd82","rank":688473,"lifetime":{"months_active":11,"first":"2023-07","last":"2025-10","tx_sum":138,"uniq_sum":69,"trade_sum":5,"nft_sum":26,"gas_sum":0.002967,"avg_balance_eth_mean":0.000836,"streak_best_days":3,"gas_sum_filled":0.002967},"months":{"2023-07":{"txs":0,"uniq":0,"trade":0,"nft":0,"gas":0,"bal":0,"days":0,"spread":0,"streak":0,"rank_m":596991,"pct_m":0.63473},"2023-08":{"txs":0,"uniq":0,"trade":0,"nft":0,"gas":0,"bal":0,"days":0,"spread":0,"streak":0,"rank_m":641435,"pct_m":0.681984},"2023-09":{"txs":0,"uniq":0,"trade":0,"nft":0,"gas":0,"bal":0,"days":0,"spread":0,"streak":0,"rank_m":653349,"pct_m":0.694651},"2023-10":{"txs":0,"uniq":0,"trade":0,"nft":0,"gas":0,"bal":0,"days":0,"spread":0,"streak":0,"rank_m":662981,"pct_m":0.704892},"2023-11":{"txs":0,"uniq":0,"trade":0,"nft":0,"gas":0,"bal":0,"days":0,"spread":0,"streak":0,"rank_m":671431,"pct_m":0.713876},"2023-12":{"txs":5,"uniq":1,"trade":0,"nft":0,"gas":0.000338,"bal":0.000115,"days":1,"spread":0.032258,"streak":1,"rank_m":187910,"pct_m":0.199788,"gas_method":"estimated"},"2024-01":{"txs":0,"uniq":0,"trade":0,"nft":0,"gas":0,"bal":0.000115,"days":0,"spread":0,"streak":0,"rank_m":374036,"pct_m":0.397681},"2024-02":{"txs":7,"uniq":4,"trade":0,"nft":3,"gas":0.000178,"bal":0.000685,"days":4,"spread":0.137931,"streak":1,"rank_m":139879,"pct_m":0.148721,"gas_method":"exact"},"2024-03":{"txs":26,"uniq":10,"trade":0,"nft":3,"gas":0.001386,"bal":0.000771,"days":6,"spread":0.193548,"streak":2,"rank_m":187641,"pct_m":0.199502,"gas_method":"estimated"},"2024-04":{"txs":46,"uniq":19,"trade":0,"nft":12,"gas":0.000543,"bal":0.001382,"days":13,"spread":0.433333,"streak":3,"rank_m":102294,"pct_m":0.10876,"gas_method":"exact"},"2024-05":{"txs":14,"uniq":7,"trade":0,"nft":4,"gas":0.000031,"bal":0.003415,"days":5,"spread":0.16129,"streak":1,"rank_m":270530,"pct_m":0.287631,"gas_method":"estimated"},"2024-06":{"txs":11,"uniq":5,"trade":0,"nft":0,"gas":0.000001,"bal":0.001234,"days":3,"spread":0.1,"streak":2,"rank_m":360175,"pct_m":0.382943,"gas_method":"estimated"},"2024-07":{"txs":0,"uniq":0,"trade":0,"nft":0,"gas":0,"bal":0.001234,"days":0,"spread":0,"streak":0,"rank_m":568153,"pct_m":0.604069},"2024-08":{"txs":0,"uniq":0,"trade":0,"nft":0,"gas":0,"bal":0.001234,"days":0,"spread":0,"streak":0,"rank_m":584073,"pct_m":0.620996},"2024-09":{"txs":0,"uniq":0,"trade":0,"nft":0,"gas":0,"bal":0.001234,"days":0,"spread":0,"streak":0,"rank_m":577085,"pct_m":0.613566},"2024-10":{"txs":1,"uniq":1,"trade":0,"nft":4,"gas":0,"bal":0.000766,"days":1,"spread":0.032258,"streak":1,"rank_m":457437,"pct_m":0.486354,"gas_method":"estimated"},"2024-11":{"txs":0,"uniq":0,"trade":0,"nft":0,"gas":0,"bal":0.000766,"days":0,"spread":0,"streak":0,"rank_m":645018,"pct_m":0.685794},"2024-12":{"txs":15,"uniq":10,"trade":0,"nft":0,"gas":0.000309,"bal":0.000857,"days":4,"spread":0.129032,"streak":1,"rank_m":338730,"pct_m":0.360143,"gas_method":"exact"},"2025-01":{"txs":5,"uniq":4,"trade":2,"nft":0,"gas":0.00013,"bal":0.000778,"days":1,"spread":0.032258,"streak":1,"rank_m":404261,"pct_m":0.429816,"gas_method":"exact"},"2025-02":{"txs":0,"uniq":0,"trade":0,"nft":0,"gas":0,"bal":0.000778,"days":0,"spread":0,"streak":0,"rank_m":700488,"pct_m":0.74477},"2025-03":{"txs":0,"uniq":0,"trade":0,"nft":0,"gas":0,"bal":0.000778,"days":0,"spread":0,"streak":0,"rank_m":705072,"pct_m":0.749644},"2025-04":{"txs":5,"uniq":5,"trade":0,"nft":0,"gas":0.00003,"bal":0.001129,"days":2,"spread":0.066667,"streak":2,"rank_m":340766,"pct_m":0.362307,"gas_method":"exact"},"2025-05":{"txs":0,"uniq":0,"trade":0,"nft":0,"gas":0,"bal":0.001129,"days":0,"spread":0,"streak":0,"rank_m":701500,"pct_m":0.745846},"2025-06":{"txs":0,"uniq":0,"trade":0,"nft":0,"gas":0,"bal":0.001129,"days":0,"spread":0,"streak":0,"rank_m":703534,"pct_m":0.748009},"2025-07":{"txs":3,"uniq":3,"trade":3,"nft":0,"gas":0.000021,"bal":0.000971,"days":1,"spread":0.032258,"streak":1,"rank_m":420219,"pct_m":0.446783,"gas_method":"estimated"},"2025-08":{"txs":0,"uniq":0,"trade":0,"nft":0,"gas":0,"bal":0.000971,"days":0,"spread":0,"streak":0,"rank_m":712716,"pct_m":0.757771},"2025-09":{"txs":0,"uniq":0,"trade":0,"nft":0,"gas":0,"bal":0.000971,"days":0,"spread":0,"streak":0,"rank_m":698546,"pct_m":0.742706},"2025-10":{"txs":0,"uniq":0,"trade":0,"nft":0,"gas":0,"bal":0.000971,"days":0,"spread":0,"streak":0,"rank_m":633765,"pct_m":0.673829}}}