{"wallet":"0x6206f6e372a3bf424faf5618ba334e15488e3d6d","rank":6276,"lifetime":{"months_active":21,"first":"2023-07","last":"2025-10","tx_sum":2091,"uniq_sum":677,"trade_sum":231,"nft_sum":193,"gas_sum":0.010763,"avg_balance_eth_mean":0.025832,"streak_best_days":37,"gas_sum_filled":0.010763},"months":{"2023-07":{"txs":0,"uniq":0,"trade":0,"nft":0,"gas":0,"bal":0,"days":0,"spread":0,"streak":0,"rank_m":600038,"pct_m":0.63797},"2023-08":{"txs":0,"uniq":0,"trade":0,"nft":0,"gas":0,"bal":0,"days":0,"spread":0,"streak":0,"rank_m":644100,"pct_m":0.684818},"2023-09":{"txs":0,"uniq":0,"trade":0,"nft":0,"gas":0,"bal":0,"days":0,"spread":0,"streak":0,"rank_m":655907,"pct_m":0.697371},"2023-10":{"txs":0,"uniq":0,"trade":0,"nft":0,"gas":0,"bal":0,"days":0,"spread":0,"streak":0,"rank_m":665459,"pct_m":0.707527},"2023-11":{"txs":0,"uniq":0,"trade":0,"nft":0,"gas":0,"bal":0,"days":0,"spread":0,"streak":0,"rank_m":673845,"pct_m":0.716443},"2023-12":{"txs":0,"uniq":0,"trade":0,"nft":0,"gas":0,"bal":0,"days":0,"spread":0,"streak":0,"rank_m":683998,"pct_m":0.727238},"2024-01":{"txs":0,"uniq":0,"trade":0,"nft":0,"gas":0,"bal":0,"days":0,"spread":0,"streak":0,"rank_m":693024,"pct_m":0.736834},"2024-02":{"txs":42,"uniq":17,"trade":0,"nft":14,"gas":0.000041,"bal":0.00057,"days":10,"spread":0.344828,"streak":3,"rank_m":76880,"pct_m":0.081739,"gas_method":"estimated"},"2024-03":{"txs":113,"uniq":46,"trade":1,"nft":30,"gas":0.000851,"bal":0.015373,"days":22,"spread":0.709677,"streak":7,"rank_m":6818,"pct_m":0.007248,"gas_method":"exact"},"2024-04":{"txs":63,"uniq":23,"trade":4,"nft":11,"gas":0.000013,"bal":0.009454,"days":20,"spread":0.666667,"streak":5,"rank_m":38804,"pct_m":0.041256,"gas_method":"exact"},"2024-05":{"txs":57,"uniq":30,"trade":3,"nft":19,"gas":0.000052,"bal":0.182863,"days":22,"spread":0.709677,"streak":8,"rank_m":4144,"pct_m":0.004405,"gas_method":"exact"},"2024-06":{"txs":29,"uniq":12,"trade":0,"nft":8,"gas":0,"bal":0.014128,"days":15,"spread":0.5,"streak":4,"rank_m":44582,"pct_m":0.047399,"gas_method":"exact"},"2024-07":{"txs":24,"uniq":15,"trade":2,"nft":13,"gas":0.000001,"bal":0.005836,"days":14,"spread":0.451613,"streak":5,"rank_m":38088,"pct_m":0.040495,"gas_method":"exact"},"2024-08":{"txs":69,"uniq":22,"trade":3,"nft":23,"gas":0.000001,"bal":0.005387,"days":31,"spread":1,"streak":31,"rank_m":13340,"pct_m":0.014182,"gas_method":"exact"},"2024-09":{"txs":72,"uniq":22,"trade":5,"nft":16,"gas":0,"bal":0.01119,"days":23,"spread":0.766667,"streak":17,"rank_m":6954,"pct_m":0.007393,"gas_method":"exact"},"2024-10":{"txs":103,"uniq":35,"trade":4,"nft":17,"gas":0.000001,"bal":0.009637,"days":21,"spread":0.677419,"streak":7,"rank_m":12965,"pct_m":0.013784,"gas_method":"exact"},"2024-11":{"txs":56,"uniq":22,"trade":6,"nft":3,"gas":0.000129,"bal":0.043806,"days":14,"spread":0.466667,"streak":4,"rank_m":19533,"pct_m":0.020767,"gas_method":"exact"},"2024-12":{"txs":64,"uniq":35,"trade":1,"nft":11,"gas":0.001389,"bal":0.007737,"days":18,"spread":0.580645,"streak":4,"rank_m":41180,"pct_m":0.043782,"gas_method":"exact"},"2025-01":{"txs":216,"uniq":54,"trade":6,"nft":1,"gas":0.000002,"bal":0.010776,"days":13,"spread":0.419355,"streak":3,"rank_m":68562,"pct_m":0.072895,"gas_method":"exact"},"2025-02":{"txs":91,"uniq":29,"trade":2,"nft":1,"gas":0.00064,"bal":0.190155,"days":16,"spread":0.571429,"streak":6,"rank_m":4030,"pct_m":0.004284,"gas_method":"exact"},"2025-03":{"txs":158,"uniq":47,"trade":45,"nft":1,"gas":0.001248,"bal":0.03146,"days":21,"spread":0.677419,"streak":9,"rank_m":2827,"pct_m":0.003005,"gas_method":"exact"},"2025-04":{"txs":172,"uniq":55,"trade":54,"nft":5,"gas":0.001032,"bal":0.004818,"days":24,"spread":0.8,"streak":13,"rank_m":5991,"pct_m":0.006369,"gas_method":"exact"},"2025-05":{"txs":266,"uniq":90,"trade":10,"nft":1,"gas":0.001872,"bal":0.019517,"days":26,"spread":0.83871,"streak":7,"rank_m":7125,"pct_m":0.007574,"gas_method":"estimated"},"2025-06":{"txs":129,"uniq":41,"trade":1,"nft":3,"gas":0.000908,"bal":0.047349,"days":24,"spread":0.8,"streak":9,"rank_m":4947,"pct_m":0.005259,"gas_method":"estimated"},"2025-07":{"txs":117,"uniq":26,"trade":14,"nft":8,"gas":0.000823,"bal":0.076702,"days":22,"spread":0.709677,"streak":5,"rank_m":3580,"pct_m":0.003805,"gas_method":"estimated"},"2025-08":{"txs":176,"uniq":37,"trade":61,"nft":4,"gas":0.001239,"bal":0.02999,"days":26,"spread":0.83871,"streak":20,"rank_m":3465,"pct_m":0.003683,"gas_method":"estimated"},"2025-09":{"txs":60,"uniq":14,"trade":9,"nft":3,"gas":0.000422,"bal":0.00523,"days":21,"spread":0.7,"streak":12,"rank_m":35124,"pct_m":0.037343,"gas_method":"estimated"},"2025-10":{"txs":14,"uniq":5,"trade":0,"nft":1,"gas":0.000099,"bal":0.001304,"days":7,"spread":0.225806,"streak":3,"rank_m":149194,"pct_m":0.158625,"gas_method":"estimated"}}}