{"wallet":"0x626cc403c746d9f524745c1b0af09566918bdfbe","rank":194840,"lifetime":{"months_active":15,"first":"2023-07","last":"2025-10","tx_sum":891,"uniq_sum":374,"trade_sum":0,"nft_sum":534,"gas_sum":0.000803,"avg_balance_eth_mean":0.000636,"streak_best_days":63,"gas_sum_filled":0.000803},"months":{"2023-07":{"txs":0,"uniq":0,"trade":0,"nft":0,"gas":0,"bal":0,"days":0,"spread":0,"streak":0,"rank_m":598701,"pct_m":0.636549},"2023-08":{"txs":0,"uniq":0,"trade":0,"nft":0,"gas":0,"bal":0,"days":0,"spread":0,"streak":0,"rank_m":642938,"pct_m":0.683582},"2023-09":{"txs":0,"uniq":0,"trade":0,"nft":0,"gas":0,"bal":0,"days":0,"spread":0,"streak":0,"rank_m":654791,"pct_m":0.696184},"2023-10":{"txs":0,"uniq":0,"trade":0,"nft":0,"gas":0,"bal":0,"days":0,"spread":0,"streak":0,"rank_m":664385,"pct_m":0.706385},"2023-11":{"txs":0,"uniq":0,"trade":0,"nft":0,"gas":0,"bal":0,"days":0,"spread":0,"streak":0,"rank_m":672798,"pct_m":0.71533},"2023-12":{"txs":0,"uniq":0,"trade":0,"nft":0,"gas":0,"bal":0,"days":0,"spread":0,"streak":0,"rank_m":682987,"pct_m":0.726163},"2024-01":{"txs":0,"uniq":0,"trade":0,"nft":0,"gas":0,"bal":0,"days":0,"spread":0,"streak":0,"rank_m":692053,"pct_m":0.735802},"2024-02":{"txs":0,"uniq":0,"trade":0,"nft":0,"gas":0,"bal":0,"days":0,"spread":0,"streak":0,"rank_m":711619,"pct_m":0.756605},"2024-03":{"txs":0,"uniq":0,"trade":0,"nft":0,"gas":0,"bal":0,"days":0,"spread":0,"streak":0,"rank_m":743468,"pct_m":0.790467},"2024-04":{"txs":87,"uniq":29,"trade":0,"nft":53,"gas":0.000005,"bal":0.000105,"days":11,"spread":0.366667,"streak":11,"rank_m":169984,"pct_m":0.180729,"gas_method":"estimated"},"2024-05":{"txs":126,"uniq":46,"trade":0,"nft":80,"gas":0.000024,"bal":0.000674,"days":30,"spread":0.967742,"streak":20,"rank_m":44801,"pct_m":0.047632,"gas_method":"exact"},"2024-06":{"txs":235,"uniq":95,"trade":0,"nft":144,"gas":0.000002,"bal":0.002007,"days":30,"spread":1,"streak":30,"rank_m":22397,"pct_m":0.023812,"gas_method":"exact"},"2024-07":{"txs":126,"uniq":60,"trade":0,"nft":91,"gas":0.00001,"bal":0.001655,"days":28,"spread":0.903226,"streak":23,"rank_m":20995,"pct_m":0.022321,"gas_method":"exact"},"2024-08":{"txs":106,"uniq":52,"trade":0,"nft":65,"gas":0.000006,"bal":0.003144,"days":28,"spread":0.903226,"streak":17,"rank_m":14322,"pct_m":0.015226,"gas_method":"exact"},"2024-09":{"txs":92,"uniq":37,"trade":0,"nft":61,"gas":0.000001,"bal":0.002986,"days":29,"spread":0.966667,"streak":18,"rank_m":16012,"pct_m":0.017023,"gas_method":"exact"},"2024-10":{"txs":55,"uniq":21,"trade":0,"nft":35,"gas":0.000001,"bal":0.004139,"days":25,"spread":0.806452,"streak":15,"rank_m":32041,"pct_m":0.034066,"gas_method":"exact"},"2024-11":{"txs":21,"uniq":12,"trade":0,"nft":4,"gas":0.000048,"bal":0.001106,"days":9,"spread":0.3,"streak":3,"rank_m":163632,"pct_m":0.173975,"gas_method":"exact"},"2024-12":{"txs":14,"uniq":9,"trade":0,"nft":0,"gas":0.000309,"bal":0.000169,"days":9,"spread":0.290323,"streak":2,"rank_m":322372,"pct_m":0.342751,"gas_method":"exact"},"2025-01":{"txs":10,"uniq":2,"trade":0,"nft":1,"gas":0.00026,"bal":0.000085,"days":7,"spread":0.225806,"streak":2,"rank_m":355267,"pct_m":0.377725,"gas_method":"exact"},"2025-02":{"txs":8,"uniq":3,"trade":0,"nft":0,"gas":0.000056,"bal":0.000242,"days":6,"spread":0.214286,"streak":1,"rank_m":348117,"pct_m":0.370123,"gas_method":"exact"},"2025-03":{"txs":4,"uniq":2,"trade":0,"nft":0,"gas":0.000032,"bal":0.000237,"days":4,"spread":0.129032,"streak":2,"rank_m":387699,"pct_m":0.412207,"gas_method":"exact"},"2025-04":{"txs":0,"uniq":0,"trade":0,"nft":0,"gas":0,"bal":0.000237,"days":0,"spread":0,"streak":0,"rank_m":778655,"pct_m":0.827879},"2025-05":{"txs":4,"uniq":3,"trade":0,"nft":0,"gas":0.000028,"bal":0.000342,"days":4,"spread":0.129032,"streak":2,"rank_m":469191,"pct_m":0.498851,"gas_method":"estimated"},"2025-06":{"txs":0,"uniq":0,"trade":0,"nft":0,"gas":0,"bal":0.000342,"days":0,"spread":0,"streak":0,"rank_m":775562,"pct_m":0.82459},"2025-07":{"txs":1,"uniq":1,"trade":0,"nft":0,"gas":0.000007,"bal":0.000149,"days":1,"spread":0.032258,"streak":1,"rank_m":658567,"pct_m":0.700199,"gas_method":"estimated"},"2025-08":{"txs":2,"uniq":2,"trade":0,"nft":0,"gas":0.000014,"bal":0.000067,"days":2,"spread":0.064516,"streak":1,"rank_m":633125,"pct_m":0.673149,"gas_method":"estimated"},"2025-09":{"txs":0,"uniq":0,"trade":0,"nft":0,"gas":0,"bal":0.000067,"days":0,"spread":0,"streak":0,"rank_m":868406,"pct_m":0.923304},"2025-10":{"txs":0,"uniq":0,"trade":0,"nft":0,"gas":0,"bal":0.000067,"days":0,"spread":0,"streak":0,"rank_m":843374,"pct_m":0.896689}}}