{"wallet":"0x62ad615832cdd8850fa10009212df0ae1421c704","rank":96967,"lifetime":{"months_active":26,"first":"2023-07","last":"2025-10","tx_sum":421,"uniq_sum":193,"trade_sum":10,"nft_sum":71,"gas_sum":0.004466,"avg_balance_eth_mean":0.012057,"streak_best_days":3,"gas_sum_filled":0.004466},"months":{"2023-07":{"txs":0,"uniq":0,"trade":0,"nft":0,"gas":0,"bal":0,"days":0,"spread":0,"streak":0,"rank_m":597792,"pct_m":0.635582},"2023-08":{"txs":13,"uniq":12,"trade":0,"nft":9,"gas":0.000526,"bal":0.000448,"days":10,"spread":0.322581,"streak":3,"rank_m":68789,"pct_m":0.073137,"gas_method":"exact"},"2023-09":{"txs":23,"uniq":16,"trade":0,"nft":14,"gas":0.000246,"bal":0.005137,"days":14,"spread":0.466667,"streak":3,"rank_m":20465,"pct_m":0.021758,"gas_method":"exact"},"2023-10":{"txs":1,"uniq":1,"trade":0,"nft":1,"gas":0.000011,"bal":0.004773,"days":1,"spread":0.032258,"streak":1,"rank_m":113797,"pct_m":0.12099,"gas_method":"estimated"},"2023-11":{"txs":7,"uniq":4,"trade":0,"nft":2,"gas":0.000131,"bal":0.001697,"days":2,"spread":0.066667,"streak":1,"rank_m":89967,"pct_m":0.095653,"gas_method":"estimated"},"2023-12":{"txs":45,"uniq":20,"trade":1,"nft":5,"gas":0.001349,"bal":0.002197,"days":4,"spread":0.129032,"streak":2,"rank_m":19086,"pct_m":0.020292,"gas_method":"exact"},"2024-01":{"txs":5,"uniq":5,"trade":0,"nft":1,"gas":0.000158,"bal":0.001905,"days":2,"spread":0.064516,"streak":1,"rank_m":95533,"pct_m":0.101571,"gas_method":"exact"},"2024-02":{"txs":2,"uniq":2,"trade":0,"nft":0,"gas":0.000037,"bal":0.002102,"days":1,"spread":0.034483,"streak":1,"rank_m":233287,"pct_m":0.248034,"gas_method":"estimated"},"2024-03":{"txs":6,"uniq":4,"trade":0,"nft":2,"gas":0.000166,"bal":0.002899,"days":4,"spread":0.129032,"streak":2,"rank_m":218013,"pct_m":0.231794,"gas_method":"estimated"},"2024-04":{"txs":6,"uniq":5,"trade":0,"nft":1,"gas":0.00002,"bal":0.00403,"days":4,"spread":0.133333,"streak":2,"rank_m":320131,"pct_m":0.340368,"gas_method":"estimated"},"2024-05":{"txs":5,"uniq":4,"trade":0,"nft":1,"gas":0.000006,"bal":0.005507,"days":3,"spread":0.096774,"streak":1,"rank_m":343874,"pct_m":0.365612,"gas_method":"estimated"},"2024-06":{"txs":2,"uniq":2,"trade":0,"nft":2,"gas":0,"bal":0.01434,"days":2,"spread":0.066667,"streak":1,"rank_m":311709,"pct_m":0.331414,"gas_method":"estimated"},"2024-07":{"txs":6,"uniq":6,"trade":0,"nft":1,"gas":0.000001,"bal":0.00952,"days":3,"spread":0.096774,"streak":2,"rank_m":224374,"pct_m":0.238557,"gas_method":"estimated"},"2024-08":{"txs":18,"uniq":13,"trade":0,"nft":16,"gas":0.000002,"bal":0.005766,"days":8,"spread":0.258065,"streak":3,"rank_m":127917,"pct_m":0.136003,"gas_method":"estimated"},"2024-09":{"txs":23,"uniq":9,"trade":1,"nft":4,"gas":0.000001,"bal":0.006528,"days":11,"spread":0.366667,"streak":3,"rank_m":69024,"pct_m":0.073386,"gas_method":"estimated"},"2024-10":{"txs":19,"uniq":12,"trade":1,"nft":9,"gas":0.000002,"bal":0.019646,"days":9,"spread":0.290323,"streak":3,"rank_m":61168,"pct_m":0.065034,"gas_method":"estimated"},"2024-11":{"txs":4,"uniq":4,"trade":0,"nft":1,"gas":0.000009,"bal":0.014121,"days":1,"spread":0.033333,"streak":1,"rank_m":330984,"pct_m":0.351907,"gas_method":"exact"},"2024-12":{"txs":10,"uniq":9,"trade":2,"nft":1,"gas":0.00022,"bal":0.013516,"days":5,"spread":0.16129,"streak":2,"rank_m":194909,"pct_m":0.20723,"gas_method":"exact"},"2025-01":{"txs":0,"uniq":0,"trade":0,"nft":0,"gas":0,"bal":0.013516,"days":0,"spread":0,"streak":0,"rank_m":593399,"pct_m":0.630911},"2025-02":{"txs":12,"uniq":8,"trade":0,"nft":0,"gas":0.000084,"bal":0.015313,"days":3,"spread":0.107143,"streak":2,"rank_m":162238,"pct_m":0.172493,"gas_method":"exact"},"2025-03":{"txs":5,"uniq":3,"trade":2,"nft":0,"gas":0.00004,"bal":0.019749,"days":4,"spread":0.129032,"streak":1,"rank_m":212764,"pct_m":0.226213,"gas_method":"exact"},"2025-04":{"txs":13,"uniq":11,"trade":1,"nft":0,"gas":0.000078,"bal":0.02286,"days":3,"spread":0.1,"streak":1,"rank_m":130277,"pct_m":0.138512,"gas_method":"exact"},"2025-05":{"txs":2,"uniq":1,"trade":0,"nft":0,"gas":0.000014,"bal":0.036655,"days":1,"spread":0.032258,"streak":1,"rank_m":254761,"pct_m":0.270865,"gas_method":"estimated"},"2025-06":{"txs":52,"uniq":13,"trade":2,"nft":0,"gas":0.000366,"bal":0.037099,"days":10,"spread":0.333333,"streak":2,"rank_m":33252,"pct_m":0.035353,"gas_method":"estimated"},"2025-07":{"txs":64,"uniq":12,"trade":0,"nft":1,"gas":0.00045,"bal":0.028679,"days":13,"spread":0.419355,"streak":3,"rank_m":25982,"pct_m":0.027623,"gas_method":"estimated"},"2025-08":{"txs":25,"uniq":7,"trade":0,"nft":0,"gas":0.000176,"bal":0.017836,"days":9,"spread":0.290323,"streak":3,"rank_m":90193,"pct_m":0.095894,"gas_method":"estimated"},"2025-09":{"txs":36,"uniq":6,"trade":0,"nft":0,"gas":0.000253,"bal":0.018075,"days":10,"spread":0.333333,"streak":2,"rank_m":86321,"pct_m":0.091777,"gas_method":"estimated"},"2025-10":{"txs":17,"uniq":4,"trade":0,"nft":0,"gas":0.00012,"bal":0.013674,"days":5,"spread":0.16129,"streak":2,"rank_m":81354,"pct_m":0.086496,"gas_method":"estimated"}}}