{"wallet":"0x62914787256825f0efad55a61a1687c8f6f413f5","rank":256350,"lifetime":{"months_active":19,"first":"2023-07","last":"2025-10","tx_sum":249,"uniq_sum":93,"trade_sum":8,"nft_sum":19,"gas_sum":0.002567,"avg_balance_eth_mean":0.008989,"streak_best_days":2,"gas_sum_filled":0.002567},"months":{"2023-07":{"txs":0,"uniq":0,"trade":0,"nft":0,"gas":0,"bal":0,"days":0,"spread":0,"streak":0,"rank_m":598199,"pct_m":0.636015},"2023-08":{"txs":12,"uniq":7,"trade":0,"nft":2,"gas":0.000997,"bal":0.004005,"days":4,"spread":0.129032,"streak":2,"rank_m":78266,"pct_m":0.083213,"gas_method":"exact"},"2023-09":{"txs":2,"uniq":2,"trade":0,"nft":3,"gas":0.000108,"bal":0.003885,"days":1,"spread":0.033333,"streak":1,"rank_m":104598,"pct_m":0.111209,"gas_method":"estimated"},"2023-10":{"txs":0,"uniq":0,"trade":0,"nft":0,"gas":0,"bal":0.003885,"days":0,"spread":0,"streak":0,"rank_m":261100,"pct_m":0.277605},"2023-11":{"txs":2,"uniq":2,"trade":0,"nft":0,"gas":0.00005,"bal":0.008002,"days":2,"spread":0.066667,"streak":1,"rank_m":96231,"pct_m":0.102313,"gas_method":"estimated"},"2023-12":{"txs":3,"uniq":3,"trade":0,"nft":0,"gas":0.000139,"bal":0.011102,"days":1,"spread":0.032258,"streak":1,"rank_m":108997,"pct_m":0.115886,"gas_method":"estimated"},"2024-01":{"txs":3,"uniq":3,"trade":0,"nft":0,"gas":0.000108,"bal":0.010669,"days":2,"spread":0.064516,"streak":1,"rank_m":98455,"pct_m":0.104678,"gas_method":"exact"},"2024-02":{"txs":3,"uniq":2,"trade":0,"nft":0,"gas":0.000073,"bal":0.010093,"days":1,"spread":0.034483,"streak":1,"rank_m":192261,"pct_m":0.204414,"gas_method":"estimated"},"2024-03":{"txs":0,"uniq":0,"trade":0,"nft":0,"gas":0,"bal":0.010093,"days":0,"spread":0,"streak":0,"rank_m":386744,"pct_m":0.411192},"2024-04":{"txs":85,"uniq":25,"trade":1,"nft":7,"gas":0.000083,"bal":0.009879,"days":5,"spread":0.166667,"streak":1,"rank_m":100862,"pct_m":0.107237,"gas_method":"exact"},"2024-05":{"txs":1,"uniq":1,"trade":0,"nft":2,"gas":0.000006,"bal":0.012476,"days":1,"spread":0.032258,"streak":1,"rank_m":342027,"pct_m":0.363648,"gas_method":"exact"},"2024-06":{"txs":0,"uniq":0,"trade":0,"nft":0,"gas":0,"bal":0.012476,"days":0,"spread":0,"streak":0,"rank_m":497222,"pct_m":0.528654},"2024-07":{"txs":3,"uniq":3,"trade":0,"nft":2,"gas":0.000001,"bal":0.012473,"days":2,"spread":0.064516,"streak":1,"rank_m":287964,"pct_m":0.306167,"gas_method":"estimated"},"2024-08":{"txs":1,"uniq":1,"trade":0,"nft":1,"gas":0,"bal":0.012471,"days":1,"spread":0.032258,"streak":1,"rank_m":362174,"pct_m":0.385069,"gas_method":"estimated"},"2024-09":{"txs":0,"uniq":0,"trade":0,"nft":0,"gas":0,"bal":0.012471,"days":0,"spread":0,"streak":0,"rank_m":481391,"pct_m":0.511822},"2024-10":{"txs":1,"uniq":1,"trade":0,"nft":1,"gas":0,"bal":0.01247,"days":1,"spread":0.032258,"streak":1,"rank_m":369187,"pct_m":0.392525,"gas_method":"estimated"},"2024-11":{"txs":3,"uniq":1,"trade":0,"nft":1,"gas":0.000007,"bal":0.012469,"days":1,"spread":0.033333,"streak":1,"rank_m":372082,"pct_m":0.395603,"gas_method":"exact"},"2024-12":{"txs":3,"uniq":3,"trade":0,"nft":0,"gas":0.000066,"bal":0.012729,"days":2,"spread":0.064516,"streak":1,"rank_m":432312,"pct_m":0.459641,"gas_method":"exact"},"2025-01":{"txs":3,"uniq":3,"trade":0,"nft":0,"gas":0.000078,"bal":0.013118,"days":1,"spread":0.032258,"streak":1,"rank_m":419273,"pct_m":0.445777,"gas_method":"exact"},"2025-02":{"txs":25,"uniq":14,"trade":7,"nft":0,"gas":0.000155,"bal":0.010343,"days":1,"spread":0.035714,"streak":1,"rank_m":157222,"pct_m":0.16716,"gas_method":"exact"},"2025-03":{"txs":0,"uniq":0,"trade":0,"nft":0,"gas":0,"bal":0.010343,"days":0,"spread":0,"streak":0,"rank_m":585886,"pct_m":0.622923},"2025-04":{"txs":0,"uniq":0,"trade":0,"nft":0,"gas":0,"bal":0.010343,"days":0,"spread":0,"streak":0,"rank_m":618520,"pct_m":0.65762},"2025-05":{"txs":1,"uniq":1,"trade":0,"nft":0,"gas":0.000007,"bal":0.006181,"days":1,"spread":0.032258,"streak":1,"rank_m":378130,"pct_m":0.402034,"gas_method":"estimated"},"2025-06":{"txs":11,"uniq":7,"trade":0,"nft":0,"gas":0.000077,"bal":0.003859,"days":4,"spread":0.133333,"streak":1,"rank_m":317127,"pct_m":0.337174,"gas_method":"estimated"},"2025-07":{"txs":81,"uniq":10,"trade":0,"nft":0,"gas":0.00057,"bal":0.006389,"days":5,"spread":0.16129,"streak":2,"rank_m":171888,"pct_m":0.182753,"gas_method":"estimated"},"2025-08":{"txs":0,"uniq":0,"trade":0,"nft":0,"gas":0,"bal":0.006389,"days":0,"spread":0,"streak":0,"rank_m":576448,"pct_m":0.612889},"2025-09":{"txs":6,"uniq":4,"trade":0,"nft":0,"gas":0.000042,"bal":0.006539,"days":3,"spread":0.1,"streak":2,"rank_m":278363,"pct_m":0.295959,"gas_method":"estimated"},"2025-10":{"txs":0,"uniq":0,"trade":0,"nft":0,"gas":0,"bal":0.006539,"days":0,"spread":0,"streak":0,"rank_m":477691,"pct_m":0.507889}}}