{"wallet":"0x62df54654874e9d527d4ce0c56e76b455c931348","rank":440006,"lifetime":{"months_active":15,"first":"2023-07","last":"2025-10","tx_sum":198,"uniq_sum":119,"trade_sum":26,"nft_sum":67,"gas_sum":0.00079,"avg_balance_eth_mean":0.000526,"streak_best_days":4,"gas_sum_filled":0.00079},"months":{"2023-07":{"txs":0,"uniq":0,"trade":0,"nft":0,"gas":0,"bal":0,"days":0,"spread":0,"streak":0,"rank_m":597139,"pct_m":0.634888},"2023-08":{"txs":0,"uniq":0,"trade":0,"nft":0,"gas":0,"bal":0,"days":0,"spread":0,"streak":0,"rank_m":641569,"pct_m":0.682127},"2023-09":{"txs":0,"uniq":0,"trade":0,"nft":0,"gas":0,"bal":0,"days":0,"spread":0,"streak":0,"rank_m":653480,"pct_m":0.694791},"2023-10":{"txs":2,"uniq":2,"trade":0,"nft":0,"gas":0.000013,"bal":0.000362,"days":1,"spread":0.032258,"streak":1,"rank_m":146045,"pct_m":0.155277,"gas_method":"estimated"},"2023-11":{"txs":0,"uniq":0,"trade":0,"nft":0,"gas":0,"bal":0.000362,"days":0,"spread":0,"streak":0,"rank_m":320569,"pct_m":0.340834},"2023-12":{"txs":0,"uniq":0,"trade":0,"nft":0,"gas":0,"bal":0.000362,"days":0,"spread":0,"streak":0,"rank_m":340995,"pct_m":0.362551},"2024-01":{"txs":5,"uniq":1,"trade":0,"nft":0,"gas":0.000097,"bal":0.001535,"days":1,"spread":0.032258,"streak":1,"rank_m":171146,"pct_m":0.181964,"gas_method":"estimated"},"2024-02":{"txs":2,"uniq":1,"trade":0,"nft":1,"gas":0.000022,"bal":0.000351,"days":1,"spread":0.034483,"streak":1,"rank_m":260617,"pct_m":0.277092,"gas_method":"estimated"},"2024-03":{"txs":0,"uniq":0,"trade":0,"nft":0,"gas":0,"bal":0.000351,"days":0,"spread":0,"streak":0,"rank_m":473054,"pct_m":0.502958},"2024-04":{"txs":6,"uniq":3,"trade":0,"nft":2,"gas":0.000012,"bal":0.000671,"days":2,"spread":0.066667,"streak":1,"rank_m":404729,"pct_m":0.430314,"gas_method":"estimated"},"2024-05":{"txs":0,"uniq":0,"trade":0,"nft":0,"gas":0,"bal":0.000671,"days":0,"spread":0,"streak":0,"rank_m":557164,"pct_m":0.592386},"2024-06":{"txs":0,"uniq":0,"trade":0,"nft":0,"gas":0,"bal":0.000671,"days":0,"spread":0,"streak":0,"rank_m":577170,"pct_m":0.613656},"2024-07":{"txs":13,"uniq":6,"trade":0,"nft":1,"gas":0.000001,"bal":0.000682,"days":3,"spread":0.096774,"streak":1,"rank_m":357060,"pct_m":0.379632,"gas_method":"estimated"},"2024-08":{"txs":74,"uniq":63,"trade":0,"nft":63,"gas":0.000006,"bal":0.000452,"days":11,"spread":0.354839,"streak":4,"rank_m":141188,"pct_m":0.150113,"gas_method":"estimated"},"2024-09":{"txs":13,"uniq":7,"trade":0,"nft":0,"gas":0,"bal":0.000463,"days":3,"spread":0.1,"streak":2,"rank_m":345755,"pct_m":0.367612,"gas_method":"estimated"},"2024-10":{"txs":0,"uniq":0,"trade":0,"nft":0,"gas":0,"bal":0.000463,"days":0,"spread":0,"streak":0,"rank_m":648877,"pct_m":0.689897},"2024-11":{"txs":0,"uniq":0,"trade":0,"nft":0,"gas":0,"bal":0.000463,"days":0,"spread":0,"streak":0,"rank_m":661804,"pct_m":0.703641},"2024-12":{"txs":0,"uniq":0,"trade":0,"nft":0,"gas":0,"bal":0.000463,"days":0,"spread":0,"streak":0,"rank_m":697964,"pct_m":0.742087},"2025-01":{"txs":5,"uniq":4,"trade":0,"nft":0,"gas":0.000104,"bal":0.000092,"days":1,"spread":0.032258,"streak":1,"rank_m":506291,"pct_m":0.538297,"gas_method":"exact"},"2025-02":{"txs":7,"uniq":3,"trade":0,"nft":0,"gas":0.000035,"bal":0.000096,"days":1,"spread":0.035714,"streak":1,"rank_m":458596,"pct_m":0.487586,"gas_method":"exact"},"2025-03":{"txs":36,"uniq":12,"trade":24,"nft":0,"gas":0.000277,"bal":0.001304,"days":3,"spread":0.096774,"streak":1,"rank_m":163918,"pct_m":0.174279,"gas_method":"exact"},"2025-04":{"txs":10,"uniq":4,"trade":0,"nft":0,"gas":0.000048,"bal":0.001671,"days":4,"spread":0.133333,"streak":2,"rank_m":262402,"pct_m":0.278989,"gas_method":"exact"},"2025-05":{"txs":9,"uniq":5,"trade":0,"nft":0,"gas":0.000063,"bal":0.000891,"days":4,"spread":0.129032,"streak":2,"rank_m":345079,"pct_m":0.366893,"gas_method":"estimated"},"2025-06":{"txs":8,"uniq":5,"trade":2,"nft":0,"gas":0.000056,"bal":0.000964,"days":1,"spread":0.033333,"streak":1,"rank_m":392258,"pct_m":0.417055,"gas_method":"estimated"},"2025-07":{"txs":6,"uniq":1,"trade":0,"nft":0,"gas":0.000042,"bal":0.00065,"days":5,"spread":0.16129,"streak":2,"rank_m":486056,"pct_m":0.516782,"gas_method":"estimated"},"2025-08":{"txs":2,"uniq":2,"trade":0,"nft":0,"gas":0.000014,"bal":0.000248,"days":2,"spread":0.064516,"streak":1,"rank_m":575447,"pct_m":0.611824,"gas_method":"estimated"},"2025-09":{"txs":0,"uniq":0,"trade":0,"nft":0,"gas":0,"bal":0.000248,"days":0,"spread":0,"streak":0,"rank_m":782488,"pct_m":0.831954},"2025-10":{"txs":0,"uniq":0,"trade":0,"nft":0,"gas":0,"bal":0.000248,"days":0,"spread":0,"streak":0,"rank_m":737863,"pct_m":0.784508}}}