{"wallet":"0x62cfc31f574f8ec9719d719709bcce9866becacd","rank":269632,"lifetime":{"months_active":25,"first":"2023-07","last":"2025-10","tx_sum":156,"uniq_sum":104,"trade_sum":5,"nft_sum":19,"gas_sum":0.003496,"avg_balance_eth_mean":0.008098,"streak_best_days":3,"gas_sum_filled":0.003496},"months":{"2023-07":{"txs":0,"uniq":0,"trade":0,"nft":0,"gas":0,"bal":0,"days":0,"spread":0,"streak":0,"rank_m":597339,"pct_m":0.6351},"2023-08":{"txs":8,"uniq":6,"trade":1,"nft":4,"gas":0.00072,"bal":0.005206,"days":4,"spread":0.129032,"streak":1,"rank_m":76456,"pct_m":0.081288,"gas_method":"exact"},"2023-09":{"txs":1,"uniq":1,"trade":0,"nft":1,"gas":0.000025,"bal":0.007057,"days":1,"spread":0.033333,"streak":1,"rank_m":110839,"pct_m":0.117845,"gas_method":"exact"},"2023-10":{"txs":1,"uniq":1,"trade":0,"nft":1,"gas":0.000027,"bal":0.00087,"days":1,"spread":0.032258,"streak":1,"rank_m":117699,"pct_m":0.125139,"gas_method":"exact"},"2023-11":{"txs":6,"uniq":5,"trade":0,"nft":0,"gas":0.000232,"bal":0.001431,"days":3,"spread":0.1,"streak":1,"rank_m":105651,"pct_m":0.112329,"gas_method":"estimated"},"2023-12":{"txs":2,"uniq":2,"trade":0,"nft":1,"gas":0.000145,"bal":0.001098,"days":2,"spread":0.064516,"streak":1,"rank_m":142824,"pct_m":0.151852,"gas_method":"estimated"},"2024-01":{"txs":2,"uniq":2,"trade":1,"nft":1,"gas":0.000135,"bal":0.013851,"days":1,"spread":0.032258,"streak":1,"rank_m":103978,"pct_m":0.11055,"gas_method":"estimated"},"2024-02":{"txs":4,"uniq":3,"trade":0,"nft":2,"gas":0.000152,"bal":0.055053,"days":2,"spread":0.068966,"streak":1,"rank_m":130496,"pct_m":0.138745,"gas_method":"estimated"},"2024-03":{"txs":10,"uniq":6,"trade":0,"nft":2,"gas":0.001002,"bal":0.061306,"days":5,"spread":0.16129,"streak":2,"rank_m":109477,"pct_m":0.116397,"gas_method":"exact"},"2024-04":{"txs":2,"uniq":2,"trade":0,"nft":0,"gas":0.000014,"bal":0.037464,"days":2,"spread":0.066667,"streak":1,"rank_m":340357,"pct_m":0.361873,"gas_method":"estimated"},"2024-05":{"txs":14,"uniq":11,"trade":0,"nft":3,"gas":0.000004,"bal":0.00189,"days":8,"spread":0.258065,"streak":2,"rank_m":181261,"pct_m":0.192719,"gas_method":"exact"},"2024-06":{"txs":6,"uniq":6,"trade":0,"nft":2,"gas":0,"bal":0.001307,"days":3,"spread":0.1,"streak":1,"rank_m":285175,"pct_m":0.303202,"gas_method":"exact"},"2024-07":{"txs":0,"uniq":0,"trade":0,"nft":0,"gas":0,"bal":0.001307,"days":0,"spread":0,"streak":0,"rank_m":566891,"pct_m":0.602728},"2024-08":{"txs":1,"uniq":1,"trade":0,"nft":0,"gas":0,"bal":0.001111,"days":1,"spread":0.032258,"streak":1,"rank_m":486929,"pct_m":0.517711,"gas_method":"estimated"},"2024-09":{"txs":2,"uniq":2,"trade":1,"nft":2,"gas":0,"bal":0.00111,"days":1,"spread":0.033333,"streak":1,"rank_m":357608,"pct_m":0.380214,"gas_method":"estimated"},"2024-10":{"txs":5,"uniq":5,"trade":1,"nft":0,"gas":0.000001,"bal":0.001118,"days":1,"spread":0.032258,"streak":1,"rank_m":374402,"pct_m":0.39807,"gas_method":"estimated"},"2024-11":{"txs":2,"uniq":2,"trade":0,"nft":0,"gas":0.000005,"bal":0.001119,"days":1,"spread":0.033333,"streak":1,"rank_m":466958,"pct_m":0.496477,"gas_method":"exact"},"2024-12":{"txs":9,"uniq":5,"trade":0,"nft":0,"gas":0.000198,"bal":0.000909,"days":5,"spread":0.16129,"streak":1,"rank_m":385983,"pct_m":0.410383,"gas_method":"exact"},"2025-01":{"txs":17,"uniq":12,"trade":0,"nft":0,"gas":0.00039,"bal":0.000608,"days":4,"spread":0.129032,"streak":2,"rank_m":274207,"pct_m":0.291541,"gas_method":"exact"},"2025-02":{"txs":9,"uniq":7,"trade":1,"nft":0,"gas":0.000063,"bal":0.001538,"days":2,"spread":0.071429,"streak":2,"rank_m":235118,"pct_m":0.249981,"gas_method":"exact"},"2025-03":{"txs":0,"uniq":0,"trade":0,"nft":0,"gas":0,"bal":0.001538,"days":0,"spread":0,"streak":0,"rank_m":668488,"pct_m":0.710747},"2025-04":{"txs":3,"uniq":3,"trade":0,"nft":0,"gas":0.000018,"bal":0.001469,"days":3,"spread":0.1,"streak":2,"rank_m":378077,"pct_m":0.401977,"gas_method":"exact"},"2025-05":{"txs":12,"uniq":7,"trade":0,"nft":0,"gas":0.000084,"bal":0.001387,"days":2,"spread":0.064516,"streak":1,"rank_m":345570,"pct_m":0.367415,"gas_method":"estimated"},"2025-06":{"txs":8,"uniq":4,"trade":0,"nft":0,"gas":0.000056,"bal":0.00196,"days":5,"spread":0.166667,"streak":2,"rank_m":365390,"pct_m":0.388488,"gas_method":"estimated"},"2025-07":{"txs":4,"uniq":1,"trade":0,"nft":0,"gas":0.000028,"bal":0.006698,"days":3,"spread":0.096774,"streak":2,"rank_m":339659,"pct_m":0.36113,"gas_method":"estimated"},"2025-08":{"txs":17,"uniq":4,"trade":0,"nft":0,"gas":0.00012,"bal":0.007649,"days":9,"spread":0.290323,"streak":3,"rank_m":192190,"pct_m":0.204339,"gas_method":"estimated"},"2025-09":{"txs":7,"uniq":5,"trade":0,"nft":0,"gas":0.000049,"bal":0.007633,"days":3,"spread":0.1,"streak":1,"rank_m":282423,"pct_m":0.300276,"gas_method":"estimated"},"2025-10":{"txs":4,"uniq":1,"trade":0,"nft":0,"gas":0.000028,"bal":0.003048,"days":1,"spread":0.032258,"streak":1,"rank_m":309573,"pct_m":0.329142,"gas_method":"estimated"}}}