{"wallet":"0x6294d6d29e23b1243b5d2d223e0636e2ae45dfbc","rank":78580,"lifetime":{"months_active":18,"first":"2023-07","last":"2025-10","tx_sum":1496,"uniq_sum":60,"trade_sum":6,"nft_sum":11,"gas_sum":0.04801,"avg_balance_eth_mean":0.040681,"streak_best_days":19,"gas_sum_filled":0.04801},"months":{"2023-07":{"txs":0,"uniq":0,"trade":0,"nft":0,"gas":0,"bal":0,"days":0,"spread":0,"streak":0,"rank_m":598147,"pct_m":0.63596},"2023-08":{"txs":170,"uniq":2,"trade":0,"nft":0,"gas":0.02601,"bal":0.077498,"days":17,"spread":0.548387,"streak":6,"rank_m":32738,"pct_m":0.034807,"gas_method":"exact"},"2023-09":{"txs":268,"uniq":8,"trade":0,"nft":3,"gas":0.016986,"bal":0.109896,"days":25,"spread":0.833333,"streak":19,"rank_m":4192,"pct_m":0.004456,"gas_method":"exact"},"2023-10":{"txs":102,"uniq":3,"trade":0,"nft":1,"gas":0.000438,"bal":0.057095,"days":25,"spread":0.806452,"streak":8,"rank_m":10637,"pct_m":0.011308,"gas_method":"exact"},"2023-11":{"txs":119,"uniq":3,"trade":0,"nft":1,"gas":0.001272,"bal":0.063663,"days":14,"spread":0.466667,"streak":5,"rank_m":13442,"pct_m":0.014291,"gas_method":"estimated"},"2023-12":{"txs":2,"uniq":1,"trade":4,"nft":0,"gas":0.00004,"bal":0.010558,"days":1,"spread":0.032258,"streak":1,"rank_m":96752,"pct_m":0.102867,"gas_method":"estimated"},"2024-01":{"txs":6,"uniq":2,"trade":0,"nft":0,"gas":0.000124,"bal":0.016855,"days":3,"spread":0.096774,"streak":1,"rank_m":84844,"pct_m":0.090207,"gas_method":"exact"},"2024-02":{"txs":1,"uniq":1,"trade":0,"nft":0,"gas":0.000011,"bal":0.014393,"days":1,"spread":0.034483,"streak":1,"rank_m":205552,"pct_m":0.218545,"gas_method":"estimated"},"2024-03":{"txs":48,"uniq":1,"trade":0,"nft":0,"gas":0.000758,"bal":0.046072,"days":15,"spread":0.483871,"streak":9,"rank_m":90656,"pct_m":0.096386,"gas_method":"estimated"},"2024-04":{"txs":50,"uniq":7,"trade":2,"nft":2,"gas":0.00003,"bal":0.033628,"days":16,"spread":0.533333,"streak":9,"rank_m":54403,"pct_m":0.057841,"gas_method":"exact"},"2024-05":{"txs":323,"uniq":12,"trade":0,"nft":4,"gas":0.000209,"bal":0.073596,"days":25,"spread":0.806452,"streak":8,"rank_m":24771,"pct_m":0.026336,"gas_method":"estimated"},"2024-06":{"txs":81,"uniq":1,"trade":0,"nft":0,"gas":0,"bal":0.037784,"days":7,"spread":0.233333,"streak":2,"rank_m":136834,"pct_m":0.145483,"gas_method":"exact"},"2024-07":{"txs":16,"uniq":1,"trade":0,"nft":0,"gas":0.000002,"bal":0.038887,"days":6,"spread":0.193548,"streak":1,"rank_m":213085,"pct_m":0.226555,"gas_method":"estimated"},"2024-08":{"txs":0,"uniq":0,"trade":0,"nft":0,"gas":0,"bal":0.038887,"days":0,"spread":0,"streak":0,"rank_m":481190,"pct_m":0.511609},"2024-09":{"txs":0,"uniq":0,"trade":0,"nft":0,"gas":0,"bal":0.038887,"days":0,"spread":0,"streak":0,"rank_m":448051,"pct_m":0.476375},"2024-10":{"txs":9,"uniq":3,"trade":0,"nft":0,"gas":0.000001,"bal":0.038874,"days":6,"spread":0.193548,"streak":3,"rank_m":163061,"pct_m":0.173368,"gas_method":"exact"},"2024-11":{"txs":18,"uniq":2,"trade":0,"nft":0,"gas":0.000037,"bal":0.035148,"days":2,"spread":0.066667,"streak":2,"rank_m":235419,"pct_m":0.250301,"gas_method":"exact"},"2024-12":{"txs":0,"uniq":0,"trade":0,"nft":0,"gas":0,"bal":0.035148,"days":0,"spread":0,"streak":0,"rank_m":590221,"pct_m":0.627532},"2025-01":{"txs":8,"uniq":4,"trade":0,"nft":0,"gas":0.000156,"bal":0.026393,"days":5,"spread":0.16129,"streak":1,"rank_m":292678,"pct_m":0.311179,"gas_method":"exact"},"2025-02":{"txs":0,"uniq":0,"trade":0,"nft":0,"gas":0,"bal":0.026393,"days":0,"spread":0,"streak":0,"rank_m":571675,"pct_m":0.607814},"2025-03":{"txs":1,"uniq":1,"trade":0,"nft":0,"gas":0.000008,"bal":0.01095,"days":1,"spread":0.032258,"streak":1,"rank_m":413606,"pct_m":0.439752,"gas_method":"exact"},"2025-04":{"txs":0,"uniq":0,"trade":0,"nft":0,"gas":0,"bal":0.01095,"days":0,"spread":0,"streak":0,"rank_m":615938,"pct_m":0.654875},"2025-05":{"txs":3,"uniq":3,"trade":0,"nft":0,"gas":0.000021,"bal":0.028759,"days":1,"spread":0.032258,"streak":1,"rank_m":217702,"pct_m":0.231464,"gas_method":"estimated"},"2025-06":{"txs":0,"uniq":0,"trade":0,"nft":0,"gas":0,"bal":0.028759,"days":0,"spread":0,"streak":0,"rank_m":464808,"pct_m":0.494191},"2025-07":{"txs":271,"uniq":5,"trade":0,"nft":0,"gas":0.001907,"bal":0.06,"days":1,"spread":0.032258,"streak":1,"rank_m":134936,"pct_m":0.143465,"gas_method":"estimated"},"2025-08":{"txs":0,"uniq":0,"trade":0,"nft":0,"gas":0,"bal":0.06,"days":0,"spread":0,"streak":0,"rank_m":429308,"pct_m":0.456447},"2025-09":{"txs":0,"uniq":0,"trade":0,"nft":0,"gas":0,"bal":0.06,"days":0,"spread":0,"streak":0,"rank_m":425898,"pct_m":0.452821},"2025-10":{"txs":0,"uniq":0,"trade":0,"nft":0,"gas":0,"bal":0.06,"days":0,"spread":0,"streak":0,"rank_m":331533,"pct_m":0.352491}}}