{"wallet":"0x62f354d79caf90ab72ab05f037400ddec2f4668e","rank":170455,"lifetime":{"months_active":23,"first":"2023-07","last":"2025-10","tx_sum":401,"uniq_sum":173,"trade_sum":15,"nft_sum":56,"gas_sum":0.005248,"avg_balance_eth_mean":0.0011,"streak_best_days":3,"gas_sum_filled":0.005248},"months":{"2023-07":{"txs":0,"uniq":0,"trade":0,"nft":0,"gas":0,"bal":0,"days":0,"spread":0,"streak":0,"rank_m":596884,"pct_m":0.634617},"2023-08":{"txs":0,"uniq":0,"trade":0,"nft":0,"gas":0,"bal":0,"days":0,"spread":0,"streak":0,"rank_m":641342,"pct_m":0.681885},"2023-09":{"txs":37,"uniq":16,"trade":5,"nft":4,"gas":0.001522,"bal":0.000356,"days":6,"spread":0.2,"streak":2,"rank_m":55186,"pct_m":0.058674,"gas_method":"estimated"},"2023-10":{"txs":62,"uniq":18,"trade":6,"nft":6,"gas":0.000863,"bal":0.002731,"days":8,"spread":0.258065,"streak":3,"rank_m":11467,"pct_m":0.012191,"gas_method":"exact"},"2023-11":{"txs":21,"uniq":6,"trade":0,"nft":2,"gas":0.000395,"bal":0.001362,"days":3,"spread":0.1,"streak":1,"rank_m":74811,"pct_m":0.079539,"gas_method":"estimated"},"2023-12":{"txs":13,"uniq":5,"trade":0,"nft":4,"gas":0.000445,"bal":0.000491,"days":5,"spread":0.16129,"streak":3,"rank_m":46974,"pct_m":0.049943,"gas_method":"exact"},"2024-01":{"txs":24,"uniq":16,"trade":1,"nft":12,"gas":0.000522,"bal":0.002278,"days":5,"spread":0.16129,"streak":2,"rank_m":26120,"pct_m":0.02777,"gas_method":"exact"},"2024-02":{"txs":7,"uniq":4,"trade":0,"nft":3,"gas":0.000075,"bal":0.002204,"days":4,"spread":0.137931,"streak":2,"rank_m":105572,"pct_m":0.112245,"gas_method":"exact"},"2024-03":{"txs":18,"uniq":8,"trade":0,"nft":8,"gas":0.000268,"bal":0.002879,"days":6,"spread":0.193548,"streak":3,"rank_m":108369,"pct_m":0.115219,"gas_method":"exact"},"2024-04":{"txs":24,"uniq":12,"trade":0,"nft":1,"gas":0.000122,"bal":0.001885,"days":5,"spread":0.166667,"streak":1,"rank_m":241479,"pct_m":0.256744,"gas_method":"exact"},"2024-05":{"txs":28,"uniq":9,"trade":0,"nft":4,"gas":0.000032,"bal":0.000952,"days":8,"spread":0.258065,"streak":3,"rank_m":228080,"pct_m":0.242498,"gas_method":"estimated"},"2024-06":{"txs":10,"uniq":3,"trade":0,"nft":0,"gas":0,"bal":0.000769,"days":3,"spread":0.1,"streak":1,"rank_m":419879,"pct_m":0.446422,"gas_method":"estimated"},"2024-07":{"txs":20,"uniq":9,"trade":0,"nft":3,"gas":0.000003,"bal":0.001262,"days":3,"spread":0.096774,"streak":1,"rank_m":279735,"pct_m":0.297418,"gas_method":"estimated"},"2024-08":{"txs":21,"uniq":6,"trade":0,"nft":1,"gas":0.000009,"bal":0.002263,"days":9,"spread":0.290323,"streak":1,"rank_m":188349,"pct_m":0.200255,"gas_method":"exact"},"2024-09":{"txs":16,"uniq":8,"trade":1,"nft":4,"gas":0.000001,"bal":0.001391,"days":6,"spread":0.2,"streak":3,"rank_m":161467,"pct_m":0.171674,"gas_method":"estimated"},"2024-10":{"txs":12,"uniq":6,"trade":0,"nft":1,"gas":0.000001,"bal":0.000896,"days":4,"spread":0.129032,"streak":1,"rank_m":358026,"pct_m":0.380659,"gas_method":"estimated"},"2024-11":{"txs":23,"uniq":10,"trade":1,"nft":1,"gas":0.000053,"bal":0.000417,"days":7,"spread":0.233333,"streak":2,"rank_m":204735,"pct_m":0.217677,"gas_method":"exact"},"2024-12":{"txs":16,"uniq":7,"trade":1,"nft":0,"gas":0.000353,"bal":0.000037,"days":4,"spread":0.129032,"streak":1,"rank_m":359069,"pct_m":0.381768,"gas_method":"exact"},"2025-01":{"txs":14,"uniq":6,"trade":0,"nft":1,"gas":0.000338,"bal":0.000437,"days":3,"spread":0.096774,"streak":1,"rank_m":336816,"pct_m":0.358108,"gas_method":"exact"},"2025-02":{"txs":4,"uniq":3,"trade":0,"nft":0,"gas":0.000028,"bal":0.00048,"days":1,"spread":0.035714,"streak":1,"rank_m":454774,"pct_m":0.483523,"gas_method":"exact"},"2025-03":{"txs":4,"uniq":3,"trade":0,"nft":0,"gas":0.000032,"bal":0.000475,"days":1,"spread":0.032258,"streak":1,"rank_m":431500,"pct_m":0.458777,"gas_method":"exact"},"2025-04":{"txs":3,"uniq":3,"trade":0,"nft":0,"gas":0.000018,"bal":0.000468,"days":2,"spread":0.066667,"streak":1,"rank_m":460739,"pct_m":0.489865,"gas_method":"exact"},"2025-05":{"txs":8,"uniq":3,"trade":0,"nft":0,"gas":0.000056,"bal":0.00045,"days":2,"spread":0.064516,"streak":1,"rank_m":490258,"pct_m":0.52125,"gas_method":"estimated"},"2025-06":{"txs":0,"uniq":0,"trade":0,"nft":0,"gas":0,"bal":0.00045,"days":0,"spread":0,"streak":0,"rank_m":761290,"pct_m":0.809416},"2025-07":{"txs":9,"uniq":7,"trade":0,"nft":1,"gas":0.000063,"bal":0.000596,"days":2,"spread":0.064516,"streak":2,"rank_m":368102,"pct_m":0.391372,"gas_method":"estimated"},"2025-08":{"txs":7,"uniq":5,"trade":0,"nft":0,"gas":0.000049,"bal":0.001758,"days":2,"spread":0.064516,"streak":2,"rank_m":371507,"pct_m":0.394992,"gas_method":"estimated"},"2025-09":{"txs":0,"uniq":0,"trade":0,"nft":0,"gas":0,"bal":0.001758,"days":0,"spread":0,"streak":0,"rank_m":657240,"pct_m":0.698788},"2025-10":{"txs":0,"uniq":0,"trade":0,"nft":0,"gas":0,"bal":0.001758,"days":0,"spread":0,"streak":0,"rank_m":590638,"pct_m":0.627976}}}