{"wallet":"0x62d1699f9959a4871c048da2397964c68a976a91","rank":365358,"lifetime":{"months_active":10,"first":"2023-07","last":"2025-10","tx_sum":231,"uniq_sum":64,"trade_sum":8,"nft_sum":16,"gas_sum":0.002008,"avg_balance_eth_mean":0.019903,"streak_best_days":4,"gas_sum_filled":0.002008},"months":{"2023-07":{"txs":0,"uniq":0,"trade":0,"nft":0,"gas":0,"bal":0,"days":0,"spread":0,"streak":0,"rank_m":597321,"pct_m":0.635081},"2023-08":{"txs":0,"uniq":0,"trade":0,"nft":0,"gas":0,"bal":0,"days":0,"spread":0,"streak":0,"rank_m":641727,"pct_m":0.682295},"2023-09":{"txs":0,"uniq":0,"trade":0,"nft":0,"gas":0,"bal":0,"days":0,"spread":0,"streak":0,"rank_m":653634,"pct_m":0.694954},"2023-10":{"txs":0,"uniq":0,"trade":0,"nft":0,"gas":0,"bal":0,"days":0,"spread":0,"streak":0,"rank_m":663254,"pct_m":0.705182},"2023-11":{"txs":0,"uniq":0,"trade":0,"nft":0,"gas":0,"bal":0,"days":0,"spread":0,"streak":0,"rank_m":671697,"pct_m":0.714159},"2023-12":{"txs":0,"uniq":0,"trade":0,"nft":0,"gas":0,"bal":0,"days":0,"spread":0,"streak":0,"rank_m":681927,"pct_m":0.725036},"2024-01":{"txs":0,"uniq":0,"trade":0,"nft":0,"gas":0,"bal":0,"days":0,"spread":0,"streak":0,"rank_m":691024,"pct_m":0.734708},"2024-02":{"txs":0,"uniq":0,"trade":0,"nft":0,"gas":0,"bal":0,"days":0,"spread":0,"streak":0,"rank_m":710680,"pct_m":0.755607},"2024-03":{"txs":80,"uniq":19,"trade":8,"nft":5,"gas":0.001704,"bal":0.015343,"days":13,"spread":0.419355,"streak":4,"rank_m":11166,"pct_m":0.011871,"gas_method":"exact"},"2024-04":{"txs":41,"uniq":5,"trade":0,"nft":1,"gas":0.000152,"bal":0.017706,"days":10,"spread":0.333333,"streak":3,"rank_m":155751,"pct_m":0.165596,"gas_method":"estimated"},"2024-05":{"txs":43,"uniq":10,"trade":0,"nft":2,"gas":0.000053,"bal":0.012474,"days":13,"spread":0.419355,"streak":4,"rank_m":93976,"pct_m":0.099916,"gas_method":"estimated"},"2024-06":{"txs":21,"uniq":9,"trade":0,"nft":3,"gas":0.000001,"bal":0.028391,"days":7,"spread":0.233333,"streak":3,"rank_m":91923,"pct_m":0.097733,"gas_method":"estimated"},"2024-07":{"txs":8,"uniq":4,"trade":0,"nft":1,"gas":0.000001,"bal":0.032666,"days":4,"spread":0.129032,"streak":1,"rank_m":208004,"pct_m":0.221153,"gas_method":"estimated"},"2024-08":{"txs":4,"uniq":3,"trade":0,"nft":2,"gas":0.000001,"bal":0.032032,"days":1,"spread":0.032258,"streak":1,"rank_m":290150,"pct_m":0.308492,"gas_method":"estimated"},"2024-09":{"txs":6,"uniq":2,"trade":0,"nft":0,"gas":0,"bal":0.030967,"days":2,"spread":0.066667,"streak":1,"rank_m":245926,"pct_m":0.261472,"gas_method":"estimated"},"2024-10":{"txs":10,"uniq":4,"trade":0,"nft":1,"gas":0.000001,"bal":0.030032,"days":4,"spread":0.129032,"streak":1,"rank_m":213318,"pct_m":0.226802,"gas_method":"estimated"},"2024-11":{"txs":6,"uniq":3,"trade":0,"nft":0,"gas":0.000011,"bal":0.028658,"days":2,"spread":0.066667,"streak":1,"rank_m":329879,"pct_m":0.350732,"gas_method":"exact"},"2024-12":{"txs":0,"uniq":0,"trade":0,"nft":0,"gas":0,"bal":0.028658,"days":0,"spread":0,"streak":0,"rank_m":592980,"pct_m":0.630466},"2025-01":{"txs":0,"uniq":0,"trade":0,"nft":0,"gas":0,"bal":0.028658,"days":0,"spread":0,"streak":0,"rank_m":578052,"pct_m":0.614594},"2025-02":{"txs":0,"uniq":0,"trade":0,"nft":0,"gas":0,"bal":0.028658,"days":0,"spread":0,"streak":0,"rank_m":569646,"pct_m":0.605657},"2025-03":{"txs":0,"uniq":0,"trade":0,"nft":0,"gas":0,"bal":0.028658,"days":0,"spread":0,"streak":0,"rank_m":550506,"pct_m":0.585307},"2025-04":{"txs":0,"uniq":0,"trade":0,"nft":0,"gas":0,"bal":0.028658,"days":0,"spread":0,"streak":0,"rank_m":584033,"pct_m":0.620953},"2025-05":{"txs":0,"uniq":0,"trade":0,"nft":0,"gas":0,"bal":0.028658,"days":0,"spread":0,"streak":0,"rank_m":464926,"pct_m":0.494317},"2025-06":{"txs":0,"uniq":0,"trade":0,"nft":0,"gas":0,"bal":0.028658,"days":0,"spread":0,"streak":0,"rank_m":464847,"pct_m":0.494233},"2025-07":{"txs":0,"uniq":0,"trade":0,"nft":0,"gas":0,"bal":0.028658,"days":0,"spread":0,"streak":0,"rank_m":482746,"pct_m":0.513263},"2025-08":{"txs":0,"uniq":0,"trade":0,"nft":0,"gas":0,"bal":0.028658,"days":0,"spread":0,"streak":0,"rank_m":458650,"pct_m":0.487644},"2025-09":{"txs":0,"uniq":0,"trade":0,"nft":0,"gas":0,"bal":0.028658,"days":0,"spread":0,"streak":0,"rank_m":455532,"pct_m":0.484329},"2025-10":{"txs":12,"uniq":5,"trade":0,"nft":1,"gas":0.000084,"bal":0.042435,"days":4,"spread":0.129032,"streak":2,"rank_m":41180,"pct_m":0.043782,"gas_method":"estimated"}}}