{"wallet":"0x62af01f7a5b0d7bc581a6552b84eafafae3278b8","rank":39743,"lifetime":{"months_active":25,"first":"2023-07","last":"2025-10","tx_sum":316,"uniq_sum":198,"trade_sum":8,"nft_sum":74,"gas_sum":0.005676,"avg_balance_eth_mean":0.0848,"streak_best_days":25,"gas_sum_filled":0.005676},"months":{"2023-07":{"txs":0,"uniq":0,"trade":0,"nft":0,"gas":0,"bal":0,"days":0,"spread":0,"streak":0,"rank_m":597769,"pct_m":0.635558},"2023-08":{"txs":14,"uniq":7,"trade":0,"nft":4,"gas":0.001412,"bal":0.005335,"days":1,"spread":0.032258,"streak":1,"rank_m":88196,"pct_m":0.093771,"gas_method":"exact"},"2023-09":{"txs":24,"uniq":11,"trade":2,"nft":3,"gas":0.001941,"bal":0.034496,"days":7,"spread":0.233333,"streak":2,"rank_m":10991,"pct_m":0.011685,"gas_method":"exact"},"2023-10":{"txs":6,"uniq":3,"trade":0,"nft":3,"gas":0.0001,"bal":0.009309,"days":3,"spread":0.096774,"streak":1,"rank_m":52185,"pct_m":0.055483,"gas_method":"exact"},"2023-11":{"txs":2,"uniq":2,"trade":1,"nft":0,"gas":0.000056,"bal":0.019806,"days":1,"spread":0.033333,"streak":1,"rank_m":66220,"pct_m":0.070405,"gas_method":"exact"},"2023-12":{"txs":5,"uniq":4,"trade":0,"nft":3,"gas":0.000273,"bal":0.019136,"days":3,"spread":0.096774,"streak":1,"rank_m":55885,"pct_m":0.059417,"gas_method":"estimated"},"2024-01":{"txs":28,"uniq":9,"trade":4,"nft":5,"gas":0.000354,"bal":0.017097,"days":5,"spread":0.16129,"streak":2,"rank_m":12721,"pct_m":0.013524,"gas_method":"exact"},"2024-02":{"txs":14,"uniq":14,"trade":0,"nft":15,"gas":0.000402,"bal":0.017287,"days":5,"spread":0.172414,"streak":2,"rank_m":40850,"pct_m":0.043431,"gas_method":"estimated"},"2024-03":{"txs":7,"uniq":7,"trade":0,"nft":3,"gas":0.000301,"bal":0.013895,"days":3,"spread":0.096774,"streak":1,"rank_m":180935,"pct_m":0.192372,"gas_method":"estimated"},"2024-04":{"txs":13,"uniq":8,"trade":1,"nft":3,"gas":0.000069,"bal":0.186295,"days":5,"spread":0.166667,"streak":1,"rank_m":170438,"pct_m":0.181212,"gas_method":"estimated"},"2024-05":{"txs":16,"uniq":6,"trade":0,"nft":2,"gas":0.000028,"bal":0.014053,"days":5,"spread":0.16129,"streak":2,"rank_m":192236,"pct_m":0.204388,"gas_method":"estimated"},"2024-06":{"txs":6,"uniq":4,"trade":0,"nft":0,"gas":0,"bal":0.014344,"days":3,"spread":0.1,"streak":1,"rank_m":293448,"pct_m":0.311998,"gas_method":"estimated"},"2024-07":{"txs":21,"uniq":11,"trade":0,"nft":5,"gas":0.000006,"bal":0.013305,"days":4,"spread":0.129032,"streak":2,"rank_m":110034,"pct_m":0.116989,"gas_method":"estimated"},"2024-08":{"txs":9,"uniq":8,"trade":0,"nft":6,"gas":0.000002,"bal":0.1749,"days":4,"spread":0.129032,"streak":1,"rank_m":159670,"pct_m":0.169763,"gas_method":"estimated"},"2024-09":{"txs":9,"uniq":8,"trade":0,"nft":5,"gas":0.000001,"bal":0.176267,"days":1,"spread":0.033333,"streak":1,"rank_m":142899,"pct_m":0.151932,"gas_method":"estimated"},"2024-10":{"txs":39,"uniq":22,"trade":0,"nft":15,"gas":0.000006,"bal":0.021019,"days":9,"spread":0.290323,"streak":3,"rank_m":46013,"pct_m":0.048921,"gas_method":"estimated"},"2024-11":{"txs":35,"uniq":29,"trade":0,"nft":2,"gas":0.00008,"bal":0.015704,"days":22,"spread":0.733333,"streak":22,"rank_m":31533,"pct_m":0.033525,"gas_method":"exact"},"2024-12":{"txs":7,"uniq":6,"trade":0,"nft":0,"gas":0.000154,"bal":0.661353,"days":5,"spread":0.16129,"streak":1,"rank_m":286786,"pct_m":0.304915,"gas_method":"exact"},"2025-01":{"txs":6,"uniq":5,"trade":0,"nft":0,"gas":0.000156,"bal":0.795918,"days":2,"spread":0.064516,"streak":1,"rank_m":303831,"pct_m":0.323037,"gas_method":"exact"},"2025-02":{"txs":10,"uniq":5,"trade":0,"nft":0,"gas":0.000056,"bal":0.014195,"days":4,"spread":0.142857,"streak":2,"rank_m":192618,"pct_m":0.204794,"gas_method":"exact"},"2025-03":{"txs":8,"uniq":4,"trade":0,"nft":0,"gas":0.000047,"bal":0.013243,"days":4,"spread":0.129032,"streak":1,"rank_m":245227,"pct_m":0.260729,"gas_method":"exact"},"2025-04":{"txs":10,"uniq":5,"trade":0,"nft":0,"gas":0.000042,"bal":0.026457,"days":3,"spread":0.1,"streak":1,"rank_m":215563,"pct_m":0.229189,"gas_method":"exact"},"2025-05":{"txs":15,"uniq":10,"trade":0,"nft":0,"gas":0.000106,"bal":0.047903,"days":3,"spread":0.096774,"streak":2,"rank_m":63573,"pct_m":0.067591,"gas_method":"estimated"},"2025-06":{"txs":3,"uniq":2,"trade":0,"nft":0,"gas":0.000021,"bal":0.011064,"days":1,"spread":0.033333,"streak":1,"rank_m":326430,"pct_m":0.347065,"gas_method":"estimated"},"2025-07":{"txs":7,"uniq":6,"trade":0,"nft":0,"gas":0.000049,"bal":0.009848,"days":3,"spread":0.096774,"streak":2,"rank_m":247592,"pct_m":0.263243,"gas_method":"estimated"},"2025-08":{"txs":2,"uniq":2,"trade":0,"nft":0,"gas":0.000014,"bal":0.014061,"days":1,"spread":0.032258,"streak":1,"rank_m":313443,"pct_m":0.333257,"gas_method":"estimated"},"2025-09":{"txs":0,"uniq":0,"trade":0,"nft":0,"gas":0,"bal":0.014061,"days":0,"spread":0,"streak":0,"rank_m":500545,"pct_m":0.532187},"2025-10":{"txs":0,"uniq":0,"trade":0,"nft":0,"gas":0,"bal":0.014061,"days":0,"spread":0,"streak":0,"rank_m":409560,"pct_m":0.43545}}}