{"wallet":"0x625cd5222c41e857e7847364871934ff70c70bea","rank":401042,"lifetime":{"months_active":18,"first":"2023-07","last":"2025-10","tx_sum":164,"uniq_sum":114,"trade_sum":2,"nft_sum":66,"gas_sum":0.000835,"avg_balance_eth_mean":0.01111,"streak_best_days":3,"gas_sum_filled":0.000835},"months":{"2023-07":{"txs":0,"uniq":0,"trade":0,"nft":0,"gas":0,"bal":0,"days":0,"spread":0,"streak":0,"rank_m":598903,"pct_m":0.636763},"2023-08":{"txs":0,"uniq":0,"trade":0,"nft":0,"gas":0,"bal":0,"days":0,"spread":0,"streak":0,"rank_m":643118,"pct_m":0.683773},"2023-09":{"txs":0,"uniq":0,"trade":0,"nft":0,"gas":0,"bal":0,"days":0,"spread":0,"streak":0,"rank_m":654966,"pct_m":0.69637},"2023-10":{"txs":0,"uniq":0,"trade":0,"nft":0,"gas":0,"bal":0,"days":0,"spread":0,"streak":0,"rank_m":664553,"pct_m":0.706564},"2023-11":{"txs":0,"uniq":0,"trade":0,"nft":0,"gas":0,"bal":0,"days":0,"spread":0,"streak":0,"rank_m":672962,"pct_m":0.715504},"2023-12":{"txs":0,"uniq":0,"trade":0,"nft":0,"gas":0,"bal":0,"days":0,"spread":0,"streak":0,"rank_m":683140,"pct_m":0.726326},"2024-01":{"txs":9,"uniq":6,"trade":0,"nft":2,"gas":0.000166,"bal":0.000522,"days":4,"spread":0.129032,"streak":1,"rank_m":117121,"pct_m":0.124524,"gas_method":"estimated"},"2024-02":{"txs":12,"uniq":9,"trade":0,"nft":5,"gas":0.000125,"bal":0.002891,"days":5,"spread":0.172414,"streak":1,"rank_m":105391,"pct_m":0.112053,"gas_method":"estimated"},"2024-03":{"txs":10,"uniq":5,"trade":0,"nft":0,"gas":0.000156,"bal":0.005489,"days":4,"spread":0.129032,"streak":2,"rank_m":207245,"pct_m":0.220346,"gas_method":"estimated"},"2024-04":{"txs":6,"uniq":4,"trade":0,"nft":1,"gas":0.000012,"bal":0.011364,"days":5,"spread":0.166667,"streak":1,"rank_m":298372,"pct_m":0.317233,"gas_method":"estimated"},"2024-05":{"txs":10,"uniq":4,"trade":0,"nft":1,"gas":0.000011,"bal":0.008418,"days":5,"spread":0.16129,"streak":1,"rank_m":251187,"pct_m":0.267065,"gas_method":"exact"},"2024-06":{"txs":3,"uniq":2,"trade":0,"nft":0,"gas":0,"bal":0.002692,"days":1,"spread":0.033333,"streak":1,"rank_m":438812,"pct_m":0.466552,"gas_method":"estimated"},"2024-07":{"txs":13,"uniq":9,"trade":0,"nft":11,"gas":0.000001,"bal":0.010411,"days":2,"spread":0.064516,"streak":1,"rank_m":192518,"pct_m":0.204688,"gas_method":"estimated"},"2024-08":{"txs":42,"uniq":34,"trade":0,"nft":35,"gas":0.000003,"bal":0.010263,"days":7,"spread":0.225806,"streak":3,"rank_m":58713,"pct_m":0.062424,"gas_method":"estimated"},"2024-09":{"txs":8,"uniq":7,"trade":0,"nft":7,"gas":0,"bal":0.006521,"days":2,"spread":0.066667,"streak":1,"rank_m":208274,"pct_m":0.22144,"gas_method":"estimated"},"2024-10":{"txs":6,"uniq":5,"trade":0,"nft":3,"gas":0,"bal":0.006423,"days":2,"spread":0.064516,"streak":1,"rank_m":292855,"pct_m":0.311368,"gas_method":"estimated"},"2024-11":{"txs":20,"uniq":11,"trade":1,"nft":0,"gas":0.000041,"bal":0.094791,"days":9,"spread":0.3,"streak":2,"rank_m":80184,"pct_m":0.085252,"gas_method":"exact"},"2024-12":{"txs":7,"uniq":5,"trade":0,"nft":0,"gas":0.000154,"bal":0.048652,"days":4,"spread":0.129032,"streak":2,"rank_m":290822,"pct_m":0.309206,"gas_method":"exact"},"2025-01":{"txs":4,"uniq":3,"trade":1,"nft":0,"gas":0.000078,"bal":0.013836,"days":3,"spread":0.096774,"streak":1,"rank_m":321238,"pct_m":0.341545,"gas_method":"exact"},"2025-02":{"txs":4,"uniq":3,"trade":0,"nft":0,"gas":0.000021,"bal":0.00731,"days":3,"spread":0.107143,"streak":1,"rank_m":350751,"pct_m":0.372924,"gas_method":"exact"},"2025-03":{"txs":1,"uniq":1,"trade":0,"nft":1,"gas":0.000008,"bal":0.011471,"days":1,"spread":0.032258,"streak":1,"rank_m":362959,"pct_m":0.385903,"gas_method":"exact"},"2025-04":{"txs":4,"uniq":3,"trade":0,"nft":0,"gas":0.000024,"bal":0.011043,"days":2,"spread":0.066667,"streak":1,"rank_m":340460,"pct_m":0.361982,"gas_method":"exact"},"2025-05":{"txs":2,"uniq":1,"trade":0,"nft":0,"gas":0.000014,"bal":0.009273,"days":2,"spread":0.064516,"streak":1,"rank_m":309739,"pct_m":0.329319,"gas_method":"estimated"},"2025-06":{"txs":0,"uniq":0,"trade":0,"nft":0,"gas":0,"bal":0.009273,"days":0,"spread":0,"streak":0,"rank_m":548282,"pct_m":0.582942},"2025-07":{"txs":0,"uniq":0,"trade":0,"nft":0,"gas":0,"bal":0.009273,"days":0,"spread":0,"streak":0,"rank_m":566324,"pct_m":0.602125},"2025-08":{"txs":0,"uniq":0,"trade":0,"nft":0,"gas":0,"bal":0.009273,"days":0,"spread":0,"streak":0,"rank_m":544344,"pct_m":0.578755},"2025-09":{"txs":3,"uniq":2,"trade":0,"nft":0,"gas":0.000021,"bal":0.01094,"days":1,"spread":0.033333,"streak":1,"rank_m":327411,"pct_m":0.348108,"gas_method":"estimated"},"2025-10":{"txs":0,"uniq":0,"trade":0,"nft":0,"gas":0,"bal":0.01094,"days":0,"spread":0,"streak":0,"rank_m":431284,"pct_m":0.458548}}}