{"wallet":"0x624e8245b1928a33f215941555433f7f3e234e74","rank":116727,"lifetime":{"months_active":24,"first":"2023-07","last":"2025-10","tx_sum":387,"uniq_sum":154,"trade_sum":3,"nft_sum":43,"gas_sum":0.004767,"avg_balance_eth_mean":0.010092,"streak_best_days":5,"gas_sum_filled":0.004767},"months":{"2023-07":{"txs":0,"uniq":0,"trade":0,"nft":0,"gas":0,"bal":0,"days":0,"spread":0,"streak":0,"rank_m":599063,"pct_m":0.636933},"2023-08":{"txs":31,"uniq":9,"trade":0,"nft":2,"gas":0.00191,"bal":0.003105,"days":5,"spread":0.16129,"streak":1,"rank_m":69325,"pct_m":0.073707,"gas_method":"exact"},"2023-09":{"txs":0,"uniq":0,"trade":0,"nft":0,"gas":0,"bal":0.003105,"days":0,"spread":0,"streak":0,"rank_m":265356,"pct_m":0.28213},"2023-10":{"txs":1,"uniq":1,"trade":0,"nft":1,"gas":0.000008,"bal":0.005717,"days":1,"spread":0.032258,"streak":1,"rank_m":111039,"pct_m":0.118058,"gas_method":"estimated"},"2023-11":{"txs":4,"uniq":3,"trade":0,"nft":3,"gas":0.000052,"bal":0.005607,"days":2,"spread":0.066667,"streak":1,"rank_m":73777,"pct_m":0.07844,"gas_method":"estimated"},"2023-12":{"txs":2,"uniq":2,"trade":0,"nft":2,"gas":0.000094,"bal":0.005284,"days":2,"spread":0.064516,"streak":1,"rank_m":87712,"pct_m":0.093256,"gas_method":"exact"},"2024-01":{"txs":6,"uniq":1,"trade":0,"nft":0,"gas":0.000137,"bal":0.004944,"days":1,"spread":0.032258,"streak":1,"rank_m":147487,"pct_m":0.15681,"gas_method":"estimated"},"2024-02":{"txs":2,"uniq":2,"trade":0,"nft":2,"gas":0.000026,"bal":0.003543,"days":2,"spread":0.068966,"streak":1,"rank_m":184766,"pct_m":0.196445,"gas_method":"estimated"},"2024-03":{"txs":8,"uniq":6,"trade":0,"nft":2,"gas":0.000155,"bal":0.004722,"days":2,"spread":0.064516,"streak":1,"rank_m":229564,"pct_m":0.244075,"gas_method":"estimated"},"2024-04":{"txs":4,"uniq":3,"trade":0,"nft":4,"gas":0.00001,"bal":0.017311,"days":3,"spread":0.1,"streak":1,"rank_m":295909,"pct_m":0.314615,"gas_method":"estimated"},"2024-05":{"txs":16,"uniq":8,"trade":0,"nft":2,"gas":0.000013,"bal":0.017543,"days":8,"spread":0.258065,"streak":5,"rank_m":128501,"pct_m":0.136623,"gas_method":"estimated"},"2024-06":{"txs":42,"uniq":11,"trade":1,"nft":6,"gas":0,"bal":0.016314,"days":5,"spread":0.166667,"streak":1,"rank_m":89103,"pct_m":0.094735,"gas_method":"exact"},"2024-07":{"txs":12,"uniq":6,"trade":0,"nft":4,"gas":0.000001,"bal":0.012416,"days":3,"spread":0.096774,"streak":1,"rank_m":174558,"pct_m":0.185592,"gas_method":"exact"},"2024-08":{"txs":16,"uniq":6,"trade":0,"nft":2,"gas":0.000001,"bal":0.011251,"days":3,"spread":0.096774,"streak":1,"rank_m":228841,"pct_m":0.243307,"gas_method":"estimated"},"2024-09":{"txs":16,"uniq":10,"trade":0,"nft":1,"gas":0.000001,"bal":0.006471,"days":4,"spread":0.133333,"streak":1,"rank_m":176640,"pct_m":0.187806,"gas_method":"estimated"},"2024-10":{"txs":8,"uniq":7,"trade":0,"nft":2,"gas":0.000001,"bal":0.005164,"days":4,"spread":0.129032,"streak":1,"rank_m":263345,"pct_m":0.279992,"gas_method":"estimated"},"2024-11":{"txs":15,"uniq":12,"trade":2,"nft":1,"gas":0.000032,"bal":0.002379,"days":4,"spread":0.133333,"streak":1,"rank_m":218736,"pct_m":0.232563,"gas_method":"exact"},"2024-12":{"txs":58,"uniq":12,"trade":0,"nft":8,"gas":0.001279,"bal":0.003945,"days":11,"spread":0.354839,"streak":3,"rank_m":103472,"pct_m":0.110012,"gas_method":"exact"},"2025-01":{"txs":1,"uniq":1,"trade":0,"nft":0,"gas":0.000026,"bal":0.008312,"days":1,"spread":0.032258,"streak":1,"rank_m":488845,"pct_m":0.519748,"gas_method":"exact"},"2025-02":{"txs":21,"uniq":11,"trade":0,"nft":0,"gas":0.000148,"bal":0.019257,"days":9,"spread":0.321429,"streak":3,"rank_m":67863,"pct_m":0.072152,"gas_method":"exact"},"2025-03":{"txs":3,"uniq":2,"trade":0,"nft":0,"gas":0.000024,"bal":0.006518,"days":1,"spread":0.032258,"streak":1,"rank_m":382976,"pct_m":0.407186,"gas_method":"exact"},"2025-04":{"txs":2,"uniq":2,"trade":0,"nft":0,"gas":0.000012,"bal":0.006505,"days":1,"spread":0.033333,"streak":1,"rank_m":434415,"pct_m":0.461877,"gas_method":"exact"},"2025-05":{"txs":0,"uniq":0,"trade":0,"nft":0,"gas":0,"bal":0.006505,"days":0,"spread":0,"streak":0,"rank_m":576685,"pct_m":0.613141},"2025-06":{"txs":58,"uniq":15,"trade":0,"nft":0,"gas":0.000408,"bal":0.013946,"days":11,"spread":0.366667,"streak":2,"rank_m":73348,"pct_m":0.077984,"gas_method":"estimated"},"2025-07":{"txs":50,"uniq":18,"trade":0,"nft":0,"gas":0.000352,"bal":0.024108,"days":14,"spread":0.451613,"streak":2,"rank_m":43422,"pct_m":0.046166,"gas_method":"estimated"},"2025-08":{"txs":1,"uniq":1,"trade":0,"nft":1,"gas":0.000007,"bal":0.029424,"days":1,"spread":0.032258,"streak":1,"rank_m":268281,"pct_m":0.28524,"gas_method":"estimated"},"2025-09":{"txs":10,"uniq":5,"trade":0,"nft":0,"gas":0.00007,"bal":0.01959,"days":4,"spread":0.133333,"streak":1,"rank_m":194069,"pct_m":0.206337,"gas_method":"estimated"},"2025-10":{"txs":0,"uniq":0,"trade":0,"nft":0,"gas":0,"bal":0.01959,"days":0,"spread":0,"streak":0,"rank_m":386287,"pct_m":0.410706}}}