{"wallet":"0x62504bd6b512aaed4f6be3d61b017eafdfd3964f","rank":110622,"lifetime":{"months_active":10,"first":"2023-07","last":"2025-10","tx_sum":1112,"uniq_sum":195,"trade_sum":125,"nft_sum":45,"gas_sum":0.086193,"avg_balance_eth_mean":0.000969,"streak_best_days":13,"gas_sum_filled":0.086193},"months":{"2023-07":{"txs":0,"uniq":0,"trade":0,"nft":0,"gas":0,"bal":0,"days":0,"spread":0,"streak":0,"rank_m":599035,"pct_m":0.636904},"2023-08":{"txs":503,"uniq":71,"trade":28,"nft":15,"gas":0.060424,"bal":0.006058,"days":22,"spread":0.709677,"streak":13,"rank_m":3138,"pct_m":0.003335,"gas_method":"exact"},"2023-09":{"txs":411,"uniq":56,"trade":87,"nft":18,"gas":0.020725,"bal":0.011467,"days":25,"spread":0.833333,"streak":9,"rank_m":1361,"pct_m":0.001446,"gas_method":"exact"},"2023-10":{"txs":151,"uniq":40,"trade":10,"nft":11,"gas":0.002959,"bal":0.005913,"days":18,"spread":0.580645,"streak":6,"rank_m":2654,"pct_m":0.002821,"gas_method":"exact"},"2023-11":{"txs":25,"uniq":9,"trade":0,"nft":1,"gas":0.001465,"bal":0.000877,"days":9,"spread":0.3,"streak":3,"rank_m":31323,"pct_m":0.033302,"gas_method":"exact"},"2023-12":{"txs":0,"uniq":0,"trade":0,"nft":0,"gas":0,"bal":0.000877,"days":0,"spread":0,"streak":0,"rank_m":320366,"pct_m":0.340618},"2024-01":{"txs":0,"uniq":0,"trade":0,"nft":0,"gas":0,"bal":0.000877,"days":0,"spread":0,"streak":0,"rank_m":330871,"pct_m":0.351787},"2024-02":{"txs":0,"uniq":0,"trade":0,"nft":0,"gas":0,"bal":0.000877,"days":0,"spread":0,"streak":0,"rank_m":378520,"pct_m":0.402448},"2024-03":{"txs":2,"uniq":2,"trade":0,"nft":0,"gas":0.000194,"bal":0.000009,"days":1,"spread":0.032258,"streak":1,"rank_m":376541,"pct_m":0.400344,"gas_method":"estimated"},"2024-04":{"txs":0,"uniq":0,"trade":0,"nft":0,"gas":0,"bal":0.000009,"days":0,"spread":0,"streak":0,"rank_m":575175,"pct_m":0.611535},"2024-05":{"txs":0,"uniq":0,"trade":0,"nft":0,"gas":0,"bal":0.000009,"days":0,"spread":0,"streak":0,"rank_m":613799,"pct_m":0.652601},"2024-06":{"txs":0,"uniq":0,"trade":0,"nft":0,"gas":0,"bal":0.000009,"days":0,"spread":0,"streak":0,"rank_m":644917,"pct_m":0.685686},"2024-07":{"txs":0,"uniq":0,"trade":0,"nft":0,"gas":0,"bal":0.000009,"days":0,"spread":0,"streak":0,"rank_m":671514,"pct_m":0.713965},"2024-08":{"txs":0,"uniq":0,"trade":0,"nft":0,"gas":0,"bal":0.000009,"days":0,"spread":0,"streak":0,"rank_m":692636,"pct_m":0.736422},"2024-09":{"txs":0,"uniq":0,"trade":0,"nft":0,"gas":0,"bal":0.000009,"days":0,"spread":0,"streak":0,"rank_m":711306,"pct_m":0.756272},"2024-10":{"txs":1,"uniq":1,"trade":0,"nft":0,"gas":0,"bal":0.000004,"days":1,"spread":0.032258,"streak":1,"rank_m":593086,"pct_m":0.630579,"gas_method":"estimated"},"2024-11":{"txs":0,"uniq":0,"trade":0,"nft":0,"gas":0,"bal":0.000004,"days":0,"spread":0,"streak":0,"rank_m":755530,"pct_m":0.803292},"2024-12":{"txs":1,"uniq":1,"trade":0,"nft":0,"gas":0.000022,"bal":0.000003,"days":1,"spread":0.032258,"streak":1,"rank_m":612253,"pct_m":0.650957,"gas_method":"exact"},"2025-01":{"txs":16,"uniq":14,"trade":0,"nft":0,"gas":0.00039,"bal":0.000005,"days":2,"spread":0.064516,"streak":1,"rank_m":385721,"pct_m":0.410104,"gas_method":"exact"},"2025-02":{"txs":0,"uniq":0,"trade":0,"nft":0,"gas":0,"bal":0.000005,"days":0,"spread":0,"streak":0,"rank_m":821771,"pct_m":0.873721},"2025-03":{"txs":0,"uniq":0,"trade":0,"nft":0,"gas":0,"bal":0.000005,"days":0,"spread":0,"streak":0,"rank_m":842873,"pct_m":0.896157},"2025-04":{"txs":0,"uniq":0,"trade":0,"nft":0,"gas":0,"bal":0.000005,"days":0,"spread":0,"streak":0,"rank_m":868773,"pct_m":0.923694},"2025-05":{"txs":0,"uniq":0,"trade":0,"nft":0,"gas":0,"bal":0.000005,"days":0,"spread":0,"streak":0,"rank_m":885634,"pct_m":0.941621},"2025-06":{"txs":0,"uniq":0,"trade":0,"nft":0,"gas":0,"bal":0.000005,"days":0,"spread":0,"streak":0,"rank_m":898726,"pct_m":0.95554},"2025-07":{"txs":0,"uniq":0,"trade":0,"nft":0,"gas":0,"bal":0.000005,"days":0,"spread":0,"streak":0,"rank_m":911297,"pct_m":0.968906},"2025-08":{"txs":1,"uniq":1,"trade":0,"nft":0,"gas":0.000007,"bal":0.000036,"days":1,"spread":0.032258,"streak":1,"rank_m":683929,"pct_m":0.727164,"gas_method":"estimated"},"2025-09":{"txs":1,"uniq":0,"trade":0,"nft":0,"gas":0.000007,"bal":0,"days":1,"spread":0.033333,"streak":1,"rank_m":795820,"pct_m":0.846129,"gas_method":"estimated"},"2025-10":{"txs":0,"uniq":0,"trade":0,"nft":0,"gas":0,"bal":0.000036,"days":0,"spread":0,"streak":0,"rank_m":865726,"pct_m":0.920454}}}