{"wallet":"0x62f782a947e305c432c4bb4b7185f79b9bfbdb8f","rank":262993,"lifetime":{"months_active":13,"first":"2023-07","last":"2025-10","tx_sum":136,"uniq_sum":74,"trade_sum":2,"nft_sum":4,"gas_sum":0.044822,"avg_balance_eth_mean":1.765156,"streak_best_days":15,"gas_sum_filled":0.044822},"months":{"2023-07":{"txs":35,"uniq":15,"trade":0,"nft":0,"gas":0.005711,"bal":0.951563,"days":2,"spread":0.064516,"streak":2,"rank_m":3168,"pct_m":0.003367,"gas_method":"exact"},"2023-08":{"txs":47,"uniq":34,"trade":2,"nft":1,"gas":0.037509,"bal":3.503297,"days":15,"spread":0.483871,"streak":13,"rank_m":3178,"pct_m":0.003378,"gas_method":"exact"},"2023-09":{"txs":0,"uniq":0,"trade":0,"nft":0,"gas":0,"bal":3.503297,"days":0,"spread":0,"streak":0,"rank_m":233676,"pct_m":0.248447},"2023-10":{"txs":2,"uniq":0,"trade":0,"nft":1,"gas":0.000045,"bal":0.849408,"days":1,"spread":0.032258,"streak":1,"rank_m":89783,"pct_m":0.095458,"gas_method":"estimated"},"2023-11":{"txs":0,"uniq":0,"trade":0,"nft":0,"gas":0,"bal":0.849408,"days":0,"spread":0,"streak":0,"rank_m":213320,"pct_m":0.226805},"2023-12":{"txs":0,"uniq":0,"trade":0,"nft":0,"gas":0,"bal":0.849408,"days":0,"spread":0,"streak":0,"rank_m":227629,"pct_m":0.242018},"2024-01":{"txs":0,"uniq":0,"trade":0,"nft":0,"gas":0,"bal":0.849408,"days":0,"spread":0,"streak":0,"rank_m":236393,"pct_m":0.251336},"2024-02":{"txs":3,"uniq":2,"trade":0,"nft":0,"gas":0.000114,"bal":1.306654,"days":1,"spread":0.034483,"streak":1,"rank_m":165825,"pct_m":0.176307,"gas_method":"estimated"},"2024-03":{"txs":23,"uniq":12,"trade":0,"nft":0,"gas":0.001314,"bal":1.425127,"days":6,"spread":0.193548,"streak":2,"rank_m":90932,"pct_m":0.096679,"gas_method":"estimated"},"2024-04":{"txs":2,"uniq":2,"trade":0,"nft":0,"gas":0.000014,"bal":2.444306,"days":1,"spread":0.033333,"streak":1,"rank_m":330738,"pct_m":0.351645,"gas_method":"estimated"},"2024-05":{"txs":4,"uniq":0,"trade":0,"nft":1,"gas":0.000009,"bal":5.121392,"days":1,"spread":0.032258,"streak":1,"rank_m":315304,"pct_m":0.335236,"gas_method":"estimated"},"2024-06":{"txs":0,"uniq":0,"trade":0,"nft":0,"gas":0,"bal":5.121392,"days":0,"spread":0,"streak":0,"rank_m":455231,"pct_m":0.484009},"2024-07":{"txs":1,"uniq":0,"trade":0,"nft":0,"gas":0,"bal":5.709392,"days":1,"spread":0.032258,"streak":1,"rank_m":333250,"pct_m":0.354316,"gas_method":"estimated"},"2024-08":{"txs":0,"uniq":0,"trade":0,"nft":0,"gas":0,"bal":5.709392,"days":0,"spread":0,"streak":0,"rank_m":453948,"pct_m":0.482645},"2024-09":{"txs":5,"uniq":2,"trade":0,"nft":0,"gas":0.000001,"bal":4.909392,"days":2,"spread":0.066667,"streak":1,"rank_m":213541,"pct_m":0.22704,"gas_method":"estimated"},"2024-10":{"txs":5,"uniq":2,"trade":0,"nft":1,"gas":0.000001,"bal":1.109392,"days":2,"spread":0.064516,"streak":1,"rank_m":248977,"pct_m":0.264716,"gas_method":"estimated"},"2024-11":{"txs":4,"uniq":3,"trade":0,"nft":0,"gas":0.000009,"bal":0.765814,"days":2,"spread":0.066667,"streak":1,"rank_m":321937,"pct_m":0.342288,"gas_method":"exact"},"2024-12":{"txs":4,"uniq":1,"trade":0,"nft":0,"gas":0.000088,"bal":0.911499,"days":4,"spread":0.129032,"streak":1,"rank_m":371219,"pct_m":0.394686,"gas_method":"exact"},"2025-01":{"txs":0,"uniq":0,"trade":0,"nft":0,"gas":0,"bal":0.911499,"days":0,"spread":0,"streak":0,"rank_m":553217,"pct_m":0.588189},"2025-02":{"txs":1,"uniq":1,"trade":0,"nft":0,"gas":0.000007,"bal":0.291481,"days":1,"spread":0.035714,"streak":1,"rank_m":403092,"pct_m":0.428574,"gas_method":"exact"},"2025-03":{"txs":0,"uniq":0,"trade":0,"nft":0,"gas":0,"bal":0.291481,"days":0,"spread":0,"streak":0,"rank_m":512436,"pct_m":0.54483},"2025-04":{"txs":0,"uniq":0,"trade":0,"nft":0,"gas":0,"bal":0.291481,"days":0,"spread":0,"streak":0,"rank_m":551130,"pct_m":0.58597},"2025-05":{"txs":0,"uniq":0,"trade":0,"nft":0,"gas":0,"bal":0.291481,"days":0,"spread":0,"streak":0,"rank_m":394714,"pct_m":0.419666},"2025-06":{"txs":0,"uniq":0,"trade":0,"nft":0,"gas":0,"bal":0.291481,"days":0,"spread":0,"streak":0,"rank_m":398255,"pct_m":0.423431},"2025-07":{"txs":0,"uniq":0,"trade":0,"nft":0,"gas":0,"bal":0.291481,"days":0,"spread":0,"streak":0,"rank_m":418348,"pct_m":0.444794},"2025-08":{"txs":0,"uniq":0,"trade":0,"nft":0,"gas":0,"bal":0.291481,"days":0,"spread":0,"streak":0,"rank_m":398382,"pct_m":0.423566},"2025-09":{"txs":0,"uniq":0,"trade":0,"nft":0,"gas":0,"bal":0.291481,"days":0,"spread":0,"streak":0,"rank_m":397299,"pct_m":0.422414},"2025-10":{"txs":0,"uniq":0,"trade":0,"nft":0,"gas":0,"bal":0.291481,"days":0,"spread":0,"streak":0,"rank_m":301318,"pct_m":0.320366}}}