{"wallet":"0x62982a2b667f417c9368f9325cbe38d298aa2922","rank":268310,"lifetime":{"months_active":15,"first":"2023-07","last":"2025-10","tx_sum":193,"uniq_sum":64,"trade_sum":45,"nft_sum":8,"gas_sum":0.001587,"avg_balance_eth_mean":0.010893,"streak_best_days":14,"gas_sum_filled":0.001587},"months":{"2023-07":{"txs":0,"uniq":0,"trade":0,"nft":0,"gas":0,"bal":0,"days":0,"spread":0,"streak":0,"rank_m":598097,"pct_m":0.635906},"2023-08":{"txs":0,"uniq":0,"trade":0,"nft":0,"gas":0,"bal":0,"days":0,"spread":0,"streak":0,"rank_m":642414,"pct_m":0.683025},"2023-09":{"txs":0,"uniq":0,"trade":0,"nft":0,"gas":0,"bal":0,"days":0,"spread":0,"streak":0,"rank_m":654289,"pct_m":0.695651},"2023-10":{"txs":0,"uniq":0,"trade":0,"nft":0,"gas":0,"bal":0,"days":0,"spread":0,"streak":0,"rank_m":663891,"pct_m":0.70586},"2023-11":{"txs":4,"uniq":3,"trade":0,"nft":0,"gas":0.000317,"bal":0.000528,"days":1,"spread":0.033333,"streak":1,"rank_m":106667,"pct_m":0.113409,"gas_method":"exact"},"2023-12":{"txs":4,"uniq":3,"trade":0,"nft":1,"gas":0.000136,"bal":0.000441,"days":4,"spread":0.129032,"streak":4,"rank_m":116467,"pct_m":0.123829,"gas_method":"estimated"},"2024-01":{"txs":1,"uniq":1,"trade":0,"nft":0,"gas":0.000032,"bal":0.000078,"days":1,"spread":0.032258,"streak":1,"rank_m":205254,"pct_m":0.218229,"gas_method":"estimated"},"2024-02":{"txs":0,"uniq":0,"trade":0,"nft":0,"gas":0,"bal":0.000078,"days":0,"spread":0,"streak":0,"rank_m":424371,"pct_m":0.451198},"2024-03":{"txs":2,"uniq":1,"trade":0,"nft":0,"gas":0.000054,"bal":0.000028,"days":1,"spread":0.032258,"streak":1,"rank_m":379288,"pct_m":0.403265,"gas_method":"estimated"},"2024-04":{"txs":0,"uniq":0,"trade":0,"nft":0,"gas":0,"bal":0.000028,"days":0,"spread":0,"streak":0,"rank_m":570861,"pct_m":0.606949},"2024-05":{"txs":2,"uniq":2,"trade":0,"nft":0,"gas":0.000002,"bal":0.00012,"days":1,"spread":0.032258,"streak":1,"rank_m":484176,"pct_m":0.514784,"gas_method":"estimated"},"2024-06":{"txs":2,"uniq":2,"trade":0,"nft":0,"gas":0,"bal":0.000303,"days":1,"spread":0.033333,"streak":1,"rank_m":492531,"pct_m":0.523667,"gas_method":"estimated"},"2024-07":{"txs":0,"uniq":0,"trade":0,"nft":0,"gas":0,"bal":0.000303,"days":0,"spread":0,"streak":0,"rank_m":620414,"pct_m":0.659634},"2024-08":{"txs":8,"uniq":7,"trade":0,"nft":7,"gas":0.000001,"bal":0.000411,"days":4,"spread":0.129032,"streak":1,"rank_m":366064,"pct_m":0.389205,"gas_method":"estimated"},"2024-09":{"txs":0,"uniq":0,"trade":0,"nft":0,"gas":0,"bal":0.000411,"days":0,"spread":0,"streak":0,"rank_m":626296,"pct_m":0.665888},"2024-10":{"txs":0,"uniq":0,"trade":0,"nft":0,"gas":0,"bal":0.000411,"days":0,"spread":0,"streak":0,"rank_m":651395,"pct_m":0.692574},"2024-11":{"txs":0,"uniq":0,"trade":0,"nft":0,"gas":0,"bal":0.000411,"days":0,"spread":0,"streak":0,"rank_m":667571,"pct_m":0.709772},"2024-12":{"txs":0,"uniq":0,"trade":0,"nft":0,"gas":0,"bal":0.000411,"days":0,"spread":0,"streak":0,"rank_m":700752,"pct_m":0.745051},"2025-01":{"txs":2,"uniq":1,"trade":0,"nft":0,"gas":0.000026,"bal":0.003183,"days":2,"spread":0.064516,"streak":1,"rank_m":494243,"pct_m":0.525487,"gas_method":"exact"},"2025-02":{"txs":0,"uniq":0,"trade":0,"nft":0,"gas":0,"bal":0.003183,"days":0,"spread":0,"streak":0,"rank_m":646656,"pct_m":0.687535},"2025-03":{"txs":38,"uniq":7,"trade":4,"nft":0,"gas":0.000292,"bal":0.014137,"days":26,"spread":0.83871,"streak":14,"rank_m":25420,"pct_m":0.027026,"gas_method":"exact"},"2025-04":{"txs":27,"uniq":7,"trade":6,"nft":0,"gas":0.000002,"bal":0.016425,"days":16,"spread":0.533333,"streak":5,"rank_m":65846,"pct_m":0.070008,"gas_method":"exact"},"2025-05":{"txs":26,"uniq":8,"trade":6,"nft":0,"gas":0.000183,"bal":0.029966,"days":12,"spread":0.387097,"streak":3,"rank_m":26960,"pct_m":0.028663,"gas_method":"estimated"},"2025-06":{"txs":53,"uniq":12,"trade":14,"nft":0,"gas":0.000373,"bal":0.049767,"days":20,"spread":0.666667,"streak":5,"rank_m":12256,"pct_m":0.01303,"gas_method":"estimated"},"2025-07":{"txs":4,"uniq":2,"trade":2,"nft":0,"gas":0.000028,"bal":0.046535,"days":4,"spread":0.129032,"streak":1,"rank_m":187553,"pct_m":0.199409,"gas_method":"estimated"},"2025-08":{"txs":5,"uniq":3,"trade":3,"nft":0,"gas":0.000035,"bal":0.045963,"days":2,"spread":0.064516,"streak":1,"rank_m":174285,"pct_m":0.185302,"gas_method":"estimated"},"2025-09":{"txs":15,"uniq":5,"trade":10,"nft":0,"gas":0.000106,"bal":0.045946,"days":5,"spread":0.166667,"streak":2,"rank_m":70420,"pct_m":0.074871,"gas_method":"estimated"},"2025-10":{"txs":0,"uniq":0,"trade":0,"nft":0,"gas":0,"bal":0.045946,"days":0,"spread":0,"streak":0,"rank_m":341161,"pct_m":0.362727}}}