{"wallet":"0x62cd2c65a9773ccfc6192bdb822128ce4f679377","rank":121337,"lifetime":{"months_active":10,"first":"2023-07","last":"2025-10","tx_sum":337,"uniq_sum":110,"trade_sum":12,"nft_sum":2,"gas_sum":0.052841,"avg_balance_eth_mean":0.016947,"streak_best_days":18,"gas_sum_filled":0.052841},"months":{"2023-07":{"txs":76,"uniq":19,"trade":0,"nft":0,"gas":0.023665,"bal":0.020915,"days":2,"spread":0.064516,"streak":2,"rank_m":2820,"pct_m":0.002997,"gas_method":"exact"},"2023-08":{"txs":192,"uniq":60,"trade":3,"nft":1,"gas":0.0276,"bal":0.141589,"days":24,"spread":0.774194,"streak":16,"rank_m":592,"pct_m":0.000628,"gas_method":"exact"},"2023-09":{"txs":3,"uniq":3,"trade":0,"nft":0,"gas":0.000029,"bal":0.033395,"days":2,"spread":0.066667,"streak":1,"rank_m":84686,"pct_m":0.090039,"gas_method":"exact"},"2023-10":{"txs":22,"uniq":5,"trade":0,"nft":1,"gas":0.000225,"bal":0.174536,"days":8,"spread":0.258065,"streak":3,"rank_m":16535,"pct_m":0.017579,"gas_method":"exact"},"2023-11":{"txs":3,"uniq":3,"trade":0,"nft":0,"gas":0.000427,"bal":0.017027,"days":2,"spread":0.066667,"streak":2,"rank_m":51558,"pct_m":0.054816,"gas_method":"exact"},"2023-12":{"txs":7,"uniq":3,"trade":0,"nft":0,"gas":0.000507,"bal":0.000448,"days":2,"spread":0.064516,"streak":1,"rank_m":155966,"pct_m":0.165825,"gas_method":"estimated"},"2024-01":{"txs":3,"uniq":2,"trade":2,"nft":0,"gas":0.000087,"bal":0.025927,"days":1,"spread":0.032258,"streak":1,"rank_m":85921,"pct_m":0.091352,"gas_method":"exact"},"2024-02":{"txs":18,"uniq":7,"trade":7,"nft":0,"gas":0.000124,"bal":0.012614,"days":4,"spread":0.137931,"streak":1,"rank_m":52238,"pct_m":0.055539,"gas_method":"exact"},"2024-03":{"txs":0,"uniq":0,"trade":0,"nft":0,"gas":0,"bal":0.012614,"days":0,"spread":0,"streak":0,"rank_m":385006,"pct_m":0.409344},"2024-04":{"txs":0,"uniq":0,"trade":0,"nft":0,"gas":0,"bal":0.012614,"days":0,"spread":0,"streak":0,"rank_m":465463,"pct_m":0.494888},"2024-05":{"txs":0,"uniq":0,"trade":0,"nft":0,"gas":0,"bal":0.012614,"days":0,"spread":0,"streak":0,"rank_m":485414,"pct_m":0.5161},"2024-06":{"txs":5,"uniq":4,"trade":0,"nft":0,"gas":0.000001,"bal":0.00067,"days":1,"spread":0.033333,"streak":1,"rank_m":379995,"pct_m":0.404016,"gas_method":"exact"},"2024-07":{"txs":0,"uniq":0,"trade":0,"nft":0,"gas":0,"bal":0.00067,"days":0,"spread":0,"streak":0,"rank_m":590094,"pct_m":0.627397},"2024-08":{"txs":0,"uniq":0,"trade":0,"nft":0,"gas":0,"bal":0.00067,"days":0,"spread":0,"streak":0,"rank_m":600964,"pct_m":0.638955},"2024-09":{"txs":0,"uniq":0,"trade":0,"nft":0,"gas":0,"bal":0.00067,"days":0,"spread":0,"streak":0,"rank_m":602900,"pct_m":0.641013},"2024-10":{"txs":0,"uniq":0,"trade":0,"nft":0,"gas":0,"bal":0.00067,"days":0,"spread":0,"streak":0,"rank_m":639082,"pct_m":0.679482},"2024-11":{"txs":0,"uniq":0,"trade":0,"nft":0,"gas":0,"bal":0.00067,"days":0,"spread":0,"streak":0,"rank_m":648976,"pct_m":0.690002},"2024-12":{"txs":8,"uniq":4,"trade":0,"nft":0,"gas":0.000176,"bal":0.000563,"days":2,"spread":0.064516,"streak":1,"rank_m":447749,"pct_m":0.476054,"gas_method":"exact"},"2025-01":{"txs":0,"uniq":0,"trade":0,"nft":0,"gas":0,"bal":0.000563,"days":0,"spread":0,"streak":0,"rank_m":690660,"pct_m":0.734321},"2025-02":{"txs":0,"uniq":0,"trade":0,"nft":0,"gas":0,"bal":0.000563,"days":0,"spread":0,"streak":0,"rank_m":713704,"pct_m":0.758822},"2025-03":{"txs":0,"uniq":0,"trade":0,"nft":0,"gas":0,"bal":0.000563,"days":0,"spread":0,"streak":0,"rank_m":721091,"pct_m":0.766676},"2025-04":{"txs":0,"uniq":0,"trade":0,"nft":0,"gas":0,"bal":0.000563,"days":0,"spread":0,"streak":0,"rank_m":742866,"pct_m":0.789827},"2025-05":{"txs":0,"uniq":0,"trade":0,"nft":0,"gas":0,"bal":0.000563,"days":0,"spread":0,"streak":0,"rank_m":744370,"pct_m":0.791426},"2025-06":{"txs":0,"uniq":0,"trade":0,"nft":0,"gas":0,"bal":0.000563,"days":0,"spread":0,"streak":0,"rank_m":745619,"pct_m":0.792754},"2025-07":{"txs":0,"uniq":0,"trade":0,"nft":0,"gas":0,"bal":0.000563,"days":0,"spread":0,"streak":0,"rank_m":766994,"pct_m":0.815481},"2025-08":{"txs":0,"uniq":0,"trade":0,"nft":0,"gas":0,"bal":0.000563,"days":0,"spread":0,"streak":0,"rank_m":745600,"pct_m":0.792734},"2025-09":{"txs":0,"uniq":0,"trade":0,"nft":0,"gas":0,"bal":0.000563,"days":0,"spread":0,"streak":0,"rank_m":736281,"pct_m":0.782826},"2025-10":{"txs":0,"uniq":0,"trade":0,"nft":0,"gas":0,"bal":0.000563,"days":0,"spread":0,"streak":0,"rank_m":674338,"pct_m":0.716967}}}