{"wallet":"0x6286e64ee044fa485421e6fc9fe70d760d90d4ff","rank":130650,"lifetime":{"months_active":14,"first":"2023-07","last":"2025-10","tx_sum":402,"uniq_sum":162,"trade_sum":12,"nft_sum":108,"gas_sum":0.008611,"avg_balance_eth_mean":0.003328,"streak_best_days":10,"gas_sum_filled":0.008611},"months":{"2023-07":{"txs":0,"uniq":0,"trade":0,"nft":0,"gas":0,"bal":0,"days":0,"spread":0,"streak":0,"rank_m":598332,"pct_m":0.636156},"2023-08":{"txs":17,"uniq":9,"trade":0,"nft":5,"gas":0.004965,"bal":0.000731,"days":2,"spread":0.064516,"streak":2,"rank_m":75729,"pct_m":0.080515,"gas_method":"exact"},"2023-09":{"txs":0,"uniq":0,"trade":0,"nft":0,"gas":0,"bal":0.000731,"days":0,"spread":0,"streak":0,"rank_m":286350,"pct_m":0.304451},"2023-10":{"txs":2,"uniq":1,"trade":0,"nft":1,"gas":0.000033,"bal":0.001041,"days":1,"spread":0.032258,"streak":1,"rank_m":131696,"pct_m":0.14002,"gas_method":"estimated"},"2023-11":{"txs":9,"uniq":4,"trade":0,"nft":3,"gas":0.0002,"bal":0.000207,"days":5,"spread":0.166667,"streak":1,"rank_m":68210,"pct_m":0.072521,"gas_method":"exact"},"2023-12":{"txs":6,"uniq":4,"trade":1,"nft":2,"gas":0.000322,"bal":0.000209,"days":4,"spread":0.129032,"streak":1,"rank_m":114212,"pct_m":0.121431,"gas_method":"estimated"},"2024-01":{"txs":27,"uniq":15,"trade":1,"nft":11,"gas":0.000283,"bal":0.001147,"days":7,"spread":0.225806,"streak":2,"rank_m":32923,"pct_m":0.035003,"gas_method":"exact"},"2024-02":{"txs":64,"uniq":25,"trade":4,"nft":18,"gas":0.000035,"bal":0.001664,"days":14,"spread":0.482759,"streak":5,"rank_m":21130,"pct_m":0.022465,"gas_method":"exact"},"2024-03":{"txs":70,"uniq":35,"trade":0,"nft":25,"gas":0.001916,"bal":0.019798,"days":13,"spread":0.419355,"streak":2,"rank_m":18861,"pct_m":0.020052,"gas_method":"exact"},"2024-04":{"txs":116,"uniq":39,"trade":6,"nft":24,"gas":0.000605,"bal":0.004109,"days":20,"spread":0.666667,"streak":10,"rank_m":51197,"pct_m":0.054433,"gas_method":"estimated"},"2024-05":{"txs":76,"uniq":19,"trade":0,"nft":15,"gas":0.000073,"bal":0.01848,"days":18,"spread":0.580645,"streak":10,"rank_m":15272,"pct_m":0.016236,"gas_method":"exact"},"2024-06":{"txs":3,"uniq":2,"trade":0,"nft":4,"gas":0,"bal":0.002311,"days":2,"spread":0.066667,"streak":1,"rank_m":326938,"pct_m":0.347605,"gas_method":"exact"},"2024-07":{"txs":0,"uniq":0,"trade":0,"nft":0,"gas":0,"bal":0.002311,"days":0,"spread":0,"streak":0,"rank_m":553151,"pct_m":0.588119},"2024-08":{"txs":0,"uniq":0,"trade":0,"nft":0,"gas":0,"bal":0.002311,"days":0,"spread":0,"streak":0,"rank_m":567321,"pct_m":0.603185},"2024-09":{"txs":0,"uniq":0,"trade":0,"nft":0,"gas":0,"bal":0.002311,"days":0,"spread":0,"streak":0,"rank_m":551792,"pct_m":0.586674},"2024-10":{"txs":0,"uniq":0,"trade":0,"nft":0,"gas":0,"bal":0.002311,"days":0,"spread":0,"streak":0,"rank_m":595818,"pct_m":0.633483},"2024-11":{"txs":0,"uniq":0,"trade":0,"nft":0,"gas":0,"bal":0.002311,"days":0,"spread":0,"streak":0,"rank_m":605311,"pct_m":0.643576},"2024-12":{"txs":0,"uniq":0,"trade":0,"nft":0,"gas":0,"bal":0.002311,"days":0,"spread":0,"streak":0,"rank_m":653592,"pct_m":0.69491},"2025-01":{"txs":5,"uniq":5,"trade":0,"nft":0,"gas":0.00013,"bal":0.002152,"days":2,"spread":0.064516,"streak":1,"rank_m":408550,"pct_m":0.434377,"gas_method":"exact"},"2025-02":{"txs":0,"uniq":0,"trade":0,"nft":0,"gas":0,"bal":0.002152,"days":0,"spread":0,"streak":0,"rank_m":659552,"pct_m":0.701246},"2025-03":{"txs":0,"uniq":0,"trade":0,"nft":0,"gas":0,"bal":0.002152,"days":0,"spread":0,"streak":0,"rank_m":653052,"pct_m":0.694335},"2025-04":{"txs":0,"uniq":0,"trade":0,"nft":0,"gas":0,"bal":0.002152,"days":0,"spread":0,"streak":0,"rank_m":679505,"pct_m":0.722461},"2025-05":{"txs":0,"uniq":0,"trade":0,"nft":0,"gas":0,"bal":0.002152,"days":0,"spread":0,"streak":0,"rank_m":655844,"pct_m":0.697304},"2025-06":{"txs":0,"uniq":0,"trade":0,"nft":0,"gas":0,"bal":0.002152,"days":0,"spread":0,"streak":0,"rank_m":659717,"pct_m":0.701422},"2025-07":{"txs":0,"uniq":0,"trade":0,"nft":0,"gas":0,"bal":0.002152,"days":0,"spread":0,"streak":0,"rank_m":678671,"pct_m":0.721574},"2025-08":{"txs":2,"uniq":0,"trade":0,"nft":0,"gas":0.000014,"bal":0.004611,"days":1,"spread":0.032258,"streak":1,"rank_m":451307,"pct_m":0.479837,"gas_method":"estimated"},"2025-09":{"txs":1,"uniq":1,"trade":0,"nft":0,"gas":0.000007,"bal":0.006234,"days":1,"spread":0.033333,"streak":1,"rank_m":390683,"pct_m":0.41538,"gas_method":"estimated"},"2025-10":{"txs":4,"uniq":3,"trade":0,"nft":0,"gas":0.000028,"bal":0.00298,"days":1,"spread":0.032258,"streak":1,"rank_m":286773,"pct_m":0.304901,"gas_method":"estimated"}}}