{"wallet":"0x625157014f943da8b8d08c2416daddca91795365","rank":48579,"lifetime":{"months_active":22,"first":"2023-07","last":"2025-10","tx_sum":1196,"uniq_sum":341,"trade_sum":10,"nft_sum":74,"gas_sum":0.016215,"avg_balance_eth_mean":0.001622,"streak_best_days":25,"gas_sum_filled":0.016215},"months":{"2023-07":{"txs":5,"uniq":3,"trade":0,"nft":1,"gas":0.000054,"bal":0.000674,"days":2,"spread":0.064516,"streak":1,"rank_m":18168,"pct_m":0.019315,"gas_method":"exact"},"2023-08":{"txs":17,"uniq":11,"trade":0,"nft":4,"gas":0.001146,"bal":0.000692,"days":10,"spread":0.322581,"streak":2,"rank_m":68323,"pct_m":0.072641,"gas_method":"exact"},"2023-09":{"txs":0,"uniq":0,"trade":0,"nft":0,"gas":0,"bal":0.000692,"days":0,"spread":0,"streak":0,"rank_m":287274,"pct_m":0.305434},"2023-10":{"txs":0,"uniq":0,"trade":0,"nft":0,"gas":0,"bal":0.000692,"days":0,"spread":0,"streak":0,"rank_m":298169,"pct_m":0.317018},"2023-11":{"txs":9,"uniq":4,"trade":0,"nft":1,"gas":0.000235,"bal":0.000226,"days":2,"spread":0.066667,"streak":1,"rank_m":120512,"pct_m":0.128129,"gas_method":"estimated"},"2023-12":{"txs":0,"uniq":0,"trade":0,"nft":0,"gas":0,"bal":0.000226,"days":0,"spread":0,"streak":0,"rank_m":349358,"pct_m":0.371443},"2024-01":{"txs":0,"uniq":0,"trade":0,"nft":0,"gas":0,"bal":0.000226,"days":0,"spread":0,"streak":0,"rank_m":364266,"pct_m":0.387293},"2024-02":{"txs":48,"uniq":17,"trade":0,"nft":21,"gas":0.001011,"bal":0.002381,"days":6,"spread":0.206897,"streak":2,"rank_m":33183,"pct_m":0.03528,"gas_method":"exact"},"2024-03":{"txs":99,"uniq":19,"trade":0,"nft":0,"gas":0.004089,"bal":0.002223,"days":4,"spread":0.129032,"streak":3,"rank_m":94582,"pct_m":0.10056,"gas_method":"exact"},"2024-04":{"txs":12,"uniq":8,"trade":0,"nft":6,"gas":0.000057,"bal":0.000671,"days":6,"spread":0.2,"streak":3,"rank_m":296985,"pct_m":0.315759,"gas_method":"estimated"},"2024-05":{"txs":74,"uniq":24,"trade":0,"nft":15,"gas":0.000117,"bal":0.001351,"days":8,"spread":0.258065,"streak":3,"rank_m":138800,"pct_m":0.147574,"gas_method":"estimated"},"2024-06":{"txs":3,"uniq":2,"trade":0,"nft":1,"gas":0,"bal":0.001564,"days":2,"spread":0.066667,"streak":1,"rank_m":416556,"pct_m":0.442889,"gas_method":"estimated"},"2024-07":{"txs":3,"uniq":1,"trade":0,"nft":2,"gas":0.000001,"bal":0.001305,"days":2,"spread":0.064516,"streak":1,"rank_m":407276,"pct_m":0.433022,"gas_method":"estimated"},"2024-08":{"txs":1,"uniq":1,"trade":0,"nft":1,"gas":0,"bal":0.001239,"days":1,"spread":0.032258,"streak":1,"rank_m":453354,"pct_m":0.482013,"gas_method":"estimated"},"2024-09":{"txs":0,"uniq":0,"trade":0,"nft":0,"gas":0,"bal":0.001239,"days":0,"spread":0,"streak":0,"rank_m":577223,"pct_m":0.613713},"2024-10":{"txs":0,"uniq":0,"trade":0,"nft":0,"gas":0,"bal":0.001239,"days":0,"spread":0,"streak":0,"rank_m":617179,"pct_m":0.656195},"2024-11":{"txs":6,"uniq":5,"trade":0,"nft":1,"gas":0.000014,"bal":0.001063,"days":5,"spread":0.166667,"streak":1,"rank_m":327443,"pct_m":0.348142,"gas_method":"exact"},"2024-12":{"txs":21,"uniq":11,"trade":0,"nft":4,"gas":0.000397,"bal":0.000978,"days":16,"spread":0.516129,"streak":6,"rank_m":161821,"pct_m":0.17205,"gas_method":"exact"},"2025-01":{"txs":162,"uniq":34,"trade":0,"nft":0,"gas":0.004027,"bal":0.001617,"days":18,"spread":0.580645,"streak":15,"rank_m":45726,"pct_m":0.048616,"gas_method":"exact"},"2025-02":{"txs":135,"uniq":40,"trade":0,"nft":1,"gas":0.00088,"bal":0.001646,"days":20,"spread":0.714286,"streak":6,"rank_m":38915,"pct_m":0.041374,"gas_method":"exact"},"2025-03":{"txs":51,"uniq":16,"trade":0,"nft":3,"gas":0.000379,"bal":0.004365,"days":9,"spread":0.290323,"streak":2,"rank_m":68384,"pct_m":0.072706,"gas_method":"exact"},"2025-04":{"txs":39,"uniq":17,"trade":2,"nft":3,"gas":0.000211,"bal":0.003364,"days":13,"spread":0.433333,"streak":3,"rank_m":39458,"pct_m":0.041951,"gas_method":"exact"},"2025-05":{"txs":61,"uniq":26,"trade":0,"nft":1,"gas":0.000429,"bal":0.004163,"days":14,"spread":0.451613,"streak":3,"rank_m":59205,"pct_m":0.062947,"gas_method":"estimated"},"2025-06":{"txs":128,"uniq":35,"trade":4,"nft":0,"gas":0.000901,"bal":0.003512,"days":22,"spread":0.733333,"streak":8,"rank_m":38986,"pct_m":0.04145,"gas_method":"estimated"},"2025-07":{"txs":118,"uniq":23,"trade":4,"nft":2,"gas":0.000831,"bal":0.002826,"days":22,"spread":0.709677,"streak":9,"rank_m":49428,"pct_m":0.052552,"gas_method":"estimated"},"2025-08":{"txs":79,"uniq":15,"trade":0,"nft":2,"gas":0.000556,"bal":0.001476,"days":19,"spread":0.612903,"streak":6,"rank_m":98790,"pct_m":0.105034,"gas_method":"estimated"},"2025-09":{"txs":75,"uniq":23,"trade":0,"nft":4,"gas":0.000528,"bal":0.000548,"days":21,"spread":0.7,"streak":15,"rank_m":119815,"pct_m":0.127388,"gas_method":"estimated"},"2025-10":{"txs":50,"uniq":6,"trade":0,"nft":1,"gas":0.000352,"bal":0.003207,"days":14,"spread":0.451613,"streak":10,"rank_m":66051,"pct_m":0.070226,"gas_method":"estimated"}}}