{"wallet":"0x61158b6e3ece97c323997cf8442692f3aa414242","rank":126885,"lifetime":{"months_active":23,"first":"2023-07","last":"2025-10","tx_sum":702,"uniq_sum":153,"trade_sum":3,"nft_sum":107,"gas_sum":0.002538,"avg_balance_eth_mean":0.005536,"streak_best_days":7,"gas_sum_filled":0.002538},"months":{"2023-07":{"txs":0,"uniq":0,"trade":0,"nft":0,"gas":0,"bal":0,"days":0,"spread":0,"streak":0,"rank_m":603217,"pct_m":0.64135},"2023-08":{"txs":0,"uniq":0,"trade":0,"nft":0,"gas":0,"bal":0,"days":0,"spread":0,"streak":0,"rank_m":646849,"pct_m":0.68774},"2023-09":{"txs":8,"uniq":2,"trade":0,"nft":0,"gas":0.000239,"bal":0.000202,"days":1,"spread":0.033333,"streak":1,"rank_m":137149,"pct_m":0.145818,"gas_method":"estimated"},"2023-10":{"txs":15,"uniq":4,"trade":0,"nft":0,"gas":0.000119,"bal":0.001069,"days":1,"spread":0.032258,"streak":1,"rank_m":118048,"pct_m":0.12551,"gas_method":"estimated"},"2023-11":{"txs":33,"uniq":2,"trade":0,"nft":0,"gas":0.000451,"bal":0.00137,"days":4,"spread":0.133333,"streak":1,"rank_m":98398,"pct_m":0.104617,"gas_method":"estimated"},"2023-12":{"txs":8,"uniq":5,"trade":2,"nft":2,"gas":0.000205,"bal":0.001345,"days":4,"spread":0.129032,"streak":1,"rank_m":78474,"pct_m":0.083434,"gas_method":"estimated"},"2024-01":{"txs":2,"uniq":2,"trade":0,"nft":0,"gas":0.000028,"bal":0.001381,"days":2,"spread":0.064516,"streak":1,"rank_m":142345,"pct_m":0.151343,"gas_method":"exact"},"2024-02":{"txs":6,"uniq":4,"trade":0,"nft":3,"gas":0.000081,"bal":0.002839,"days":5,"spread":0.172414,"streak":3,"rank_m":114017,"pct_m":0.121224,"gas_method":"estimated"},"2024-03":{"txs":7,"uniq":6,"trade":0,"nft":5,"gas":0.000142,"bal":0.041534,"days":4,"spread":0.129032,"streak":2,"rank_m":133478,"pct_m":0.141915,"gas_method":"estimated"},"2024-04":{"txs":50,"uniq":22,"trade":0,"nft":13,"gas":0.000125,"bal":0.015951,"days":8,"spread":0.266667,"streak":2,"rank_m":95188,"pct_m":0.101205,"gas_method":"estimated"},"2024-05":{"txs":34,"uniq":7,"trade":0,"nft":10,"gas":0.000028,"bal":0.004167,"days":10,"spread":0.322581,"streak":4,"rank_m":144958,"pct_m":0.154121,"gas_method":"estimated"},"2024-06":{"txs":58,"uniq":15,"trade":0,"nft":11,"gas":0.000002,"bal":0.003694,"days":11,"spread":0.366667,"streak":5,"rank_m":98958,"pct_m":0.105213,"gas_method":"estimated"},"2024-07":{"txs":19,"uniq":12,"trade":0,"nft":7,"gas":0.000002,"bal":0.009145,"days":9,"spread":0.290323,"streak":4,"rank_m":85311,"pct_m":0.090703,"gas_method":"estimated"},"2024-08":{"txs":7,"uniq":7,"trade":0,"nft":5,"gas":0.000001,"bal":0.005826,"days":5,"spread":0.16129,"streak":1,"rank_m":251770,"pct_m":0.267685,"gas_method":"estimated"},"2024-09":{"txs":3,"uniq":1,"trade":0,"nft":0,"gas":0,"bal":0.001423,"days":1,"spread":0.033333,"streak":1,"rank_m":430099,"pct_m":0.457288,"gas_method":"estimated"},"2024-10":{"txs":259,"uniq":38,"trade":1,"nft":45,"gas":0.000018,"bal":0.01172,"days":14,"spread":0.451613,"streak":5,"rank_m":24899,"pct_m":0.026472,"gas_method":"estimated"},"2024-11":{"txs":65,"uniq":12,"trade":0,"nft":6,"gas":0.000149,"bal":0.026469,"days":12,"spread":0.4,"streak":3,"rank_m":41485,"pct_m":0.044107,"gas_method":"exact"},"2024-12":{"txs":6,"uniq":4,"trade":0,"nft":0,"gas":0.000132,"bal":0.003106,"days":1,"spread":0.032258,"streak":1,"rank_m":443475,"pct_m":0.471509,"gas_method":"exact"},"2025-01":{"txs":0,"uniq":0,"trade":0,"nft":0,"gas":0,"bal":0.003106,"days":0,"spread":0,"streak":0,"rank_m":635959,"pct_m":0.676162},"2025-02":{"txs":0,"uniq":0,"trade":0,"nft":0,"gas":0,"bal":0.003106,"days":0,"spread":0,"streak":0,"rank_m":648081,"pct_m":0.68905},"2025-03":{"txs":82,"uniq":2,"trade":0,"nft":0,"gas":0.00064,"bal":0.003727,"days":3,"spread":0.096774,"streak":3,"rank_m":148929,"pct_m":0.158343,"gas_method":"exact"},"2025-04":{"txs":27,"uniq":1,"trade":0,"nft":0,"gas":0.000085,"bal":0.002251,"days":3,"spread":0.1,"streak":2,"rank_m":245966,"pct_m":0.261514,"gas_method":"exact"},"2025-05":{"txs":7,"uniq":2,"trade":0,"nft":0,"gas":0.000049,"bal":0.006379,"days":4,"spread":0.129032,"streak":2,"rank_m":223405,"pct_m":0.237527,"gas_method":"estimated"},"2025-06":{"txs":1,"uniq":1,"trade":0,"nft":0,"gas":0.000007,"bal":0.000321,"days":1,"spread":0.033333,"streak":1,"rank_m":605776,"pct_m":0.644071,"gas_method":"estimated"},"2025-07":{"txs":3,"uniq":3,"trade":0,"nft":0,"gas":0.000021,"bal":0.000254,"days":2,"spread":0.064516,"streak":1,"rank_m":579245,"pct_m":0.615863,"gas_method":"estimated"},"2025-08":{"txs":1,"uniq":0,"trade":0,"nft":0,"gas":0.000007,"bal":0.000262,"days":1,"spread":0.032258,"streak":1,"rank_m":657552,"pct_m":0.69912,"gas_method":"estimated"},"2025-09":{"txs":1,"uniq":1,"trade":0,"nft":0,"gas":0.000007,"bal":0.002182,"days":1,"spread":0.033333,"streak":1,"rank_m":472695,"pct_m":0.502577,"gas_method":"estimated"},"2025-10":{"txs":0,"uniq":0,"trade":0,"nft":0,"gas":0,"bal":0.002182,"days":0,"spread":0,"streak":0,"rank_m":576365,"pct_m":0.612801}}}