{"wallet":"0x618aa7f1386f6595680dfe73f0fdcc18bc54a005","rank":96877,"lifetime":{"months_active":11,"first":"2023-07","last":"2025-10","tx_sum":885,"uniq_sum":212,"trade_sum":47,"nft_sum":66,"gas_sum":0.013392,"avg_balance_eth_mean":0.005549,"streak_best_days":6,"gas_sum_filled":0.013392},"months":{"2023-07":{"txs":0,"uniq":0,"trade":0,"nft":0,"gas":0,"bal":0,"days":0,"spread":0,"streak":0,"rank_m":601696,"pct_m":0.639733},"2023-08":{"txs":59,"uniq":26,"trade":4,"nft":13,"gas":0.005948,"bal":0.002892,"days":10,"spread":0.322581,"streak":4,"rank_m":20859,"pct_m":0.022177,"gas_method":"exact"},"2023-09":{"txs":114,"uniq":22,"trade":6,"nft":7,"gas":0.001928,"bal":0.000714,"days":16,"spread":0.533333,"streak":3,"rank_m":19529,"pct_m":0.020763,"gas_method":"exact"},"2023-10":{"txs":256,"uniq":41,"trade":19,"nft":11,"gas":0.000481,"bal":0.001799,"days":19,"spread":0.612903,"streak":6,"rank_m":8138,"pct_m":0.008651,"gas_method":"exact"},"2023-11":{"txs":169,"uniq":33,"trade":16,"nft":4,"gas":0.000389,"bal":0.003523,"days":14,"spread":0.466667,"streak":3,"rank_m":6448,"pct_m":0.006855,"gas_method":"exact"},"2023-12":{"txs":95,"uniq":21,"trade":2,"nft":11,"gas":0.001905,"bal":0.001858,"days":14,"spread":0.451613,"streak":2,"rank_m":11984,"pct_m":0.012741,"gas_method":"exact"},"2024-01":{"txs":28,"uniq":17,"trade":0,"nft":1,"gas":0.001246,"bal":0.001582,"days":7,"spread":0.225806,"streak":2,"rank_m":32018,"pct_m":0.034041,"gas_method":"exact"},"2024-02":{"txs":6,"uniq":5,"trade":0,"nft":2,"gas":0.000192,"bal":0.002212,"days":3,"spread":0.103448,"streak":1,"rank_m":159828,"pct_m":0.169931,"gas_method":"estimated"},"2024-03":{"txs":14,"uniq":8,"trade":0,"nft":4,"gas":0.00067,"bal":0.006434,"days":3,"spread":0.096774,"streak":1,"rank_m":182108,"pct_m":0.193619,"gas_method":"estimated"},"2024-04":{"txs":92,"uniq":20,"trade":0,"nft":7,"gas":0.000543,"bal":0.010901,"days":14,"spread":0.466667,"streak":3,"rank_m":73972,"pct_m":0.078647,"gas_method":"estimated"},"2024-05":{"txs":46,"uniq":16,"trade":0,"nft":5,"gas":0.00009,"bal":0.009296,"days":12,"spread":0.387097,"streak":3,"rank_m":83510,"pct_m":0.088788,"gas_method":"estimated"},"2024-06":{"txs":6,"uniq":3,"trade":0,"nft":1,"gas":0,"bal":0.006715,"days":2,"spread":0.066667,"streak":1,"rank_m":336253,"pct_m":0.357509,"gas_method":"estimated"},"2024-07":{"txs":0,"uniq":0,"trade":0,"nft":0,"gas":0,"bal":0.006715,"days":0,"spread":0,"streak":0,"rank_m":524752,"pct_m":0.557925},"2024-08":{"txs":0,"uniq":0,"trade":0,"nft":0,"gas":0,"bal":0.006715,"days":0,"spread":0,"streak":0,"rank_m":535411,"pct_m":0.569257},"2024-09":{"txs":0,"uniq":0,"trade":0,"nft":0,"gas":0,"bal":0.006715,"days":0,"spread":0,"streak":0,"rank_m":510434,"pct_m":0.542701},"2024-10":{"txs":0,"uniq":0,"trade":0,"nft":0,"gas":0,"bal":0.006715,"days":0,"spread":0,"streak":0,"rank_m":556206,"pct_m":0.591367},"2024-11":{"txs":0,"uniq":0,"trade":0,"nft":0,"gas":0,"bal":0.006715,"days":0,"spread":0,"streak":0,"rank_m":572336,"pct_m":0.608517},"2024-12":{"txs":0,"uniq":0,"trade":0,"nft":0,"gas":0,"bal":0.006715,"days":0,"spread":0,"streak":0,"rank_m":627823,"pct_m":0.667512},"2025-01":{"txs":0,"uniq":0,"trade":0,"nft":0,"gas":0,"bal":0.006715,"days":0,"spread":0,"streak":0,"rank_m":613506,"pct_m":0.652289},"2025-02":{"txs":0,"uniq":0,"trade":0,"nft":0,"gas":0,"bal":0.006715,"days":0,"spread":0,"streak":0,"rank_m":618869,"pct_m":0.657992},"2025-03":{"txs":0,"uniq":0,"trade":0,"nft":0,"gas":0,"bal":0.006715,"days":0,"spread":0,"streak":0,"rank_m":604333,"pct_m":0.642537},"2025-04":{"txs":0,"uniq":0,"trade":0,"nft":0,"gas":0,"bal":0.006715,"days":0,"spread":0,"streak":0,"rank_m":635386,"pct_m":0.675553},"2025-05":{"txs":0,"uniq":0,"trade":0,"nft":0,"gas":0,"bal":0.006715,"days":0,"spread":0,"streak":0,"rank_m":574726,"pct_m":0.611058},"2025-06":{"txs":0,"uniq":0,"trade":0,"nft":0,"gas":0,"bal":0.006715,"days":0,"spread":0,"streak":0,"rank_m":573769,"pct_m":0.61004},"2025-07":{"txs":0,"uniq":0,"trade":0,"nft":0,"gas":0,"bal":0.006715,"days":0,"spread":0,"streak":0,"rank_m":592723,"pct_m":0.630193},"2025-08":{"txs":0,"uniq":0,"trade":0,"nft":0,"gas":0,"bal":0.006715,"days":0,"spread":0,"streak":0,"rank_m":572646,"pct_m":0.608846},"2025-09":{"txs":0,"uniq":0,"trade":0,"nft":0,"gas":0,"bal":0.006715,"days":0,"spread":0,"streak":0,"rank_m":561399,"pct_m":0.596888},"2025-10":{"txs":0,"uniq":0,"trade":0,"nft":0,"gas":0,"bal":0.006715,"days":0,"spread":0,"streak":0,"rank_m":475969,"pct_m":0.506058}}}