{"wallet":"0x6190b070e3ce6e61c827b76b4c1c001ed0ec299b","rank":312511,"lifetime":{"months_active":26,"first":"2023-07","last":"2025-10","tx_sum":217,"uniq_sum":99,"trade_sum":8,"nft_sum":31,"gas_sum":0.001701,"avg_balance_eth_mean":0.002956,"streak_best_days":5,"gas_sum_filled":0.001701},"months":{"2023-07":{"txs":0,"uniq":0,"trade":0,"nft":0,"gas":0,"bal":0,"days":0,"spread":0,"streak":0,"rank_m":601607,"pct_m":0.639638},"2023-08":{"txs":0,"uniq":0,"trade":0,"nft":0,"gas":0,"bal":0,"days":0,"spread":0,"streak":0,"rank_m":645453,"pct_m":0.686256},"2023-09":{"txs":6,"uniq":4,"trade":0,"nft":2,"gas":0.000161,"bal":0.001711,"days":4,"spread":0.133333,"streak":1,"rank_m":88666,"pct_m":0.09427,"gas_method":"estimated"},"2023-10":{"txs":7,"uniq":1,"trade":0,"nft":0,"gas":0.000049,"bal":0.003166,"days":2,"spread":0.064516,"streak":1,"rank_m":88862,"pct_m":0.094479,"gas_method":"exact"},"2023-11":{"txs":2,"uniq":2,"trade":0,"nft":0,"gas":0.000025,"bal":0.003539,"days":2,"spread":0.066667,"streak":1,"rank_m":112549,"pct_m":0.119663,"gas_method":"estimated"},"2023-12":{"txs":2,"uniq":1,"trade":0,"nft":0,"gas":0.000046,"bal":0.003099,"days":2,"spread":0.064516,"streak":1,"rank_m":144016,"pct_m":0.153119,"gas_method":"estimated"},"2024-01":{"txs":10,"uniq":1,"trade":0,"nft":0,"gas":0.000215,"bal":0.00249,"days":3,"spread":0.096774,"streak":2,"rank_m":123474,"pct_m":0.131279,"gas_method":"estimated"},"2024-02":{"txs":6,"uniq":5,"trade":0,"nft":2,"gas":0.000073,"bal":0.002047,"days":2,"spread":0.068966,"streak":1,"rank_m":171451,"pct_m":0.182289,"gas_method":"estimated"},"2024-03":{"txs":2,"uniq":1,"trade":0,"nft":0,"gas":0.000036,"bal":0.00693,"days":1,"spread":0.032258,"streak":1,"rank_m":303278,"pct_m":0.32245,"gas_method":"estimated"},"2024-04":{"txs":14,"uniq":9,"trade":0,"nft":2,"gas":0.000031,"bal":0.006545,"days":4,"spread":0.133333,"streak":2,"rank_m":251381,"pct_m":0.267272,"gas_method":"estimated"},"2024-05":{"txs":2,"uniq":1,"trade":0,"nft":0,"gas":0.000001,"bal":0.00625,"days":1,"spread":0.032258,"streak":1,"rank_m":418092,"pct_m":0.444522,"gas_method":"estimated"},"2024-06":{"txs":1,"uniq":1,"trade":0,"nft":0,"gas":0,"bal":0.00625,"days":1,"spread":0.033333,"streak":1,"rank_m":425588,"pct_m":0.452492,"gas_method":"estimated"},"2024-07":{"txs":1,"uniq":1,"trade":0,"nft":2,"gas":0,"bal":0.006249,"days":1,"spread":0.032258,"streak":1,"rank_m":377701,"pct_m":0.401577,"gas_method":"estimated"},"2024-08":{"txs":18,"uniq":18,"trade":0,"nft":19,"gas":0.000001,"bal":0.005883,"days":3,"spread":0.096774,"streak":3,"rank_m":150325,"pct_m":0.159827,"gas_method":"estimated"},"2024-09":{"txs":3,"uniq":3,"trade":0,"nft":1,"gas":0,"bal":0.004476,"days":2,"spread":0.066667,"streak":1,"rank_m":258743,"pct_m":0.275099,"gas_method":"exact"},"2024-10":{"txs":3,"uniq":3,"trade":0,"nft":3,"gas":0,"bal":0.003607,"days":3,"spread":0.096774,"streak":2,"rank_m":307589,"pct_m":0.327033,"gas_method":"estimated"},"2024-11":{"txs":1,"uniq":1,"trade":0,"nft":0,"gas":0.000002,"bal":0.000156,"days":1,"spread":0.033333,"streak":1,"rank_m":519682,"pct_m":0.552534,"gas_method":"exact"},"2024-12":{"txs":3,"uniq":3,"trade":0,"nft":0,"gas":0.000066,"bal":0.000257,"days":3,"spread":0.096774,"streak":2,"rank_m":491439,"pct_m":0.522506,"gas_method":"exact"},"2025-01":{"txs":2,"uniq":2,"trade":0,"nft":0,"gas":0.000052,"bal":0.000246,"days":2,"spread":0.064516,"streak":2,"rank_m":501571,"pct_m":0.533278,"gas_method":"exact"},"2025-02":{"txs":3,"uniq":2,"trade":0,"nft":0,"gas":0.000021,"bal":0.000243,"days":3,"spread":0.107143,"streak":1,"rank_m":459569,"pct_m":0.488621,"gas_method":"exact"},"2025-03":{"txs":2,"uniq":2,"trade":1,"nft":0,"gas":0.000016,"bal":0.000237,"days":2,"spread":0.064516,"streak":1,"rank_m":415207,"pct_m":0.441454,"gas_method":"exact"},"2025-04":{"txs":2,"uniq":2,"trade":2,"nft":0,"gas":0.000012,"bal":0.000206,"days":2,"spread":0.066667,"streak":1,"rank_m":447435,"pct_m":0.47572,"gas_method":"exact"},"2025-05":{"txs":6,"uniq":5,"trade":0,"nft":0,"gas":0.000042,"bal":0.000214,"days":5,"spread":0.16129,"streak":2,"rank_m":457446,"pct_m":0.486364,"gas_method":"estimated"},"2025-06":{"txs":25,"uniq":7,"trade":2,"nft":0,"gas":0.000176,"bal":0.004733,"days":13,"spread":0.433333,"streak":4,"rank_m":120563,"pct_m":0.128184,"gas_method":"estimated"},"2025-07":{"txs":28,"uniq":9,"trade":3,"nft":0,"gas":0.000197,"bal":0.003888,"days":12,"spread":0.387097,"streak":5,"rank_m":115803,"pct_m":0.123123,"gas_method":"estimated"},"2025-08":{"txs":28,"uniq":11,"trade":0,"nft":0,"gas":0.000197,"bal":0.002449,"days":11,"spread":0.354839,"streak":3,"rank_m":217176,"pct_m":0.230904,"gas_method":"estimated"},"2025-09":{"txs":23,"uniq":3,"trade":0,"nft":0,"gas":0.000162,"bal":0.002936,"days":10,"spread":0.333333,"streak":2,"rank_m":274847,"pct_m":0.292221,"gas_method":"estimated"},"2025-10":{"txs":17,"uniq":1,"trade":0,"nft":0,"gas":0.00012,"bal":0.004959,"days":9,"spread":0.290323,"streak":2,"rank_m":167137,"pct_m":0.177702,"gas_method":"estimated"}}}