{"wallet":"0x61df2f2dbc38de50800773aea7bb94401a04d169","rank":176035,"lifetime":{"months_active":14,"first":"2023-07","last":"2025-10","tx_sum":306,"uniq_sum":132,"trade_sum":23,"nft_sum":32,"gas_sum":0.008145,"avg_balance_eth_mean":0.034586,"streak_best_days":0,"gas_sum_filled":0.008145},"months":{"2023-07":{"txs":0,"uniq":0,"trade":0,"nft":0,"gas":0,"bal":0,"days":0,"spread":0,"streak":0,"rank_m":600552,"pct_m":0.638517},"2023-08":{"txs":2,"uniq":2,"trade":0,"nft":0,"gas":0.00033,"bal":0.000296,"days":1,"spread":0.032258,"streak":0,"rank_m":192738,"pct_m":0.204921,"gas_method":"exact"},"2023-09":{"txs":13,"uniq":3,"trade":0,"nft":1,"gas":0.000195,"bal":0.00198,"days":2,"spread":0.066667,"streak":0,"rank_m":140868,"pct_m":0.149772,"gas_method":"exact"},"2023-10":{"txs":0,"uniq":0,"trade":0,"nft":0,"gas":0,"bal":0.00198,"days":0,"spread":0,"streak":0,"rank_m":276091,"pct_m":0.293544},"2023-11":{"txs":6,"uniq":5,"trade":0,"nft":0,"gas":0.000216,"bal":0.006488,"days":2,"spread":0.066667,"streak":0,"rank_m":145719,"pct_m":0.15493,"gas_method":"estimated"},"2023-12":{"txs":32,"uniq":10,"trade":0,"nft":1,"gas":0.002155,"bal":0.162251,"days":6,"spread":0.193548,"streak":0,"rank_m":83708,"pct_m":0.088999,"gas_method":"estimated"},"2024-01":{"txs":125,"uniq":37,"trade":18,"nft":17,"gas":0.002369,"bal":0.009136,"days":9,"spread":0.290323,"streak":0,"rank_m":62542,"pct_m":0.066495,"gas_method":"exact"},"2024-02":{"txs":29,"uniq":21,"trade":0,"nft":6,"gas":0.001027,"bal":0.012196,"days":6,"spread":0.206897,"streak":0,"rank_m":108372,"pct_m":0.115222,"gas_method":"estimated"},"2024-03":{"txs":26,"uniq":13,"trade":2,"nft":3,"gas":0.001381,"bal":0.012102,"days":4,"spread":0.129032,"streak":0,"rank_m":173371,"pct_m":0.18433,"gas_method":"estimated"},"2024-04":{"txs":15,"uniq":12,"trade":0,"nft":2,"gas":0.000098,"bal":0.011047,"days":2,"spread":0.066667,"streak":0,"rank_m":324582,"pct_m":0.3451,"gas_method":"estimated"},"2024-05":{"txs":10,"uniq":7,"trade":0,"nft":0,"gas":0.000022,"bal":0.017413,"days":1,"spread":0.032258,"streak":0,"rank_m":364717,"pct_m":0.387773,"gas_method":"estimated"},"2024-06":{"txs":0,"uniq":0,"trade":0,"nft":0,"gas":0,"bal":0.017413,"days":0,"spread":0,"streak":0,"rank_m":489416,"pct_m":0.520355},"2024-07":{"txs":0,"uniq":0,"trade":0,"nft":0,"gas":0,"bal":0.017413,"days":0,"spread":0,"streak":0,"rank_m":490264,"pct_m":0.521256},"2024-08":{"txs":0,"uniq":0,"trade":0,"nft":0,"gas":0,"bal":0.017413,"days":0,"spread":0,"streak":0,"rank_m":498768,"pct_m":0.530298},"2024-09":{"txs":0,"uniq":0,"trade":0,"nft":0,"gas":0,"bal":0.017413,"days":0,"spread":0,"streak":0,"rank_m":468858,"pct_m":0.498497},"2024-10":{"txs":0,"uniq":0,"trade":0,"nft":0,"gas":0,"bal":0.017413,"days":0,"spread":0,"streak":0,"rank_m":510825,"pct_m":0.543117},"2024-11":{"txs":0,"uniq":0,"trade":0,"nft":0,"gas":0,"bal":0.017413,"days":0,"spread":0,"streak":0,"rank_m":545088,"pct_m":0.579546},"2024-12":{"txs":1,"uniq":1,"trade":0,"nft":0,"gas":0.000022,"bal":0.017184,"days":1,"spread":0.032258,"streak":0,"rank_m":535273,"pct_m":0.569111,"gas_method":"exact"},"2025-01":{"txs":0,"uniq":0,"trade":0,"nft":0,"gas":0,"bal":0.017184,"days":0,"spread":0,"streak":0,"rank_m":588080,"pct_m":0.625256},"2025-02":{"txs":0,"uniq":0,"trade":0,"nft":0,"gas":0,"bal":0.017184,"days":0,"spread":0,"streak":0,"rank_m":584570,"pct_m":0.621524},"2025-03":{"txs":0,"uniq":0,"trade":0,"nft":0,"gas":0,"bal":0.017184,"days":0,"spread":0,"streak":0,"rank_m":566561,"pct_m":0.602377},"2025-04":{"txs":0,"uniq":0,"trade":0,"nft":0,"gas":0,"bal":0.017184,"days":0,"spread":0,"streak":0,"rank_m":599488,"pct_m":0.637385},"2025-05":{"txs":6,"uniq":2,"trade":0,"nft":0,"gas":0.000042,"bal":0.276902,"days":2,"spread":0.064516,"streak":0,"rank_m":199370,"pct_m":0.211973,"gas_method":"estimated"},"2025-06":{"txs":27,"uniq":12,"trade":0,"nft":0,"gas":0.00019,"bal":0.265463,"days":5,"spread":0.166667,"streak":0,"rank_m":116894,"pct_m":0.124283,"gas_method":"estimated"},"2025-07":{"txs":8,"uniq":3,"trade":3,"nft":0,"gas":0.000056,"bal":0.000186,"days":2,"spread":0.064516,"streak":0,"rank_m":518674,"pct_m":0.551462,"gas_method":"estimated"},"2025-08":{"txs":0,"uniq":0,"trade":0,"nft":1,"gas":0,"bal":0.000186,"days":0,"spread":0,"streak":0,"rank_m":663448,"pct_m":0.705389},"2025-09":{"txs":6,"uniq":4,"trade":0,"nft":1,"gas":0.000042,"bal":0.000196,"days":3,"spread":0.1,"streak":0,"rank_m":495125,"pct_m":0.526425,"gas_method":"estimated"},"2025-10":{"txs":0,"uniq":0,"trade":0,"nft":0,"gas":0,"bal":0.000196,"days":0,"spread":0,"streak":0,"rank_m":773807,"pct_m":0.822724}}}