{"wallet":"0x610a67180a891047c506617d899f5cee4970fc8b","rank":38241,"lifetime":{"months_active":23,"first":"2023-07","last":"2025-10","tx_sum":1942,"uniq_sum":303,"trade_sum":7,"nft_sum":53,"gas_sum":0.005167,"avg_balance_eth_mean":0.008849,"streak_best_days":12,"gas_sum_filled":0.005167},"months":{"2023-07":{"txs":0,"uniq":0,"trade":0,"nft":0,"gas":0,"bal":0,"days":0,"spread":0,"streak":0,"rank_m":603385,"pct_m":0.641529},"2023-08":{"txs":0,"uniq":0,"trade":0,"nft":0,"gas":0,"bal":0,"days":0,"spread":0,"streak":0,"rank_m":647002,"pct_m":0.687903},"2023-09":{"txs":0,"uniq":0,"trade":0,"nft":0,"gas":0,"bal":0,"days":0,"spread":0,"streak":0,"rank_m":658693,"pct_m":0.700333},"2023-10":{"txs":0,"uniq":0,"trade":0,"nft":0,"gas":0,"bal":0,"days":0,"spread":0,"streak":0,"rank_m":668143,"pct_m":0.710381},"2023-11":{"txs":0,"uniq":0,"trade":0,"nft":0,"gas":0,"bal":0,"days":0,"spread":0,"streak":0,"rank_m":676444,"pct_m":0.719206},"2023-12":{"txs":20,"uniq":13,"trade":0,"nft":3,"gas":0.000187,"bal":0.00778,"days":7,"spread":0.225806,"streak":2,"rank_m":24300,"pct_m":0.025835,"gas_method":"estimated"},"2024-01":{"txs":78,"uniq":15,"trade":0,"nft":6,"gas":0.000268,"bal":0.005544,"days":15,"spread":0.483871,"streak":12,"rank_m":9774,"pct_m":0.010391,"gas_method":"exact"},"2024-02":{"txs":105,"uniq":18,"trade":0,"nft":8,"gas":0.00082,"bal":0.002426,"days":20,"spread":0.689655,"streak":10,"rank_m":16343,"pct_m":0.017375,"gas_method":"exact"},"2024-03":{"txs":13,"uniq":2,"trade":0,"nft":1,"gas":0.000096,"bal":0.001974,"days":4,"spread":0.129032,"streak":3,"rank_m":223390,"pct_m":0.237511,"gas_method":"estimated"},"2024-04":{"txs":107,"uniq":11,"trade":0,"nft":3,"gas":0.000097,"bal":0.005699,"days":11,"spread":0.366667,"streak":2,"rank_m":144301,"pct_m":0.153422,"gas_method":"estimated"},"2024-05":{"txs":18,"uniq":11,"trade":1,"nft":2,"gas":0.000051,"bal":0.002928,"days":5,"spread":0.16129,"streak":1,"rank_m":171233,"pct_m":0.182057,"gas_method":"exact"},"2024-06":{"txs":58,"uniq":10,"trade":0,"nft":7,"gas":0.000001,"bal":0.003012,"days":6,"spread":0.2,"streak":2,"rank_m":153506,"pct_m":0.163209,"gas_method":"estimated"},"2024-07":{"txs":847,"uniq":17,"trade":1,"nft":9,"gas":0.000089,"bal":0.00489,"days":25,"spread":0.806452,"streak":10,"rank_m":12226,"pct_m":0.012998,"gas_method":"exact"},"2024-08":{"txs":52,"uniq":6,"trade":0,"nft":5,"gas":0.00002,"bal":0.00128,"days":3,"spread":0.096774,"streak":1,"rank_m":203625,"pct_m":0.216497,"gas_method":"exact"},"2024-09":{"txs":192,"uniq":3,"trade":0,"nft":2,"gas":0.000008,"bal":0.000694,"days":13,"spread":0.433333,"streak":6,"rank_m":99576,"pct_m":0.10587,"gas_method":"exact"},"2024-10":{"txs":15,"uniq":12,"trade":0,"nft":1,"gas":0.000015,"bal":0.003657,"days":2,"spread":0.064516,"streak":1,"rank_m":208191,"pct_m":0.221351,"gas_method":"exact"},"2024-11":{"txs":8,"uniq":7,"trade":0,"nft":1,"gas":0.000018,"bal":0.001746,"days":4,"spread":0.133333,"streak":2,"rank_m":271860,"pct_m":0.289045,"gas_method":"exact"},"2024-12":{"txs":28,"uniq":17,"trade":0,"nft":0,"gas":0.000617,"bal":0.006618,"days":8,"spread":0.258065,"streak":2,"rank_m":157713,"pct_m":0.167682,"gas_method":"exact"},"2025-01":{"txs":42,"uniq":21,"trade":0,"nft":1,"gas":0.001039,"bal":0.011338,"days":12,"spread":0.387097,"streak":4,"rank_m":51589,"pct_m":0.054849,"gas_method":"exact"},"2025-02":{"txs":89,"uniq":27,"trade":0,"nft":0,"gas":0.000626,"bal":0.06569,"days":18,"spread":0.642857,"streak":7,"rank_m":9514,"pct_m":0.010114,"gas_method":"exact"},"2025-03":{"txs":30,"uniq":18,"trade":0,"nft":0,"gas":0.000237,"bal":0.011646,"days":13,"spread":0.419355,"streak":5,"rank_m":50354,"pct_m":0.053536,"gas_method":"exact"},"2025-04":{"txs":101,"uniq":31,"trade":5,"nft":0,"gas":0.000001,"bal":0.052113,"days":26,"spread":0.866667,"streak":10,"rank_m":17660,"pct_m":0.018775,"gas_method":"exact"},"2025-05":{"txs":57,"uniq":18,"trade":0,"nft":0,"gas":0.000401,"bal":0.02203,"days":13,"spread":0.419355,"streak":3,"rank_m":31408,"pct_m":0.033392,"gas_method":"estimated"},"2025-06":{"txs":23,"uniq":11,"trade":0,"nft":0,"gas":0.000162,"bal":0.001566,"days":8,"spread":0.266667,"streak":3,"rank_m":291630,"pct_m":0.310065,"gas_method":"estimated"},"2025-07":{"txs":8,"uniq":7,"trade":0,"nft":0,"gas":0.000056,"bal":0.002238,"days":2,"spread":0.064516,"streak":1,"rank_m":396339,"pct_m":0.421394,"gas_method":"estimated"},"2025-08":{"txs":8,"uniq":7,"trade":0,"nft":4,"gas":0.000056,"bal":0.011186,"days":4,"spread":0.129032,"streak":2,"rank_m":150830,"pct_m":0.160364,"gas_method":"estimated"},"2025-09":{"txs":35,"uniq":15,"trade":0,"nft":0,"gas":0.000246,"bal":0.014704,"days":10,"spread":0.333333,"streak":2,"rank_m":70478,"pct_m":0.074932,"gas_method":"estimated"},"2025-10":{"txs":8,"uniq":6,"trade":0,"nft":0,"gas":0.000056,"bal":0.00701,"days":3,"spread":0.096774,"streak":2,"rank_m":143960,"pct_m":0.15306,"gas_method":"estimated"}}}