{"wallet":"0x61d34a0bf48e0009995c0e48efbb7c07eeef1391","rank":60047,"lifetime":{"months_active":28,"first":"2023-07","last":"2025-10","tx_sum":689,"uniq_sum":280,"trade_sum":12,"nft_sum":90,"gas_sum":0.01032,"avg_balance_eth_mean":0.005494,"streak_best_days":5,"gas_sum_filled":0.01032},"months":{"2023-07":{"txs":2,"uniq":2,"trade":0,"nft":2,"gas":0.000155,"bal":0,"days":2,"spread":0.064516,"streak":1,"rank_m":27758,"pct_m":0.029512,"gas_method":"exact"},"2023-08":{"txs":25,"uniq":11,"trade":0,"nft":5,"gas":0.001378,"bal":0.000053,"days":6,"spread":0.193548,"streak":2,"rank_m":76373,"pct_m":0.0812,"gas_method":"exact"},"2023-09":{"txs":11,"uniq":7,"trade":0,"nft":4,"gas":0.000521,"bal":0.00074,"days":2,"spread":0.066667,"streak":1,"rank_m":90641,"pct_m":0.09637,"gas_method":"estimated"},"2023-10":{"txs":3,"uniq":2,"trade":0,"nft":3,"gas":0.000014,"bal":0.002863,"days":2,"spread":0.064516,"streak":1,"rank_m":82588,"pct_m":0.087808,"gas_method":"exact"},"2023-11":{"txs":14,"uniq":5,"trade":0,"nft":1,"gas":0.000303,"bal":0.000056,"days":3,"spread":0.1,"streak":1,"rank_m":116588,"pct_m":0.123957,"gas_method":"estimated"},"2023-12":{"txs":16,"uniq":15,"trade":0,"nft":13,"gas":0.002094,"bal":0.00195,"days":3,"spread":0.096774,"streak":2,"rank_m":29313,"pct_m":0.031165,"gas_method":"exact"},"2024-01":{"txs":8,"uniq":4,"trade":0,"nft":0,"gas":0.001119,"bal":0.000045,"days":2,"spread":0.064516,"streak":2,"rank_m":107542,"pct_m":0.11434,"gas_method":"exact"},"2024-02":{"txs":4,"uniq":3,"trade":0,"nft":4,"gas":0.000085,"bal":0.000076,"days":2,"spread":0.068966,"streak":1,"rank_m":230257,"pct_m":0.244812,"gas_method":"estimated"},"2024-03":{"txs":11,"uniq":9,"trade":0,"nft":6,"gas":0.000352,"bal":0.000132,"days":4,"spread":0.129032,"streak":3,"rank_m":231306,"pct_m":0.245928,"gas_method":"estimated"},"2024-04":{"txs":9,"uniq":5,"trade":0,"nft":1,"gas":0.000036,"bal":0.000283,"days":4,"spread":0.133333,"streak":1,"rank_m":396578,"pct_m":0.421648,"gas_method":"estimated"},"2024-05":{"txs":1,"uniq":1,"trade":0,"nft":3,"gas":0.000001,"bal":0.000079,"days":1,"spread":0.032258,"streak":1,"rank_m":464683,"pct_m":0.494058,"gas_method":"estimated"},"2024-06":{"txs":4,"uniq":3,"trade":0,"nft":4,"gas":0,"bal":0.000278,"days":2,"spread":0.066667,"streak":1,"rank_m":420424,"pct_m":0.447001,"gas_method":"estimated"},"2024-07":{"txs":13,"uniq":7,"trade":0,"nft":3,"gas":0.000003,"bal":0.001105,"days":4,"spread":0.129032,"streak":2,"rank_m":264193,"pct_m":0.280894,"gas_method":"estimated"},"2024-08":{"txs":11,"uniq":8,"trade":0,"nft":11,"gas":0.000002,"bal":0.00127,"days":3,"spread":0.096774,"streak":1,"rank_m":316573,"pct_m":0.336585,"gas_method":"estimated"},"2024-09":{"txs":8,"uniq":6,"trade":2,"nft":4,"gas":0.000001,"bal":0.002369,"days":4,"spread":0.133333,"streak":1,"rank_m":216900,"pct_m":0.230611,"gas_method":"estimated"},"2024-10":{"txs":32,"uniq":24,"trade":2,"nft":15,"gas":0.000002,"bal":0.002007,"days":12,"spread":0.387097,"streak":4,"rank_m":56268,"pct_m":0.059824,"gas_method":"exact"},"2024-11":{"txs":29,"uniq":25,"trade":2,"nft":1,"gas":0.000062,"bal":0.001649,"days":8,"spread":0.266667,"streak":3,"rank_m":113081,"pct_m":0.120229,"gas_method":"exact"},"2024-12":{"txs":34,"uniq":20,"trade":0,"nft":2,"gas":0.000639,"bal":0.010728,"days":8,"spread":0.258065,"streak":2,"rank_m":110897,"pct_m":0.117907,"gas_method":"exact"},"2025-01":{"txs":25,"uniq":13,"trade":0,"nft":2,"gas":0.000597,"bal":0.00081,"days":11,"spread":0.354839,"streak":2,"rank_m":171765,"pct_m":0.182623,"gas_method":"exact"},"2025-02":{"txs":8,"uniq":5,"trade":0,"nft":0,"gas":0.000042,"bal":0.00154,"days":4,"spread":0.142857,"streak":1,"rank_m":312939,"pct_m":0.332721,"gas_method":"exact"},"2025-03":{"txs":16,"uniq":9,"trade":0,"nft":0,"gas":0.000095,"bal":0.001579,"days":6,"spread":0.193548,"streak":2,"rank_m":199105,"pct_m":0.211691,"gas_method":"exact"},"2025-04":{"txs":20,"uniq":9,"trade":0,"nft":1,"gas":0.000109,"bal":0.000585,"days":6,"spread":0.2,"streak":1,"rank_m":207129,"pct_m":0.220222,"gas_method":"exact"},"2025-05":{"txs":8,"uniq":3,"trade":0,"nft":0,"gas":0.000056,"bal":0.000888,"days":6,"spread":0.193548,"streak":2,"rank_m":356014,"pct_m":0.378519,"gas_method":"estimated"},"2025-06":{"txs":102,"uniq":23,"trade":1,"nft":0,"gas":0.000718,"bal":0.051368,"days":18,"spread":0.6,"streak":5,"rank_m":8569,"pct_m":0.00911,"gas_method":"estimated"},"2025-07":{"txs":69,"uniq":16,"trade":0,"nft":3,"gas":0.000486,"bal":0.008496,"days":18,"spread":0.580645,"streak":5,"rank_m":34989,"pct_m":0.0372,"gas_method":"estimated"},"2025-08":{"txs":56,"uniq":14,"trade":2,"nft":1,"gas":0.000394,"bal":0.0073,"days":17,"spread":0.548387,"streak":5,"rank_m":35295,"pct_m":0.037525,"gas_method":"estimated"},"2025-09":{"txs":108,"uniq":22,"trade":3,"nft":1,"gas":0.00076,"bal":0.009715,"days":15,"spread":0.5,"streak":4,"rank_m":23051,"pct_m":0.024507,"gas_method":"estimated"},"2025-10":{"txs":42,"uniq":9,"trade":0,"nft":0,"gas":0.000296,"bal":0.045875,"days":10,"spread":0.322581,"streak":4,"rank_m":15006,"pct_m":0.015954,"gas_method":"estimated"}}}