{"wallet":"0x61eda274315434c36be4e508e532adf37c51018c","rank":321601,"lifetime":{"months_active":18,"first":"2023-07","last":"2025-10","tx_sum":174,"uniq_sum":93,"trade_sum":1,"nft_sum":32,"gas_sum":0.002579,"avg_balance_eth_mean":0.002893,"streak_best_days":11,"gas_sum_filled":0.002579},"months":{"2023-07":{"txs":0,"uniq":0,"trade":0,"nft":0,"gas":0,"bal":0,"days":0,"spread":0,"streak":0,"rank_m":600370,"pct_m":0.638323},"2023-08":{"txs":6,"uniq":3,"trade":0,"nft":1,"gas":0.000314,"bal":0.000427,"days":1,"spread":0.032258,"streak":1,"rank_m":134291,"pct_m":0.14278,"gas_method":"exact"},"2023-09":{"txs":7,"uniq":3,"trade":0,"nft":2,"gas":0.000094,"bal":0.002541,"days":5,"spread":0.166667,"streak":2,"rank_m":63319,"pct_m":0.067321,"gas_method":"exact"},"2023-10":{"txs":0,"uniq":0,"trade":0,"nft":0,"gas":0,"bal":0.002541,"days":0,"spread":0,"streak":0,"rank_m":270674,"pct_m":0.287784},"2023-11":{"txs":1,"uniq":1,"trade":0,"nft":0,"gas":0.000023,"bal":0.001307,"days":1,"spread":0.033333,"streak":1,"rank_m":149958,"pct_m":0.159437,"gas_method":"estimated"},"2023-12":{"txs":2,"uniq":1,"trade":0,"nft":5,"gas":0.000085,"bal":0.002463,"days":2,"spread":0.064516,"streak":1,"rank_m":118348,"pct_m":0.125829,"gas_method":"estimated"},"2024-01":{"txs":49,"uniq":19,"trade":1,"nft":5,"gas":0.000494,"bal":0.00161,"days":26,"spread":0.83871,"streak":9,"rank_m":14392,"pct_m":0.015301,"gas_method":"exact"},"2024-02":{"txs":13,"uniq":6,"trade":0,"nft":4,"gas":0.000169,"bal":0.004983,"days":10,"spread":0.344828,"streak":7,"rank_m":43274,"pct_m":0.046009,"gas_method":"exact"},"2024-03":{"txs":2,"uniq":2,"trade":0,"nft":2,"gas":0.000067,"bal":0.007313,"days":2,"spread":0.064516,"streak":1,"rank_m":255894,"pct_m":0.27207,"gas_method":"estimated"},"2024-04":{"txs":5,"uniq":4,"trade":0,"nft":2,"gas":0.000021,"bal":0.011461,"days":3,"spread":0.1,"streak":2,"rank_m":284826,"pct_m":0.302831,"gas_method":"estimated"},"2024-05":{"txs":6,"uniq":3,"trade":0,"nft":1,"gas":0.000008,"bal":0.010107,"days":2,"spread":0.064516,"streak":1,"rank_m":332406,"pct_m":0.353419,"gas_method":"estimated"},"2024-06":{"txs":0,"uniq":0,"trade":0,"nft":0,"gas":0,"bal":0.010107,"days":0,"spread":0,"streak":0,"rank_m":504766,"pct_m":0.536675},"2024-07":{"txs":0,"uniq":0,"trade":0,"nft":0,"gas":0,"bal":0.010107,"days":0,"spread":0,"streak":0,"rank_m":509816,"pct_m":0.542044},"2024-08":{"txs":4,"uniq":3,"trade":0,"nft":3,"gas":0.000001,"bal":0.001,"days":3,"spread":0.096774,"streak":1,"rank_m":389193,"pct_m":0.413796,"gas_method":"estimated"},"2024-09":{"txs":8,"uniq":6,"trade":0,"nft":3,"gas":0.000002,"bal":0.001497,"days":5,"spread":0.166667,"streak":3,"rank_m":144201,"pct_m":0.153316,"gas_method":"exact"},"2024-10":{"txs":11,"uniq":7,"trade":0,"nft":3,"gas":0.000001,"bal":0.00162,"days":3,"spread":0.096774,"streak":1,"rank_m":311862,"pct_m":0.331576,"gas_method":"estimated"},"2024-11":{"txs":2,"uniq":2,"trade":0,"nft":0,"gas":0.000005,"bal":0.001574,"days":2,"spread":0.066667,"streak":1,"rank_m":446807,"pct_m":0.475052,"gas_method":"exact"},"2024-12":{"txs":20,"uniq":13,"trade":0,"nft":0,"gas":0.000441,"bal":0.001976,"days":7,"spread":0.225806,"streak":2,"rank_m":232927,"pct_m":0.247651,"gas_method":"exact"},"2025-01":{"txs":31,"uniq":14,"trade":0,"nft":0,"gas":0.000805,"bal":0.003285,"days":5,"spread":0.16129,"streak":3,"rank_m":152710,"pct_m":0.162363,"gas_method":"exact"},"2025-02":{"txs":2,"uniq":2,"trade":0,"nft":1,"gas":0.000014,"bal":0.00054,"days":2,"spread":0.071429,"streak":1,"rank_m":427204,"pct_m":0.45421,"gas_method":"exact"},"2025-03":{"txs":0,"uniq":0,"trade":0,"nft":0,"gas":0,"bal":0.00054,"days":0,"spread":0,"streak":0,"rank_m":725126,"pct_m":0.770966},"2025-04":{"txs":0,"uniq":0,"trade":0,"nft":0,"gas":0,"bal":0.00054,"days":0,"spread":0,"streak":0,"rank_m":746782,"pct_m":0.793991},"2025-05":{"txs":2,"uniq":1,"trade":0,"nft":0,"gas":0.000014,"bal":0.000538,"days":1,"spread":0.032258,"streak":1,"rank_m":565328,"pct_m":0.601066,"gas_method":"estimated"},"2025-06":{"txs":3,"uniq":3,"trade":0,"nft":0,"gas":0.000021,"bal":0.000586,"days":1,"spread":0.033333,"streak":1,"rank_m":547871,"pct_m":0.582505,"gas_method":"estimated"},"2025-07":{"txs":0,"uniq":0,"trade":0,"nft":0,"gas":0,"bal":0.000586,"days":0,"spread":0,"streak":0,"rank_m":764586,"pct_m":0.81292},"2025-08":{"txs":0,"uniq":0,"trade":0,"nft":0,"gas":0,"bal":0.000586,"days":0,"spread":0,"streak":0,"rank_m":743184,"pct_m":0.790165},"2025-09":{"txs":0,"uniq":0,"trade":0,"nft":0,"gas":0,"bal":0.000586,"days":0,"spread":0,"streak":0,"rank_m":733905,"pct_m":0.7803},"2025-10":{"txs":0,"uniq":0,"trade":0,"nft":0,"gas":0,"bal":0.000586,"days":0,"spread":0,"streak":0,"rank_m":670959,"pct_m":0.713375}}}