{"wallet":"0x61b84768471d83379fb6736f1d5868109c9c63b5","rank":535171,"lifetime":{"months_active":18,"first":"2023-07","last":"2025-10","tx_sum":132,"uniq_sum":77,"trade_sum":2,"nft_sum":31,"gas_sum":0.001328,"avg_balance_eth_mean":0.00887,"streak_best_days":0,"gas_sum_filled":0.001328},"months":{"2023-07":{"txs":0,"uniq":0,"trade":0,"nft":0,"gas":0,"bal":0,"days":0,"spread":0,"streak":0,"rank_m":601045,"pct_m":0.639041},"2023-08":{"txs":0,"uniq":0,"trade":0,"nft":0,"gas":0,"bal":0,"days":0,"spread":0,"streak":0,"rank_m":644963,"pct_m":0.685735},"2023-09":{"txs":0,"uniq":0,"trade":0,"nft":0,"gas":0,"bal":0,"days":0,"spread":0,"streak":0,"rank_m":656742,"pct_m":0.698259},"2023-10":{"txs":53,"uniq":25,"trade":2,"nft":14,"gas":0.000481,"bal":0.005612,"days":2,"spread":0.064516,"streak":0,"rank_m":109829,"pct_m":0.116771,"gas_method":"estimated"},"2023-11":{"txs":13,"uniq":5,"trade":0,"nft":1,"gas":0.000329,"bal":0.027552,"days":4,"spread":0.133333,"streak":0,"rank_m":96353,"pct_m":0.102443,"gas_method":"exact"},"2023-12":{"txs":4,"uniq":2,"trade":0,"nft":0,"gas":0.000118,"bal":0.027131,"days":2,"spread":0.064516,"streak":0,"rank_m":161814,"pct_m":0.172042,"gas_method":"estimated"},"2024-01":{"txs":12,"uniq":12,"trade":0,"nft":10,"gas":0.00012,"bal":0.026653,"days":4,"spread":0.129032,"streak":0,"rank_m":99141,"pct_m":0.105407,"gas_method":"exact"},"2024-02":{"txs":7,"uniq":6,"trade":0,"nft":2,"gas":0.000043,"bal":0.027714,"days":5,"spread":0.172414,"streak":0,"rank_m":150979,"pct_m":0.160523,"gas_method":"exact"},"2024-03":{"txs":6,"uniq":2,"trade":0,"nft":0,"gas":0.000125,"bal":0.035487,"days":3,"spread":0.096774,"streak":0,"rank_m":270562,"pct_m":0.287665,"gas_method":"exact"},"2024-04":{"txs":8,"uniq":6,"trade":0,"nft":4,"gas":0.000023,"bal":0.035181,"days":2,"spread":0.066667,"streak":0,"rank_m":323934,"pct_m":0.344411,"gas_method":"estimated"},"2024-05":{"txs":4,"uniq":2,"trade":0,"nft":0,"gas":0.000004,"bal":0.035002,"days":2,"spread":0.064516,"streak":0,"rank_m":385175,"pct_m":0.409524,"gas_method":"estimated"},"2024-06":{"txs":9,"uniq":9,"trade":0,"nft":0,"gas":0.000001,"bal":0.013982,"days":4,"spread":0.133333,"streak":0,"rank_m":255214,"pct_m":0.271347,"gas_method":"exact"},"2024-07":{"txs":0,"uniq":0,"trade":0,"nft":0,"gas":0,"bal":0.013982,"days":0,"spread":0,"streak":0,"rank_m":496567,"pct_m":0.527958},"2024-08":{"txs":2,"uniq":1,"trade":0,"nft":0,"gas":0,"bal":0,"days":1,"spread":0.032258,"streak":0,"rank_m":582313,"pct_m":0.619125,"gas_method":"estimated"},"2024-09":{"txs":3,"uniq":1,"trade":0,"nft":0,"gas":0,"bal":0,"days":1,"spread":0.033333,"streak":0,"rank_m":566655,"pct_m":0.602477,"gas_method":"estimated"},"2024-10":{"txs":3,"uniq":2,"trade":0,"nft":0,"gas":0,"bal":0.000005,"days":2,"spread":0.064516,"streak":0,"rank_m":597167,"pct_m":0.634918,"gas_method":"estimated"},"2024-11":{"txs":1,"uniq":1,"trade":0,"nft":0,"gas":0.000002,"bal":0.000011,"days":1,"spread":0.033333,"streak":0,"rank_m":575047,"pct_m":0.611399,"gas_method":"exact"},"2024-12":{"txs":2,"uniq":2,"trade":0,"nft":0,"gas":0.000044,"bal":0.000007,"days":2,"spread":0.064516,"streak":0,"rank_m":607906,"pct_m":0.646335,"gas_method":"exact"},"2025-01":{"txs":0,"uniq":0,"trade":0,"nft":0,"gas":0,"bal":0.000007,"days":0,"spread":0,"streak":0,"rank_m":793464,"pct_m":0.843624},"2025-02":{"txs":1,"uniq":0,"trade":0,"nft":0,"gas":0.000009,"bal":0.000009,"days":1,"spread":0.035714,"streak":0,"rank_m":714668,"pct_m":0.759847,"gas_method":"estimated"},"2025-03":{"txs":1,"uniq":1,"trade":0,"nft":0,"gas":0.000008,"bal":0.000012,"days":1,"spread":0.032258,"streak":0,"rank_m":600526,"pct_m":0.638489,"gas_method":"exact"},"2025-04":{"txs":0,"uniq":0,"trade":0,"nft":0,"gas":0,"bal":0.000012,"days":0,"spread":0,"streak":0,"rank_m":861142,"pct_m":0.915581},"2025-05":{"txs":0,"uniq":0,"trade":0,"nft":0,"gas":0,"bal":0.000012,"days":0,"spread":0,"streak":0,"rank_m":876452,"pct_m":0.931858},"2025-06":{"txs":1,"uniq":0,"trade":0,"nft":0,"gas":0.000007,"bal":0,"days":1,"spread":0.033333,"streak":0,"rank_m":811903,"pct_m":0.863229,"gas_method":"estimated"},"2025-07":{"txs":0,"uniq":0,"trade":0,"nft":0,"gas":0,"bal":0,"days":0,"spread":0,"streak":0,"rank_m":929199,"pct_m":0.98794},"2025-08":{"txs":0,"uniq":0,"trade":0,"nft":0,"gas":0,"bal":0,"days":0,"spread":0,"streak":0,"rank_m":931387,"pct_m":0.990266},"2025-09":{"txs":2,"uniq":0,"trade":0,"nft":0,"gas":0.000014,"bal":0,"days":1,"spread":0.033333,"streak":0,"rank_m":830551,"pct_m":0.883056,"gas_method":"estimated"},"2025-10":{"txs":0,"uniq":0,"trade":0,"nft":0,"gas":0,"bal":0,"days":0,"spread":0,"streak":0,"rank_m":926655,"pct_m":0.985235}}}