{"wallet":"0x61d79a4fda02547d9b0b71d768cb12d345984e99","rank":233719,"lifetime":{"months_active":20,"first":"2023-07","last":"2025-10","tx_sum":198,"uniq_sum":135,"trade_sum":0,"nft_sum":104,"gas_sum":0.003355,"avg_balance_eth_mean":0.004208,"streak_best_days":10,"gas_sum_filled":0.003355},"months":{"2023-07":{"txs":0,"uniq":0,"trade":0,"nft":0,"gas":0,"bal":0,"days":0,"spread":0,"streak":0,"rank_m":600653,"pct_m":0.638624},"2023-08":{"txs":7,"uniq":7,"trade":0,"nft":6,"gas":0.000832,"bal":0.004686,"days":4,"spread":0.129032,"streak":3,"rank_m":72532,"pct_m":0.077116,"gas_method":"exact"},"2023-09":{"txs":18,"uniq":10,"trade":0,"nft":4,"gas":0.001262,"bal":0.009977,"days":6,"spread":0.2,"streak":2,"rank_m":24107,"pct_m":0.02563,"gas_method":"exact"},"2023-10":{"txs":8,"uniq":5,"trade":0,"nft":4,"gas":0.000061,"bal":0.006248,"days":5,"spread":0.16129,"streak":1,"rank_m":44265,"pct_m":0.047062,"gas_method":"exact"},"2023-11":{"txs":2,"uniq":2,"trade":0,"nft":0,"gas":0.000052,"bal":0.004615,"days":1,"spread":0.033333,"streak":1,"rank_m":116069,"pct_m":0.123406,"gas_method":"estimated"},"2023-12":{"txs":10,"uniq":5,"trade":0,"nft":2,"gas":0.000492,"bal":0.005696,"days":3,"spread":0.096774,"streak":1,"rank_m":65478,"pct_m":0.069616,"gas_method":"estimated"},"2024-01":{"txs":5,"uniq":4,"trade":0,"nft":1,"gas":0.000152,"bal":0.005442,"days":3,"spread":0.096774,"streak":1,"rank_m":79001,"pct_m":0.083994,"gas_method":"exact"},"2024-02":{"txs":9,"uniq":5,"trade":0,"nft":1,"gas":0.000233,"bal":0.006176,"days":5,"spread":0.172414,"streak":1,"rank_m":120636,"pct_m":0.128261,"gas_method":"estimated"},"2024-03":{"txs":2,"uniq":2,"trade":0,"nft":0,"gas":0.000078,"bal":0.00775,"days":1,"spread":0.032258,"streak":1,"rank_m":291333,"pct_m":0.309749,"gas_method":"estimated"},"2024-04":{"txs":9,"uniq":2,"trade":0,"nft":0,"gas":0.000043,"bal":0.009043,"days":4,"spread":0.133333,"streak":2,"rank_m":312538,"pct_m":0.332295,"gas_method":"estimated"},"2024-05":{"txs":6,"uniq":3,"trade":0,"nft":1,"gas":0.00001,"bal":0.007853,"days":2,"spread":0.064516,"streak":1,"rank_m":343804,"pct_m":0.365537,"gas_method":"estimated"},"2024-06":{"txs":4,"uniq":1,"trade":0,"nft":0,"gas":0,"bal":0.007267,"days":3,"spread":0.1,"streak":2,"rank_m":342498,"pct_m":0.364149,"gas_method":"estimated"},"2024-07":{"txs":28,"uniq":22,"trade":0,"nft":24,"gas":0.000007,"bal":0.005533,"days":9,"spread":0.290323,"streak":3,"rank_m":80951,"pct_m":0.086067,"gas_method":"estimated"},"2024-08":{"txs":76,"uniq":55,"trade":0,"nft":59,"gas":0.000003,"bal":0.003334,"days":22,"spread":0.709677,"streak":9,"rank_m":19518,"pct_m":0.020751,"gas_method":"exact"},"2024-09":{"txs":3,"uniq":2,"trade":0,"nft":2,"gas":0,"bal":0.005555,"days":3,"spread":0.1,"streak":1,"rank_m":281554,"pct_m":0.299352,"gas_method":"estimated"},"2024-10":{"txs":0,"uniq":0,"trade":0,"nft":0,"gas":0,"bal":0.005555,"days":0,"spread":0,"streak":0,"rank_m":564415,"pct_m":0.600095},"2024-11":{"txs":3,"uniq":2,"trade":0,"nft":0,"gas":0.000007,"bal":0.005521,"days":1,"spread":0.033333,"streak":1,"rank_m":421235,"pct_m":0.447864,"gas_method":"exact"},"2024-12":{"txs":2,"uniq":2,"trade":0,"nft":0,"gas":0.000044,"bal":0.005466,"days":1,"spread":0.032258,"streak":1,"rank_m":500170,"pct_m":0.531789,"gas_method":"exact"},"2025-01":{"txs":2,"uniq":2,"trade":0,"nft":0,"gas":0.000052,"bal":0.004617,"days":2,"spread":0.064516,"streak":1,"rank_m":460159,"pct_m":0.489248,"gas_method":"exact"},"2025-02":{"txs":0,"uniq":0,"trade":0,"nft":0,"gas":0,"bal":0.004617,"days":0,"spread":0,"streak":0,"rank_m":633057,"pct_m":0.673076},"2025-03":{"txs":1,"uniq":1,"trade":0,"nft":0,"gas":0.000008,"bal":0.00095,"days":1,"spread":0.032258,"streak":1,"rank_m":479733,"pct_m":0.51006,"gas_method":"exact"},"2025-04":{"txs":2,"uniq":2,"trade":0,"nft":0,"gas":0.000012,"bal":0.000358,"days":1,"spread":0.033333,"streak":1,"rank_m":510912,"pct_m":0.54321,"gas_method":"exact"},"2025-05":{"txs":0,"uniq":0,"trade":0,"nft":0,"gas":0,"bal":0.000358,"days":0,"spread":0,"streak":0,"rank_m":769649,"pct_m":0.818304},"2025-06":{"txs":0,"uniq":0,"trade":0,"nft":0,"gas":0,"bal":0.000358,"days":0,"spread":0,"streak":0,"rank_m":773604,"pct_m":0.822509},"2025-07":{"txs":1,"uniq":1,"trade":0,"nft":0,"gas":0.000007,"bal":0.000213,"days":1,"spread":0.032258,"streak":1,"rank_m":637289,"pct_m":0.677576,"gas_method":"estimated"},"2025-08":{"txs":0,"uniq":0,"trade":0,"nft":0,"gas":0,"bal":0.000213,"days":0,"spread":0,"streak":0,"rank_m":808582,"pct_m":0.859698},"2025-09":{"txs":0,"uniq":0,"trade":0,"nft":0,"gas":0,"bal":0.000213,"days":0,"spread":0,"streak":0,"rank_m":798645,"pct_m":0.849133},"2025-10":{"txs":0,"uniq":0,"trade":0,"nft":0,"gas":0,"bal":0.000213,"days":0,"spread":0,"streak":0,"rank_m":758754,"pct_m":0.80672}}}