{"wallet":"0x611026ac4e25cc926610ce74ec4740274f661c65","rank":699452,"lifetime":{"months_active":16,"first":"2023-07","last":"2025-10","tx_sum":136,"uniq_sum":73,"trade_sum":0,"nft_sum":29,"gas_sum":0.000483,"avg_balance_eth_mean":0.001478,"streak_best_days":5,"gas_sum_filled":0.000483},"months":{"2023-07":{"txs":0,"uniq":0,"trade":0,"nft":0,"gas":0,"bal":0,"days":0,"spread":0,"streak":0,"rank_m":603289,"pct_m":0.641427},"2023-08":{"txs":0,"uniq":0,"trade":0,"nft":0,"gas":0,"bal":0,"days":0,"spread":0,"streak":0,"rank_m":646911,"pct_m":0.687806},"2023-09":{"txs":0,"uniq":0,"trade":0,"nft":0,"gas":0,"bal":0,"days":0,"spread":0,"streak":0,"rank_m":658606,"pct_m":0.700241},"2023-10":{"txs":0,"uniq":0,"trade":0,"nft":0,"gas":0,"bal":0,"days":0,"spread":0,"streak":0,"rank_m":668060,"pct_m":0.710292},"2023-11":{"txs":4,"uniq":4,"trade":0,"nft":0,"gas":0.00005,"bal":0.001175,"days":2,"spread":0.066667,"streak":1,"rank_m":120589,"pct_m":0.128211,"gas_method":"estimated"},"2023-12":{"txs":2,"uniq":2,"trade":0,"nft":1,"gas":0.000047,"bal":0.001077,"days":2,"spread":0.064516,"streak":1,"rank_m":143341,"pct_m":0.152402,"gas_method":"estimated"},"2024-01":{"txs":0,"uniq":0,"trade":0,"nft":0,"gas":0,"bal":0.001077,"days":0,"spread":0,"streak":0,"rank_m":325202,"pct_m":0.34576},"2024-02":{"txs":0,"uniq":0,"trade":0,"nft":0,"gas":0,"bal":0.001077,"days":0,"spread":0,"streak":0,"rank_m":372000,"pct_m":0.395516},"2024-03":{"txs":3,"uniq":2,"trade":0,"nft":0,"gas":0.000056,"bal":0.000707,"days":2,"spread":0.064516,"streak":1,"rank_m":337384,"pct_m":0.358712,"gas_method":"estimated"},"2024-04":{"txs":16,"uniq":5,"trade":0,"nft":2,"gas":0.000037,"bal":0.000496,"days":5,"spread":0.166667,"streak":3,"rank_m":332790,"pct_m":0.353827,"gas_method":"estimated"},"2024-05":{"txs":1,"uniq":1,"trade":0,"nft":1,"gas":0.000001,"bal":0.000167,"days":1,"spread":0.032258,"streak":1,"rank_m":475308,"pct_m":0.505355,"gas_method":"estimated"},"2024-06":{"txs":0,"uniq":0,"trade":0,"nft":0,"gas":0,"bal":0.000167,"days":0,"spread":0,"streak":0,"rank_m":616925,"pct_m":0.655925},"2024-07":{"txs":12,"uniq":10,"trade":0,"nft":10,"gas":0.000001,"bal":0.000249,"days":3,"spread":0.096774,"streak":3,"rank_m":280260,"pct_m":0.297976,"gas_method":"estimated"},"2024-08":{"txs":20,"uniq":6,"trade":0,"nft":6,"gas":0.000002,"bal":0.001007,"days":9,"spread":0.290323,"streak":5,"rank_m":223560,"pct_m":0.237692,"gas_method":"estimated"},"2024-09":{"txs":33,"uniq":13,"trade":0,"nft":6,"gas":0.000001,"bal":0.000998,"days":4,"spread":0.133333,"streak":1,"rank_m":215728,"pct_m":0.229365,"gas_method":"estimated"},"2024-10":{"txs":5,"uniq":5,"trade":0,"nft":3,"gas":0,"bal":0.000642,"days":3,"spread":0.096774,"streak":1,"rank_m":387514,"pct_m":0.412011,"gas_method":"estimated"},"2024-11":{"txs":0,"uniq":0,"trade":0,"nft":0,"gas":0,"bal":0.000642,"days":0,"spread":0,"streak":0,"rank_m":650827,"pct_m":0.69197},"2024-12":{"txs":4,"uniq":1,"trade":0,"nft":0,"gas":0.000044,"bal":0.000508,"days":4,"spread":0.129032,"streak":2,"rank_m":485964,"pct_m":0.516685,"gas_method":"exact"},"2025-01":{"txs":0,"uniq":0,"trade":0,"nft":0,"gas":0,"bal":0.000508,"days":0,"spread":0,"streak":0,"rank_m":695958,"pct_m":0.739954},"2025-02":{"txs":11,"uniq":6,"trade":0,"nft":0,"gas":0.00007,"bal":0.005075,"days":5,"spread":0.178571,"streak":2,"rank_m":196967,"pct_m":0.209418,"gas_method":"exact"},"2025-03":{"txs":1,"uniq":1,"trade":0,"nft":0,"gas":0.000008,"bal":0.006306,"days":1,"spread":0.032258,"streak":1,"rank_m":430115,"pct_m":0.457305,"gas_method":"exact"},"2025-04":{"txs":3,"uniq":3,"trade":0,"nft":0,"gas":0.000018,"bal":0.003824,"days":3,"spread":0.1,"streak":1,"rank_m":380956,"pct_m":0.405038,"gas_method":"exact"},"2025-05":{"txs":1,"uniq":1,"trade":0,"nft":0,"gas":0.000007,"bal":0.000137,"days":1,"spread":0.032258,"streak":1,"rank_m":644933,"pct_m":0.685703,"gas_method":"estimated"},"2025-06":{"txs":16,"uniq":9,"trade":0,"nft":0,"gas":0.000113,"bal":0.002417,"days":10,"spread":0.333333,"streak":2,"rank_m":281309,"pct_m":0.299092,"gas_method":"estimated"},"2025-07":{"txs":0,"uniq":0,"trade":0,"nft":0,"gas":0,"bal":0.002417,"days":0,"spread":0,"streak":0,"rank_m":672060,"pct_m":0.714545},"2025-08":{"txs":4,"uniq":4,"trade":0,"nft":0,"gas":0.000028,"bal":0.003571,"days":2,"spread":0.064516,"streak":1,"rank_m":375654,"pct_m":0.399401,"gas_method":"estimated"},"2025-09":{"txs":0,"uniq":0,"trade":0,"nft":0,"gas":0,"bal":0.003571,"days":0,"spread":0,"streak":0,"rank_m":612548,"pct_m":0.651271},"2025-10":{"txs":0,"uniq":0,"trade":0,"nft":0,"gas":0,"bal":0.003571,"days":0,"spread":0,"streak":0,"rank_m":538486,"pct_m":0.572527}}}