{"wallet":"0x61d4e2202ebca3c56de1f4d13f4f136f8039bea3","rank":321439,"lifetime":{"months_active":13,"first":"2023-07","last":"2025-10","tx_sum":231,"uniq_sum":95,"trade_sum":6,"nft_sum":51,"gas_sum":0.018337,"avg_balance_eth_mean":0.00627,"streak_best_days":0,"gas_sum_filled":0.018337},"months":{"2023-07":{"txs":0,"uniq":0,"trade":0,"nft":0,"gas":0,"bal":0,"days":0,"spread":0,"streak":0,"rank_m":600687,"pct_m":0.63866},"2023-08":{"txs":14,"uniq":9,"trade":0,"nft":8,"gas":0.005088,"bal":0.001044,"days":7,"spread":0.225806,"streak":0,"rank_m":129688,"pct_m":0.137886,"gas_method":"exact"},"2023-09":{"txs":3,"uniq":3,"trade":0,"nft":1,"gas":0.000265,"bal":0.00011,"days":1,"spread":0.033333,"streak":0,"rank_m":152409,"pct_m":0.162043,"gas_method":"exact"},"2023-10":{"txs":0,"uniq":0,"trade":0,"nft":0,"gas":0,"bal":0.00011,"days":0,"spread":0,"streak":0,"rank_m":322922,"pct_m":0.343335},"2023-11":{"txs":0,"uniq":0,"trade":0,"nft":0,"gas":0,"bal":0.00011,"days":0,"spread":0,"streak":0,"rank_m":336932,"pct_m":0.358231},"2023-12":{"txs":10,"uniq":6,"trade":0,"nft":2,"gas":0.003096,"bal":0.000097,"days":5,"spread":0.16129,"streak":0,"rank_m":179508,"pct_m":0.190855,"gas_method":"estimated"},"2024-01":{"txs":1,"uniq":1,"trade":0,"nft":0,"gas":0.0001,"bal":0.000176,"days":1,"spread":0.032258,"streak":0,"rank_m":208691,"pct_m":0.221883,"gas_method":"exact"},"2024-02":{"txs":4,"uniq":3,"trade":0,"nft":1,"gas":0.000651,"bal":0.000099,"days":2,"spread":0.068966,"streak":0,"rank_m":283563,"pct_m":0.301488,"gas_method":"estimated"},"2024-03":{"txs":33,"uniq":21,"trade":1,"nft":14,"gas":0.008058,"bal":0.013239,"days":10,"spread":0.322581,"streak":0,"rank_m":125024,"pct_m":0.132927,"gas_method":"estimated"},"2024-04":{"txs":132,"uniq":37,"trade":4,"nft":20,"gas":0.000859,"bal":0.010769,"days":24,"spread":0.8,"streak":0,"rank_m":70092,"pct_m":0.074522,"gas_method":"exact"},"2024-05":{"txs":1,"uniq":1,"trade":0,"nft":2,"gas":0.00001,"bal":0.000136,"days":1,"spread":0.032258,"streak":0,"rank_m":497254,"pct_m":0.528688,"gas_method":"estimated"},"2024-06":{"txs":0,"uniq":0,"trade":0,"nft":0,"gas":0,"bal":0.000136,"days":0,"spread":0,"streak":0,"rank_m":619796,"pct_m":0.658977},"2024-07":{"txs":4,"uniq":3,"trade":0,"nft":2,"gas":0.000006,"bal":0.00935,"days":2,"spread":0.064516,"streak":0,"rank_m":365524,"pct_m":0.388631,"gas_method":"estimated"},"2024-08":{"txs":0,"uniq":0,"trade":0,"nft":0,"gas":0,"bal":0.00935,"days":0,"spread":0,"streak":0,"rank_m":523717,"pct_m":0.556824},"2024-09":{"txs":0,"uniq":0,"trade":0,"nft":0,"gas":0,"bal":0.00935,"days":0,"spread":0,"streak":0,"rank_m":496306,"pct_m":0.52768},"2024-10":{"txs":0,"uniq":0,"trade":0,"nft":0,"gas":0,"bal":0.00935,"days":0,"spread":0,"streak":0,"rank_m":540255,"pct_m":0.574408},"2024-11":{"txs":0,"uniq":0,"trade":0,"nft":0,"gas":0,"bal":0.00935,"days":0,"spread":0,"streak":0,"rank_m":562494,"pct_m":0.598053},"2024-12":{"txs":0,"uniq":0,"trade":0,"nft":0,"gas":0,"bal":0.00935,"days":0,"spread":0,"streak":0,"rank_m":619354,"pct_m":0.658507},"2025-01":{"txs":0,"uniq":0,"trade":0,"nft":0,"gas":0,"bal":0.00935,"days":0,"spread":0,"streak":0,"rank_m":604759,"pct_m":0.64299},"2025-02":{"txs":0,"uniq":0,"trade":0,"nft":0,"gas":0,"bal":0.00935,"days":0,"spread":0,"streak":0,"rank_m":607155,"pct_m":0.645537},"2025-03":{"txs":0,"uniq":0,"trade":0,"nft":0,"gas":0,"bal":0.00935,"days":0,"spread":0,"streak":0,"rank_m":590925,"pct_m":0.628281},"2025-04":{"txs":0,"uniq":0,"trade":0,"nft":0,"gas":0,"bal":0.00935,"days":0,"spread":0,"streak":0,"rank_m":623033,"pct_m":0.662419},"2025-05":{"txs":0,"uniq":0,"trade":0,"nft":0,"gas":0,"bal":0.00935,"days":0,"spread":0,"streak":0,"rank_m":548973,"pct_m":0.583677},"2025-06":{"txs":0,"uniq":0,"trade":0,"nft":0,"gas":0,"bal":0.00935,"days":0,"spread":0,"streak":0,"rank_m":547941,"pct_m":0.58258},"2025-07":{"txs":4,"uniq":1,"trade":0,"nft":0,"gas":0.000028,"bal":0.01085,"days":1,"spread":0.032258,"streak":0,"rank_m":423151,"pct_m":0.449901,"gas_method":"estimated"},"2025-08":{"txs":3,"uniq":2,"trade":0,"nft":1,"gas":0.000021,"bal":0.004767,"days":1,"spread":0.032258,"streak":0,"rank_m":408848,"pct_m":0.434693,"gas_method":"estimated"},"2025-09":{"txs":1,"uniq":1,"trade":0,"nft":0,"gas":0.000007,"bal":0.007224,"days":1,"spread":0.033333,"streak":0,"rank_m":440364,"pct_m":0.468202,"gas_method":"estimated"},"2025-10":{"txs":21,"uniq":7,"trade":1,"nft":0,"gas":0.000148,"bal":0.0145,"days":5,"spread":0.16129,"streak":0,"rank_m":101234,"pct_m":0.107633,"gas_method":"estimated"}}}