{"wallet":"0x6165aadf2e15a897897ad9b861d7e8a44df1cc8f","rank":414276,"lifetime":{"months_active":14,"first":"2023-07","last":"2025-10","tx_sum":130,"uniq_sum":66,"trade_sum":0,"nft_sum":37,"gas_sum":0.003024,"avg_balance_eth_mean":0.007592,"streak_best_days":28,"gas_sum_filled":0.003024},"months":{"2023-07":{"txs":3,"uniq":2,"trade":0,"nft":1,"gas":0.000643,"bal":0.000705,"days":1,"spread":0.032258,"streak":1,"rank_m":30044,"pct_m":0.031942,"gas_method":"estimated"},"2023-08":{"txs":9,"uniq":10,"trade":0,"nft":7,"gas":0.000984,"bal":0.001156,"days":7,"spread":0.225806,"streak":4,"rank_m":67876,"pct_m":0.072166,"gas_method":"exact"},"2023-09":{"txs":27,"uniq":19,"trade":0,"nft":18,"gas":0.000332,"bal":0.000318,"days":24,"spread":0.8,"streak":15,"rank_m":31247,"pct_m":0.033221,"gas_method":"exact"},"2023-10":{"txs":0,"uniq":0,"trade":0,"nft":0,"gas":0,"bal":0.000318,"days":0,"spread":0,"streak":0,"rank_m":312530,"pct_m":0.332286},"2023-11":{"txs":0,"uniq":0,"trade":0,"nft":0,"gas":0,"bal":0.000318,"days":0,"spread":0,"streak":0,"rank_m":324425,"pct_m":0.344933},"2023-12":{"txs":3,"uniq":2,"trade":0,"nft":1,"gas":0.000163,"bal":0.0011,"days":1,"spread":0.032258,"streak":1,"rank_m":150180,"pct_m":0.159673,"gas_method":"estimated"},"2024-01":{"txs":21,"uniq":1,"trade":0,"nft":0,"gas":0.000162,"bal":0.004941,"days":21,"spread":0.677419,"streak":21,"rank_m":51530,"pct_m":0.054787,"gas_method":"exact"},"2024-02":{"txs":8,"uniq":2,"trade":0,"nft":1,"gas":0.000221,"bal":0.003296,"days":8,"spread":0.275862,"streak":7,"rank_m":88269,"pct_m":0.093848,"gas_method":"exact"},"2024-03":{"txs":1,"uniq":1,"trade":0,"nft":1,"gas":0.000043,"bal":0.003061,"days":1,"spread":0.032258,"streak":1,"rank_m":312301,"pct_m":0.332043,"gas_method":"estimated"},"2024-04":{"txs":3,"uniq":3,"trade":0,"nft":3,"gas":0.000016,"bal":0.0029,"days":3,"spread":0.1,"streak":1,"rank_m":364996,"pct_m":0.388069,"gas_method":"estimated"},"2024-05":{"txs":2,"uniq":2,"trade":0,"nft":2,"gas":0.000004,"bal":0.002465,"days":2,"spread":0.064516,"streak":2,"rank_m":371795,"pct_m":0.395298,"gas_method":"estimated"},"2024-06":{"txs":26,"uniq":3,"trade":0,"nft":2,"gas":0,"bal":0.002434,"days":24,"spread":0.8,"streak":18,"rank_m":125689,"pct_m":0.133634,"gas_method":"exact"},"2024-07":{"txs":0,"uniq":0,"trade":0,"nft":0,"gas":0,"bal":0.002434,"days":0,"spread":0,"streak":0,"rank_m":552365,"pct_m":0.587283},"2024-08":{"txs":0,"uniq":0,"trade":0,"nft":0,"gas":0,"bal":0.002434,"days":0,"spread":0,"streak":0,"rank_m":566481,"pct_m":0.602292},"2024-09":{"txs":0,"uniq":0,"trade":0,"nft":0,"gas":0,"bal":0.002434,"days":0,"spread":0,"streak":0,"rank_m":550547,"pct_m":0.58535},"2024-10":{"txs":5,"uniq":4,"trade":0,"nft":1,"gas":0.000001,"bal":0.002267,"days":3,"spread":0.096774,"streak":1,"rank_m":364985,"pct_m":0.388058,"gas_method":"estimated"},"2024-11":{"txs":0,"uniq":0,"trade":0,"nft":0,"gas":0,"bal":0.002267,"days":0,"spread":0,"streak":0,"rank_m":606337,"pct_m":0.644667},"2024-12":{"txs":19,"uniq":14,"trade":0,"nft":0,"gas":0.000397,"bal":0.005822,"days":8,"spread":0.258065,"streak":2,"rank_m":196544,"pct_m":0.208968,"gas_method":"exact"},"2025-01":{"txs":2,"uniq":2,"trade":0,"nft":0,"gas":0.000052,"bal":0.021114,"days":1,"spread":0.032258,"streak":1,"rank_m":434042,"pct_m":0.46148,"gas_method":"exact"},"2025-02":{"txs":0,"uniq":0,"trade":0,"nft":0,"gas":0,"bal":0.021114,"days":0,"spread":0,"streak":0,"rank_m":578233,"pct_m":0.614787},"2025-03":{"txs":0,"uniq":0,"trade":0,"nft":0,"gas":0,"bal":0.021114,"days":0,"spread":0,"streak":0,"rank_m":560063,"pct_m":0.595468},"2025-04":{"txs":1,"uniq":1,"trade":0,"nft":0,"gas":0.000006,"bal":0.015508,"days":1,"spread":0.033333,"streak":1,"rank_m":442443,"pct_m":0.470412,"gas_method":"exact"},"2025-05":{"txs":0,"uniq":0,"trade":0,"nft":0,"gas":0,"bal":0.015508,"days":0,"spread":0,"streak":0,"rank_m":505205,"pct_m":0.537142},"2025-06":{"txs":0,"uniq":0,"trade":0,"nft":0,"gas":0,"bal":0.015508,"days":0,"spread":0,"streak":0,"rank_m":504515,"pct_m":0.536408},"2025-07":{"txs":0,"uniq":0,"trade":0,"nft":0,"gas":0,"bal":0.015508,"days":0,"spread":0,"streak":0,"rank_m":522134,"pct_m":0.555141},"2025-08":{"txs":0,"uniq":0,"trade":0,"nft":0,"gas":0,"bal":0.015508,"days":0,"spread":0,"streak":0,"rank_m":499484,"pct_m":0.531059},"2025-09":{"txs":0,"uniq":0,"trade":0,"nft":0,"gas":0,"bal":0.015508,"days":0,"spread":0,"streak":0,"rank_m":494148,"pct_m":0.525386},"2025-10":{"txs":0,"uniq":0,"trade":0,"nft":0,"gas":0,"bal":0.015508,"days":0,"spread":0,"streak":0,"rank_m":403282,"pct_m":0.428776}}}