{"wallet":"0x611fb728e15c6335ab6ea5f5abb506789994eac7","rank":308505,"lifetime":{"months_active":14,"first":"2023-07","last":"2025-10","tx_sum":226,"uniq_sum":128,"trade_sum":0,"nft_sum":80,"gas_sum":0.009299,"avg_balance_eth_mean":0.001659,"streak_best_days":8,"gas_sum_filled":0.009299},"months":{"2023-07":{"txs":0,"uniq":0,"trade":0,"nft":0,"gas":0,"bal":0,"days":0,"spread":0,"streak":0,"rank_m":603102,"pct_m":0.641228},"2023-08":{"txs":147,"uniq":75,"trade":0,"nft":49,"gas":0.007457,"bal":0.001781,"days":10,"spread":0.322581,"streak":8,"rank_m":17841,"pct_m":0.018968,"gas_method":"exact"},"2023-09":{"txs":12,"uniq":11,"trade":0,"nft":10,"gas":0.000648,"bal":0.001815,"days":3,"spread":0.1,"streak":2,"rank_m":58511,"pct_m":0.062209,"gas_method":"estimated"},"2023-10":{"txs":11,"uniq":4,"trade":0,"nft":3,"gas":0.000157,"bal":0.005288,"days":9,"spread":0.290323,"streak":3,"rank_m":43928,"pct_m":0.046704,"gas_method":"estimated"},"2023-11":{"txs":4,"uniq":4,"trade":0,"nft":2,"gas":0.000099,"bal":0.003435,"days":3,"spread":0.1,"streak":2,"rank_m":64840,"pct_m":0.068938,"gas_method":"estimated"},"2023-12":{"txs":5,"uniq":4,"trade":0,"nft":3,"gas":0.000231,"bal":0.003033,"days":3,"spread":0.096774,"streak":1,"rank_m":83901,"pct_m":0.089204,"gas_method":"estimated"},"2024-01":{"txs":14,"uniq":3,"trade":0,"nft":2,"gas":0.000362,"bal":0.004198,"days":8,"spread":0.258065,"streak":3,"rank_m":38863,"pct_m":0.041319,"gas_method":"exact"},"2024-02":{"txs":3,"uniq":3,"trade":0,"nft":1,"gas":0.000073,"bal":0.004231,"days":3,"spread":0.103448,"streak":2,"rank_m":150953,"pct_m":0.160495,"gas_method":"estimated"},"2024-03":{"txs":7,"uniq":6,"trade":0,"nft":2,"gas":0.000256,"bal":0.003502,"days":4,"spread":0.129032,"streak":1,"rank_m":220952,"pct_m":0.234919,"gas_method":"estimated"},"2024-04":{"txs":3,"uniq":2,"trade":0,"nft":1,"gas":0.000014,"bal":0.003349,"days":2,"spread":0.066667,"streak":1,"rank_m":387578,"pct_m":0.412079,"gas_method":"estimated"},"2024-05":{"txs":0,"uniq":0,"trade":0,"nft":0,"gas":0,"bal":0.003349,"days":0,"spread":0,"streak":0,"rank_m":510430,"pct_m":0.542697},"2024-06":{"txs":1,"uniq":1,"trade":0,"nft":1,"gas":0,"bal":0.008038,"days":1,"spread":0.033333,"streak":1,"rank_m":389945,"pct_m":0.414595,"gas_method":"estimated"},"2024-07":{"txs":13,"uniq":9,"trade":0,"nft":2,"gas":0,"bal":0.001413,"days":7,"spread":0.225806,"streak":2,"rank_m":172244,"pct_m":0.183132,"gas_method":"exact"},"2024-08":{"txs":2,"uniq":2,"trade":0,"nft":4,"gas":0,"bal":0.00008,"days":2,"spread":0.064516,"streak":1,"rank_m":463551,"pct_m":0.492855,"gas_method":"estimated"},"2024-09":{"txs":0,"uniq":0,"trade":0,"nft":0,"gas":0,"bal":0.00008,"days":0,"spread":0,"streak":0,"rank_m":683987,"pct_m":0.727226},"2024-10":{"txs":3,"uniq":3,"trade":0,"nft":0,"gas":0,"bal":0.000345,"days":1,"spread":0.032258,"streak":1,"rank_m":516956,"pct_m":0.549636,"gas_method":"estimated"},"2024-11":{"txs":1,"uniq":1,"trade":0,"nft":0,"gas":0.000002,"bal":0.00021,"days":1,"spread":0.033333,"streak":1,"rank_m":516401,"pct_m":0.549046,"gas_method":"exact"},"2024-12":{"txs":0,"uniq":0,"trade":0,"nft":0,"gas":0,"bal":0.00021,"days":0,"spread":0,"streak":0,"rank_m":723531,"pct_m":0.76927},"2025-01":{"txs":0,"uniq":0,"trade":0,"nft":0,"gas":0,"bal":0.00021,"days":0,"spread":0,"streak":0,"rank_m":724618,"pct_m":0.770426},"2025-02":{"txs":0,"uniq":0,"trade":0,"nft":0,"gas":0,"bal":0.00021,"days":0,"spread":0,"streak":0,"rank_m":747650,"pct_m":0.794914},"2025-03":{"txs":0,"uniq":0,"trade":0,"nft":0,"gas":0,"bal":0.00021,"days":0,"spread":0,"streak":0,"rank_m":762132,"pct_m":0.810311},"2025-04":{"txs":0,"uniq":0,"trade":0,"nft":0,"gas":0,"bal":0.00021,"days":0,"spread":0,"streak":0,"rank_m":783117,"pct_m":0.832623},"2025-05":{"txs":0,"uniq":0,"trade":0,"nft":0,"gas":0,"bal":0.00021,"days":0,"spread":0,"streak":0,"rank_m":792784,"pct_m":0.842901},"2025-06":{"txs":0,"uniq":0,"trade":0,"nft":0,"gas":0,"bal":0.00021,"days":0,"spread":0,"streak":0,"rank_m":800358,"pct_m":0.850954},"2025-07":{"txs":0,"uniq":0,"trade":0,"nft":0,"gas":0,"bal":0.00021,"days":0,"spread":0,"streak":0,"rank_m":822509,"pct_m":0.874505},"2025-08":{"txs":0,"uniq":0,"trade":0,"nft":0,"gas":0,"bal":0.00021,"days":0,"spread":0,"streak":0,"rank_m":809613,"pct_m":0.860794},"2025-09":{"txs":0,"uniq":0,"trade":0,"nft":0,"gas":0,"bal":0.00021,"days":0,"spread":0,"streak":0,"rank_m":799706,"pct_m":0.850261},"2025-10":{"txs":0,"uniq":0,"trade":0,"nft":0,"gas":0,"bal":0.00021,"days":0,"spread":0,"streak":0,"rank_m":760218,"pct_m":0.808276}}}