{"wallet":"0x6132bb91825402ad9e353d3bf99ed16e3c6659e1","rank":245255,"lifetime":{"months_active":22,"first":"2023-07","last":"2025-10","tx_sum":335,"uniq_sum":153,"trade_sum":0,"nft_sum":56,"gas_sum":0.00146,"avg_balance_eth_mean":0.000303,"streak_best_days":36,"gas_sum_filled":0.00146},"months":{"2023-07":{"txs":0,"uniq":0,"trade":0,"nft":0,"gas":0,"bal":0,"days":0,"spread":0,"streak":0,"rank_m":602848,"pct_m":0.640958},"2023-08":{"txs":0,"uniq":0,"trade":0,"nft":0,"gas":0,"bal":0,"days":0,"spread":0,"streak":0,"rank_m":646537,"pct_m":0.687409},"2023-09":{"txs":1,"uniq":1,"trade":0,"nft":1,"gas":0.00002,"bal":0.000376,"days":1,"spread":0.033333,"streak":1,"rank_m":139873,"pct_m":0.148714,"gas_method":"estimated"},"2023-10":{"txs":26,"uniq":24,"trade":0,"nft":22,"gas":0.000122,"bal":0.0008,"days":19,"spread":0.612903,"streak":3,"rank_m":24949,"pct_m":0.026525,"gas_method":"exact"},"2023-11":{"txs":9,"uniq":5,"trade":0,"nft":6,"gas":0.000047,"bal":0.000585,"days":9,"spread":0.3,"streak":4,"rank_m":44374,"pct_m":0.047178,"gas_method":"exact"},"2023-12":{"txs":2,"uniq":2,"trade":0,"nft":2,"gas":0.000034,"bal":0.00073,"days":2,"spread":0.064516,"streak":1,"rank_m":143177,"pct_m":0.152227,"gas_method":"estimated"},"2024-01":{"txs":1,"uniq":1,"trade":0,"nft":0,"gas":0.000016,"bal":0.000626,"days":1,"spread":0.032258,"streak":1,"rank_m":195025,"pct_m":0.207353,"gas_method":"estimated"},"2024-02":{"txs":0,"uniq":0,"trade":0,"nft":0,"gas":0,"bal":0.000626,"days":0,"spread":0,"streak":0,"rank_m":389205,"pct_m":0.413809},"2024-03":{"txs":13,"uniq":3,"trade":0,"nft":2,"gas":0.000177,"bal":0.000497,"days":4,"spread":0.129032,"streak":2,"rank_m":255968,"pct_m":0.272149,"gas_method":"estimated"},"2024-04":{"txs":74,"uniq":15,"trade":0,"nft":2,"gas":0.000124,"bal":0.000634,"days":29,"spread":0.966667,"streak":29,"rank_m":164552,"pct_m":0.174954,"gas_method":"estimated"},"2024-05":{"txs":88,"uniq":31,"trade":0,"nft":11,"gas":0.000029,"bal":0.00044,"days":24,"spread":0.774194,"streak":9,"rank_m":62028,"pct_m":0.065948,"gas_method":"exact"},"2024-06":{"txs":20,"uniq":12,"trade":0,"nft":3,"gas":0.000001,"bal":0.000239,"days":11,"spread":0.366667,"streak":3,"rank_m":151763,"pct_m":0.161356,"gas_method":"exact"},"2024-07":{"txs":17,"uniq":7,"trade":0,"nft":3,"gas":0.000003,"bal":0.000227,"days":13,"spread":0.419355,"streak":4,"rank_m":157930,"pct_m":0.167913,"gas_method":"exact"},"2024-08":{"txs":1,"uniq":1,"trade":0,"nft":1,"gas":0,"bal":0.000019,"days":1,"spread":0.032258,"streak":1,"rank_m":520473,"pct_m":0.553375,"gas_method":"estimated"},"2024-09":{"txs":4,"uniq":3,"trade":0,"nft":1,"gas":0,"bal":0.000018,"days":4,"spread":0.133333,"streak":1,"rank_m":416625,"pct_m":0.442962,"gas_method":"estimated"},"2024-10":{"txs":10,"uniq":4,"trade":0,"nft":1,"gas":0,"bal":0.000042,"days":6,"spread":0.193548,"streak":3,"rank_m":400196,"pct_m":0.425494,"gas_method":"estimated"},"2024-11":{"txs":20,"uniq":10,"trade":0,"nft":1,"gas":0.000046,"bal":0.00007,"days":12,"spread":0.4,"streak":5,"rank_m":217423,"pct_m":0.231167,"gas_method":"exact"},"2024-12":{"txs":12,"uniq":9,"trade":0,"nft":0,"gas":0.000265,"bal":0.000532,"days":7,"spread":0.225806,"streak":2,"rank_m":317752,"pct_m":0.337839,"gas_method":"exact"},"2025-01":{"txs":18,"uniq":10,"trade":0,"nft":0,"gas":0.000442,"bal":0.001025,"days":10,"spread":0.322581,"streak":2,"rank_m":223861,"pct_m":0.238012,"gas_method":"exact"},"2025-02":{"txs":5,"uniq":4,"trade":0,"nft":0,"gas":0.000035,"bal":0.00012,"days":4,"spread":0.142857,"streak":1,"rank_m":408999,"pct_m":0.434854,"gas_method":"exact"},"2025-03":{"txs":2,"uniq":2,"trade":0,"nft":0,"gas":0.000016,"bal":0.000118,"days":2,"spread":0.064516,"streak":1,"rank_m":473502,"pct_m":0.503435,"gas_method":"exact"},"2025-04":{"txs":1,"uniq":1,"trade":0,"nft":0,"gas":0.000006,"bal":0.000118,"days":1,"spread":0.033333,"streak":1,"rank_m":566897,"pct_m":0.602734,"gas_method":"exact"},"2025-05":{"txs":1,"uniq":1,"trade":0,"nft":0,"gas":0.000007,"bal":0.000117,"days":1,"spread":0.032258,"streak":1,"rank_m":653074,"pct_m":0.694359,"gas_method":"estimated"},"2025-06":{"txs":0,"uniq":0,"trade":0,"nft":0,"gas":0,"bal":0.000117,"days":0,"spread":0,"streak":0,"rank_m":831839,"pct_m":0.884425},"2025-07":{"txs":6,"uniq":5,"trade":0,"nft":0,"gas":0.000042,"bal":0.000115,"days":2,"spread":0.064516,"streak":1,"rank_m":591581,"pct_m":0.628978,"gas_method":"estimated"},"2025-08":{"txs":0,"uniq":0,"trade":0,"nft":0,"gas":0,"bal":0.000115,"days":0,"spread":0,"streak":0,"rank_m":851267,"pct_m":0.905081},"2025-09":{"txs":4,"uniq":2,"trade":0,"nft":0,"gas":0.000028,"bal":0.000095,"days":2,"spread":0.066667,"streak":1,"rank_m":597397,"pct_m":0.635162,"gas_method":"estimated"},"2025-10":{"txs":0,"uniq":0,"trade":0,"nft":0,"gas":0,"bal":0.000095,"days":0,"spread":0,"streak":0,"rank_m":825554,"pct_m":0.877743}}}