{"wallet":"0x610247b14c89873ac66f01b74ece23cb0f056ae1","rank":17564,"lifetime":{"months_active":22,"first":"2023-07","last":"2025-10","tx_sum":951,"uniq_sum":393,"trade_sum":5,"nft_sum":47,"gas_sum":0.015726,"avg_balance_eth_mean":0.105671,"streak_best_days":23,"gas_sum_filled":0.015726},"months":{"2023-07":{"txs":0,"uniq":0,"trade":0,"nft":0,"gas":0,"bal":0,"days":0,"spread":0,"streak":0,"rank_m":603486,"pct_m":0.641636},"2023-08":{"txs":0,"uniq":0,"trade":0,"nft":0,"gas":0,"bal":0,"days":0,"spread":0,"streak":0,"rank_m":647091,"pct_m":0.687998},"2023-09":{"txs":0,"uniq":0,"trade":0,"nft":0,"gas":0,"bal":0,"days":0,"spread":0,"streak":0,"rank_m":658779,"pct_m":0.700425},"2023-10":{"txs":0,"uniq":0,"trade":0,"nft":0,"gas":0,"bal":0,"days":0,"spread":0,"streak":0,"rank_m":668227,"pct_m":0.71047},"2023-11":{"txs":6,"uniq":3,"trade":0,"nft":1,"gas":0.000149,"bal":0.003366,"days":2,"spread":0.066667,"streak":1,"rank_m":87070,"pct_m":0.092573,"gas_method":"estimated"},"2023-12":{"txs":7,"uniq":5,"trade":0,"nft":0,"gas":0.000353,"bal":0.119456,"days":4,"spread":0.129032,"streak":2,"rank_m":33130,"pct_m":0.035223,"gas_method":"exact"},"2024-01":{"txs":45,"uniq":10,"trade":0,"nft":4,"gas":0.006145,"bal":0.246479,"days":13,"spread":0.419355,"streak":4,"rank_m":2620,"pct_m":0.002785,"gas_method":"exact"},"2024-02":{"txs":47,"uniq":16,"trade":0,"nft":7,"gas":0.001847,"bal":0.020267,"days":12,"spread":0.413793,"streak":4,"rank_m":8628,"pct_m":0.009172,"gas_method":"exact"},"2024-03":{"txs":37,"uniq":14,"trade":0,"nft":5,"gas":0.001359,"bal":0.300462,"days":8,"spread":0.258065,"streak":2,"rank_m":48988,"pct_m":0.052084,"gas_method":"estimated"},"2024-04":{"txs":53,"uniq":20,"trade":1,"nft":6,"gas":0.000233,"bal":0.721877,"days":15,"spread":0.5,"streak":8,"rank_m":20702,"pct_m":0.02201,"gas_method":"exact"},"2024-05":{"txs":0,"uniq":0,"trade":0,"nft":0,"gas":0,"bal":0.721877,"days":0,"spread":0,"streak":0,"rank_m":454057,"pct_m":0.48276},"2024-06":{"txs":9,"uniq":6,"trade":0,"nft":1,"gas":0.000001,"bal":0.010389,"days":4,"spread":0.133333,"streak":1,"rank_m":243253,"pct_m":0.25863,"gas_method":"estimated"},"2024-07":{"txs":1,"uniq":1,"trade":0,"nft":2,"gas":0,"bal":0.001992,"days":1,"spread":0.032258,"streak":1,"rank_m":418980,"pct_m":0.445466,"gas_method":"estimated"},"2024-08":{"txs":37,"uniq":11,"trade":0,"nft":3,"gas":0.000006,"bal":0.013083,"days":7,"spread":0.225806,"streak":3,"rank_m":94803,"pct_m":0.100795,"gas_method":"estimated"},"2024-09":{"txs":1,"uniq":1,"trade":0,"nft":1,"gas":0,"bal":0.020769,"days":1,"spread":0.033333,"streak":1,"rank_m":290900,"pct_m":0.309289,"gas_method":"estimated"},"2024-10":{"txs":42,"uniq":21,"trade":1,"nft":11,"gas":0.000005,"bal":0.018525,"days":12,"spread":0.387097,"streak":5,"rank_m":33231,"pct_m":0.035331,"gas_method":"estimated"},"2024-11":{"txs":134,"uniq":30,"trade":1,"nft":3,"gas":0.00029,"bal":0.267534,"days":18,"spread":0.6,"streak":9,"rank_m":6253,"pct_m":0.006647,"gas_method":"exact"},"2024-12":{"txs":60,"uniq":23,"trade":2,"nft":0,"gas":0.001301,"bal":0.029809,"days":13,"spread":0.419355,"streak":4,"rank_m":32527,"pct_m":0.034582,"gas_method":"exact"},"2025-01":{"txs":43,"uniq":16,"trade":0,"nft":0,"gas":0.001091,"bal":0.206377,"days":13,"spread":0.419355,"streak":3,"rank_m":41390,"pct_m":0.044006,"gas_method":"exact"},"2025-02":{"txs":54,"uniq":15,"trade":0,"nft":0,"gas":0.000345,"bal":0.221185,"days":14,"spread":0.5,"streak":6,"rank_m":15315,"pct_m":0.016282,"gas_method":"exact"},"2025-03":{"txs":13,"uniq":4,"trade":0,"nft":0,"gas":0.000087,"bal":0.008396,"days":5,"spread":0.16129,"streak":2,"rank_m":185883,"pct_m":0.197633,"gas_method":"exact"},"2025-04":{"txs":15,"uniq":5,"trade":0,"nft":0,"gas":0.000072,"bal":0.008318,"days":5,"spread":0.166667,"streak":2,"rank_m":155845,"pct_m":0.165696,"gas_method":"exact"},"2025-05":{"txs":24,"uniq":5,"trade":0,"nft":0,"gas":0.000169,"bal":0.001984,"days":6,"spread":0.193548,"streak":1,"rank_m":264585,"pct_m":0.28131,"gas_method":"estimated"},"2025-06":{"txs":0,"uniq":0,"trade":0,"nft":0,"gas":0,"bal":0.001984,"days":0,"spread":0,"streak":0,"rank_m":665970,"pct_m":0.70807},"2025-07":{"txs":20,"uniq":10,"trade":0,"nft":0,"gas":0.000141,"bal":0.001867,"days":9,"spread":0.290323,"streak":2,"rank_m":292525,"pct_m":0.311017,"gas_method":"estimated"},"2025-08":{"txs":55,"uniq":54,"trade":0,"nft":0,"gas":0.000387,"bal":0.001397,"days":21,"spread":0.677419,"streak":16,"rank_m":161479,"pct_m":0.171686,"gas_method":"estimated"},"2025-09":{"txs":190,"uniq":98,"trade":0,"nft":3,"gas":0.001337,"bal":0.003683,"days":26,"spread":0.866667,"streak":15,"rank_m":32696,"pct_m":0.034762,"gas_method":"estimated"},"2025-10":{"txs":58,"uniq":25,"trade":0,"nft":0,"gas":0.000408,"bal":0.007724,"days":14,"spread":0.451613,"streak":11,"rank_m":44081,"pct_m":0.046867,"gas_method":"estimated"}}}