{"wallet":"0x61da82d341141dbafc8b536eedb23e7d83496c7c","rank":112087,"lifetime":{"months_active":23,"first":"2023-07","last":"2025-10","tx_sum":271,"uniq_sum":114,"trade_sum":15,"nft_sum":65,"gas_sum":0.002663,"avg_balance_eth_mean":0.010032,"streak_best_days":9,"gas_sum_filled":0.002663},"months":{"2023-07":{"txs":0,"uniq":0,"trade":0,"nft":0,"gas":0,"bal":0,"days":0,"spread":0,"streak":0,"rank_m":600611,"pct_m":0.638579},"2023-08":{"txs":3,"uniq":3,"trade":0,"nft":4,"gas":0.000512,"bal":0.000415,"days":1,"spread":0.032258,"streak":1,"rank_m":128382,"pct_m":0.136497,"gas_method":"exact"},"2023-09":{"txs":11,"uniq":7,"trade":0,"nft":5,"gas":0.000101,"bal":0.002356,"days":5,"spread":0.166667,"streak":2,"rank_m":48870,"pct_m":0.051958,"gas_method":"exact"},"2023-10":{"txs":14,"uniq":4,"trade":0,"nft":2,"gas":0.000102,"bal":0.005432,"days":5,"spread":0.16129,"streak":2,"rank_m":37080,"pct_m":0.039423,"gas_method":"exact"},"2023-11":{"txs":1,"uniq":1,"trade":0,"nft":1,"gas":0.000013,"bal":0.005422,"days":1,"spread":0.033333,"streak":1,"rank_m":109018,"pct_m":0.115909,"gas_method":"estimated"},"2023-12":{"txs":4,"uniq":3,"trade":0,"nft":6,"gas":0.000095,"bal":0.00109,"days":1,"spread":0.032258,"streak":1,"rank_m":125712,"pct_m":0.133658,"gas_method":"estimated"},"2024-01":{"txs":7,"uniq":3,"trade":0,"nft":2,"gas":0.00007,"bal":0.004342,"days":6,"spread":0.193548,"streak":2,"rank_m":60069,"pct_m":0.063865,"gas_method":"exact"},"2024-02":{"txs":3,"uniq":3,"trade":0,"nft":4,"gas":0.000077,"bal":0.011462,"days":3,"spread":0.103448,"streak":1,"rank_m":119103,"pct_m":0.126631,"gas_method":"exact"},"2024-03":{"txs":5,"uniq":5,"trade":0,"nft":7,"gas":0.000382,"bal":0.004493,"days":4,"spread":0.129032,"streak":2,"rank_m":159291,"pct_m":0.16936,"gas_method":"exact"},"2024-04":{"txs":3,"uniq":3,"trade":1,"nft":4,"gas":0.000007,"bal":0.015065,"days":2,"spread":0.066667,"streak":1,"rank_m":295926,"pct_m":0.314633,"gas_method":"estimated"},"2024-05":{"txs":5,"uniq":5,"trade":0,"nft":7,"gas":0.000013,"bal":0.033743,"days":3,"spread":0.096774,"streak":2,"rank_m":185872,"pct_m":0.197621,"gas_method":"exact"},"2024-06":{"txs":9,"uniq":9,"trade":1,"nft":2,"gas":0,"bal":0.038539,"days":6,"spread":0.2,"streak":3,"rank_m":82209,"pct_m":0.087405,"gas_method":"exact"},"2024-07":{"txs":17,"uniq":13,"trade":0,"nft":12,"gas":0.000001,"bal":0.013603,"days":10,"spread":0.322581,"streak":3,"rank_m":49165,"pct_m":0.052272,"gas_method":"exact"},"2024-08":{"txs":24,"uniq":10,"trade":2,"nft":3,"gas":0.000002,"bal":0.004662,"days":8,"spread":0.258065,"streak":3,"rank_m":117246,"pct_m":0.124657,"gas_method":"estimated"},"2024-09":{"txs":35,"uniq":6,"trade":3,"nft":2,"gas":0.000001,"bal":0.002585,"days":15,"spread":0.5,"streak":4,"rank_m":96176,"pct_m":0.102255,"gas_method":"estimated"},"2024-10":{"txs":41,"uniq":9,"trade":1,"nft":3,"gas":0.000001,"bal":0.001541,"days":20,"spread":0.645161,"streak":9,"rank_m":63287,"pct_m":0.067287,"gas_method":"exact"},"2024-11":{"txs":24,"uniq":6,"trade":2,"nft":1,"gas":0.000055,"bal":0.005215,"days":16,"spread":0.533333,"streak":4,"rank_m":102614,"pct_m":0.1091,"gas_method":"exact"},"2024-12":{"txs":31,"uniq":8,"trade":2,"nft":0,"gas":0.000639,"bal":0.012375,"days":13,"spread":0.419355,"streak":3,"rank_m":97692,"pct_m":0.103867,"gas_method":"exact"},"2025-01":{"txs":23,"uniq":6,"trade":3,"nft":0,"gas":0.00052,"bal":0.002488,"days":10,"spread":0.322581,"streak":3,"rank_m":149369,"pct_m":0.158811,"gas_method":"exact"},"2025-02":{"txs":2,"uniq":2,"trade":0,"nft":0,"gas":0.000014,"bal":0.000784,"days":2,"spread":0.071429,"streak":1,"rank_m":468153,"pct_m":0.497748,"gas_method":"exact"},"2025-03":{"txs":0,"uniq":0,"trade":0,"nft":0,"gas":0,"bal":0.000784,"days":0,"spread":0,"streak":0,"rank_m":705122,"pct_m":0.749697},"2025-04":{"txs":5,"uniq":4,"trade":0,"nft":0,"gas":0.00003,"bal":0.006604,"days":2,"spread":0.066667,"streak":1,"rank_m":330729,"pct_m":0.351636,"gas_method":"exact"},"2025-05":{"txs":0,"uniq":0,"trade":0,"nft":0,"gas":0,"bal":0.006604,"days":0,"spread":0,"streak":0,"rank_m":575847,"pct_m":0.61225},"2025-06":{"txs":0,"uniq":0,"trade":0,"nft":0,"gas":0,"bal":0.006604,"days":0,"spread":0,"streak":0,"rank_m":575001,"pct_m":0.61135},"2025-07":{"txs":1,"uniq":1,"trade":0,"nft":0,"gas":0.000007,"bal":0.030228,"days":1,"spread":0.032258,"streak":1,"rank_m":317394,"pct_m":0.337458,"gas_method":"estimated"},"2025-08":{"txs":1,"uniq":1,"trade":0,"nft":0,"gas":0.000007,"bal":0.025002,"days":1,"spread":0.032258,"streak":1,"rank_m":298677,"pct_m":0.317558,"gas_method":"estimated"},"2025-09":{"txs":2,"uniq":2,"trade":0,"nft":0,"gas":0.000014,"bal":0.019736,"days":1,"spread":0.033333,"streak":1,"rank_m":296796,"pct_m":0.315558,"gas_method":"estimated"},"2025-10":{"txs":0,"uniq":0,"trade":0,"nft":0,"gas":0,"bal":0.019736,"days":0,"spread":0,"streak":0,"rank_m":386154,"pct_m":0.410565}}}