{"wallet":"0x61e4261e077e452907edf9e0809735c15f9714ec","rank":616249,"lifetime":{"months_active":11,"first":"2023-07","last":"2025-10","tx_sum":153,"uniq_sum":76,"trade_sum":0,"nft_sum":2,"gas_sum":0.006229,"avg_balance_eth_mean":0.002896,"streak_best_days":8,"gas_sum_filled":0.006229},"months":{"2023-07":{"txs":0,"uniq":0,"trade":0,"nft":0,"gas":0,"bal":0,"days":0,"spread":0,"streak":0,"rank_m":600498,"pct_m":0.638459},"2023-08":{"txs":0,"uniq":0,"trade":0,"nft":0,"gas":0,"bal":0,"days":0,"spread":0,"streak":0,"rank_m":644491,"pct_m":0.685233},"2023-09":{"txs":0,"uniq":0,"trade":0,"nft":0,"gas":0,"bal":0,"days":0,"spread":0,"streak":0,"rank_m":656289,"pct_m":0.697777},"2023-10":{"txs":10,"uniq":4,"trade":0,"nft":0,"gas":0.000223,"bal":0.013145,"days":7,"spread":0.225806,"streak":3,"rank_m":48432,"pct_m":0.051493,"gas_method":"estimated"},"2023-11":{"txs":33,"uniq":8,"trade":0,"nft":0,"gas":0.001275,"bal":0.001441,"days":13,"spread":0.433333,"streak":5,"rank_m":59424,"pct_m":0.06318,"gas_method":"estimated"},"2023-12":{"txs":45,"uniq":17,"trade":0,"nft":0,"gas":0.003259,"bal":0.002418,"days":11,"spread":0.354839,"streak":7,"rank_m":45008,"pct_m":0.047852,"gas_method":"estimated"},"2024-01":{"txs":23,"uniq":12,"trade":0,"nft":0,"gas":0.000676,"bal":0.001914,"days":10,"spread":0.322581,"streak":8,"rank_m":33444,"pct_m":0.035557,"gas_method":"exact"},"2024-02":{"txs":2,"uniq":2,"trade":0,"nft":0,"gas":0.000076,"bal":0.002261,"days":2,"spread":0.068966,"streak":2,"rank_m":200309,"pct_m":0.212971,"gas_method":"estimated"},"2024-03":{"txs":10,"uniq":9,"trade":0,"nft":1,"gas":0.000571,"bal":0.000777,"days":4,"spread":0.129032,"streak":2,"rank_m":236869,"pct_m":0.251842,"gas_method":"estimated"},"2024-04":{"txs":15,"uniq":12,"trade":0,"nft":1,"gas":0.000106,"bal":0.005867,"days":9,"spread":0.3,"streak":3,"rank_m":209069,"pct_m":0.222285,"gas_method":"estimated"},"2024-05":{"txs":8,"uniq":6,"trade":0,"nft":0,"gas":0.000019,"bal":0.005806,"days":4,"spread":0.129032,"streak":1,"rank_m":326570,"pct_m":0.347214,"gas_method":"estimated"},"2024-06":{"txs":0,"uniq":0,"trade":0,"nft":0,"gas":0,"bal":0.005806,"days":0,"spread":0,"streak":0,"rank_m":519838,"pct_m":0.5527},"2024-07":{"txs":2,"uniq":2,"trade":0,"nft":0,"gas":0.000001,"bal":0.005786,"days":1,"spread":0.032258,"streak":1,"rank_m":405921,"pct_m":0.431581,"gas_method":"estimated"},"2024-08":{"txs":0,"uniq":0,"trade":0,"nft":0,"gas":0,"bal":0.005786,"days":0,"spread":0,"streak":0,"rank_m":540538,"pct_m":0.574709},"2024-09":{"txs":4,"uniq":3,"trade":0,"nft":0,"gas":0.000001,"bal":0.005781,"days":1,"spread":0.033333,"streak":1,"rank_m":276785,"pct_m":0.294282,"gas_method":"exact"},"2024-10":{"txs":0,"uniq":0,"trade":0,"nft":0,"gas":0,"bal":0.005781,"days":0,"spread":0,"streak":0,"rank_m":562748,"pct_m":0.598323},"2024-11":{"txs":0,"uniq":0,"trade":0,"nft":0,"gas":0,"bal":0.005781,"days":0,"spread":0,"streak":0,"rank_m":576931,"pct_m":0.613402},"2024-12":{"txs":1,"uniq":1,"trade":0,"nft":0,"gas":0.000022,"bal":0.001157,"days":1,"spread":0.032258,"streak":1,"rank_m":556267,"pct_m":0.591432,"gas_method":"exact"},"2025-01":{"txs":0,"uniq":0,"trade":0,"nft":0,"gas":0,"bal":0.001157,"days":0,"spread":0,"streak":0,"rank_m":666074,"pct_m":0.708181},"2025-02":{"txs":0,"uniq":0,"trade":0,"nft":0,"gas":0,"bal":0.001157,"days":0,"spread":0,"streak":0,"rank_m":684083,"pct_m":0.727328},"2025-03":{"txs":0,"uniq":0,"trade":0,"nft":0,"gas":0,"bal":0.001157,"days":0,"spread":0,"streak":0,"rank_m":684236,"pct_m":0.727491},"2025-04":{"txs":0,"uniq":0,"trade":0,"nft":0,"gas":0,"bal":0.001157,"days":0,"spread":0,"streak":0,"rank_m":707196,"pct_m":0.751902},"2025-05":{"txs":0,"uniq":0,"trade":0,"nft":0,"gas":0,"bal":0.001157,"days":0,"spread":0,"streak":0,"rank_m":700415,"pct_m":0.744693},"2025-06":{"txs":0,"uniq":0,"trade":0,"nft":0,"gas":0,"bal":0.001157,"days":0,"spread":0,"streak":0,"rank_m":702066,"pct_m":0.746448},"2025-07":{"txs":0,"uniq":0,"trade":0,"nft":0,"gas":0,"bal":0.001157,"days":0,"spread":0,"streak":0,"rank_m":719403,"pct_m":0.764881},"2025-08":{"txs":0,"uniq":0,"trade":0,"nft":0,"gas":0,"bal":0.001157,"days":0,"spread":0,"streak":0,"rank_m":701703,"pct_m":0.746062},"2025-09":{"txs":0,"uniq":0,"trade":0,"nft":0,"gas":0,"bal":0.001157,"days":0,"spread":0,"streak":0,"rank_m":685672,"pct_m":0.729018},"2025-10":{"txs":0,"uniq":0,"trade":0,"nft":0,"gas":0,"bal":0.001157,"days":0,"spread":0,"streak":0,"rank_m":621215,"pct_m":0.660486}}}