{"wallet":"0x61e545c56d1e84eb2b28ecd8e281500ab12ddddd","rank":690948,"lifetime":{"months_active":9,"first":"2023-07","last":"2025-10","tx_sum":119,"uniq_sum":49,"trade_sum":0,"nft_sum":18,"gas_sum":0.000797,"avg_balance_eth_mean":0.003097,"streak_best_days":28,"gas_sum_filled":0.000797},"months":{"2023-07":{"txs":0,"uniq":0,"trade":0,"nft":0,"gas":0,"bal":0,"days":0,"spread":0,"streak":0,"rank_m":600489,"pct_m":0.63845},"2023-08":{"txs":10,"uniq":6,"trade":0,"nft":2,"gas":0.000236,"bal":0.003295,"days":3,"spread":0.096774,"streak":2,"rank_m":94261,"pct_m":0.100219,"gas_method":"exact"},"2023-09":{"txs":48,"uniq":13,"trade":0,"nft":6,"gas":0.000219,"bal":0.007739,"days":25,"spread":0.833333,"streak":25,"rank_m":13534,"pct_m":0.014389,"gas_method":"exact"},"2023-10":{"txs":14,"uniq":8,"trade":0,"nft":4,"gas":0.000023,"bal":0.003005,"days":9,"spread":0.290323,"streak":3,"rank_m":32501,"pct_m":0.034555,"gas_method":"exact"},"2023-11":{"txs":4,"uniq":3,"trade":0,"nft":1,"gas":0.000027,"bal":0.002849,"days":4,"spread":0.133333,"streak":2,"rank_m":73153,"pct_m":0.077777,"gas_method":"estimated"},"2023-12":{"txs":6,"uniq":5,"trade":0,"nft":2,"gas":0.000076,"bal":0.002774,"days":4,"spread":0.129032,"streak":2,"rank_m":66567,"pct_m":0.070774,"gas_method":"estimated"},"2024-01":{"txs":8,"uniq":5,"trade":0,"nft":0,"gas":0.000024,"bal":0.002561,"days":7,"spread":0.225806,"streak":3,"rank_m":73825,"pct_m":0.078491,"gas_method":"exact"},"2024-02":{"txs":11,"uniq":7,"trade":0,"nft":0,"gas":0.000042,"bal":0.003201,"days":9,"spread":0.310345,"streak":2,"rank_m":87501,"pct_m":0.093032,"gas_method":"exact"},"2024-03":{"txs":15,"uniq":1,"trade":0,"nft":2,"gas":0.00015,"bal":0.003645,"days":1,"spread":0.032258,"streak":1,"rank_m":261499,"pct_m":0.278029,"gas_method":"estimated"},"2024-04":{"txs":0,"uniq":0,"trade":0,"nft":0,"gas":0,"bal":0.003645,"days":0,"spread":0,"streak":0,"rank_m":480712,"pct_m":0.511101},"2024-05":{"txs":0,"uniq":0,"trade":0,"nft":0,"gas":0,"bal":0.003645,"days":0,"spread":0,"streak":0,"rank_m":509233,"pct_m":0.541425},"2024-06":{"txs":0,"uniq":0,"trade":0,"nft":0,"gas":0,"bal":0.003645,"days":0,"spread":0,"streak":0,"rank_m":529542,"pct_m":0.563017},"2024-07":{"txs":3,"uniq":1,"trade":0,"nft":1,"gas":0,"bal":0.00292,"days":1,"spread":0.032258,"streak":1,"rank_m":409400,"pct_m":0.43528,"gas_method":"estimated"},"2024-08":{"txs":0,"uniq":0,"trade":0,"nft":0,"gas":0,"bal":0.00292,"days":0,"spread":0,"streak":0,"rank_m":561080,"pct_m":0.596549},"2024-09":{"txs":0,"uniq":0,"trade":0,"nft":0,"gas":0,"bal":0.00292,"days":0,"spread":0,"streak":0,"rank_m":543425,"pct_m":0.577778},"2024-10":{"txs":0,"uniq":0,"trade":0,"nft":0,"gas":0,"bal":0.00292,"days":0,"spread":0,"streak":0,"rank_m":588854,"pct_m":0.626079},"2024-11":{"txs":0,"uniq":0,"trade":0,"nft":0,"gas":0,"bal":0.00292,"days":0,"spread":0,"streak":0,"rank_m":599018,"pct_m":0.636886},"2024-12":{"txs":0,"uniq":0,"trade":0,"nft":0,"gas":0,"bal":0.00292,"days":0,"spread":0,"streak":0,"rank_m":648446,"pct_m":0.689438},"2025-01":{"txs":0,"uniq":0,"trade":0,"nft":0,"gas":0,"bal":0.00292,"days":0,"spread":0,"streak":0,"rank_m":637246,"pct_m":0.67753},"2025-02":{"txs":0,"uniq":0,"trade":0,"nft":0,"gas":0,"bal":0.00292,"days":0,"spread":0,"streak":0,"rank_m":649803,"pct_m":0.690881},"2025-03":{"txs":0,"uniq":0,"trade":0,"nft":0,"gas":0,"bal":0.00292,"days":0,"spread":0,"streak":0,"rank_m":640748,"pct_m":0.681254},"2025-04":{"txs":0,"uniq":0,"trade":0,"nft":0,"gas":0,"bal":0.00292,"days":0,"spread":0,"streak":0,"rank_m":668315,"pct_m":0.710563},"2025-05":{"txs":0,"uniq":0,"trade":0,"nft":0,"gas":0,"bal":0.00292,"days":0,"spread":0,"streak":0,"rank_m":636435,"pct_m":0.676668},"2025-06":{"txs":0,"uniq":0,"trade":0,"nft":0,"gas":0,"bal":0.00292,"days":0,"spread":0,"streak":0,"rank_m":639782,"pct_m":0.680227},"2025-07":{"txs":0,"uniq":0,"trade":0,"nft":0,"gas":0,"bal":0.00292,"days":0,"spread":0,"streak":0,"rank_m":659394,"pct_m":0.701078},"2025-08":{"txs":0,"uniq":0,"trade":0,"nft":0,"gas":0,"bal":0.00292,"days":0,"spread":0,"streak":0,"rank_m":640283,"pct_m":0.680759},"2025-09":{"txs":0,"uniq":0,"trade":0,"nft":0,"gas":0,"bal":0.00292,"days":0,"spread":0,"streak":0,"rank_m":626049,"pct_m":0.665625},"2025-10":{"txs":0,"uniq":0,"trade":0,"nft":0,"gas":0,"bal":0.00292,"days":0,"spread":0,"streak":0,"rank_m":554252,"pct_m":0.58929}}}