{"wallet":"0x6117a8d22074b0873c0a7ffdd494a7784694d0d0","rank":34024,"lifetime":{"months_active":22,"first":"2023-07","last":"2025-10","tx_sum":1209,"uniq_sum":420,"trade_sum":29,"nft_sum":187,"gas_sum":0.004425,"avg_balance_eth_mean":0.003694,"streak_best_days":24,"gas_sum_filled":0.004425},"months":{"2023-07":{"txs":0,"uniq":0,"trade":0,"nft":0,"gas":0,"bal":0,"days":0,"spread":0,"streak":0,"rank_m":603189,"pct_m":0.64132},"2023-08":{"txs":0,"uniq":0,"trade":0,"nft":0,"gas":0,"bal":0,"days":0,"spread":0,"streak":0,"rank_m":646827,"pct_m":0.687717},"2023-09":{"txs":0,"uniq":0,"trade":0,"nft":0,"gas":0,"bal":0,"days":0,"spread":0,"streak":0,"rank_m":658526,"pct_m":0.700156},"2023-10":{"txs":0,"uniq":0,"trade":0,"nft":0,"gas":0,"bal":0,"days":0,"spread":0,"streak":0,"rank_m":667982,"pct_m":0.710209},"2023-11":{"txs":0,"uniq":0,"trade":0,"nft":0,"gas":0,"bal":0,"days":0,"spread":0,"streak":0,"rank_m":676286,"pct_m":0.719038},"2023-12":{"txs":0,"uniq":0,"trade":0,"nft":0,"gas":0,"bal":0,"days":0,"spread":0,"streak":0,"rank_m":686350,"pct_m":0.729739},"2024-01":{"txs":73,"uniq":37,"trade":2,"nft":26,"gas":0.000948,"bal":0.001767,"days":8,"spread":0.258065,"streak":3,"rank_m":14979,"pct_m":0.015925,"gas_method":"exact"},"2024-02":{"txs":7,"uniq":5,"trade":0,"nft":4,"gas":0.000024,"bal":0.002178,"days":5,"spread":0.172414,"streak":2,"rank_m":118083,"pct_m":0.125547,"gas_method":"estimated"},"2024-03":{"txs":48,"uniq":33,"trade":0,"nft":27,"gas":0.000375,"bal":0.001637,"days":13,"spread":0.419355,"streak":4,"rank_m":46185,"pct_m":0.049104,"gas_method":"exact"},"2024-04":{"txs":15,"uniq":10,"trade":0,"nft":6,"gas":0.000028,"bal":0.005453,"days":7,"spread":0.233333,"streak":2,"rank_m":182571,"pct_m":0.194112,"gas_method":"exact"},"2024-05":{"txs":2,"uniq":1,"trade":0,"nft":3,"gas":0,"bal":0.00795,"days":2,"spread":0.064516,"streak":2,"rank_m":328403,"pct_m":0.349163,"gas_method":"estimated"},"2024-06":{"txs":316,"uniq":35,"trade":0,"nft":16,"gas":0.000002,"bal":0.034625,"days":8,"spread":0.266667,"streak":4,"rank_m":23406,"pct_m":0.024885,"gas_method":"estimated"},"2024-07":{"txs":13,"uniq":13,"trade":0,"nft":18,"gas":0,"bal":0.003616,"days":5,"spread":0.16129,"streak":1,"rank_m":190762,"pct_m":0.202821,"gas_method":"estimated"},"2024-08":{"txs":59,"uniq":35,"trade":2,"nft":31,"gas":0.000001,"bal":0.002416,"days":15,"spread":0.483871,"streak":4,"rank_m":72613,"pct_m":0.077202,"gas_method":"estimated"},"2024-09":{"txs":106,"uniq":37,"trade":17,"nft":24,"gas":0.000002,"bal":0.001743,"days":28,"spread":0.933333,"streak":11,"rank_m":15933,"pct_m":0.016939,"gas_method":"exact"},"2024-10":{"txs":108,"uniq":38,"trade":0,"nft":22,"gas":0.000001,"bal":0.004319,"days":27,"spread":0.870968,"streak":17,"rank_m":23230,"pct_m":0.024697,"gas_method":"exact"},"2024-11":{"txs":42,"uniq":21,"trade":2,"nft":2,"gas":0.000083,"bal":0.003735,"days":16,"spread":0.533333,"streak":4,"rank_m":60461,"pct_m":0.064282,"gas_method":"exact"},"2024-12":{"txs":79,"uniq":29,"trade":1,"nft":2,"gas":0.001543,"bal":0.005055,"days":20,"spread":0.645161,"streak":6,"rank_m":41725,"pct_m":0.044362,"gas_method":"exact"},"2025-01":{"txs":99,"uniq":30,"trade":4,"nft":0,"gas":0.000001,"bal":0.002053,"days":23,"spread":0.741935,"streak":8,"rank_m":95633,"pct_m":0.101678,"gas_method":"exact"},"2025-02":{"txs":33,"uniq":20,"trade":0,"nft":0,"gas":0.000001,"bal":0.002871,"days":14,"spread":0.5,"streak":4,"rank_m":190928,"pct_m":0.202997,"gas_method":"exact"},"2025-03":{"txs":15,"uniq":6,"trade":0,"nft":0,"gas":0.000111,"bal":0.000099,"days":6,"spread":0.193548,"streak":4,"rank_m":265672,"pct_m":0.282466,"gas_method":"exact"},"2025-04":{"txs":43,"uniq":15,"trade":1,"nft":1,"gas":0.000241,"bal":0.011723,"days":13,"spread":0.433333,"streak":8,"rank_m":16346,"pct_m":0.017378,"gas_method":"exact"},"2025-05":{"txs":22,"uniq":8,"trade":0,"nft":0,"gas":0.000155,"bal":0.000822,"days":8,"spread":0.258065,"streak":2,"rank_m":281865,"pct_m":0.299683,"gas_method":"estimated"},"2025-06":{"txs":17,"uniq":13,"trade":0,"nft":1,"gas":0.00012,"bal":0.002294,"days":8,"spread":0.266667,"streak":2,"rank_m":210338,"pct_m":0.223634,"gas_method":"estimated"},"2025-07":{"txs":18,"uniq":9,"trade":0,"nft":1,"gas":0.000127,"bal":0.003856,"days":11,"spread":0.354839,"streak":2,"rank_m":185696,"pct_m":0.197434,"gas_method":"estimated"},"2025-08":{"txs":20,"uniq":10,"trade":0,"nft":1,"gas":0.000141,"bal":0.002581,"days":10,"spread":0.322581,"streak":3,"rank_m":171381,"pct_m":0.182214,"gas_method":"estimated"},"2025-09":{"txs":70,"uniq":12,"trade":0,"nft":1,"gas":0.000493,"bal":0.002031,"days":14,"spread":0.466667,"streak":7,"rank_m":99074,"pct_m":0.105336,"gas_method":"estimated"},"2025-10":{"txs":4,"uniq":3,"trade":0,"nft":1,"gas":0.000028,"bal":0.000615,"days":4,"spread":0.129032,"streak":2,"rank_m":243619,"pct_m":0.259019,"gas_method":"estimated"}}}