{"wallet":"0x617e6e52927580b65fa6a9c366a3a76ff439f393","rank":126966,"lifetime":{"months_active":24,"first":"2023-07","last":"2025-10","tx_sum":242,"uniq_sum":138,"trade_sum":11,"nft_sum":53,"gas_sum":0.005806,"avg_balance_eth_mean":0.02044,"streak_best_days":3,"gas_sum_filled":0.005806},"months":{"2023-07":{"txs":0,"uniq":0,"trade":0,"nft":0,"gas":0,"bal":0,"days":0,"spread":0,"streak":0,"rank_m":601849,"pct_m":0.639896},"2023-08":{"txs":22,"uniq":12,"trade":0,"nft":10,"gas":0.003577,"bal":0.011381,"days":10,"spread":0.322581,"streak":2,"rank_m":36363,"pct_m":0.038661,"gas_method":"exact"},"2023-09":{"txs":3,"uniq":2,"trade":0,"nft":1,"gas":0.000023,"bal":0.004306,"days":2,"spread":0.066667,"streak":1,"rank_m":97505,"pct_m":0.103668,"gas_method":"exact"},"2023-10":{"txs":30,"uniq":15,"trade":0,"nft":7,"gas":0.000034,"bal":0.002527,"days":6,"spread":0.193548,"streak":3,"rank_m":25862,"pct_m":0.027496,"gas_method":"exact"},"2023-11":{"txs":30,"uniq":10,"trade":1,"nft":2,"gas":0.000971,"bal":0.006114,"days":7,"spread":0.233333,"streak":3,"rank_m":9890,"pct_m":0.010514,"gas_method":"exact"},"2023-12":{"txs":6,"uniq":6,"trade":0,"nft":5,"gas":0.000152,"bal":0.005437,"days":4,"spread":0.129032,"streak":2,"rank_m":46614,"pct_m":0.04956,"gas_method":"estimated"},"2024-01":{"txs":7,"uniq":5,"trade":3,"nft":2,"gas":0.000156,"bal":0.001718,"days":3,"spread":0.096774,"streak":1,"rank_m":72969,"pct_m":0.077581,"gas_method":"exact"},"2024-02":{"txs":5,"uniq":3,"trade":0,"nft":4,"gas":0.000067,"bal":0.000445,"days":3,"spread":0.103448,"streak":1,"rank_m":199645,"pct_m":0.212265,"gas_method":"estimated"},"2024-03":{"txs":2,"uniq":1,"trade":0,"nft":1,"gas":0.00004,"bal":0.001692,"days":1,"spread":0.032258,"streak":1,"rank_m":324157,"pct_m":0.344648,"gas_method":"estimated"},"2024-04":{"txs":13,"uniq":6,"trade":0,"nft":4,"gas":0.000032,"bal":0.011067,"days":5,"spread":0.166667,"streak":1,"rank_m":248942,"pct_m":0.264679,"gas_method":"estimated"},"2024-05":{"txs":5,"uniq":3,"trade":0,"nft":3,"gas":0.000004,"bal":0.006413,"days":4,"spread":0.129032,"streak":1,"rank_m":312779,"pct_m":0.332551,"gas_method":"estimated"},"2024-06":{"txs":0,"uniq":0,"trade":0,"nft":0,"gas":0,"bal":0.006413,"days":0,"spread":0,"streak":0,"rank_m":517200,"pct_m":0.549895},"2024-07":{"txs":3,"uniq":3,"trade":0,"nft":1,"gas":0,"bal":0.000689,"days":2,"spread":0.064516,"streak":1,"rank_m":422418,"pct_m":0.449121,"gas_method":"estimated"},"2024-08":{"txs":17,"uniq":13,"trade":0,"nft":7,"gas":0.000002,"bal":0.012258,"days":5,"spread":0.16129,"streak":1,"rank_m":160658,"pct_m":0.170813,"gas_method":"estimated"},"2024-09":{"txs":10,"uniq":9,"trade":0,"nft":5,"gas":0,"bal":0.056441,"days":6,"spread":0.2,"streak":2,"rank_m":63819,"pct_m":0.067852,"gas_method":"estimated"},"2024-10":{"txs":2,"uniq":1,"trade":0,"nft":0,"gas":0,"bal":0.051008,"days":2,"spread":0.064516,"streak":1,"rank_m":333642,"pct_m":0.354733,"gas_method":"estimated"},"2024-11":{"txs":5,"uniq":5,"trade":1,"nft":1,"gas":0.000011,"bal":0.049236,"days":3,"spread":0.1,"streak":1,"rank_m":244025,"pct_m":0.259451,"gas_method":"exact"},"2024-12":{"txs":9,"uniq":5,"trade":0,"nft":0,"gas":0.000176,"bal":0.048158,"days":1,"spread":0.032258,"streak":1,"rank_m":354082,"pct_m":0.376465,"gas_method":"exact"},"2025-01":{"txs":2,"uniq":2,"trade":0,"nft":0,"gas":0.000052,"bal":0.048201,"days":1,"spread":0.032258,"streak":1,"rank_m":421735,"pct_m":0.448395,"gas_method":"exact"},"2025-02":{"txs":5,"uniq":5,"trade":0,"nft":0,"gas":0.000035,"bal":0.039985,"days":4,"spread":0.142857,"streak":1,"rank_m":248292,"pct_m":0.263987,"gas_method":"exact"},"2025-03":{"txs":45,"uniq":20,"trade":3,"nft":0,"gas":0.00034,"bal":0.02466,"days":8,"spread":0.258065,"streak":3,"rank_m":25948,"pct_m":0.027587,"gas_method":"exact"},"2025-04":{"txs":7,"uniq":6,"trade":0,"nft":0,"gas":0.000036,"bal":0.021059,"days":3,"spread":0.1,"streak":1,"rank_m":233359,"pct_m":0.24811,"gas_method":"exact"},"2025-05":{"txs":2,"uniq":0,"trade":0,"nft":0,"gas":0.000014,"bal":0.022431,"days":1,"spread":0.032258,"streak":1,"rank_m":304078,"pct_m":0.3233,"gas_method":"estimated"},"2025-06":{"txs":0,"uniq":0,"trade":0,"nft":0,"gas":0,"bal":0.022431,"days":0,"spread":0,"streak":0,"rank_m":479417,"pct_m":0.509724},"2025-07":{"txs":0,"uniq":0,"trade":0,"nft":0,"gas":0,"bal":0.022431,"days":0,"spread":0,"streak":0,"rank_m":497018,"pct_m":0.528437},"2025-08":{"txs":4,"uniq":3,"trade":3,"nft":0,"gas":0.000028,"bal":0.028827,"days":1,"spread":0.032258,"streak":1,"rank_m":213231,"pct_m":0.22671,"gas_method":"estimated"},"2025-09":{"txs":7,"uniq":2,"trade":0,"nft":0,"gas":0.000049,"bal":0.03141,"days":1,"spread":0.033333,"streak":1,"rank_m":257136,"pct_m":0.273391,"gas_method":"estimated"},"2025-10":{"txs":1,"uniq":1,"trade":0,"nft":0,"gas":0.000007,"bal":0.035585,"days":1,"spread":0.032258,"streak":1,"rank_m":171207,"pct_m":0.182029,"gas_method":"estimated"}}}