{"wallet":"0x61b7b9af66195c24a1a23338427c2a0962268be4","rank":33042,"lifetime":{"months_active":27,"first":"2023-07","last":"2025-10","tx_sum":2021,"uniq_sum":707,"trade_sum":14,"nft_sum":276,"gas_sum":0.015438,"avg_balance_eth_mean":0.001304,"streak_best_days":65,"gas_sum_filled":0.015438},"months":{"2023-07":{"txs":5,"uniq":3,"trade":0,"nft":1,"gas":0.000053,"bal":0.000008,"days":2,"spread":0.064516,"streak":1,"rank_m":24004,"pct_m":0.02552,"gas_method":"exact"},"2023-08":{"txs":65,"uniq":30,"trade":0,"nft":9,"gas":0.004357,"bal":0.003221,"days":8,"spread":0.258065,"streak":2,"rank_m":33592,"pct_m":0.035715,"gas_method":"exact"},"2023-09":{"txs":257,"uniq":82,"trade":3,"nft":5,"gas":0.000113,"bal":0.007524,"days":8,"spread":0.266667,"streak":2,"rank_m":14659,"pct_m":0.015585,"gas_method":"exact"},"2023-10":{"txs":25,"uniq":8,"trade":0,"nft":2,"gas":0.000121,"bal":0.000949,"days":19,"spread":0.612903,"streak":13,"rank_m":32509,"pct_m":0.034563,"gas_method":"exact"},"2023-11":{"txs":16,"uniq":11,"trade":0,"nft":1,"gas":0.000144,"bal":0.001319,"days":5,"spread":0.166667,"streak":2,"rank_m":60059,"pct_m":0.063855,"gas_method":"estimated"},"2023-12":{"txs":0,"uniq":0,"trade":0,"nft":0,"gas":0,"bal":0.001319,"days":0,"spread":0,"streak":0,"rank_m":308584,"pct_m":0.328091},"2024-01":{"txs":2,"uniq":1,"trade":0,"nft":1,"gas":0.000031,"bal":0.000083,"days":1,"spread":0.032258,"streak":1,"rank_m":190122,"pct_m":0.20214,"gas_method":"estimated"},"2024-02":{"txs":33,"uniq":14,"trade":0,"nft":5,"gas":0.000293,"bal":0.001663,"days":9,"spread":0.310345,"streak":2,"rank_m":70471,"pct_m":0.074925,"gas_method":"estimated"},"2024-03":{"txs":12,"uniq":9,"trade":0,"nft":4,"gas":0.000473,"bal":0.003249,"days":5,"spread":0.16129,"streak":1,"rank_m":152219,"pct_m":0.161841,"gas_method":"exact"},"2024-04":{"txs":69,"uniq":19,"trade":0,"nft":13,"gas":0.000113,"bal":0.001894,"days":5,"spread":0.166667,"streak":2,"rank_m":192683,"pct_m":0.204863,"gas_method":"estimated"},"2024-05":{"txs":2,"uniq":1,"trade":0,"nft":0,"gas":0.000001,"bal":0.001163,"days":1,"spread":0.032258,"streak":1,"rank_m":461627,"pct_m":0.490809,"gas_method":"estimated"},"2024-06":{"txs":5,"uniq":3,"trade":0,"nft":2,"gas":0,"bal":0.000873,"days":2,"spread":0.066667,"streak":1,"rank_m":406368,"pct_m":0.432057,"gas_method":"estimated"},"2024-07":{"txs":33,"uniq":21,"trade":0,"nft":14,"gas":0.000003,"bal":0.000935,"days":6,"spread":0.193548,"streak":2,"rank_m":172890,"pct_m":0.183819,"gas_method":"estimated"},"2024-08":{"txs":109,"uniq":65,"trade":1,"nft":72,"gas":0.000001,"bal":0.000698,"days":16,"spread":0.516129,"streak":5,"rank_m":45551,"pct_m":0.04843,"gas_method":"exact"},"2024-09":{"txs":35,"uniq":32,"trade":0,"nft":34,"gas":0.000001,"bal":0.001746,"days":4,"spread":0.133333,"streak":2,"rank_m":136612,"pct_m":0.145247,"gas_method":"estimated"},"2024-10":{"txs":40,"uniq":24,"trade":0,"nft":30,"gas":0.000005,"bal":0.002716,"days":10,"spread":0.322581,"streak":3,"rank_m":57988,"pct_m":0.061653,"gas_method":"exact"},"2024-11":{"txs":30,"uniq":21,"trade":0,"nft":2,"gas":0.000067,"bal":0.001144,"days":11,"spread":0.366667,"streak":2,"rank_m":140833,"pct_m":0.149735,"gas_method":"exact"},"2024-12":{"txs":49,"uniq":30,"trade":0,"nft":0,"gas":0.00108,"bal":0.000412,"days":9,"spread":0.290323,"streak":3,"rank_m":171249,"pct_m":0.182074,"gas_method":"exact"},"2025-01":{"txs":23,"uniq":15,"trade":0,"nft":0,"gas":0.000546,"bal":0.000185,"days":6,"spread":0.193548,"streak":3,"rank_m":248193,"pct_m":0.263882,"gas_method":"exact"},"2025-02":{"txs":36,"uniq":20,"trade":0,"nft":0,"gas":0.000218,"bal":0.000184,"days":6,"spread":0.214286,"streak":3,"rank_m":168514,"pct_m":0.179166,"gas_method":"exact"},"2025-03":{"txs":48,"uniq":17,"trade":3,"nft":0,"gas":0.000001,"bal":0.000132,"days":8,"spread":0.258065,"streak":2,"rank_m":226842,"pct_m":0.241181,"gas_method":"exact"},"2025-04":{"txs":61,"uniq":19,"trade":2,"nft":0,"gas":0.000314,"bal":0.000061,"days":5,"spread":0.166667,"streak":1,"rank_m":196039,"pct_m":0.208431,"gas_method":"exact"},"2025-05":{"txs":44,"uniq":20,"trade":1,"nft":0,"gas":0.00031,"bal":0.00008,"days":4,"spread":0.129032,"streak":1,"rank_m":325677,"pct_m":0.346265,"gas_method":"estimated"},"2025-06":{"txs":43,"uniq":19,"trade":0,"nft":0,"gas":0.000303,"bal":0.000033,"days":4,"spread":0.133333,"streak":2,"rank_m":497805,"pct_m":0.529274,"gas_method":"estimated"},"2025-07":{"txs":227,"uniq":69,"trade":0,"nft":37,"gas":0.001598,"bal":0.001267,"days":19,"spread":0.612903,"streak":17,"rank_m":77740,"pct_m":0.082653,"gas_method":"estimated"},"2025-08":{"txs":478,"uniq":97,"trade":3,"nft":35,"gas":0.003364,"bal":0.001466,"days":31,"spread":1,"streak":31,"rank_m":45565,"pct_m":0.048444,"gas_method":"estimated"},"2025-09":{"txs":269,"uniq":54,"trade":1,"nft":9,"gas":0.001893,"bal":0.002049,"days":20,"spread":0.666667,"streak":17,"rank_m":46113,"pct_m":0.049027,"gas_method":"estimated"},"2025-10":{"txs":5,"uniq":3,"trade":0,"nft":0,"gas":0.000035,"bal":0.000137,"days":1,"spread":0.032258,"streak":1,"rank_m":470724,"pct_m":0.500481,"gas_method":"estimated"}}}