{"wallet":"0x61d36e9b2f929061d8445033cf9c01967e9775ee","rank":242924,"lifetime":{"months_active":22,"first":"2023-07","last":"2025-10","tx_sum":282,"uniq_sum":107,"trade_sum":10,"nft_sum":29,"gas_sum":0.003276,"avg_balance_eth_mean":0.003353,"streak_best_days":3,"gas_sum_filled":0.003276},"months":{"2023-07":{"txs":0,"uniq":0,"trade":0,"nft":0,"gas":0,"bal":0,"days":0,"spread":0,"streak":0,"rank_m":600715,"pct_m":0.63869},"2023-08":{"txs":8,"uniq":6,"trade":0,"nft":6,"gas":0.000394,"bal":0.001726,"days":4,"spread":0.129032,"streak":1,"rank_m":95968,"pct_m":0.102034,"gas_method":"exact"},"2023-09":{"txs":7,"uniq":5,"trade":0,"nft":0,"gas":0.000367,"bal":0.002848,"days":2,"spread":0.066667,"streak":1,"rank_m":78300,"pct_m":0.083249,"gas_method":"exact"},"2023-10":{"txs":14,"uniq":7,"trade":0,"nft":1,"gas":0.000341,"bal":0.00189,"days":2,"spread":0.064516,"streak":2,"rank_m":73544,"pct_m":0.078192,"gas_method":"estimated"},"2023-11":{"txs":0,"uniq":0,"trade":0,"nft":0,"gas":0,"bal":0.00189,"days":0,"spread":0,"streak":0,"rank_m":281862,"pct_m":0.29968},"2023-12":{"txs":3,"uniq":3,"trade":0,"nft":1,"gas":0.000237,"bal":0.000792,"days":2,"spread":0.064516,"streak":1,"rank_m":140683,"pct_m":0.149576,"gas_method":"estimated"},"2024-01":{"txs":1,"uniq":1,"trade":0,"nft":1,"gas":0.000026,"bal":0.000685,"days":1,"spread":0.032258,"streak":1,"rank_m":159376,"pct_m":0.16945,"gas_method":"exact"},"2024-02":{"txs":6,"uniq":5,"trade":0,"nft":0,"gas":0.000249,"bal":0.000877,"days":1,"spread":0.034483,"streak":1,"rank_m":226199,"pct_m":0.240498,"gas_method":"estimated"},"2024-03":{"txs":2,"uniq":2,"trade":0,"nft":0,"gas":0.000125,"bal":0.001417,"days":1,"spread":0.032258,"streak":1,"rank_m":335214,"pct_m":0.356404,"gas_method":"estimated"},"2024-04":{"txs":9,"uniq":7,"trade":0,"nft":1,"gas":0.000069,"bal":0.004803,"days":2,"spread":0.066667,"streak":1,"rank_m":339232,"pct_m":0.360676,"gas_method":"estimated"},"2024-05":{"txs":1,"uniq":1,"trade":0,"nft":1,"gas":0.000003,"bal":0.002476,"days":1,"spread":0.032258,"streak":1,"rank_m":430779,"pct_m":0.458011,"gas_method":"estimated"},"2024-06":{"txs":3,"uniq":2,"trade":0,"nft":1,"gas":0,"bal":0.003299,"days":1,"spread":0.033333,"streak":1,"rank_m":408253,"pct_m":0.434061,"gas_method":"estimated"},"2024-07":{"txs":0,"uniq":0,"trade":0,"nft":0,"gas":0,"bal":0.003299,"days":0,"spread":0,"streak":0,"rank_m":545132,"pct_m":0.579593},"2024-08":{"txs":15,"uniq":15,"trade":0,"nft":16,"gas":0.000004,"bal":0.006169,"days":2,"spread":0.064516,"streak":1,"rank_m":224418,"pct_m":0.238604,"gas_method":"estimated"},"2024-09":{"txs":6,"uniq":1,"trade":0,"nft":0,"gas":0.000001,"bal":0.003196,"days":1,"spread":0.033333,"streak":1,"rank_m":379697,"pct_m":0.4037,"gas_method":"estimated"},"2024-10":{"txs":6,"uniq":3,"trade":0,"nft":1,"gas":0.000001,"bal":0.002777,"days":2,"spread":0.064516,"streak":1,"rank_m":374775,"pct_m":0.398466,"gas_method":"estimated"},"2024-11":{"txs":0,"uniq":0,"trade":0,"nft":0,"gas":0,"bal":0.002777,"days":0,"spread":0,"streak":0,"rank_m":600445,"pct_m":0.638403},"2024-12":{"txs":3,"uniq":3,"trade":0,"nft":0,"gas":0.000066,"bal":0.002362,"days":3,"spread":0.096774,"streak":1,"rank_m":466660,"pct_m":0.49616,"gas_method":"exact"},"2025-01":{"txs":0,"uniq":0,"trade":0,"nft":0,"gas":0,"bal":0.002362,"days":0,"spread":0,"streak":0,"rank_m":642918,"pct_m":0.683561},"2025-02":{"txs":0,"uniq":0,"trade":0,"nft":0,"gas":0,"bal":0.002362,"days":0,"spread":0,"streak":0,"rank_m":656814,"pct_m":0.698335},"2025-03":{"txs":15,"uniq":1,"trade":0,"nft":0,"gas":0.000119,"bal":0.002317,"days":3,"spread":0.096774,"streak":1,"rank_m":293747,"pct_m":0.312316,"gas_method":"exact"},"2025-04":{"txs":14,"uniq":4,"trade":1,"nft":0,"gas":0.000085,"bal":0.005789,"days":1,"spread":0.033333,"streak":1,"rank_m":253957,"pct_m":0.270011,"gas_method":"exact"},"2025-05":{"txs":9,"uniq":1,"trade":0,"nft":0,"gas":0.000063,"bal":0.006512,"days":1,"spread":0.032258,"streak":1,"rank_m":318326,"pct_m":0.338449,"gas_method":"estimated"},"2025-06":{"txs":60,"uniq":12,"trade":3,"nft":0,"gas":0.000422,"bal":0.00699,"days":9,"spread":0.3,"streak":3,"rank_m":74523,"pct_m":0.079233,"gas_method":"estimated"},"2025-07":{"txs":52,"uniq":9,"trade":4,"nft":0,"gas":0.000366,"bal":0.006053,"days":7,"spread":0.225806,"streak":1,"rank_m":134980,"pct_m":0.143512,"gas_method":"estimated"},"2025-08":{"txs":19,"uniq":6,"trade":0,"nft":0,"gas":0.000134,"bal":0.004855,"days":8,"spread":0.258065,"streak":2,"rank_m":230663,"pct_m":0.245244,"gas_method":"estimated"},"2025-09":{"txs":18,"uniq":8,"trade":1,"nft":0,"gas":0.000127,"bal":0.004956,"days":7,"spread":0.233333,"streak":2,"rank_m":145435,"pct_m":0.154628,"gas_method":"estimated"},"2025-10":{"txs":11,"uniq":5,"trade":1,"nft":0,"gas":0.000077,"bal":0.008417,"days":4,"spread":0.129032,"streak":1,"rank_m":98835,"pct_m":0.105082,"gas_method":"estimated"}}}