{"wallet":"0x614f2265b9132db4de22b36af805e16890c94515","rank":124162,"lifetime":{"months_active":17,"first":"2023-07","last":"2025-10","tx_sum":352,"uniq_sum":129,"trade_sum":14,"nft_sum":8,"gas_sum":0.003608,"avg_balance_eth_mean":0.016094,"streak_best_days":6,"gas_sum_filled":0.003608},"months":{"2023-07":{"txs":0,"uniq":0,"trade":0,"nft":0,"gas":0,"bal":0,"days":0,"spread":0,"streak":0,"rank_m":602450,"pct_m":0.640535},"2023-08":{"txs":3,"uniq":2,"trade":0,"nft":0,"gas":0.000164,"bal":0.008141,"days":2,"spread":0.064516,"streak":1,"rank_m":123135,"pct_m":0.130918,"gas_method":"exact"},"2023-09":{"txs":0,"uniq":0,"trade":0,"nft":0,"gas":0,"bal":0.008141,"days":0,"spread":0,"streak":0,"rank_m":253199,"pct_m":0.269205},"2023-10":{"txs":0,"uniq":0,"trade":0,"nft":0,"gas":0,"bal":0.008141,"days":0,"spread":0,"streak":0,"rank_m":247596,"pct_m":0.263247},"2023-11":{"txs":0,"uniq":0,"trade":0,"nft":0,"gas":0,"bal":0.008141,"days":0,"spread":0,"streak":0,"rank_m":245620,"pct_m":0.261147},"2023-12":{"txs":0,"uniq":0,"trade":0,"nft":0,"gas":0,"bal":0.008141,"days":0,"spread":0,"streak":0,"rank_m":260917,"pct_m":0.277411},"2024-01":{"txs":5,"uniq":1,"trade":0,"nft":0,"gas":0.000121,"bal":0.000356,"days":1,"spread":0.032258,"streak":1,"rank_m":191488,"pct_m":0.203592,"gas_method":"estimated"},"2024-02":{"txs":1,"uniq":1,"trade":0,"nft":1,"gas":0.000014,"bal":0.000728,"days":1,"spread":0.034483,"streak":1,"rank_m":253931,"pct_m":0.269983,"gas_method":"estimated"},"2024-03":{"txs":22,"uniq":8,"trade":2,"nft":2,"gas":0.00045,"bal":0.004477,"days":6,"spread":0.193548,"streak":2,"rank_m":123270,"pct_m":0.131062,"gas_method":"estimated"},"2024-04":{"txs":0,"uniq":0,"trade":0,"nft":0,"gas":0,"bal":0.004477,"days":0,"spread":0,"streak":0,"rank_m":479047,"pct_m":0.50933},"2024-05":{"txs":0,"uniq":0,"trade":0,"nft":0,"gas":0,"bal":0.004477,"days":0,"spread":0,"streak":0,"rank_m":506786,"pct_m":0.538823},"2024-06":{"txs":26,"uniq":12,"trade":0,"nft":3,"gas":0.000001,"bal":0.009291,"days":3,"spread":0.1,"streak":1,"rank_m":180746,"pct_m":0.192171,"gas_method":"estimated"},"2024-07":{"txs":6,"uniq":3,"trade":0,"nft":0,"gas":0.000001,"bal":0.014393,"days":4,"spread":0.129032,"streak":2,"rank_m":242485,"pct_m":0.257813,"gas_method":"estimated"},"2024-08":{"txs":2,"uniq":0,"trade":0,"nft":1,"gas":0,"bal":0.0141,"days":2,"spread":0.064516,"streak":1,"rank_m":345831,"pct_m":0.367693,"gas_method":"estimated"},"2024-09":{"txs":1,"uniq":0,"trade":0,"nft":0,"gas":0,"bal":0.0141,"days":1,"spread":0.033333,"streak":1,"rank_m":352619,"pct_m":0.37491,"gas_method":"estimated"},"2024-10":{"txs":17,"uniq":7,"trade":0,"nft":1,"gas":0.000001,"bal":0.062477,"days":3,"spread":0.096774,"streak":2,"rank_m":141280,"pct_m":0.15021,"gas_method":"estimated"},"2024-11":{"txs":9,"uniq":6,"trade":0,"nft":0,"gas":0.000021,"bal":0.136776,"days":3,"spread":0.1,"streak":1,"rank_m":250161,"pct_m":0.265975,"gas_method":"exact"},"2024-12":{"txs":97,"uniq":19,"trade":0,"nft":0,"gas":0.002117,"bal":0.023939,"days":9,"spread":0.290323,"streak":6,"rank_m":47614,"pct_m":0.050623,"gas_method":"exact"},"2025-01":{"txs":64,"uniq":15,"trade":0,"nft":0,"gas":0.000013,"bal":0.033967,"days":11,"spread":0.354839,"streak":5,"rank_m":158339,"pct_m":0.168348,"gas_method":"exact"},"2025-02":{"txs":0,"uniq":0,"trade":0,"nft":0,"gas":0,"bal":0.033967,"days":0,"spread":0,"streak":0,"rank_m":566442,"pct_m":0.60225},"2025-03":{"txs":10,"uniq":5,"trade":2,"nft":0,"gas":0.000079,"bal":0.007972,"days":5,"spread":0.16129,"streak":4,"rank_m":132780,"pct_m":0.141173,"gas_method":"exact"},"2025-04":{"txs":0,"uniq":0,"trade":0,"nft":0,"gas":0,"bal":0.007972,"days":0,"spread":0,"streak":0,"rank_m":629327,"pct_m":0.669111},"2025-05":{"txs":0,"uniq":0,"trade":0,"nft":0,"gas":0,"bal":0.007972,"days":0,"spread":0,"streak":0,"rank_m":561492,"pct_m":0.596987},"2025-06":{"txs":54,"uniq":26,"trade":9,"nft":0,"gas":0.00038,"bal":0.008938,"days":4,"spread":0.133333,"streak":4,"rank_m":57345,"pct_m":0.060969,"gas_method":"estimated"},"2025-07":{"txs":16,"uniq":9,"trade":0,"nft":0,"gas":0.000113,"bal":0.009501,"days":1,"spread":0.032258,"streak":1,"rank_m":278017,"pct_m":0.295592,"gas_method":"estimated"},"2025-08":{"txs":0,"uniq":0,"trade":0,"nft":0,"gas":0,"bal":0.009501,"days":0,"spread":0,"streak":0,"rank_m":542800,"pct_m":0.577114},"2025-09":{"txs":11,"uniq":8,"trade":1,"nft":0,"gas":0.000077,"bal":0.000091,"days":2,"spread":0.066667,"streak":1,"rank_m":420352,"pct_m":0.446925,"gas_method":"estimated"},"2025-10":{"txs":8,"uniq":7,"trade":0,"nft":0,"gas":0.000056,"bal":0.000447,"days":1,"spread":0.032258,"streak":1,"rank_m":365530,"pct_m":0.388637,"gas_method":"estimated"}}}