{"wallet":"0x61fd8b52b33a31431ab2e38b749778468d973ce2","rank":119829,"lifetime":{"months_active":19,"first":"2023-07","last":"2025-10","tx_sum":577,"uniq_sum":218,"trade_sum":19,"nft_sum":19,"gas_sum":0.00333,"avg_balance_eth_mean":0.001483,"streak_best_days":7,"gas_sum_filled":0.00333},"months":{"2023-07":{"txs":0,"uniq":0,"trade":0,"nft":0,"gas":0,"bal":0,"days":0,"spread":0,"streak":0,"rank_m":600173,"pct_m":0.638114},"2023-08":{"txs":0,"uniq":0,"trade":0,"nft":0,"gas":0,"bal":0,"days":0,"spread":0,"streak":0,"rank_m":644215,"pct_m":0.68494},"2023-09":{"txs":0,"uniq":0,"trade":0,"nft":0,"gas":0,"bal":0,"days":0,"spread":0,"streak":0,"rank_m":656019,"pct_m":0.69749},"2023-10":{"txs":0,"uniq":0,"trade":0,"nft":0,"gas":0,"bal":0,"days":0,"spread":0,"streak":0,"rank_m":665568,"pct_m":0.707643},"2023-11":{"txs":0,"uniq":0,"trade":0,"nft":0,"gas":0,"bal":0,"days":0,"spread":0,"streak":0,"rank_m":673951,"pct_m":0.716556},"2023-12":{"txs":0,"uniq":0,"trade":0,"nft":0,"gas":0,"bal":0,"days":0,"spread":0,"streak":0,"rank_m":684101,"pct_m":0.727347},"2024-01":{"txs":0,"uniq":0,"trade":0,"nft":0,"gas":0,"bal":0,"days":0,"spread":0,"streak":0,"rank_m":693126,"pct_m":0.736943},"2024-02":{"txs":5,"uniq":4,"trade":0,"nft":1,"gas":0.000018,"bal":0.00059,"days":2,"spread":0.068966,"streak":1,"rank_m":217490,"pct_m":0.231238,"gas_method":"estimated"},"2024-03":{"txs":28,"uniq":12,"trade":0,"nft":1,"gas":0.000153,"bal":0.006587,"days":12,"spread":0.387097,"streak":4,"rank_m":94499,"pct_m":0.100472,"gas_method":"estimated"},"2024-04":{"txs":48,"uniq":14,"trade":1,"nft":1,"gas":0.000021,"bal":0.003595,"days":14,"spread":0.466667,"streak":3,"rank_m":96551,"pct_m":0.102654,"gas_method":"exact"},"2024-05":{"txs":65,"uniq":21,"trade":5,"nft":6,"gas":0.00002,"bal":0.002391,"days":15,"spread":0.483871,"streak":6,"rank_m":45215,"pct_m":0.048072,"gas_method":"exact"},"2024-06":{"txs":39,"uniq":23,"trade":1,"nft":3,"gas":0.000001,"bal":0.002099,"days":13,"spread":0.433333,"streak":7,"rank_m":58475,"pct_m":0.062171,"gas_method":"exact"},"2024-07":{"txs":16,"uniq":8,"trade":0,"nft":3,"gas":0.000001,"bal":0.001347,"days":7,"spread":0.225806,"streak":2,"rank_m":221625,"pct_m":0.235635,"gas_method":"estimated"},"2024-08":{"txs":10,"uniq":5,"trade":3,"nft":0,"gas":0.000001,"bal":0.002812,"days":3,"spread":0.096774,"streak":1,"rank_m":219453,"pct_m":0.233325,"gas_method":"exact"},"2024-09":{"txs":19,"uniq":9,"trade":1,"nft":0,"gas":0.000002,"bal":0.002264,"days":5,"spread":0.166667,"streak":1,"rank_m":114548,"pct_m":0.121788,"gas_method":"exact"},"2024-10":{"txs":67,"uniq":14,"trade":3,"nft":4,"gas":0.000001,"bal":0.001761,"days":11,"spread":0.354839,"streak":2,"rank_m":118762,"pct_m":0.126269,"gas_method":"estimated"},"2024-11":{"txs":50,"uniq":18,"trade":0,"nft":0,"gas":0.000106,"bal":0.001941,"days":14,"spread":0.466667,"streak":7,"rank_m":97971,"pct_m":0.104163,"gas_method":"exact"},"2024-12":{"txs":46,"uniq":17,"trade":0,"nft":0,"gas":0.000926,"bal":0.002962,"days":12,"spread":0.387097,"streak":5,"rank_m":116758,"pct_m":0.124138,"gas_method":"exact"},"2025-01":{"txs":41,"uniq":15,"trade":0,"nft":0,"gas":0.001065,"bal":0.001868,"days":13,"spread":0.419355,"streak":3,"rank_m":116447,"pct_m":0.123807,"gas_method":"exact"},"2025-02":{"txs":22,"uniq":12,"trade":1,"nft":0,"gas":0.000155,"bal":0.001879,"days":7,"spread":0.25,"streak":2,"rank_m":121052,"pct_m":0.128704,"gas_method":"exact"},"2025-03":{"txs":26,"uniq":8,"trade":2,"nft":0,"gas":0.000205,"bal":0.001126,"days":10,"spread":0.322581,"streak":3,"rank_m":123539,"pct_m":0.131348,"gas_method":"exact"},"2025-04":{"txs":13,"uniq":7,"trade":1,"nft":0,"gas":0.000078,"bal":0.001579,"days":5,"spread":0.166667,"streak":1,"rank_m":202249,"pct_m":0.215034,"gas_method":"exact"},"2025-05":{"txs":47,"uniq":15,"trade":1,"nft":0,"gas":0.000331,"bal":0.001787,"days":12,"spread":0.387097,"streak":2,"rank_m":101330,"pct_m":0.107735,"gas_method":"estimated"},"2025-06":{"txs":24,"uniq":8,"trade":0,"nft":0,"gas":0.000169,"bal":0.001529,"days":3,"spread":0.1,"streak":2,"rank_m":345788,"pct_m":0.367647,"gas_method":"estimated"},"2025-07":{"txs":10,"uniq":7,"trade":0,"nft":0,"gas":0.00007,"bal":0.001426,"days":2,"spread":0.064516,"streak":1,"rank_m":419092,"pct_m":0.445585,"gas_method":"estimated"},"2025-08":{"txs":1,"uniq":1,"trade":0,"nft":0,"gas":0.000007,"bal":0.000659,"days":1,"spread":0.032258,"streak":1,"rank_m":557728,"pct_m":0.592985,"gas_method":"estimated"},"2025-09":{"txs":0,"uniq":0,"trade":0,"nft":0,"gas":0,"bal":0.000659,"days":0,"spread":0,"streak":0,"rank_m":726594,"pct_m":0.772527},"2025-10":{"txs":0,"uniq":0,"trade":0,"nft":0,"gas":0,"bal":0.000659,"days":0,"spread":0,"streak":0,"rank_m":661675,"pct_m":0.703504}}}