{"wallet":"0x619db4ba9966f8f6ebdd191002e30840eb801882","rank":278416,"lifetime":{"months_active":25,"first":"2023-07","last":"2025-10","tx_sum":187,"uniq_sum":109,"trade_sum":5,"nft_sum":74,"gas_sum":0.001938,"avg_balance_eth_mean":0.001165,"streak_best_days":9,"gas_sum_filled":0.001938},"months":{"2023-07":{"txs":0,"uniq":0,"trade":0,"nft":0,"gas":0,"bal":0,"days":0,"spread":0,"streak":0,"rank_m":601425,"pct_m":0.639445},"2023-08":{"txs":0,"uniq":0,"trade":0,"nft":0,"gas":0,"bal":0,"days":0,"spread":0,"streak":0,"rank_m":645295,"pct_m":0.686088},"2023-09":{"txs":0,"uniq":0,"trade":0,"nft":0,"gas":0,"bal":0,"days":0,"spread":0,"streak":0,"rank_m":657062,"pct_m":0.698599},"2023-10":{"txs":2,"uniq":1,"trade":0,"nft":1,"gas":0.000014,"bal":0.000933,"days":2,"spread":0.064516,"streak":2,"rank_m":116213,"pct_m":0.123559,"gas_method":"estimated"},"2023-11":{"txs":8,"uniq":5,"trade":0,"nft":6,"gas":0.000098,"bal":0.004008,"days":5,"spread":0.166667,"streak":2,"rank_m":44849,"pct_m":0.047683,"gas_method":"estimated"},"2023-12":{"txs":8,"uniq":7,"trade":0,"nft":6,"gas":0.000183,"bal":0.000847,"days":4,"spread":0.129032,"streak":1,"rank_m":89024,"pct_m":0.094651,"gas_method":"estimated"},"2024-01":{"txs":1,"uniq":1,"trade":0,"nft":1,"gas":0.000021,"bal":0.000142,"days":1,"spread":0.032258,"streak":1,"rank_m":190081,"pct_m":0.202096,"gas_method":"estimated"},"2024-02":{"txs":12,"uniq":4,"trade":0,"nft":4,"gas":0.000145,"bal":0.001192,"days":7,"spread":0.241379,"streak":2,"rank_m":120977,"pct_m":0.128624,"gas_method":"estimated"},"2024-03":{"txs":10,"uniq":6,"trade":0,"nft":4,"gas":0.000825,"bal":0.001442,"days":6,"spread":0.193548,"streak":1,"rank_m":173984,"pct_m":0.184982,"gas_method":"exact"},"2024-04":{"txs":11,"uniq":4,"trade":0,"nft":4,"gas":0.000024,"bal":0.003813,"days":7,"spread":0.233333,"streak":1,"rank_m":295171,"pct_m":0.31383,"gas_method":"estimated"},"2024-05":{"txs":11,"uniq":6,"trade":0,"nft":6,"gas":0.000012,"bal":0.002522,"days":6,"spread":0.193548,"streak":2,"rank_m":201881,"pct_m":0.214642,"gas_method":"exact"},"2024-06":{"txs":4,"uniq":4,"trade":0,"nft":3,"gas":0,"bal":0.001202,"days":4,"spread":0.133333,"streak":2,"rank_m":329131,"pct_m":0.349937,"gas_method":"estimated"},"2024-07":{"txs":1,"uniq":1,"trade":0,"nft":2,"gas":0,"bal":0.000868,"days":1,"spread":0.032258,"streak":1,"rank_m":443207,"pct_m":0.471225,"gas_method":"estimated"},"2024-08":{"txs":7,"uniq":6,"trade":1,"nft":5,"gas":0.000001,"bal":0.000708,"days":4,"spread":0.129032,"streak":2,"rank_m":303183,"pct_m":0.322349,"gas_method":"estimated"},"2024-09":{"txs":6,"uniq":4,"trade":0,"nft":4,"gas":0,"bal":0.000453,"days":2,"spread":0.066667,"streak":1,"rank_m":353753,"pct_m":0.376115,"gas_method":"estimated"},"2024-10":{"txs":46,"uniq":25,"trade":1,"nft":23,"gas":0.000003,"bal":0.000759,"days":14,"spread":0.451613,"streak":9,"rank_m":124565,"pct_m":0.132439,"gas_method":"estimated"},"2024-11":{"txs":3,"uniq":3,"trade":0,"nft":1,"gas":0.000007,"bal":0.000755,"days":3,"spread":0.1,"streak":1,"rank_m":395149,"pct_m":0.420128,"gas_method":"exact"},"2024-12":{"txs":9,"uniq":4,"trade":0,"nft":0,"gas":0.000176,"bal":0.000561,"days":6,"spread":0.193548,"streak":2,"rank_m":375642,"pct_m":0.399388,"gas_method":"exact"},"2025-01":{"txs":6,"uniq":4,"trade":0,"nft":0,"gas":0.000156,"bal":0.00028,"days":4,"spread":0.129032,"streak":1,"rank_m":431693,"pct_m":0.458983,"gas_method":"exact"},"2025-02":{"txs":3,"uniq":2,"trade":0,"nft":0,"gas":0.000014,"bal":0.001102,"days":1,"spread":0.035714,"streak":1,"rank_m":471790,"pct_m":0.501614,"gas_method":"exact"},"2025-03":{"txs":2,"uniq":2,"trade":0,"nft":0,"gas":0.000016,"bal":0.002307,"days":2,"spread":0.064516,"streak":1,"rank_m":409707,"pct_m":0.435607,"gas_method":"exact"},"2025-04":{"txs":17,"uniq":6,"trade":0,"nft":1,"gas":0.000103,"bal":0.000951,"days":9,"spread":0.3,"streak":2,"rank_m":167733,"pct_m":0.178336,"gas_method":"exact"},"2025-05":{"txs":2,"uniq":1,"trade":0,"nft":0,"gas":0.000014,"bal":0.000435,"days":2,"spread":0.064516,"streak":1,"rank_m":557855,"pct_m":0.59312,"gas_method":"estimated"},"2025-06":{"txs":2,"uniq":2,"trade":0,"nft":0,"gas":0.000014,"bal":0.001718,"days":1,"spread":0.033333,"streak":1,"rank_m":490706,"pct_m":0.521726,"gas_method":"estimated"},"2025-07":{"txs":3,"uniq":1,"trade":0,"nft":1,"gas":0.000021,"bal":0.001676,"days":2,"spread":0.064516,"streak":1,"rank_m":421927,"pct_m":0.448599,"gas_method":"estimated"},"2025-08":{"txs":2,"uniq":2,"trade":0,"nft":1,"gas":0.000014,"bal":0.001449,"days":2,"spread":0.064516,"streak":1,"rank_m":393630,"pct_m":0.418513,"gas_method":"estimated"},"2025-09":{"txs":8,"uniq":5,"trade":3,"nft":0,"gas":0.000056,"bal":0.001413,"days":3,"spread":0.1,"streak":1,"rank_m":308025,"pct_m":0.327497,"gas_method":"estimated"},"2025-10":{"txs":3,"uniq":3,"trade":0,"nft":1,"gas":0.000021,"bal":0.001078,"days":3,"spread":0.096774,"streak":2,"rank_m":230137,"pct_m":0.244685,"gas_method":"estimated"}}}