{"wallet":"0x6151910089429f7f98fada8639cce3f17b5741db","rank":704146,"lifetime":{"months_active":11,"first":"2023-07","last":"2025-10","tx_sum":165,"uniq_sum":41,"trade_sum":0,"nft_sum":13,"gas_sum":0.000349,"avg_balance_eth_mean":0.00196,"streak_best_days":13,"gas_sum_filled":0.000349},"months":{"2023-07":{"txs":0,"uniq":0,"trade":0,"nft":0,"gas":0,"bal":0,"days":0,"spread":0,"streak":0,"rank_m":602419,"pct_m":0.640502},"2023-08":{"txs":0,"uniq":0,"trade":0,"nft":0,"gas":0,"bal":0,"days":0,"spread":0,"streak":0,"rank_m":646162,"pct_m":0.68701},"2023-09":{"txs":0,"uniq":0,"trade":0,"nft":0,"gas":0,"bal":0,"days":0,"spread":0,"streak":0,"rank_m":657892,"pct_m":0.699481},"2023-10":{"txs":14,"uniq":2,"trade":0,"nft":0,"gas":0.000033,"bal":0.000027,"days":5,"spread":0.16129,"streak":1,"rank_m":133838,"pct_m":0.142298,"gas_method":"estimated"},"2023-11":{"txs":7,"uniq":3,"trade":0,"nft":0,"gas":0.000158,"bal":0.000293,"days":4,"spread":0.133333,"streak":1,"rank_m":87615,"pct_m":0.093153,"gas_method":"exact"},"2023-12":{"txs":0,"uniq":0,"trade":0,"nft":0,"gas":0,"bal":0.000293,"days":0,"spread":0,"streak":0,"rank_m":346380,"pct_m":0.368276},"2024-01":{"txs":0,"uniq":0,"trade":0,"nft":0,"gas":0,"bal":0.000293,"days":0,"spread":0,"streak":0,"rank_m":360669,"pct_m":0.383469},"2024-02":{"txs":2,"uniq":1,"trade":0,"nft":0,"gas":0.000008,"bal":0.000419,"days":1,"spread":0.034483,"streak":1,"rank_m":270065,"pct_m":0.287137,"gas_method":"estimated"},"2024-03":{"txs":26,"uniq":6,"trade":0,"nft":1,"gas":0.000112,"bal":0.000432,"days":10,"spread":0.322581,"streak":4,"rank_m":146725,"pct_m":0.156,"gas_method":"exact"},"2024-04":{"txs":23,"uniq":2,"trade":0,"nft":0,"gas":0.000017,"bal":0.000027,"days":12,"spread":0.4,"streak":12,"rank_m":353547,"pct_m":0.375896,"gas_method":"estimated"},"2024-05":{"txs":65,"uniq":11,"trade":0,"nft":4,"gas":0.000016,"bal":0.01471,"days":27,"spread":0.870968,"streak":13,"rank_m":49495,"pct_m":0.052623,"gas_method":"estimated"},"2024-06":{"txs":19,"uniq":8,"trade":0,"nft":4,"gas":0,"bal":0.014826,"days":7,"spread":0.233333,"streak":2,"rank_m":102963,"pct_m":0.109471,"gas_method":"exact"},"2024-07":{"txs":3,"uniq":3,"trade":0,"nft":1,"gas":0,"bal":0.000001,"days":1,"spread":0.032258,"streak":1,"rank_m":415600,"pct_m":0.441872,"gas_method":"exact"},"2024-08":{"txs":0,"uniq":0,"trade":0,"nft":0,"gas":0,"bal":0.000001,"days":0,"spread":0,"streak":0,"rank_m":699870,"pct_m":0.744113},"2024-09":{"txs":1,"uniq":1,"trade":0,"nft":1,"gas":0,"bal":0.000001,"days":1,"spread":0.033333,"streak":1,"rank_m":492907,"pct_m":0.524066,"gas_method":"estimated"},"2024-10":{"txs":3,"uniq":2,"trade":0,"nft":2,"gas":0,"bal":0.00079,"days":2,"spread":0.064516,"streak":1,"rank_m":435651,"pct_m":0.463191,"gas_method":"estimated"},"2024-11":{"txs":2,"uniq":2,"trade":0,"nft":0,"gas":0.000005,"bal":0.001896,"days":2,"spread":0.066667,"streak":1,"rank_m":443132,"pct_m":0.471145,"gas_method":"exact"},"2024-12":{"txs":0,"uniq":0,"trade":0,"nft":0,"gas":0,"bal":0.001896,"days":0,"spread":0,"streak":0,"rank_m":658582,"pct_m":0.700215},"2025-01":{"txs":0,"uniq":0,"trade":0,"nft":0,"gas":0,"bal":0.001896,"days":0,"spread":0,"streak":0,"rank_m":649196,"pct_m":0.690236},"2025-02":{"txs":0,"uniq":0,"trade":0,"nft":0,"gas":0,"bal":0.001896,"days":0,"spread":0,"streak":0,"rank_m":664453,"pct_m":0.706457},"2025-03":{"txs":0,"uniq":0,"trade":0,"nft":0,"gas":0,"bal":0.001896,"days":0,"spread":0,"streak":0,"rank_m":659297,"pct_m":0.700975},"2025-04":{"txs":0,"uniq":0,"trade":0,"nft":0,"gas":0,"bal":0.001896,"days":0,"spread":0,"streak":0,"rank_m":685053,"pct_m":0.72836},"2025-05":{"txs":0,"uniq":0,"trade":0,"nft":0,"gas":0,"bal":0.001896,"days":0,"spread":0,"streak":0,"rank_m":665629,"pct_m":0.707708},"2025-06":{"txs":0,"uniq":0,"trade":0,"nft":0,"gas":0,"bal":0.001896,"days":0,"spread":0,"streak":0,"rank_m":668998,"pct_m":0.71129},"2025-07":{"txs":0,"uniq":0,"trade":0,"nft":0,"gas":0,"bal":0.001896,"days":0,"spread":0,"streak":0,"rank_m":687381,"pct_m":0.730835},"2025-08":{"txs":0,"uniq":0,"trade":0,"nft":0,"gas":0,"bal":0.001896,"days":0,"spread":0,"streak":0,"rank_m":669461,"pct_m":0.711782},"2025-09":{"txs":0,"uniq":0,"trade":0,"nft":0,"gas":0,"bal":0.001896,"days":0,"spread":0,"streak":0,"rank_m":653490,"pct_m":0.694801},"2025-10":{"txs":0,"uniq":0,"trade":0,"nft":0,"gas":0,"bal":0.001896,"days":0,"spread":0,"streak":0,"rank_m":586398,"pct_m":0.623468}}}