{"wallet":"0x61d10bfda1aa5010795985fd9a49f21fb7570982","rank":88536,"lifetime":{"months_active":22,"first":"2023-07","last":"2025-10","tx_sum":850,"uniq_sum":280,"trade_sum":36,"nft_sum":45,"gas_sum":0.004593,"avg_balance_eth_mean":0.00547,"streak_best_days":0,"gas_sum_filled":0.004593},"months":{"2023-07":{"txs":0,"uniq":0,"trade":0,"nft":0,"gas":0,"bal":0,"days":0,"spread":0,"streak":0,"rank_m":600745,"pct_m":0.638722},"2023-08":{"txs":5,"uniq":4,"trade":0,"nft":3,"gas":0.000415,"bal":0.005505,"days":1,"spread":0.032258,"streak":0,"rank_m":159706,"pct_m":0.169801,"gas_method":"exact"},"2023-09":{"txs":9,"uniq":4,"trade":3,"nft":2,"gas":0.000208,"bal":0.023903,"days":1,"spread":0.033333,"streak":0,"rank_m":132138,"pct_m":0.14049,"gas_method":"estimated"},"2023-10":{"txs":0,"uniq":0,"trade":0,"nft":0,"gas":0,"bal":0.023903,"days":0,"spread":0,"streak":0,"rank_m":233410,"pct_m":0.248165},"2023-11":{"txs":0,"uniq":0,"trade":0,"nft":0,"gas":0,"bal":0.023903,"days":0,"spread":0,"streak":0,"rank_m":228510,"pct_m":0.242955},"2023-12":{"txs":5,"uniq":2,"trade":0,"nft":1,"gas":0.000099,"bal":0.005134,"days":2,"spread":0.064516,"streak":0,"rank_m":169247,"pct_m":0.179945,"gas_method":"estimated"},"2024-01":{"txs":0,"uniq":0,"trade":0,"nft":0,"gas":0,"bal":0.005134,"days":0,"spread":0,"streak":0,"rank_m":280632,"pct_m":0.298372},"2024-02":{"txs":0,"uniq":0,"trade":0,"nft":0,"gas":0,"bal":0.005134,"days":0,"spread":0,"streak":0,"rank_m":323208,"pct_m":0.343639},"2024-03":{"txs":0,"uniq":0,"trade":0,"nft":0,"gas":0,"bal":0.005134,"days":0,"spread":0,"streak":0,"rank_m":392395,"pct_m":0.4172},"2024-04":{"txs":14,"uniq":9,"trade":8,"nft":1,"gas":0.000027,"bal":0.003573,"days":4,"spread":0.133333,"streak":0,"rank_m":313313,"pct_m":0.333119,"gas_method":"estimated"},"2024-05":{"txs":65,"uniq":26,"trade":0,"nft":14,"gas":0.000042,"bal":0.004678,"days":12,"spread":0.387097,"streak":0,"rank_m":178750,"pct_m":0.190049,"gas_method":"estimated"},"2024-06":{"txs":104,"uniq":33,"trade":9,"nft":6,"gas":0.000002,"bal":0.006764,"days":16,"spread":0.533333,"streak":0,"rank_m":79544,"pct_m":0.084572,"gas_method":"exact"},"2024-07":{"txs":89,"uniq":27,"trade":2,"nft":4,"gas":0.000003,"bal":0.003754,"days":14,"spread":0.451613,"streak":0,"rank_m":96862,"pct_m":0.102984,"gas_method":"exact"},"2024-08":{"txs":70,"uniq":18,"trade":0,"nft":5,"gas":0.000005,"bal":0.002242,"days":12,"spread":0.387097,"streak":0,"rank_m":219527,"pct_m":0.233404,"gas_method":"estimated"},"2024-09":{"txs":13,"uniq":8,"trade":0,"nft":2,"gas":0,"bal":0.00375,"days":6,"spread":0.2,"streak":0,"rank_m":254557,"pct_m":0.270648,"gas_method":"estimated"},"2024-10":{"txs":70,"uniq":23,"trade":0,"nft":6,"gas":0.000004,"bal":0.003315,"days":10,"spread":0.322581,"streak":0,"rank_m":188392,"pct_m":0.200301,"gas_method":"estimated"},"2024-11":{"txs":50,"uniq":12,"trade":0,"nft":0,"gas":0.000115,"bal":0.002545,"days":9,"spread":0.3,"streak":0,"rank_m":219118,"pct_m":0.232969,"gas_method":"exact"},"2024-12":{"txs":44,"uniq":16,"trade":0,"nft":0,"gas":0.000061,"bal":0.002192,"days":10,"spread":0.322581,"streak":0,"rank_m":334937,"pct_m":0.35611,"gas_method":"exact"},"2025-01":{"txs":76,"uniq":19,"trade":1,"nft":0,"gas":0.001922,"bal":0.001079,"days":13,"spread":0.419355,"streak":0,"rank_m":172665,"pct_m":0.183579,"gas_method":"exact"},"2025-02":{"txs":58,"uniq":18,"trade":1,"nft":0,"gas":0.000408,"bal":0.003223,"days":11,"spread":0.392857,"streak":0,"rank_m":128387,"pct_m":0.136502,"gas_method":"exact"},"2025-03":{"txs":44,"uniq":10,"trade":2,"nft":0,"gas":0.000348,"bal":0.005521,"days":9,"spread":0.290323,"streak":0,"rank_m":143484,"pct_m":0.152554,"gas_method":"exact"},"2025-04":{"txs":9,"uniq":3,"trade":0,"nft":0,"gas":0.000054,"bal":0.005439,"days":6,"spread":0.2,"streak":0,"rank_m":303441,"pct_m":0.322623,"gas_method":"exact"},"2025-05":{"txs":24,"uniq":9,"trade":3,"nft":0,"gas":0.000169,"bal":0.004388,"days":6,"spread":0.193548,"streak":0,"rank_m":174312,"pct_m":0.185331,"gas_method":"estimated"},"2025-06":{"txs":26,"uniq":9,"trade":7,"nft":0,"gas":0.000183,"bal":0.000551,"days":8,"spread":0.266667,"streak":0,"rank_m":351193,"pct_m":0.373394,"gas_method":"estimated"},"2025-07":{"txs":22,"uniq":11,"trade":0,"nft":0,"gas":0.000155,"bal":0.000566,"days":7,"spread":0.225806,"streak":0,"rank_m":450980,"pct_m":0.479489,"gas_method":"estimated"},"2025-08":{"txs":29,"uniq":10,"trade":0,"nft":1,"gas":0.000204,"bal":0.000707,"days":9,"spread":0.290323,"streak":0,"rank_m":325885,"pct_m":0.346486,"gas_method":"estimated"},"2025-09":{"txs":17,"uniq":7,"trade":0,"nft":0,"gas":0.00012,"bal":0.000582,"days":6,"spread":0.2,"streak":0,"rank_m":440620,"pct_m":0.468474,"gas_method":"estimated"},"2025-10":{"txs":7,"uniq":2,"trade":0,"nft":0,"gas":0.000049,"bal":0.000536,"days":4,"spread":0.129032,"streak":0,"rank_m":414954,"pct_m":0.441185,"gas_method":"estimated"}}}