{"wallet":"0x6165536dd77141d095e10fe7477d5503e0a93467","rank":12352,"lifetime":{"months_active":27,"first":"2023-07","last":"2025-10","tx_sum":2066,"uniq_sum":490,"trade_sum":41,"nft_sum":67,"gas_sum":0.026991,"avg_balance_eth_mean":0.005446,"streak_best_days":25,"gas_sum_filled":0.026991},"months":{"2023-07":{"txs":0,"uniq":0,"trade":0,"nft":0,"gas":0,"bal":0,"days":0,"spread":0,"streak":0,"rank_m":602149,"pct_m":0.640215},"2023-08":{"txs":11,"uniq":6,"trade":0,"nft":3,"gas":0.003469,"bal":0.000731,"days":4,"spread":0.129032,"streak":2,"rank_m":82965,"pct_m":0.088209,"gas_method":"exact"},"2023-09":{"txs":23,"uniq":6,"trade":0,"nft":2,"gas":0.000536,"bal":0.001237,"days":7,"spread":0.233333,"streak":2,"rank_m":45393,"pct_m":0.048262,"gas_method":"exact"},"2023-10":{"txs":7,"uniq":3,"trade":0,"nft":3,"gas":0.000009,"bal":0.00016,"days":3,"spread":0.096774,"streak":2,"rank_m":81055,"pct_m":0.086178,"gas_method":"exact"},"2023-11":{"txs":3,"uniq":3,"trade":0,"nft":0,"gas":0.000038,"bal":0.000701,"days":2,"spread":0.066667,"streak":1,"rank_m":134720,"pct_m":0.143236,"gas_method":"estimated"},"2023-12":{"txs":11,"uniq":4,"trade":0,"nft":2,"gas":0.000262,"bal":0.000084,"days":3,"spread":0.096774,"streak":2,"rank_m":117832,"pct_m":0.12528,"gas_method":"estimated"},"2024-01":{"txs":2,"uniq":1,"trade":0,"nft":0,"gas":0.000021,"bal":0.000035,"days":1,"spread":0.032258,"streak":1,"rank_m":183781,"pct_m":0.195398,"gas_method":"exact"},"2024-02":{"txs":17,"uniq":8,"trade":1,"nft":1,"gas":0.000213,"bal":0.002177,"days":5,"spread":0.172414,"streak":3,"rank_m":76733,"pct_m":0.081583,"gas_method":"estimated"},"2024-03":{"txs":82,"uniq":26,"trade":4,"nft":10,"gas":0.007283,"bal":0.005352,"days":15,"spread":0.483871,"streak":4,"rank_m":16981,"pct_m":0.018053,"gas_method":"exact"},"2024-04":{"txs":57,"uniq":21,"trade":0,"nft":10,"gas":0.000132,"bal":0.005931,"days":11,"spread":0.366667,"streak":3,"rank_m":108314,"pct_m":0.11516,"gas_method":"estimated"},"2024-05":{"txs":57,"uniq":20,"trade":9,"nft":6,"gas":0.000044,"bal":0.008862,"days":10,"spread":0.322581,"streak":4,"rank_m":54507,"pct_m":0.057952,"gas_method":"estimated"},"2024-06":{"txs":20,"uniq":10,"trade":0,"nft":4,"gas":0.000001,"bal":0.006062,"days":8,"spread":0.266667,"streak":2,"rank_m":145396,"pct_m":0.154587,"gas_method":"estimated"},"2024-07":{"txs":65,"uniq":22,"trade":2,"nft":13,"gas":0.000002,"bal":0.00664,"days":12,"spread":0.387097,"streak":3,"rank_m":26084,"pct_m":0.027732,"gas_method":"exact"},"2024-08":{"txs":1,"uniq":1,"trade":0,"nft":0,"gas":0,"bal":0.005681,"days":1,"spread":0.032258,"streak":1,"rank_m":427132,"pct_m":0.454133,"gas_method":"estimated"},"2024-09":{"txs":7,"uniq":5,"trade":0,"nft":1,"gas":0,"bal":0.005674,"days":3,"spread":0.1,"streak":2,"rank_m":215983,"pct_m":0.229636,"gas_method":"estimated"},"2024-10":{"txs":37,"uniq":17,"trade":0,"nft":4,"gas":0.000002,"bal":0.007186,"days":11,"spread":0.354839,"streak":4,"rank_m":80557,"pct_m":0.085649,"gas_method":"estimated"},"2024-11":{"txs":39,"uniq":14,"trade":0,"nft":1,"gas":0.00009,"bal":0.007453,"days":9,"spread":0.3,"streak":3,"rank_m":86958,"pct_m":0.092454,"gas_method":"exact"},"2024-12":{"txs":329,"uniq":31,"trade":0,"nft":0,"gas":0.007144,"bal":0.004863,"days":18,"spread":0.580645,"streak":14,"rank_m":35637,"pct_m":0.037889,"gas_method":"exact"},"2025-01":{"txs":219,"uniq":33,"trade":0,"nft":0,"gas":0.000182,"bal":0.007796,"days":17,"spread":0.548387,"streak":5,"rank_m":79418,"pct_m":0.084438,"gas_method":"exact"},"2025-02":{"txs":111,"uniq":37,"trade":7,"nft":0,"gas":0.000753,"bal":0.006493,"days":10,"spread":0.357143,"streak":3,"rank_m":23203,"pct_m":0.024669,"gas_method":"exact"},"2025-03":{"txs":47,"uniq":25,"trade":1,"nft":0,"gas":0.000363,"bal":0.010441,"days":7,"spread":0.225806,"streak":4,"rank_m":38251,"pct_m":0.040668,"gas_method":"exact"},"2025-04":{"txs":23,"uniq":17,"trade":2,"nft":0,"gas":0.000127,"bal":0.007349,"days":7,"spread":0.233333,"streak":2,"rank_m":57308,"pct_m":0.06093,"gas_method":"exact"},"2025-05":{"txs":32,"uniq":21,"trade":0,"nft":0,"gas":0.000225,"bal":0.005438,"days":16,"spread":0.516129,"streak":5,"rank_m":78187,"pct_m":0.083129,"gas_method":"estimated"},"2025-06":{"txs":277,"uniq":40,"trade":6,"nft":0,"gas":0.00195,"bal":0.007881,"days":22,"spread":0.733333,"streak":10,"rank_m":15272,"pct_m":0.016236,"gas_method":"estimated"},"2025-07":{"txs":114,"uniq":32,"trade":5,"nft":3,"gas":0.000802,"bal":0.007488,"days":24,"spread":0.774194,"streak":6,"rank_m":20520,"pct_m":0.021816,"gas_method":"estimated"},"2025-08":{"txs":164,"uniq":35,"trade":1,"nft":2,"gas":0.001154,"bal":0.00941,"days":21,"spread":0.677419,"streak":6,"rank_m":18268,"pct_m":0.019422,"gas_method":"estimated"},"2025-09":{"txs":123,"uniq":26,"trade":0,"nft":1,"gas":0.000866,"bal":0.006728,"days":20,"spread":0.666667,"streak":9,"rank_m":29833,"pct_m":0.031718,"gas_method":"estimated"},"2025-10":{"txs":188,"uniq":26,"trade":3,"nft":1,"gas":0.001323,"bal":0.014621,"days":16,"spread":0.516129,"streak":16,"rank_m":6877,"pct_m":0.007311,"gas_method":"estimated"}}}