{"wallet":"0x64661ea60ad34f27a322988c6d7c7726ec1d6c40","rank":336185,"lifetime":{"months_active":18,"first":"2023-07","last":"2025-10","tx_sum":171,"uniq_sum":127,"trade_sum":3,"nft_sum":95,"gas_sum":0.002403,"avg_balance_eth_mean":0.00957,"streak_best_days":2,"gas_sum_filled":0.002403},"months":{"2023-07":{"txs":0,"uniq":0,"trade":0,"nft":0,"gas":0,"bal":0,"days":0,"spread":0,"streak":0,"rank_m":591920,"pct_m":0.629339},"2023-08":{"txs":0,"uniq":0,"trade":0,"nft":0,"gas":0,"bal":0,"days":0,"spread":0,"streak":0,"rank_m":637010,"pct_m":0.677279},"2023-09":{"txs":19,"uniq":13,"trade":0,"nft":8,"gas":0.000768,"bal":0.006184,"days":4,"spread":0.133333,"streak":1,"rank_m":34320,"pct_m":0.036489,"gas_method":"exact"},"2023-10":{"txs":4,"uniq":3,"trade":0,"nft":0,"gas":0.000105,"bal":0.007245,"days":2,"spread":0.064516,"streak":1,"rank_m":91715,"pct_m":0.097512,"gas_method":"estimated"},"2023-11":{"txs":6,"uniq":4,"trade":0,"nft":1,"gas":0.000273,"bal":0.006866,"days":3,"spread":0.1,"streak":1,"rank_m":65145,"pct_m":0.069262,"gas_method":"estimated"},"2023-12":{"txs":0,"uniq":0,"trade":0,"nft":0,"gas":0,"bal":0.006866,"days":0,"spread":0,"streak":0,"rank_m":261325,"pct_m":0.277844},"2024-01":{"txs":1,"uniq":1,"trade":0,"nft":1,"gas":0.000079,"bal":0.006437,"days":1,"spread":0.032258,"streak":1,"rank_m":140012,"pct_m":0.148862,"gas_method":"estimated"},"2024-02":{"txs":4,"uniq":3,"trade":0,"nft":0,"gas":0.000122,"bal":0.005275,"days":1,"spread":0.034483,"streak":1,"rank_m":174353,"pct_m":0.185374,"gas_method":"exact"},"2024-03":{"txs":11,"uniq":7,"trade":1,"nft":1,"gas":0.00074,"bal":0.014136,"days":2,"spread":0.064516,"streak":1,"rank_m":166122,"pct_m":0.176623,"gas_method":"estimated"},"2024-04":{"txs":4,"uniq":3,"trade":0,"nft":0,"gas":0.000033,"bal":0.020047,"days":1,"spread":0.033333,"streak":1,"rank_m":349673,"pct_m":0.371778,"gas_method":"estimated"},"2024-05":{"txs":3,"uniq":3,"trade":0,"nft":0,"gas":0.000008,"bal":0.019946,"days":1,"spread":0.032258,"streak":1,"rank_m":350627,"pct_m":0.372792,"gas_method":"estimated"},"2024-06":{"txs":2,"uniq":1,"trade":0,"nft":2,"gas":0,"bal":0.019888,"days":1,"spread":0.033333,"streak":1,"rank_m":335448,"pct_m":0.356653,"gas_method":"estimated"},"2024-07":{"txs":20,"uniq":15,"trade":0,"nft":18,"gas":0.000008,"bal":0.014366,"days":2,"spread":0.064516,"streak":1,"rank_m":143826,"pct_m":0.152917,"gas_method":"estimated"},"2024-08":{"txs":47,"uniq":44,"trade":0,"nft":50,"gas":0.000014,"bal":0.005495,"days":2,"spread":0.064516,"streak":1,"rank_m":161506,"pct_m":0.171715,"gas_method":"estimated"},"2024-09":{"txs":0,"uniq":0,"trade":0,"nft":0,"gas":0,"bal":0.005495,"days":0,"spread":0,"streak":0,"rank_m":517911,"pct_m":0.550651},"2024-10":{"txs":28,"uniq":13,"trade":0,"nft":14,"gas":0.000022,"bal":0.007954,"days":1,"spread":0.032258,"streak":1,"rank_m":149258,"pct_m":0.158693,"gas_method":"exact"},"2024-11":{"txs":0,"uniq":0,"trade":0,"nft":0,"gas":0,"bal":0.007954,"days":0,"spread":0,"streak":0,"rank_m":566359,"pct_m":0.602162},"2024-12":{"txs":0,"uniq":0,"trade":0,"nft":0,"gas":0,"bal":0.007954,"days":0,"spread":0,"streak":0,"rank_m":622784,"pct_m":0.662154},"2025-01":{"txs":4,"uniq":4,"trade":0,"nft":0,"gas":0.000104,"bal":0.00794,"days":2,"spread":0.064516,"streak":2,"rank_m":361721,"pct_m":0.384587,"gas_method":"exact"},"2025-02":{"txs":0,"uniq":0,"trade":0,"nft":0,"gas":0,"bal":0.00794,"days":0,"spread":0,"streak":0,"rank_m":612006,"pct_m":0.650695},"2025-03":{"txs":10,"uniq":5,"trade":0,"nft":0,"gas":0.000071,"bal":0.008121,"days":2,"spread":0.064516,"streak":1,"rank_m":259676,"pct_m":0.276091,"gas_method":"exact"},"2025-04":{"txs":0,"uniq":0,"trade":0,"nft":0,"gas":0,"bal":0.008121,"days":0,"spread":0,"streak":0,"rank_m":627349,"pct_m":0.667008},"2025-05":{"txs":3,"uniq":3,"trade":0,"nft":0,"gas":0.000021,"bal":0.009965,"days":1,"spread":0.032258,"streak":1,"rank_m":289141,"pct_m":0.307419,"gas_method":"estimated"},"2025-06":{"txs":2,"uniq":2,"trade":0,"nft":0,"gas":0.000014,"bal":0.012446,"days":1,"spread":0.033333,"streak":1,"rank_m":320921,"pct_m":0.341208,"gas_method":"estimated"},"2025-07":{"txs":2,"uniq":2,"trade":0,"nft":0,"gas":0.000014,"bal":0.012626,"days":1,"spread":0.032258,"streak":1,"rank_m":347731,"pct_m":0.369713,"gas_method":"estimated"},"2025-08":{"txs":0,"uniq":0,"trade":0,"nft":0,"gas":0,"bal":0.012626,"days":0,"spread":0,"streak":0,"rank_m":513768,"pct_m":0.546246},"2025-09":{"txs":1,"uniq":1,"trade":2,"nft":0,"gas":0.000007,"bal":0.013039,"days":1,"spread":0.033333,"streak":1,"rank_m":288734,"pct_m":0.306986,"gas_method":"estimated"},"2025-10":{"txs":0,"uniq":0,"trade":0,"nft":0,"gas":0,"bal":0.013039,"days":0,"spread":0,"streak":0,"rank_m":414078,"pct_m":0.440254}}}