{"wallet":"0x6479bc794484d0563da9338d3c516ce7df7726b4","rank":371174,"lifetime":{"months_active":18,"first":"2023-07","last":"2025-10","tx_sum":236,"uniq_sum":131,"trade_sum":24,"nft_sum":68,"gas_sum":0.000968,"avg_balance_eth_mean":0.000628,"streak_best_days":3,"gas_sum_filled":0.000968},"months":{"2023-07":{"txs":0,"uniq":0,"trade":0,"nft":0,"gas":0,"bal":0,"days":0,"spread":0,"streak":0,"rank_m":591625,"pct_m":0.629025},"2023-08":{"txs":0,"uniq":0,"trade":0,"nft":0,"gas":0,"bal":0,"days":0,"spread":0,"streak":0,"rank_m":636756,"pct_m":0.677009},"2023-09":{"txs":0,"uniq":0,"trade":0,"nft":0,"gas":0,"bal":0,"days":0,"spread":0,"streak":0,"rank_m":648852,"pct_m":0.68987},"2023-10":{"txs":2,"uniq":2,"trade":0,"nft":0,"gas":0.000013,"bal":0.000317,"days":1,"spread":0.032258,"streak":1,"rank_m":146694,"pct_m":0.155967,"gas_method":"estimated"},"2023-11":{"txs":0,"uniq":0,"trade":0,"nft":0,"gas":0,"bal":0.000317,"days":0,"spread":0,"streak":0,"rank_m":321076,"pct_m":0.341373},"2023-12":{"txs":0,"uniq":0,"trade":0,"nft":0,"gas":0,"bal":0.000317,"days":0,"spread":0,"streak":0,"rank_m":341784,"pct_m":0.36339},"2024-01":{"txs":2,"uniq":2,"trade":0,"nft":0,"gas":0.000039,"bal":0.00232,"days":1,"spread":0.032258,"streak":1,"rank_m":163674,"pct_m":0.17402,"gas_method":"estimated"},"2024-02":{"txs":2,"uniq":2,"trade":0,"nft":0,"gas":0.000022,"bal":0.001081,"days":2,"spread":0.068966,"streak":1,"rank_m":237547,"pct_m":0.252563,"gas_method":"estimated"},"2024-03":{"txs":0,"uniq":0,"trade":0,"nft":0,"gas":0,"bal":0.001081,"days":0,"spread":0,"streak":0,"rank_m":440760,"pct_m":0.468623},"2024-04":{"txs":13,"uniq":5,"trade":0,"nft":3,"gas":0.000026,"bal":0.000413,"days":3,"spread":0.1,"streak":1,"rank_m":379136,"pct_m":0.403103,"gas_method":"estimated"},"2024-05":{"txs":9,"uniq":6,"trade":0,"nft":1,"gas":0.000006,"bal":0.001393,"days":2,"spread":0.064516,"streak":1,"rank_m":378559,"pct_m":0.40249,"gas_method":"estimated"},"2024-06":{"txs":0,"uniq":0,"trade":0,"nft":0,"gas":0,"bal":0.001393,"days":0,"spread":0,"streak":0,"rank_m":546164,"pct_m":0.58069},"2024-07":{"txs":11,"uniq":6,"trade":0,"nft":1,"gas":0.000001,"bal":0.000728,"days":3,"spread":0.096774,"streak":1,"rank_m":360201,"pct_m":0.382971,"gas_method":"estimated"},"2024-08":{"txs":76,"uniq":61,"trade":0,"nft":62,"gas":0.000006,"bal":0.000487,"days":13,"spread":0.419355,"streak":3,"rank_m":140020,"pct_m":0.148871,"gas_method":"estimated"},"2024-09":{"txs":9,"uniq":5,"trade":0,"nft":0,"gas":0,"bal":0.000364,"days":2,"spread":0.066667,"streak":1,"rank_m":409704,"pct_m":0.435604,"gas_method":"estimated"},"2024-10":{"txs":4,"uniq":3,"trade":0,"nft":0,"gas":0,"bal":0.000298,"days":3,"spread":0.096774,"streak":1,"rank_m":490398,"pct_m":0.521399,"gas_method":"estimated"},"2024-11":{"txs":1,"uniq":1,"trade":0,"nft":0,"gas":0.000002,"bal":0.000305,"days":1,"spread":0.033333,"streak":1,"rank_m":511915,"pct_m":0.544276,"gas_method":"exact"},"2024-12":{"txs":0,"uniq":0,"trade":0,"nft":0,"gas":0,"bal":0.000305,"days":0,"spread":0,"streak":0,"rank_m":708765,"pct_m":0.753571},"2025-01":{"txs":5,"uniq":4,"trade":0,"nft":0,"gas":0.00013,"bal":0.000198,"days":1,"spread":0.032258,"streak":1,"rank_m":490343,"pct_m":0.52134,"gas_method":"exact"},"2025-02":{"txs":10,"uniq":5,"trade":0,"nft":0,"gas":0.000063,"bal":0.000079,"days":1,"spread":0.035714,"streak":1,"rank_m":408730,"pct_m":0.434568,"gas_method":"exact"},"2025-03":{"txs":32,"uniq":10,"trade":22,"nft":0,"gas":0.000245,"bal":0.001182,"days":2,"spread":0.064516,"streak":1,"rank_m":192339,"pct_m":0.204497,"gas_method":"exact"},"2025-04":{"txs":6,"uniq":4,"trade":0,"nft":0,"gas":0.000036,"bal":0.001502,"days":3,"spread":0.1,"streak":2,"rank_m":310687,"pct_m":0.330327,"gas_method":"exact"},"2025-05":{"txs":8,"uniq":6,"trade":0,"nft":0,"gas":0.000056,"bal":0.001117,"days":3,"spread":0.096774,"streak":1,"rank_m":363859,"pct_m":0.38686,"gas_method":"estimated"},"2025-06":{"txs":38,"uniq":7,"trade":2,"nft":0,"gas":0.000267,"bal":0.001064,"days":4,"spread":0.133333,"streak":2,"rank_m":266387,"pct_m":0.283226,"gas_method":"estimated"},"2025-07":{"txs":7,"uniq":1,"trade":0,"nft":1,"gas":0.000049,"bal":0.000713,"days":5,"spread":0.16129,"streak":1,"rank_m":417934,"pct_m":0.444354,"gas_method":"estimated"},"2025-08":{"txs":1,"uniq":1,"trade":0,"nft":0,"gas":0.000007,"bal":0.000201,"days":1,"spread":0.032258,"streak":1,"rank_m":625027,"pct_m":0.664539,"gas_method":"estimated"},"2025-09":{"txs":0,"uniq":0,"trade":0,"nft":0,"gas":0,"bal":0.000201,"days":0,"spread":0,"streak":0,"rank_m":804208,"pct_m":0.855047},"2025-10":{"txs":0,"uniq":0,"trade":0,"nft":0,"gas":0,"bal":0.000201,"days":0,"spread":0,"streak":0,"rank_m":765807,"pct_m":0.814219}}}