{"wallet":"0x64500e6e28ba6c0466339b8731a33434d4fbdde9","rank":329680,"lifetime":{"months_active":13,"first":"2023-07","last":"2025-10","tx_sum":249,"uniq_sum":81,"trade_sum":12,"nft_sum":0,"gas_sum":0.002533,"avg_balance_eth_mean":0.001332,"streak_best_days":8,"gas_sum_filled":0.002533},"months":{"2023-07":{"txs":0,"uniq":0,"trade":0,"nft":0,"gas":0,"bal":0,"days":0,"spread":0,"streak":0,"rank_m":592227,"pct_m":0.629665},"2023-08":{"txs":0,"uniq":0,"trade":0,"nft":0,"gas":0,"bal":0,"days":0,"spread":0,"streak":0,"rank_m":637274,"pct_m":0.67756},"2023-09":{"txs":0,"uniq":0,"trade":0,"nft":0,"gas":0,"bal":0,"days":0,"spread":0,"streak":0,"rank_m":649356,"pct_m":0.690406},"2023-10":{"txs":0,"uniq":0,"trade":0,"nft":0,"gas":0,"bal":0,"days":0,"spread":0,"streak":0,"rank_m":659107,"pct_m":0.700773},"2023-11":{"txs":2,"uniq":0,"trade":0,"nft":0,"gas":0.000024,"bal":0.000872,"days":2,"spread":0.066667,"streak":1,"rank_m":152229,"pct_m":0.161852,"gas_method":"estimated"},"2023-12":{"txs":6,"uniq":5,"trade":0,"nft":0,"gas":0.000132,"bal":0.000946,"days":2,"spread":0.064516,"streak":1,"rank_m":135928,"pct_m":0.14452,"gas_method":"estimated"},"2024-01":{"txs":0,"uniq":0,"trade":0,"nft":0,"gas":0,"bal":0.000946,"days":0,"spread":0,"streak":0,"rank_m":326114,"pct_m":0.346729},"2024-02":{"txs":0,"uniq":0,"trade":0,"nft":0,"gas":0,"bal":0.000946,"days":0,"spread":0,"streak":0,"rank_m":373930,"pct_m":0.397568},"2024-03":{"txs":0,"uniq":0,"trade":0,"nft":0,"gas":0,"bal":0.000946,"days":0,"spread":0,"streak":0,"rank_m":445191,"pct_m":0.473334},"2024-04":{"txs":2,"uniq":1,"trade":0,"nft":0,"gas":0.000004,"bal":0.000005,"days":1,"spread":0.033333,"streak":1,"rank_m":472690,"pct_m":0.502571,"gas_method":"estimated"},"2024-05":{"txs":6,"uniq":5,"trade":0,"nft":0,"gas":0.000004,"bal":0.000217,"days":2,"spread":0.064516,"streak":2,"rank_m":425651,"pct_m":0.452559,"gas_method":"estimated"},"2024-06":{"txs":0,"uniq":0,"trade":0,"nft":0,"gas":0,"bal":0.000217,"days":0,"spread":0,"streak":0,"rank_m":608773,"pct_m":0.647257},"2024-07":{"txs":0,"uniq":0,"trade":0,"nft":0,"gas":0,"bal":0.000217,"days":0,"spread":0,"streak":0,"rank_m":628504,"pct_m":0.668236},"2024-08":{"txs":0,"uniq":0,"trade":0,"nft":0,"gas":0,"bal":0.000217,"days":0,"spread":0,"streak":0,"rank_m":644081,"pct_m":0.684797},"2024-09":{"txs":1,"uniq":0,"trade":0,"nft":0,"gas":0,"bal":0.000266,"days":1,"spread":0.033333,"streak":1,"rank_m":523275,"pct_m":0.556354,"gas_method":"estimated"},"2024-10":{"txs":56,"uniq":16,"trade":0,"nft":0,"gas":0.000003,"bal":0.000212,"days":5,"spread":0.16129,"streak":5,"rank_m":320638,"pct_m":0.340907,"gas_method":"estimated"},"2024-11":{"txs":6,"uniq":3,"trade":0,"nft":0,"gas":0.000011,"bal":0.000032,"days":2,"spread":0.066667,"streak":1,"rank_m":455963,"pct_m":0.484787,"gas_method":"exact"},"2024-12":{"txs":99,"uniq":20,"trade":2,"nft":0,"gas":0.001764,"bal":0.000194,"days":15,"spread":0.483871,"streak":8,"rank_m":110499,"pct_m":0.117483,"gas_method":"exact"},"2025-01":{"txs":13,"uniq":5,"trade":0,"nft":0,"gas":0.000234,"bal":0.000015,"days":3,"spread":0.096774,"streak":1,"rank_m":427905,"pct_m":0.454955,"gas_method":"exact"},"2025-02":{"txs":14,"uniq":7,"trade":2,"nft":0,"gas":0.000077,"bal":0.000023,"days":3,"spread":0.107143,"streak":1,"rank_m":312038,"pct_m":0.331763,"gas_method":"exact"},"2025-03":{"txs":5,"uniq":4,"trade":1,"nft":0,"gas":0.00004,"bal":0.002041,"days":1,"spread":0.032258,"streak":1,"rank_m":328736,"pct_m":0.349517,"gas_method":"exact"},"2025-04":{"txs":16,"uniq":7,"trade":7,"nft":0,"gas":0.000078,"bal":0.004295,"days":4,"spread":0.133333,"streak":1,"rank_m":159961,"pct_m":0.170072,"gas_method":"exact"},"2025-05":{"txs":23,"uniq":8,"trade":0,"nft":0,"gas":0.000162,"bal":0.004116,"days":5,"spread":0.16129,"streak":2,"rank_m":167010,"pct_m":0.177567,"gas_method":"estimated"},"2025-06":{"txs":0,"uniq":0,"trade":0,"nft":0,"gas":0,"bal":0.004116,"days":0,"spread":0,"streak":0,"rank_m":613290,"pct_m":0.65206},"2025-07":{"txs":0,"uniq":0,"trade":0,"nft":0,"gas":0,"bal":0.004116,"days":0,"spread":0,"streak":0,"rank_m":632227,"pct_m":0.672194},"2025-08":{"txs":0,"uniq":0,"trade":0,"nft":0,"gas":0,"bal":0.004116,"days":0,"spread":0,"streak":0,"rank_m":614213,"pct_m":0.653041},"2025-09":{"txs":0,"uniq":0,"trade":0,"nft":0,"gas":0,"bal":0.004116,"days":0,"spread":0,"streak":0,"rank_m":600057,"pct_m":0.63799},"2025-10":{"txs":0,"uniq":0,"trade":0,"nft":0,"gas":0,"bal":0.004116,"days":0,"spread":0,"streak":0,"rank_m":521981,"pct_m":0.554978}}}