{"wallet":"0x643a23d17b4c63992adeb3f30389b1cc35dfac7c","rank":172322,"lifetime":{"months_active":20,"first":"2023-07","last":"2025-10","tx_sum":431,"uniq_sum":171,"trade_sum":17,"nft_sum":77,"gas_sum":0.001073,"avg_balance_eth_mean":0.001236,"streak_best_days":8,"gas_sum_filled":0.001073},"months":{"2023-07":{"txs":0,"uniq":0,"trade":0,"nft":0,"gas":0,"bal":0,"days":0,"spread":0,"streak":0,"rank_m":592490,"pct_m":0.629945},"2023-08":{"txs":0,"uniq":0,"trade":0,"nft":0,"gas":0,"bal":0,"days":0,"spread":0,"streak":0,"rank_m":637502,"pct_m":0.677802},"2023-09":{"txs":0,"uniq":0,"trade":0,"nft":0,"gas":0,"bal":0,"days":0,"spread":0,"streak":0,"rank_m":649569,"pct_m":0.690632},"2023-10":{"txs":0,"uniq":0,"trade":0,"nft":0,"gas":0,"bal":0,"days":0,"spread":0,"streak":0,"rank_m":659316,"pct_m":0.700995},"2023-11":{"txs":0,"uniq":0,"trade":0,"nft":0,"gas":0,"bal":0,"days":0,"spread":0,"streak":0,"rank_m":667885,"pct_m":0.710106},"2023-12":{"txs":0,"uniq":0,"trade":0,"nft":0,"gas":0,"bal":0,"days":0,"spread":0,"streak":0,"rank_m":678282,"pct_m":0.72116},"2024-01":{"txs":0,"uniq":0,"trade":0,"nft":0,"gas":0,"bal":0,"days":0,"spread":0,"streak":0,"rank_m":687527,"pct_m":0.73099},"2024-02":{"txs":1,"uniq":1,"trade":0,"nft":2,"gas":0.000007,"bal":0.000113,"days":1,"spread":0.034483,"streak":1,"rank_m":263458,"pct_m":0.280112,"gas_method":"estimated"},"2024-03":{"txs":1,"uniq":0,"trade":0,"nft":0,"gas":0.000011,"bal":0.001574,"days":1,"spread":0.032258,"streak":1,"rank_m":348941,"pct_m":0.370999,"gas_method":"estimated"},"2024-04":{"txs":18,"uniq":10,"trade":0,"nft":3,"gas":0.000023,"bal":0.002945,"days":7,"spread":0.233333,"streak":2,"rank_m":245479,"pct_m":0.260997,"gas_method":"estimated"},"2024-05":{"txs":43,"uniq":15,"trade":0,"nft":3,"gas":0.000012,"bal":0.001406,"days":9,"spread":0.290323,"streak":2,"rank_m":131548,"pct_m":0.139863,"gas_method":"exact"},"2024-06":{"txs":21,"uniq":9,"trade":0,"nft":3,"gas":0,"bal":0.000448,"days":5,"spread":0.166667,"streak":2,"rank_m":273286,"pct_m":0.290561,"gas_method":"estimated"},"2024-07":{"txs":33,"uniq":7,"trade":0,"nft":6,"gas":0.000003,"bal":0.000643,"days":13,"spread":0.419355,"streak":8,"rank_m":105422,"pct_m":0.112085,"gas_method":"exact"},"2024-08":{"txs":50,"uniq":21,"trade":0,"nft":18,"gas":0.000004,"bal":0.00126,"days":14,"spread":0.451613,"streak":4,"rank_m":66682,"pct_m":0.070896,"gas_method":"exact"},"2024-09":{"txs":68,"uniq":16,"trade":0,"nft":11,"gas":0.000002,"bal":0.001404,"days":15,"spread":0.5,"streak":6,"rank_m":96943,"pct_m":0.10307,"gas_method":"estimated"},"2024-10":{"txs":61,"uniq":33,"trade":2,"nft":25,"gas":0.000008,"bal":0.016072,"days":16,"spread":0.516129,"streak":4,"rank_m":12828,"pct_m":0.013638,"gas_method":"exact"},"2024-11":{"txs":10,"uniq":8,"trade":0,"nft":1,"gas":0.000021,"bal":0.001768,"days":5,"spread":0.166667,"streak":1,"rank_m":275610,"pct_m":0.293032,"gas_method":"exact"},"2024-12":{"txs":1,"uniq":1,"trade":0,"nft":0,"gas":0.000022,"bal":0.001658,"days":1,"spread":0.032258,"streak":1,"rank_m":548380,"pct_m":0.583046,"gas_method":"exact"},"2025-01":{"txs":3,"uniq":3,"trade":0,"nft":0,"gas":0.000078,"bal":0.00091,"days":1,"spread":0.032258,"streak":1,"rank_m":491195,"pct_m":0.522246,"gas_method":"exact"},"2025-02":{"txs":6,"uniq":4,"trade":0,"nft":0,"gas":0.000042,"bal":0.000651,"days":2,"spread":0.071429,"streak":1,"rank_m":386003,"pct_m":0.410404,"gas_method":"exact"},"2025-03":{"txs":75,"uniq":24,"trade":15,"nft":2,"gas":0.000561,"bal":0.001026,"days":8,"spread":0.258065,"streak":7,"rank_m":59347,"pct_m":0.063098,"gas_method":"exact"},"2025-04":{"txs":2,"uniq":2,"trade":0,"nft":0,"gas":0.000012,"bal":0.000413,"days":2,"spread":0.066667,"streak":1,"rank_m":489449,"pct_m":0.52039,"gas_method":"exact"},"2025-05":{"txs":2,"uniq":2,"trade":0,"nft":0,"gas":0.000014,"bal":0.000452,"days":1,"spread":0.032258,"streak":1,"rank_m":560001,"pct_m":0.595402,"gas_method":"estimated"},"2025-06":{"txs":3,"uniq":3,"trade":0,"nft":0,"gas":0.000021,"bal":0.00016,"days":2,"spread":0.066667,"streak":1,"rank_m":598386,"pct_m":0.636214,"gas_method":"estimated"},"2025-07":{"txs":0,"uniq":0,"trade":0,"nft":0,"gas":0,"bal":0.00016,"days":0,"spread":0,"streak":0,"rank_m":835141,"pct_m":0.887936},"2025-08":{"txs":17,"uniq":5,"trade":0,"nft":0,"gas":0.00012,"bal":0.000501,"days":3,"spread":0.096774,"streak":3,"rank_m":412813,"pct_m":0.438909,"gas_method":"estimated"},"2025-09":{"txs":8,"uniq":5,"trade":0,"nft":1,"gas":0.000056,"bal":0.000554,"days":3,"spread":0.1,"streak":1,"rank_m":370545,"pct_m":0.393969,"gas_method":"estimated"},"2025-10":{"txs":8,"uniq":2,"trade":0,"nft":2,"gas":0.000056,"bal":0.000502,"days":3,"spread":0.096774,"streak":1,"rank_m":271198,"pct_m":0.288341,"gas_method":"estimated"}}}