{"wallet":"0x6406fcc2d4704c309b2bbe6aeae6244322647f9f","rank":502208,"lifetime":{"months_active":13,"first":"2023-07","last":"2025-10","tx_sum":130,"uniq_sum":98,"trade_sum":8,"nft_sum":64,"gas_sum":0.00028,"avg_balance_eth_mean":0.010864,"streak_best_days":4,"gas_sum_filled":0.00028},"months":{"2023-07":{"txs":0,"uniq":0,"trade":0,"nft":0,"gas":0,"bal":0,"days":0,"spread":0,"streak":0,"rank_m":593188,"pct_m":0.630687},"2023-08":{"txs":0,"uniq":0,"trade":0,"nft":0,"gas":0,"bal":0,"days":0,"spread":0,"streak":0,"rank_m":638102,"pct_m":0.67844},"2023-09":{"txs":2,"uniq":1,"trade":0,"nft":0,"gas":0.000031,"bal":0.00358,"days":1,"spread":0.033333,"streak":1,"rank_m":126984,"pct_m":0.135011,"gas_method":"estimated"},"2023-10":{"txs":0,"uniq":0,"trade":0,"nft":0,"gas":0,"bal":0.00358,"days":0,"spread":0,"streak":0,"rank_m":261276,"pct_m":0.277792},"2023-11":{"txs":4,"uniq":3,"trade":0,"nft":1,"gas":0.000028,"bal":0.017669,"days":2,"spread":0.066667,"streak":1,"rank_m":65353,"pct_m":0.069483,"gas_method":"estimated"},"2023-12":{"txs":8,"uniq":7,"trade":2,"nft":0,"gas":0.000034,"bal":0.015137,"days":7,"spread":0.225806,"streak":1,"rank_m":26969,"pct_m":0.028673,"gas_method":"exact"},"2024-01":{"txs":4,"uniq":4,"trade":0,"nft":0,"gas":0.000049,"bal":0.011795,"days":4,"spread":0.129032,"streak":1,"rank_m":96674,"pct_m":0.102784,"gas_method":"estimated"},"2024-02":{"txs":4,"uniq":3,"trade":0,"nft":1,"gas":0.000028,"bal":0.011566,"days":2,"spread":0.068966,"streak":1,"rank_m":153915,"pct_m":0.163644,"gas_method":"estimated"},"2024-03":{"txs":16,"uniq":9,"trade":2,"nft":0,"gas":0.00006,"bal":0.013361,"days":8,"spread":0.258065,"streak":2,"rank_m":78321,"pct_m":0.083271,"gas_method":"exact"},"2024-04":{"txs":0,"uniq":0,"trade":0,"nft":0,"gas":0,"bal":0.013361,"days":0,"spread":0,"streak":0,"rank_m":464047,"pct_m":0.493382},"2024-05":{"txs":6,"uniq":5,"trade":2,"nft":0,"gas":0.000003,"bal":0.011991,"days":4,"spread":0.129032,"streak":1,"rank_m":234093,"pct_m":0.248891,"gas_method":"estimated"},"2024-06":{"txs":0,"uniq":0,"trade":0,"nft":0,"gas":0,"bal":0.011991,"days":0,"spread":0,"streak":0,"rank_m":497897,"pct_m":0.529372},"2024-07":{"txs":24,"uniq":17,"trade":2,"nft":16,"gas":0.000002,"bal":0.011259,"days":4,"spread":0.129032,"streak":4,"rank_m":66888,"pct_m":0.071115,"gas_method":"estimated"},"2024-08":{"txs":56,"uniq":46,"trade":0,"nft":46,"gas":0,"bal":0.00643,"days":9,"spread":0.290323,"streak":2,"rank_m":46815,"pct_m":0.049773,"gas_method":"exact"},"2024-09":{"txs":1,"uniq":0,"trade":0,"nft":0,"gas":0,"bal":0.003062,"days":1,"spread":0.033333,"streak":1,"rank_m":429651,"pct_m":0.456812,"gas_method":"estimated"},"2024-10":{"txs":0,"uniq":0,"trade":0,"nft":0,"gas":0,"bal":0.003062,"days":0,"spread":0,"streak":0,"rank_m":586490,"pct_m":0.623566},"2024-11":{"txs":0,"uniq":0,"trade":0,"nft":0,"gas":0,"bal":0.003062,"days":0,"spread":0,"streak":0,"rank_m":596719,"pct_m":0.634441},"2024-12":{"txs":2,"uniq":0,"trade":0,"nft":0,"gas":0.000025,"bal":0.008408,"days":1,"spread":0.032258,"streak":1,"rank_m":538438,"pct_m":0.572476,"gas_method":"estimated"},"2025-01":{"txs":0,"uniq":0,"trade":0,"nft":0,"gas":0,"bal":0.008408,"days":0,"spread":0,"streak":0,"rank_m":606879,"pct_m":0.645244},"2025-02":{"txs":0,"uniq":0,"trade":0,"nft":0,"gas":0,"bal":0.008408,"days":0,"spread":0,"streak":0,"rank_m":610072,"pct_m":0.648638},"2025-03":{"txs":0,"uniq":0,"trade":0,"nft":0,"gas":0,"bal":0.008408,"days":0,"spread":0,"streak":0,"rank_m":594293,"pct_m":0.631862},"2025-04":{"txs":1,"uniq":1,"trade":0,"nft":0,"gas":0.000006,"bal":0.018527,"days":1,"spread":0.033333,"streak":1,"rank_m":437720,"pct_m":0.465391,"gas_method":"exact"},"2025-05":{"txs":0,"uniq":0,"trade":0,"nft":0,"gas":0,"bal":0.018527,"days":0,"spread":0,"streak":0,"rank_m":491166,"pct_m":0.522215},"2025-06":{"txs":0,"uniq":0,"trade":0,"nft":0,"gas":0,"bal":0.018527,"days":0,"spread":0,"streak":0,"rank_m":490347,"pct_m":0.521345},"2025-07":{"txs":2,"uniq":2,"trade":0,"nft":0,"gas":0.000014,"bal":0.018519,"days":1,"spread":0.032258,"streak":1,"rank_m":322880,"pct_m":0.343291,"gas_method":"estimated"},"2025-08":{"txs":0,"uniq":0,"trade":0,"nft":0,"gas":0,"bal":0.018519,"days":0,"spread":0,"streak":0,"rank_m":484842,"pct_m":0.515492},"2025-09":{"txs":0,"uniq":0,"trade":0,"nft":0,"gas":0,"bal":0.018519,"days":0,"spread":0,"streak":0,"rank_m":480503,"pct_m":0.510878},"2025-10":{"txs":0,"uniq":0,"trade":0,"nft":0,"gas":0,"bal":0.018519,"days":0,"spread":0,"streak":0,"rank_m":388816,"pct_m":0.413395}}}