{"wallet":"0x6417cf2422740f235fcfa088011217b25dbe6519","rank":177849,"lifetime":{"months_active":24,"first":"2023-07","last":"2025-10","tx_sum":189,"uniq_sum":124,"trade_sum":4,"nft_sum":71,"gas_sum":0.001479,"avg_balance_eth_mean":0.009974,"streak_best_days":12,"gas_sum_filled":0.001479},"months":{"2023-07":{"txs":0,"uniq":0,"trade":0,"nft":0,"gas":0,"bal":0,"days":0,"spread":0,"streak":0,"rank_m":592958,"pct_m":0.630442},"2023-08":{"txs":12,"uniq":11,"trade":0,"nft":10,"gas":0.000703,"bal":0.000794,"days":8,"spread":0.258065,"streak":4,"rank_m":65262,"pct_m":0.069387,"gas_method":"exact"},"2023-09":{"txs":4,"uniq":4,"trade":0,"nft":1,"gas":0.000249,"bal":0.000808,"days":2,"spread":0.066667,"streak":2,"rank_m":81954,"pct_m":0.087134,"gas_method":"exact"},"2023-10":{"txs":1,"uniq":1,"trade":0,"nft":1,"gas":0.000008,"bal":0.000751,"days":1,"spread":0.032258,"streak":1,"rank_m":137949,"pct_m":0.146669,"gas_method":"estimated"},"2023-11":{"txs":1,"uniq":1,"trade":0,"nft":1,"gas":0.000014,"bal":0.000689,"days":1,"spread":0.033333,"streak":1,"rank_m":142989,"pct_m":0.152027,"gas_method":"estimated"},"2023-12":{"txs":2,"uniq":2,"trade":0,"nft":1,"gas":0.000052,"bal":0.000556,"days":2,"spread":0.064516,"streak":1,"rank_m":155757,"pct_m":0.165603,"gas_method":"estimated"},"2024-01":{"txs":2,"uniq":1,"trade":0,"nft":0,"gas":0.000048,"bal":0.000535,"days":1,"spread":0.032258,"streak":1,"rank_m":193344,"pct_m":0.205566,"gas_method":"estimated"},"2024-02":{"txs":1,"uniq":1,"trade":0,"nft":1,"gas":0.000014,"bal":0.00084,"days":1,"spread":0.034483,"streak":1,"rank_m":250987,"pct_m":0.266853,"gas_method":"estimated"},"2024-03":{"txs":3,"uniq":2,"trade":0,"nft":0,"gas":0.000061,"bal":0.000735,"days":2,"spread":0.064516,"streak":1,"rank_m":336440,"pct_m":0.357708,"gas_method":"estimated"},"2024-04":{"txs":5,"uniq":4,"trade":3,"nft":0,"gas":0.000013,"bal":0.003333,"days":3,"spread":0.1,"streak":2,"rank_m":296950,"pct_m":0.315721,"gas_method":"estimated"},"2024-05":{"txs":2,"uniq":2,"trade":0,"nft":2,"gas":0.000002,"bal":0.002658,"days":2,"spread":0.064516,"streak":2,"rank_m":369115,"pct_m":0.392449,"gas_method":"estimated"},"2024-06":{"txs":0,"uniq":0,"trade":0,"nft":0,"gas":0,"bal":0.002658,"days":0,"spread":0,"streak":0,"rank_m":534694,"pct_m":0.568495},"2024-07":{"txs":24,"uniq":14,"trade":0,"nft":17,"gas":0.000003,"bal":0.002147,"days":8,"spread":0.258065,"streak":7,"rank_m":122433,"pct_m":0.130172,"gas_method":"estimated"},"2024-08":{"txs":72,"uniq":36,"trade":0,"nft":33,"gas":0.000007,"bal":0.002187,"days":14,"spread":0.451613,"streak":3,"rank_m":89177,"pct_m":0.094814,"gas_method":"estimated"},"2024-09":{"txs":7,"uniq":5,"trade":0,"nft":2,"gas":0,"bal":0.010183,"days":3,"spread":0.1,"streak":1,"rank_m":204416,"pct_m":0.217338,"gas_method":"estimated"},"2024-10":{"txs":1,"uniq":1,"trade":0,"nft":2,"gas":0,"bal":0.012059,"days":1,"spread":0.032258,"streak":1,"rank_m":357414,"pct_m":0.380008,"gas_method":"estimated"},"2024-11":{"txs":16,"uniq":12,"trade":1,"nft":0,"gas":0.000037,"bal":0.012714,"days":14,"spread":0.466667,"streak":12,"rank_m":74473,"pct_m":0.07918,"gas_method":"exact"},"2024-12":{"txs":0,"uniq":0,"trade":0,"nft":0,"gas":0,"bal":0.012714,"days":0,"spread":0,"streak":0,"rank_m":609076,"pct_m":0.647579},"2025-01":{"txs":1,"uniq":1,"trade":0,"nft":0,"gas":0.000026,"bal":0.01328,"days":1,"spread":0.032258,"streak":1,"rank_m":473204,"pct_m":0.503118,"gas_method":"exact"},"2025-02":{"txs":6,"uniq":5,"trade":0,"nft":0,"gas":0.000042,"bal":0.019603,"days":3,"spread":0.107143,"streak":1,"rank_m":260930,"pct_m":0.277424,"gas_method":"exact"},"2025-03":{"txs":1,"uniq":1,"trade":0,"nft":0,"gas":0.000008,"bal":0.029172,"days":1,"spread":0.032258,"streak":1,"rank_m":390831,"pct_m":0.415537,"gas_method":"exact"},"2025-04":{"txs":4,"uniq":4,"trade":0,"nft":0,"gas":0.000024,"bal":0.029011,"days":4,"spread":0.133333,"streak":1,"rank_m":267077,"pct_m":0.28396,"gas_method":"exact"},"2025-05":{"txs":11,"uniq":6,"trade":0,"nft":0,"gas":0.000077,"bal":0.027558,"days":5,"spread":0.16129,"streak":2,"rank_m":79057,"pct_m":0.084054,"gas_method":"estimated"},"2025-06":{"txs":5,"uniq":5,"trade":0,"nft":0,"gas":0.000035,"bal":0.021075,"days":3,"spread":0.1,"streak":2,"rank_m":184930,"pct_m":0.19662,"gas_method":"estimated"},"2025-07":{"txs":0,"uniq":0,"trade":0,"nft":0,"gas":0,"bal":0.021075,"days":0,"spread":0,"streak":0,"rank_m":499454,"pct_m":0.531027},"2025-08":{"txs":4,"uniq":3,"trade":0,"nft":0,"gas":0.000028,"bal":0.018265,"days":4,"spread":0.129032,"streak":2,"rank_m":208835,"pct_m":0.222036,"gas_method":"estimated"},"2025-09":{"txs":3,"uniq":1,"trade":0,"nft":0,"gas":0.000021,"bal":0.016943,"days":3,"spread":0.1,"streak":1,"rank_m":280688,"pct_m":0.298431,"gas_method":"estimated"},"2025-10":{"txs":1,"uniq":1,"trade":0,"nft":0,"gas":0.000007,"bal":0.016931,"days":1,"spread":0.032258,"streak":1,"rank_m":205188,"pct_m":0.218158,"gas_method":"estimated"}}}