{"wallet":"0x6420b20a7755a208178d7aef2fa828bfa471b208","rank":444209,"lifetime":{"months_active":20,"first":"2023-07","last":"2025-10","tx_sum":269,"uniq_sum":65,"trade_sum":1,"nft_sum":11,"gas_sum":0.002946,"avg_balance_eth_mean":0.002517,"streak_best_days":5,"gas_sum_filled":0.002946},"months":{"2023-07":{"txs":0,"uniq":0,"trade":0,"nft":0,"gas":0,"bal":0,"days":0,"spread":0,"streak":0,"rank_m":592828,"pct_m":0.630304},"2023-08":{"txs":2,"uniq":2,"trade":0,"nft":0,"gas":0.000108,"bal":0.000186,"days":2,"spread":0.064516,"streak":1,"rank_m":147728,"pct_m":0.157066,"gas_method":"exact"},"2023-09":{"txs":0,"uniq":0,"trade":0,"nft":0,"gas":0,"bal":0.000186,"days":0,"spread":0,"streak":0,"rank_m":299334,"pct_m":0.318256},"2023-10":{"txs":4,"uniq":3,"trade":0,"nft":0,"gas":0.000089,"bal":0.002007,"days":1,"spread":0.032258,"streak":1,"rank_m":121153,"pct_m":0.128811,"gas_method":"estimated"},"2023-11":{"txs":10,"uniq":3,"trade":0,"nft":4,"gas":0.000386,"bal":0.00249,"days":2,"spread":0.066667,"streak":1,"rank_m":77932,"pct_m":0.082858,"gas_method":"estimated"},"2023-12":{"txs":5,"uniq":2,"trade":0,"nft":1,"gas":0.000362,"bal":0.001438,"days":2,"spread":0.064516,"streak":1,"rank_m":127376,"pct_m":0.135427,"gas_method":"estimated"},"2024-01":{"txs":1,"uniq":1,"trade":0,"nft":1,"gas":0.000117,"bal":0.001165,"days":1,"spread":0.032258,"streak":1,"rank_m":143490,"pct_m":0.15256,"gas_method":"exact"},"2024-02":{"txs":4,"uniq":2,"trade":0,"nft":1,"gas":0.000152,"bal":0.001109,"days":2,"spread":0.068966,"streak":1,"rank_m":216865,"pct_m":0.230574,"gas_method":"estimated"},"2024-03":{"txs":0,"uniq":0,"trade":0,"nft":0,"gas":0,"bal":0.001109,"days":0,"spread":0,"streak":0,"rank_m":440263,"pct_m":0.468094},"2024-04":{"txs":0,"uniq":0,"trade":0,"nft":0,"gas":0,"bal":0.001109,"days":0,"spread":0,"streak":0,"rank_m":513863,"pct_m":0.546347},"2024-05":{"txs":1,"uniq":1,"trade":0,"nft":1,"gas":0.000002,"bal":0.001405,"days":1,"spread":0.032258,"streak":1,"rank_m":443985,"pct_m":0.472052,"gas_method":"estimated"},"2024-06":{"txs":5,"uniq":3,"trade":0,"nft":0,"gas":0.000004,"bal":0.00137,"days":1,"spread":0.033333,"streak":1,"rank_m":366082,"pct_m":0.389224,"gas_method":"exact"},"2024-07":{"txs":0,"uniq":0,"trade":0,"nft":0,"gas":0,"bal":0.00137,"days":0,"spread":0,"streak":0,"rank_m":565331,"pct_m":0.601069},"2024-08":{"txs":1,"uniq":1,"trade":0,"nft":1,"gas":0,"bal":0.001336,"days":1,"spread":0.032258,"streak":1,"rank_m":450610,"pct_m":0.479096,"gas_method":"estimated"},"2024-09":{"txs":0,"uniq":0,"trade":0,"nft":0,"gas":0,"bal":0.001336,"days":0,"spread":0,"streak":0,"rank_m":573300,"pct_m":0.609542},"2024-10":{"txs":2,"uniq":1,"trade":0,"nft":2,"gas":0,"bal":0.001236,"days":1,"spread":0.032258,"streak":1,"rank_m":447138,"pct_m":0.475404,"gas_method":"estimated"},"2024-11":{"txs":2,"uniq":2,"trade":0,"nft":0,"gas":0.000005,"bal":0.000994,"days":1,"spread":0.033333,"streak":1,"rank_m":469265,"pct_m":0.49893,"gas_method":"exact"},"2024-12":{"txs":1,"uniq":1,"trade":0,"nft":0,"gas":0.000022,"bal":0.000034,"days":1,"spread":0.032258,"streak":1,"rank_m":603742,"pct_m":0.641908,"gas_method":"exact"},"2025-01":{"txs":4,"uniq":3,"trade":0,"nft":0,"gas":0.000104,"bal":0.000158,"days":1,"spread":0.032258,"streak":1,"rank_m":510743,"pct_m":0.54303,"gas_method":"exact"},"2025-02":{"txs":0,"uniq":0,"trade":0,"nft":0,"gas":0,"bal":0.000158,"days":0,"spread":0,"streak":0,"rank_m":761565,"pct_m":0.809708},"2025-03":{"txs":0,"uniq":0,"trade":0,"nft":0,"gas":0,"bal":0.000158,"days":0,"spread":0,"streak":0,"rank_m":772086,"pct_m":0.820895},"2025-04":{"txs":3,"uniq":3,"trade":0,"nft":0,"gas":0.000018,"bal":0.000236,"days":2,"spread":0.066667,"streak":2,"rank_m":443016,"pct_m":0.471021,"gas_method":"exact"},"2025-05":{"txs":4,"uniq":3,"trade":0,"nft":0,"gas":0.000028,"bal":0.001228,"days":1,"spread":0.032258,"streak":1,"rank_m":453062,"pct_m":0.481703,"gas_method":"estimated"},"2025-06":{"txs":46,"uniq":13,"trade":1,"nft":0,"gas":0.000324,"bal":0.003084,"days":15,"spread":0.5,"streak":3,"rank_m":115472,"pct_m":0.122771,"gas_method":"estimated"},"2025-07":{"txs":53,"uniq":6,"trade":0,"nft":0,"gas":0.000373,"bal":0.00939,"days":16,"spread":0.516129,"streak":4,"rank_m":106309,"pct_m":0.113029,"gas_method":"estimated"},"2025-08":{"txs":30,"uniq":6,"trade":0,"nft":0,"gas":0.000211,"bal":0.011125,"days":16,"spread":0.516129,"streak":4,"rank_m":92508,"pct_m":0.098355,"gas_method":"estimated"},"2025-09":{"txs":41,"uniq":4,"trade":0,"nft":0,"gas":0.000289,"bal":0.012733,"days":17,"spread":0.566667,"streak":5,"rank_m":79948,"pct_m":0.085001,"gas_method":"estimated"},"2025-10":{"txs":50,"uniq":5,"trade":0,"nft":0,"gas":0.000352,"bal":0.012323,"days":8,"spread":0.258065,"streak":2,"rank_m":57321,"pct_m":0.060944,"gas_method":"estimated"}}}