{"wallet":"0x64f85a751006a143063e41b7ab91c0d16ab0829b","rank":202267,"lifetime":{"months_active":24,"first":"2023-07","last":"2025-10","tx_sum":187,"uniq_sum":110,"trade_sum":6,"nft_sum":34,"gas_sum":0.004852,"avg_balance_eth_mean":0.012335,"streak_best_days":3,"gas_sum_filled":0.004852},"months":{"2023-07":{"txs":0,"uniq":0,"trade":0,"nft":0,"gas":0,"bal":0,"days":0,"spread":0,"streak":0,"rank_m":589921,"pct_m":0.627213},"2023-08":{"txs":23,"uniq":16,"trade":0,"nft":14,"gas":0.003282,"bal":0.001895,"days":8,"spread":0.258065,"streak":3,"rank_m":43166,"pct_m":0.045894,"gas_method":"exact"},"2023-09":{"txs":7,"uniq":5,"trade":0,"nft":3,"gas":0.000119,"bal":0.000282,"days":4,"spread":0.133333,"streak":2,"rank_m":72338,"pct_m":0.07691,"gas_method":"exact"},"2023-10":{"txs":4,"uniq":2,"trade":0,"nft":1,"gas":0.00005,"bal":0.000077,"days":2,"spread":0.064516,"streak":1,"rank_m":135311,"pct_m":0.143864,"gas_method":"estimated"},"2023-11":{"txs":4,"uniq":3,"trade":0,"nft":0,"gas":0.000086,"bal":0.000727,"days":1,"spread":0.033333,"streak":1,"rank_m":139762,"pct_m":0.148596,"gas_method":"estimated"},"2023-12":{"txs":2,"uniq":1,"trade":0,"nft":2,"gas":0.000081,"bal":0.000761,"days":2,"spread":0.064516,"streak":1,"rank_m":149257,"pct_m":0.158692,"gas_method":"estimated"},"2024-01":{"txs":3,"uniq":3,"trade":0,"nft":1,"gas":0.000113,"bal":0.000264,"days":1,"spread":0.032258,"streak":1,"rank_m":172083,"pct_m":0.182961,"gas_method":"estimated"},"2024-02":{"txs":2,"uniq":1,"trade":0,"nft":1,"gas":0.000042,"bal":0.000045,"days":1,"spread":0.034483,"streak":1,"rank_m":273117,"pct_m":0.290382,"gas_method":"estimated"},"2024-03":{"txs":12,"uniq":9,"trade":0,"nft":3,"gas":0.000381,"bal":0.000124,"days":3,"spread":0.096774,"streak":1,"rank_m":277204,"pct_m":0.294727,"gas_method":"estimated"},"2024-04":{"txs":27,"uniq":10,"trade":2,"nft":4,"gas":0.000106,"bal":0.000213,"days":5,"spread":0.166667,"streak":3,"rank_m":275073,"pct_m":0.292461,"gas_method":"estimated"},"2024-05":{"txs":2,"uniq":2,"trade":0,"nft":1,"gas":0.000025,"bal":0.000016,"days":1,"spread":0.032258,"streak":1,"rank_m":418510,"pct_m":0.444966,"gas_method":"exact"},"2024-06":{"txs":9,"uniq":6,"trade":0,"nft":1,"gas":0,"bal":0.003196,"days":5,"spread":0.166667,"streak":3,"rank_m":253274,"pct_m":0.269284,"gas_method":"estimated"},"2024-07":{"txs":0,"uniq":0,"trade":0,"nft":0,"gas":0,"bal":0.003196,"days":0,"spread":0,"streak":0,"rank_m":544866,"pct_m":0.57931},"2024-08":{"txs":1,"uniq":1,"trade":1,"nft":0,"gas":0,"bal":0.004928,"days":1,"spread":0.032258,"streak":1,"rank_m":360461,"pct_m":0.383248,"gas_method":"estimated"},"2024-09":{"txs":1,"uniq":1,"trade":0,"nft":0,"gas":0,"bal":0.004914,"days":1,"spread":0.033333,"streak":1,"rank_m":389767,"pct_m":0.414406,"gas_method":"estimated"},"2024-10":{"txs":9,"uniq":8,"trade":0,"nft":2,"gas":0.000001,"bal":0.005515,"days":2,"spread":0.064516,"streak":1,"rank_m":278866,"pct_m":0.296494,"gas_method":"estimated"},"2024-11":{"txs":11,"uniq":3,"trade":0,"nft":0,"gas":0.000025,"bal":0.008022,"days":3,"spread":0.1,"streak":1,"rank_m":305439,"pct_m":0.324747,"gas_method":"exact"},"2024-12":{"txs":2,"uniq":2,"trade":0,"nft":0,"gas":0.000044,"bal":0.008143,"days":2,"spread":0.064516,"streak":1,"rank_m":471779,"pct_m":0.501603,"gas_method":"exact"},"2025-01":{"txs":1,"uniq":1,"trade":0,"nft":0,"gas":0.000026,"bal":0.038107,"days":1,"spread":0.032258,"streak":1,"rank_m":453755,"pct_m":0.482439,"gas_method":"exact"},"2025-02":{"txs":4,"uniq":3,"trade":0,"nft":0,"gas":0.000028,"bal":0.056521,"days":3,"spread":0.107143,"streak":2,"rank_m":258813,"pct_m":0.275174,"gas_method":"exact"},"2025-03":{"txs":3,"uniq":3,"trade":0,"nft":0,"gas":0.000024,"bal":0.064087,"days":2,"spread":0.064516,"streak":1,"rank_m":300946,"pct_m":0.31997,"gas_method":"exact"},"2025-04":{"txs":3,"uniq":3,"trade":0,"nft":0,"gas":0.000018,"bal":0.066071,"days":2,"spread":0.066667,"streak":1,"rank_m":321215,"pct_m":0.34152,"gas_method":"exact"},"2025-05":{"txs":18,"uniq":4,"trade":0,"nft":0,"gas":0.000127,"bal":0.054199,"days":2,"spread":0.064516,"streak":1,"rank_m":113075,"pct_m":0.120222,"gas_method":"estimated"},"2025-06":{"txs":8,"uniq":4,"trade":0,"nft":0,"gas":0.000056,"bal":0.003539,"days":5,"spread":0.166667,"streak":3,"rank_m":305587,"pct_m":0.324904,"gas_method":"estimated"},"2025-07":{"txs":0,"uniq":0,"trade":0,"nft":0,"gas":0,"bal":0.003539,"days":0,"spread":0,"streak":0,"rank_m":644032,"pct_m":0.684745},"2025-08":{"txs":4,"uniq":4,"trade":0,"nft":0,"gas":0.000028,"bal":0.001521,"days":2,"spread":0.064516,"streak":1,"rank_m":430136,"pct_m":0.457327,"gas_method":"estimated"},"2025-09":{"txs":27,"uniq":15,"trade":3,"nft":1,"gas":0.00019,"bal":0.007738,"days":8,"spread":0.266667,"streak":2,"rank_m":75162,"pct_m":0.079913,"gas_method":"estimated"},"2025-10":{"txs":0,"uniq":0,"trade":0,"nft":0,"gas":0,"bal":0.007738,"days":0,"spread":0,"streak":0,"rank_m":460631,"pct_m":0.48975}}}