{"wallet":"0x64933fd6bdeae009bf421f42d7d6fe41a56535ce","rank":71552,"lifetime":{"months_active":27,"first":"2023-07","last":"2025-10","tx_sum":586,"uniq_sum":261,"trade_sum":6,"nft_sum":89,"gas_sum":0.007082,"avg_balance_eth_mean":0.001656,"streak_best_days":18,"gas_sum_filled":0.007082},"months":{"2023-07":{"txs":0,"uniq":0,"trade":0,"nft":0,"gas":0,"bal":0,"days":0,"spread":0,"streak":0,"rank_m":591264,"pct_m":0.628641},"2023-08":{"txs":46,"uniq":32,"trade":0,"nft":30,"gas":0.002661,"bal":0.002009,"days":9,"spread":0.290323,"streak":3,"rank_m":32099,"pct_m":0.034127,"gas_method":"exact"},"2023-09":{"txs":23,"uniq":14,"trade":0,"nft":5,"gas":0.00004,"bal":0.00122,"days":4,"spread":0.133333,"streak":2,"rank_m":49254,"pct_m":0.052367,"gas_method":"exact"},"2023-10":{"txs":2,"uniq":2,"trade":0,"nft":0,"gas":0.000064,"bal":0.000552,"days":1,"spread":0.032258,"streak":1,"rank_m":118166,"pct_m":0.125635,"gas_method":"exact"},"2023-11":{"txs":8,"uniq":4,"trade":1,"nft":2,"gas":0.000233,"bal":0.000838,"days":3,"spread":0.1,"streak":1,"rank_m":61852,"pct_m":0.065761,"gas_method":"exact"},"2023-12":{"txs":4,"uniq":4,"trade":0,"nft":2,"gas":0.000074,"bal":0.002033,"days":4,"spread":0.129032,"streak":1,"rank_m":73454,"pct_m":0.078097,"gas_method":"exact"},"2024-01":{"txs":4,"uniq":3,"trade":0,"nft":0,"gas":0.00014,"bal":0.000382,"days":1,"spread":0.032258,"streak":1,"rank_m":145140,"pct_m":0.154314,"gas_method":"exact"},"2024-02":{"txs":24,"uniq":7,"trade":0,"nft":1,"gas":0.000542,"bal":0.000719,"days":14,"spread":0.482759,"streak":11,"rank_m":109070,"pct_m":0.115964,"gas_method":"estimated"},"2024-03":{"txs":5,"uniq":2,"trade":0,"nft":2,"gas":0.000169,"bal":0.000128,"days":4,"spread":0.129032,"streak":4,"rank_m":286344,"pct_m":0.304445,"gas_method":"estimated"},"2024-04":{"txs":4,"uniq":4,"trade":1,"nft":2,"gas":0.000017,"bal":0.000168,"days":2,"spread":0.066667,"streak":2,"rank_m":381917,"pct_m":0.40606,"gas_method":"estimated"},"2024-05":{"txs":20,"uniq":11,"trade":0,"nft":6,"gas":0.000006,"bal":0.000623,"days":7,"spread":0.225806,"streak":1,"rank_m":216937,"pct_m":0.23065,"gas_method":"exact"},"2024-06":{"txs":3,"uniq":2,"trade":0,"nft":1,"gas":0,"bal":0.00041,"days":2,"spread":0.066667,"streak":1,"rank_m":448849,"pct_m":0.477223,"gas_method":"estimated"},"2024-07":{"txs":6,"uniq":5,"trade":0,"nft":3,"gas":0.000001,"bal":0.000657,"days":2,"spread":0.064516,"streak":1,"rank_m":378856,"pct_m":0.402805,"gas_method":"estimated"},"2024-08":{"txs":15,"uniq":11,"trade":1,"nft":7,"gas":0.000002,"bal":0.000499,"days":6,"spread":0.193548,"streak":3,"rank_m":241356,"pct_m":0.256613,"gas_method":"estimated"},"2024-09":{"txs":21,"uniq":12,"trade":0,"nft":6,"gas":0.000001,"bal":0.000471,"days":10,"spread":0.333333,"streak":5,"rank_m":101125,"pct_m":0.107517,"gas_method":"exact"},"2024-10":{"txs":79,"uniq":24,"trade":1,"nft":6,"gas":0.000009,"bal":0.00505,"days":23,"spread":0.741935,"streak":17,"rank_m":43327,"pct_m":0.046065,"gas_method":"estimated"},"2024-11":{"txs":24,"uniq":14,"trade":0,"nft":2,"gas":0.000053,"bal":0.008909,"days":7,"spread":0.233333,"streak":2,"rank_m":117835,"pct_m":0.125283,"gas_method":"exact"},"2024-12":{"txs":33,"uniq":18,"trade":2,"nft":1,"gas":0.000661,"bal":0.001235,"days":11,"spread":0.354839,"streak":3,"rank_m":131499,"pct_m":0.139811,"gas_method":"exact"},"2025-01":{"txs":38,"uniq":18,"trade":0,"nft":0,"gas":0.000857,"bal":0.000332,"days":8,"spread":0.258065,"streak":2,"rank_m":202287,"pct_m":0.215074,"gas_method":"exact"},"2025-02":{"txs":14,"uniq":6,"trade":0,"nft":0,"gas":0.000084,"bal":0.0006,"days":7,"spread":0.25,"streak":4,"rank_m":214053,"pct_m":0.227584,"gas_method":"exact"},"2025-03":{"txs":31,"uniq":10,"trade":0,"nft":0,"gas":0.000237,"bal":0.006134,"days":12,"spread":0.387097,"streak":4,"rank_m":77755,"pct_m":0.082669,"gas_method":"exact"},"2025-04":{"txs":37,"uniq":19,"trade":0,"nft":1,"gas":0.000211,"bal":0.002272,"days":10,"spread":0.333333,"streak":3,"rank_m":62444,"pct_m":0.066391,"gas_method":"exact"},"2025-05":{"txs":44,"uniq":6,"trade":0,"nft":0,"gas":0.00031,"bal":0.005182,"days":28,"spread":0.903226,"streak":17,"rank_m":80876,"pct_m":0.085988,"gas_method":"estimated"},"2025-06":{"txs":32,"uniq":7,"trade":0,"nft":0,"gas":0.000225,"bal":0.004364,"days":19,"spread":0.633333,"streak":11,"rank_m":153733,"pct_m":0.163451,"gas_method":"estimated"},"2025-07":{"txs":1,"uniq":1,"trade":0,"nft":0,"gas":0.000007,"bal":0.00072,"days":1,"spread":0.032258,"streak":1,"rank_m":578528,"pct_m":0.6151,"gas_method":"estimated"},"2025-08":{"txs":11,"uniq":5,"trade":0,"nft":2,"gas":0.000077,"bal":0.000289,"days":9,"spread":0.290323,"streak":4,"rank_m":315406,"pct_m":0.335344,"gas_method":"estimated"},"2025-09":{"txs":19,"uniq":8,"trade":0,"nft":0,"gas":0.000134,"bal":0.000384,"days":6,"spread":0.2,"streak":2,"rank_m":377575,"pct_m":0.401443,"gas_method":"estimated"},"2025-10":{"txs":38,"uniq":12,"trade":0,"nft":10,"gas":0.000267,"bal":0.000181,"days":4,"spread":0.129032,"streak":2,"rank_m":222376,"pct_m":0.236433,"gas_method":"estimated"}}}