{"wallet":"0x6441e71d0eecbddb0aed264ad0fe6abf72c48d1e","rank":151527,"lifetime":{"months_active":21,"first":"2023-07","last":"2025-10","tx_sum":456,"uniq_sum":166,"trade_sum":18,"nft_sum":73,"gas_sum":0.001816,"avg_balance_eth_mean":0.001873,"streak_best_days":9,"gas_sum_filled":0.001816},"months":{"2023-07":{"txs":3,"uniq":2,"trade":0,"nft":1,"gas":0.000162,"bal":0.000006,"days":1,"spread":0.032258,"streak":1,"rank_m":45359,"pct_m":0.048225,"gas_method":"estimated"},"2023-08":{"txs":0,"uniq":2,"trade":0,"nft":0,"gas":0.000316,"bal":0.000015,"days":0,"spread":0,"streak":0,"rank_m":283220,"pct_m":0.301124},"2023-09":{"txs":0,"uniq":0,"trade":0,"nft":0,"gas":0,"bal":0.000015,"days":0,"spread":0,"streak":0,"rank_m":310344,"pct_m":0.329962},"2023-10":{"txs":0,"uniq":0,"trade":0,"nft":0,"gas":0,"bal":0.000015,"days":0,"spread":0,"streak":0,"rank_m":330542,"pct_m":0.351437},"2023-11":{"txs":0,"uniq":0,"trade":0,"nft":0,"gas":0,"bal":0.000015,"days":0,"spread":0,"streak":0,"rank_m":347242,"pct_m":0.369193},"2023-12":{"txs":0,"uniq":0,"trade":0,"nft":0,"gas":0,"bal":0.000015,"days":0,"spread":0,"streak":0,"rank_m":370794,"pct_m":0.394234},"2024-01":{"txs":0,"uniq":0,"trade":0,"nft":0,"gas":0,"bal":0.000015,"days":0,"spread":0,"streak":0,"rank_m":389928,"pct_m":0.414577},"2024-02":{"txs":0,"uniq":0,"trade":0,"nft":0,"gas":0,"bal":0.000015,"days":0,"spread":0,"streak":0,"rank_m":434658,"pct_m":0.462135},"2024-03":{"txs":2,"uniq":1,"trade":0,"nft":2,"gas":0.000022,"bal":0.000015,"days":1,"spread":0.032258,"streak":1,"rank_m":360588,"pct_m":0.383383,"gas_method":"estimated"},"2024-04":{"txs":13,"uniq":10,"trade":2,"nft":4,"gas":0.000017,"bal":0.000125,"days":8,"spread":0.266667,"streak":4,"rank_m":278356,"pct_m":0.295952,"gas_method":"estimated"},"2024-05":{"txs":59,"uniq":15,"trade":2,"nft":15,"gas":0.000026,"bal":0.000563,"days":15,"spread":0.483871,"streak":6,"rank_m":142200,"pct_m":0.151189,"gas_method":"estimated"},"2024-06":{"txs":41,"uniq":18,"trade":2,"nft":8,"gas":0,"bal":0.001188,"days":14,"spread":0.466667,"streak":5,"rank_m":72748,"pct_m":0.077346,"gas_method":"exact"},"2024-07":{"txs":58,"uniq":16,"trade":6,"nft":11,"gas":0.000006,"bal":0.001439,"days":16,"spread":0.516129,"streak":4,"rank_m":39033,"pct_m":0.0415,"gas_method":"exact"},"2024-08":{"txs":52,"uniq":11,"trade":0,"nft":13,"gas":0.000007,"bal":0.002385,"days":13,"spread":0.419355,"streak":4,"rank_m":67881,"pct_m":0.072171,"gas_method":"exact"},"2024-09":{"txs":22,"uniq":11,"trade":0,"nft":6,"gas":0,"bal":0.002389,"days":9,"spread":0.3,"streak":3,"rank_m":71472,"pct_m":0.075989,"gas_method":"exact"},"2024-10":{"txs":28,"uniq":10,"trade":0,"nft":9,"gas":0.000001,"bal":0.002534,"days":14,"spread":0.451613,"streak":3,"rank_m":132026,"pct_m":0.140371,"gas_method":"estimated"},"2024-11":{"txs":23,"uniq":13,"trade":2,"nft":2,"gas":0.000053,"bal":0.002655,"days":10,"spread":0.333333,"streak":4,"rank_m":109810,"pct_m":0.116751,"gas_method":"exact"},"2024-12":{"txs":7,"uniq":6,"trade":0,"nft":0,"gas":0.000154,"bal":0.004512,"days":4,"spread":0.129032,"streak":1,"rank_m":366083,"pct_m":0.389225,"gas_method":"exact"},"2025-01":{"txs":1,"uniq":1,"trade":0,"nft":1,"gas":0.000026,"bal":0.004992,"days":1,"spread":0.032258,"streak":1,"rank_m":445766,"pct_m":0.473945,"gas_method":"exact"},"2025-02":{"txs":4,"uniq":4,"trade":0,"nft":0,"gas":0.000028,"bal":0.004879,"days":3,"spread":0.107143,"streak":1,"rank_m":339243,"pct_m":0.360688,"gas_method":"exact"},"2025-03":{"txs":1,"uniq":1,"trade":1,"nft":0,"gas":0.000008,"bal":0.004843,"days":1,"spread":0.032258,"streak":1,"rank_m":380995,"pct_m":0.40508,"gas_method":"exact"},"2025-04":{"txs":9,"uniq":8,"trade":2,"nft":0,"gas":0.000054,"bal":0.00468,"days":6,"spread":0.2,"streak":3,"rank_m":126054,"pct_m":0.134022,"gas_method":"exact"},"2025-05":{"txs":2,"uniq":2,"trade":1,"nft":0,"gas":0.000014,"bal":0.004068,"days":2,"spread":0.064516,"streak":1,"rank_m":291721,"pct_m":0.310162,"gas_method":"estimated"},"2025-06":{"txs":10,"uniq":10,"trade":0,"nft":0,"gas":0.00007,"bal":0.004058,"days":5,"spread":0.166667,"streak":3,"rank_m":255570,"pct_m":0.271726,"gas_method":"estimated"},"2025-07":{"txs":70,"uniq":11,"trade":0,"nft":1,"gas":0.000493,"bal":0.003332,"days":22,"spread":0.709677,"streak":9,"rank_m":82820,"pct_m":0.088055,"gas_method":"estimated"},"2025-08":{"txs":27,"uniq":3,"trade":0,"nft":0,"gas":0.00019,"bal":0.002409,"days":14,"spread":0.451613,"streak":9,"rank_m":242597,"pct_m":0.257932,"gas_method":"estimated"},"2025-09":{"txs":14,"uniq":7,"trade":0,"nft":0,"gas":0.000099,"bal":0.001083,"days":7,"spread":0.233333,"streak":2,"rank_m":329544,"pct_m":0.350376,"gas_method":"estimated"},"2025-10":{"txs":10,"uniq":4,"trade":0,"nft":0,"gas":0.00007,"bal":0.000198,"days":3,"spread":0.096774,"streak":2,"rank_m":375823,"pct_m":0.399581,"gas_method":"estimated"}}}