{"wallet":"0x64fe71a2257b3cdf5ab94e15a2ef53ffb4e03a24","rank":412610,"lifetime":{"months_active":24,"first":"2023-07","last":"2025-10","tx_sum":144,"uniq_sum":102,"trade_sum":1,"nft_sum":20,"gas_sum":0.005195,"avg_balance_eth_mean":0.00088,"streak_best_days":4,"gas_sum_filled":0.005195},"months":{"2023-07":{"txs":13,"uniq":9,"trade":0,"nft":1,"gas":0.000601,"bal":0.000236,"days":3,"spread":0.096774,"streak":2,"rank_m":7354,"pct_m":0.007818,"gas_method":"exact"},"2023-08":{"txs":32,"uniq":26,"trade":0,"nft":3,"gas":0.003878,"bal":0.001781,"days":6,"spread":0.193548,"streak":2,"rank_m":50414,"pct_m":0.0536,"gas_method":"exact"},"2023-09":{"txs":6,"uniq":5,"trade":0,"nft":2,"gas":0.000206,"bal":0.002739,"days":2,"spread":0.066667,"streak":1,"rank_m":88874,"pct_m":0.094491,"gas_method":"estimated"},"2023-10":{"txs":2,"uniq":2,"trade":0,"nft":1,"gas":0.000022,"bal":0.003171,"days":1,"spread":0.032258,"streak":1,"rank_m":98720,"pct_m":0.10496,"gas_method":"exact"},"2023-11":{"txs":0,"uniq":0,"trade":0,"nft":0,"gas":0,"bal":0.003171,"days":0,"spread":0,"streak":0,"rank_m":264491,"pct_m":0.28121},"2023-12":{"txs":1,"uniq":1,"trade":0,"nft":0,"gas":0.000029,"bal":0.002725,"days":1,"spread":0.032258,"streak":1,"rank_m":162051,"pct_m":0.172294,"gas_method":"estimated"},"2024-01":{"txs":1,"uniq":1,"trade":0,"nft":1,"gas":0.000027,"bal":0.000926,"days":1,"spread":0.032258,"streak":1,"rank_m":172326,"pct_m":0.183219,"gas_method":"estimated"},"2024-02":{"txs":2,"uniq":2,"trade":0,"nft":0,"gas":0.000031,"bal":0.001704,"days":1,"spread":0.034483,"streak":1,"rank_m":238354,"pct_m":0.253421,"gas_method":"estimated"},"2024-03":{"txs":1,"uniq":1,"trade":0,"nft":1,"gas":0.000023,"bal":0.00246,"days":1,"spread":0.032258,"streak":1,"rank_m":317215,"pct_m":0.337268,"gas_method":"estimated"},"2024-04":{"txs":5,"uniq":4,"trade":0,"nft":1,"gas":0.000014,"bal":0.00107,"days":3,"spread":0.1,"streak":1,"rank_m":393666,"pct_m":0.418552,"gas_method":"estimated"},"2024-05":{"txs":22,"uniq":9,"trade":0,"nft":3,"gas":0.000021,"bal":0.000746,"days":4,"spread":0.129032,"streak":1,"rank_m":316535,"pct_m":0.336545,"gas_method":"estimated"},"2024-06":{"txs":1,"uniq":0,"trade":0,"nft":0,"gas":0,"bal":0.000182,"days":1,"spread":0.033333,"streak":1,"rank_m":517160,"pct_m":0.549853,"gas_method":"estimated"},"2024-07":{"txs":2,"uniq":1,"trade":0,"nft":1,"gas":0,"bal":0.000238,"days":2,"spread":0.064516,"streak":1,"rank_m":462251,"pct_m":0.491472,"gas_method":"estimated"},"2024-08":{"txs":4,"uniq":2,"trade":0,"nft":1,"gas":0,"bal":0.000099,"days":2,"spread":0.064516,"streak":1,"rank_m":473873,"pct_m":0.503829,"gas_method":"estimated"},"2024-09":{"txs":10,"uniq":8,"trade":0,"nft":3,"gas":0.000001,"bal":0.000052,"days":3,"spread":0.1,"streak":2,"rank_m":224212,"pct_m":0.238385,"gas_method":"exact"},"2024-10":{"txs":0,"uniq":0,"trade":0,"nft":0,"gas":0,"bal":0.000052,"days":0,"spread":0,"streak":0,"rank_m":715421,"pct_m":0.760647},"2024-11":{"txs":8,"uniq":4,"trade":0,"nft":1,"gas":0.000011,"bal":0.000158,"days":4,"spread":0.133333,"streak":4,"rank_m":335089,"pct_m":0.356272,"gas_method":"exact"},"2024-12":{"txs":4,"uniq":4,"trade":0,"nft":0,"gas":0.000088,"bal":0.000462,"days":2,"spread":0.064516,"streak":1,"rank_m":496566,"pct_m":0.527957,"gas_method":"exact"},"2025-01":{"txs":2,"uniq":2,"trade":0,"nft":0,"gas":0.000052,"bal":0.000149,"days":2,"spread":0.064516,"streak":1,"rank_m":532437,"pct_m":0.566095,"gas_method":"exact"},"2025-02":{"txs":9,"uniq":7,"trade":1,"nft":1,"gas":0.000063,"bal":0.002144,"days":5,"spread":0.178571,"streak":2,"rank_m":187128,"pct_m":0.198957,"gas_method":"exact"},"2025-03":{"txs":4,"uniq":3,"trade":0,"nft":0,"gas":0.000024,"bal":0.000206,"days":3,"spread":0.096774,"streak":2,"rank_m":400433,"pct_m":0.425746,"gas_method":"exact"},"2025-04":{"txs":1,"uniq":1,"trade":0,"nft":0,"gas":0.000006,"bal":0.000044,"days":1,"spread":0.033333,"streak":1,"rank_m":582142,"pct_m":0.618943,"gas_method":"exact"},"2025-05":{"txs":2,"uniq":2,"trade":0,"nft":0,"gas":0.000014,"bal":0.00003,"days":2,"spread":0.064516,"streak":1,"rank_m":642252,"pct_m":0.682853,"gas_method":"estimated"},"2025-06":{"txs":0,"uniq":0,"trade":0,"nft":0,"gas":0,"bal":0.00003,"days":0,"spread":0,"streak":0,"rank_m":876464,"pct_m":0.931871},"2025-07":{"txs":4,"uniq":4,"trade":0,"nft":0,"gas":0.000028,"bal":0.000026,"days":4,"spread":0.129032,"streak":3,"rank_m":589162,"pct_m":0.626407,"gas_method":"estimated"},"2025-08":{"txs":1,"uniq":1,"trade":0,"nft":0,"gas":0.000007,"bal":0.000012,"days":1,"spread":0.032258,"streak":1,"rank_m":696895,"pct_m":0.74095,"gas_method":"estimated"},"2025-09":{"txs":7,"uniq":3,"trade":0,"nft":0,"gas":0.000049,"bal":0.000015,"days":2,"spread":0.066667,"streak":1,"rank_m":615592,"pct_m":0.654507,"gas_method":"estimated"},"2025-10":{"txs":0,"uniq":0,"trade":0,"nft":0,"gas":0,"bal":0.000015,"days":0,"spread":0,"streak":0,"rank_m":880380,"pct_m":0.936035}}}