{"wallet":"0x647f619d98c2d19cdd8b5644a2d14b5b3cafea07","rank":580267,"lifetime":{"months_active":11,"first":"2023-07","last":"2025-10","tx_sum":114,"uniq_sum":76,"trade_sum":11,"nft_sum":15,"gas_sum":0.003453,"avg_balance_eth_mean":0.006787,"streak_best_days":4,"gas_sum_filled":0.003453},"months":{"2023-07":{"txs":0,"uniq":0,"trade":0,"nft":0,"gas":0,"bal":0,"days":0,"spread":0,"streak":0,"rank_m":591538,"pct_m":0.628933},"2023-08":{"txs":0,"uniq":0,"trade":0,"nft":0,"gas":0,"bal":0,"days":0,"spread":0,"streak":0,"rank_m":636682,"pct_m":0.676931},"2023-09":{"txs":0,"uniq":0,"trade":0,"nft":0,"gas":0,"bal":0,"days":0,"spread":0,"streak":0,"rank_m":648781,"pct_m":0.689794},"2023-10":{"txs":32,"uniq":18,"trade":0,"nft":5,"gas":0.000571,"bal":0.009877,"days":8,"spread":0.258065,"streak":4,"rank_m":18940,"pct_m":0.020136,"gas_method":"estimated"},"2023-11":{"txs":11,"uniq":8,"trade":0,"nft":1,"gas":0.00034,"bal":0.010462,"days":5,"spread":0.166667,"streak":2,"rank_m":32810,"pct_m":0.034883,"gas_method":"estimated"},"2023-12":{"txs":18,"uniq":13,"trade":0,"nft":3,"gas":0.001043,"bal":0.006046,"days":4,"spread":0.129032,"streak":1,"rank_m":42706,"pct_m":0.045405,"gas_method":"estimated"},"2024-01":{"txs":8,"uniq":7,"trade":2,"nft":0,"gas":0.000357,"bal":0.002648,"days":4,"spread":0.129032,"streak":1,"rank_m":55480,"pct_m":0.058986,"gas_method":"exact"},"2024-02":{"txs":12,"uniq":7,"trade":8,"nft":3,"gas":0.000366,"bal":0.039999,"days":5,"spread":0.172414,"streak":2,"rank_m":38576,"pct_m":0.041014,"gas_method":"estimated"},"2024-03":{"txs":14,"uniq":7,"trade":1,"nft":0,"gas":0.00064,"bal":0.017387,"days":1,"spread":0.032258,"streak":1,"rank_m":172163,"pct_m":0.183046,"gas_method":"estimated"},"2024-04":{"txs":6,"uniq":5,"trade":0,"nft":2,"gas":0.000034,"bal":0.01488,"days":5,"spread":0.166667,"streak":1,"rank_m":271033,"pct_m":0.288166,"gas_method":"estimated"},"2024-05":{"txs":1,"uniq":1,"trade":0,"nft":0,"gas":0.000002,"bal":0.012864,"days":1,"spread":0.032258,"streak":1,"rank_m":394143,"pct_m":0.419059,"gas_method":"estimated"},"2024-06":{"txs":0,"uniq":0,"trade":0,"nft":0,"gas":0,"bal":0.012864,"days":0,"spread":0,"streak":0,"rank_m":495570,"pct_m":0.526898},"2024-07":{"txs":2,"uniq":2,"trade":0,"nft":1,"gas":0.000001,"bal":0.012541,"days":1,"spread":0.032258,"streak":1,"rank_m":339480,"pct_m":0.36094,"gas_method":"estimated"},"2024-08":{"txs":0,"uniq":0,"trade":0,"nft":0,"gas":0,"bal":0.012541,"days":0,"spread":0,"streak":0,"rank_m":508818,"pct_m":0.540983},"2024-09":{"txs":0,"uniq":0,"trade":0,"nft":0,"gas":0,"bal":0.012541,"days":0,"spread":0,"streak":0,"rank_m":480097,"pct_m":0.510447},"2024-10":{"txs":0,"uniq":0,"trade":0,"nft":0,"gas":0,"bal":0.012541,"days":0,"spread":0,"streak":0,"rank_m":522529,"pct_m":0.555561},"2024-11":{"txs":5,"uniq":5,"trade":0,"nft":0,"gas":0.000011,"bal":0.005205,"days":1,"spread":0.033333,"streak":1,"rank_m":378973,"pct_m":0.40293,"gas_method":"exact"},"2024-12":{"txs":5,"uniq":3,"trade":0,"nft":0,"gas":0.000088,"bal":0.000694,"days":3,"spread":0.096774,"streak":2,"rank_m":446846,"pct_m":0.475094,"gas_method":"exact"},"2025-01":{"txs":0,"uniq":0,"trade":0,"nft":0,"gas":0,"bal":0.000694,"days":0,"spread":0,"streak":0,"rank_m":682816,"pct_m":0.725981},"2025-02":{"txs":0,"uniq":0,"trade":0,"nft":0,"gas":0,"bal":0.000694,"days":0,"spread":0,"streak":0,"rank_m":703988,"pct_m":0.748492},"2025-03":{"txs":0,"uniq":0,"trade":0,"nft":0,"gas":0,"bal":0.000694,"days":0,"spread":0,"streak":0,"rank_m":709422,"pct_m":0.754269},"2025-04":{"txs":0,"uniq":0,"trade":0,"nft":0,"gas":0,"bal":0.000694,"days":0,"spread":0,"streak":0,"rank_m":732223,"pct_m":0.778512},"2025-05":{"txs":0,"uniq":0,"trade":0,"nft":0,"gas":0,"bal":0.000694,"days":0,"spread":0,"streak":0,"rank_m":732790,"pct_m":0.779114},"2025-06":{"txs":0,"uniq":0,"trade":0,"nft":0,"gas":0,"bal":0.000694,"days":0,"spread":0,"streak":0,"rank_m":733843,"pct_m":0.780234},"2025-07":{"txs":0,"uniq":0,"trade":0,"nft":0,"gas":0,"bal":0.000694,"days":0,"spread":0,"streak":0,"rank_m":754950,"pct_m":0.802675},"2025-08":{"txs":0,"uniq":0,"trade":0,"nft":0,"gas":0,"bal":0.000694,"days":0,"spread":0,"streak":0,"rank_m":733478,"pct_m":0.779846},"2025-09":{"txs":0,"uniq":0,"trade":0,"nft":0,"gas":0,"bal":0.000694,"days":0,"spread":0,"streak":0,"rank_m":722536,"pct_m":0.768212},"2025-10":{"txs":0,"uniq":0,"trade":0,"nft":0,"gas":0,"bal":0.000694,"days":0,"spread":0,"streak":0,"rank_m":656967,"pct_m":0.698498}}}