{"wallet":"0x649890078da0f9219d73c35d648699252451c627","rank":1275,"lifetime":{"months_active":26,"first":"2023-07","last":"2025-10","tx_sum":4565,"uniq_sum":1448,"trade_sum":301,"nft_sum":430,"gas_sum":0.036763,"avg_balance_eth_mean":0.018935,"streak_best_days":91,"gas_sum_filled":0.036763},"months":{"2023-07":{"txs":0,"uniq":0,"trade":0,"nft":0,"gas":0,"bal":0,"days":0,"spread":0,"streak":0,"rank_m":591181,"pct_m":0.628553},"2023-08":{"txs":7,"uniq":5,"trade":0,"nft":4,"gas":0.001578,"bal":0.022276,"days":4,"spread":0.129032,"streak":2,"rank_m":69348,"pct_m":0.073731,"gas_method":"exact"},"2023-09":{"txs":1,"uniq":1,"trade":0,"nft":0,"gas":0.000009,"bal":0.022662,"days":1,"spread":0.033333,"streak":1,"rank_m":114387,"pct_m":0.121617,"gas_method":"estimated"},"2023-10":{"txs":2,"uniq":2,"trade":0,"nft":2,"gas":0.000005,"bal":0.014481,"days":1,"spread":0.032258,"streak":1,"rank_m":86119,"pct_m":0.091562,"gas_method":"estimated"},"2023-11":{"txs":0,"uniq":0,"trade":0,"nft":0,"gas":0,"bal":0.014481,"days":0,"spread":0,"streak":0,"rank_m":231569,"pct_m":0.246207},"2023-12":{"txs":2,"uniq":2,"trade":0,"nft":0,"gas":0.000015,"bal":0.013244,"days":1,"spread":0.032258,"streak":1,"rank_m":117443,"pct_m":0.124866,"gas_method":"estimated"},"2024-01":{"txs":38,"uniq":23,"trade":2,"nft":12,"gas":0.00239,"bal":0.024885,"days":10,"spread":0.322581,"streak":4,"rank_m":2379,"pct_m":0.002528,"gas_method":"exact"},"2024-02":{"txs":23,"uniq":12,"trade":1,"nft":4,"gas":0.0005,"bal":0.003855,"days":10,"spread":0.344828,"streak":3,"rank_m":25330,"pct_m":0.02693,"gas_method":"exact"},"2024-03":{"txs":87,"uniq":26,"trade":2,"nft":15,"gas":0.000514,"bal":0.003041,"days":11,"spread":0.354839,"streak":5,"rank_m":51347,"pct_m":0.054592,"gas_method":"estimated"},"2024-04":{"txs":101,"uniq":29,"trade":17,"nft":13,"gas":0.000074,"bal":0.003635,"days":17,"spread":0.566667,"streak":8,"rank_m":59675,"pct_m":0.063446,"gas_method":"estimated"},"2024-05":{"txs":134,"uniq":44,"trade":5,"nft":11,"gas":0.000073,"bal":0.008922,"days":18,"spread":0.580645,"streak":4,"rank_m":14043,"pct_m":0.01493,"gas_method":"exact"},"2024-06":{"txs":134,"uniq":57,"trade":0,"nft":32,"gas":0.000003,"bal":0.005289,"days":21,"spread":0.7,"streak":7,"rank_m":19228,"pct_m":0.020442,"gas_method":"exact"},"2024-07":{"txs":189,"uniq":70,"trade":5,"nft":47,"gas":0.000008,"bal":0.068349,"days":22,"spread":0.709677,"streak":8,"rank_m":1001,"pct_m":0.001063,"gas_method":"exact"},"2024-08":{"txs":315,"uniq":89,"trade":16,"nft":52,"gas":0.000077,"bal":0.125603,"days":26,"spread":0.83871,"streak":12,"rank_m":108,"pct_m":0.000114,"gas_method":"exact"},"2024-09":{"txs":174,"uniq":83,"trade":2,"nft":64,"gas":0.000016,"bal":0.027735,"days":26,"spread":0.866667,"streak":8,"rank_m":999,"pct_m":0.001061,"gas_method":"exact"},"2024-10":{"txs":256,"uniq":86,"trade":7,"nft":61,"gas":0.000001,"bal":0.041496,"days":30,"spread":0.967742,"streak":26,"rank_m":1377,"pct_m":0.001463,"gas_method":"exact"},"2024-11":{"txs":135,"uniq":48,"trade":1,"nft":12,"gas":0.000308,"bal":0.025807,"days":29,"spread":0.966667,"streak":18,"rank_m":6938,"pct_m":0.007376,"gas_method":"exact"},"2024-12":{"txs":231,"uniq":47,"trade":8,"nft":10,"gas":0.004674,"bal":0.010681,"days":26,"spread":0.83871,"streak":14,"rank_m":9966,"pct_m":0.010595,"gas_method":"exact"},"2025-01":{"txs":492,"uniq":74,"trade":0,"nft":13,"gas":0.012677,"bal":0.010695,"days":29,"spread":0.935484,"streak":18,"rank_m":8490,"pct_m":0.009026,"gas_method":"exact"},"2025-02":{"txs":488,"uniq":139,"trade":127,"nft":12,"gas":0.003378,"bal":0.017089,"days":28,"spread":1,"streak":28,"rank_m":1940,"pct_m":0.002062,"gas_method":"exact"},"2025-03":{"txs":415,"uniq":136,"trade":32,"nft":26,"gas":0.003192,"bal":0.014927,"days":31,"spread":1,"streak":31,"rank_m":2238,"pct_m":0.002378,"gas_method":"exact"},"2025-04":{"txs":308,"uniq":91,"trade":14,"nft":14,"gas":0,"bal":0.01036,"days":29,"spread":0.966667,"streak":25,"rank_m":22897,"pct_m":0.024343,"gas_method":"exact"},"2025-05":{"txs":217,"uniq":103,"trade":28,"nft":0,"gas":0.001527,"bal":0.007997,"days":22,"spread":0.709677,"streak":5,"rank_m":17751,"pct_m":0.018872,"gas_method":"estimated"},"2025-06":{"txs":276,"uniq":102,"trade":31,"nft":3,"gas":0.001943,"bal":0.005094,"days":28,"spread":0.933333,"streak":22,"rank_m":18014,"pct_m":0.019152,"gas_method":"estimated"},"2025-07":{"txs":159,"uniq":87,"trade":1,"nft":18,"gas":0.001119,"bal":0.002501,"days":22,"spread":0.709677,"streak":10,"rank_m":50934,"pct_m":0.054153,"gas_method":"estimated"},"2025-08":{"txs":122,"uniq":59,"trade":1,"nft":3,"gas":0.000859,"bal":0.003482,"days":19,"spread":0.612903,"streak":6,"rank_m":43999,"pct_m":0.046779,"gas_method":"estimated"},"2025-09":{"txs":84,"uniq":22,"trade":0,"nft":1,"gas":0.000591,"bal":0.002801,"days":19,"spread":0.633333,"streak":5,"rank_m":70844,"pct_m":0.075322,"gas_method":"estimated"},"2025-10":{"txs":175,"uniq":11,"trade":1,"nft":1,"gas":0.001232,"bal":0.018784,"days":12,"spread":0.387097,"streak":5,"rank_m":9503,"pct_m":0.010103,"gas_method":"estimated"}}}