{"wallet":"0x6441543c6537ff430f2e1d6fe8fffcfc05d52d04","rank":31905,"lifetime":{"months_active":24,"first":"2023-07","last":"2025-10","tx_sum":468,"uniq_sum":284,"trade_sum":20,"nft_sum":177,"gas_sum":0.013991,"avg_balance_eth_mean":0.018012,"streak_best_days":10,"gas_sum_filled":0.013991},"months":{"2023-07":{"txs":13,"uniq":7,"trade":0,"nft":3,"gas":0.001047,"bal":0.000035,"days":2,"spread":0.064516,"streak":1,"rank_m":13020,"pct_m":0.013842,"gas_method":"exact"},"2023-08":{"txs":34,"uniq":29,"trade":0,"nft":17,"gas":0.003899,"bal":0.005675,"days":13,"spread":0.419355,"streak":4,"rank_m":22310,"pct_m":0.023719,"gas_method":"exact"},"2023-09":{"txs":67,"uniq":57,"trade":0,"nft":49,"gas":0.002357,"bal":0.011199,"days":18,"spread":0.6,"streak":10,"rank_m":3484,"pct_m":0.003703,"gas_method":"exact"},"2023-10":{"txs":44,"uniq":32,"trade":0,"nft":24,"gas":0.000542,"bal":0.001052,"days":13,"spread":0.419355,"streak":6,"rank_m":17395,"pct_m":0.018494,"gas_method":"exact"},"2023-11":{"txs":4,"uniq":3,"trade":0,"nft":2,"gas":0.000085,"bal":0.000196,"days":1,"spread":0.033333,"streak":1,"rank_m":132601,"pct_m":0.140983,"gas_method":"estimated"},"2023-12":{"txs":29,"uniq":18,"trade":2,"nft":18,"gas":0.001159,"bal":0.002527,"days":12,"spread":0.387097,"streak":5,"rank_m":23693,"pct_m":0.02519,"gas_method":"estimated"},"2024-01":{"txs":13,"uniq":8,"trade":2,"nft":3,"gas":0.000156,"bal":0.001065,"days":7,"spread":0.225806,"streak":3,"rank_m":43429,"pct_m":0.046173,"gas_method":"exact"},"2024-02":{"txs":47,"uniq":19,"trade":2,"nft":13,"gas":0.003378,"bal":0.019531,"days":14,"spread":0.482759,"streak":8,"rank_m":3808,"pct_m":0.004048,"gas_method":"exact"},"2024-03":{"txs":77,"uniq":26,"trade":6,"nft":9,"gas":0.000472,"bal":0.002579,"days":10,"spread":0.322581,"streak":3,"rank_m":34770,"pct_m":0.036967,"gas_method":"exact"},"2024-04":{"txs":45,"uniq":20,"trade":3,"nft":12,"gas":0.000222,"bal":0.020686,"days":14,"spread":0.466667,"streak":6,"rank_m":34434,"pct_m":0.03661,"gas_method":"exact"},"2024-05":{"txs":19,"uniq":13,"trade":2,"nft":6,"gas":0.00011,"bal":0.000893,"days":7,"spread":0.225806,"streak":2,"rank_m":139280,"pct_m":0.148084,"gas_method":"exact"},"2024-06":{"txs":13,"uniq":5,"trade":0,"nft":7,"gas":0.000001,"bal":0.002168,"days":4,"spread":0.133333,"streak":2,"rank_m":246091,"pct_m":0.261647,"gas_method":"estimated"},"2024-07":{"txs":9,"uniq":6,"trade":0,"nft":5,"gas":0.000001,"bal":0.001054,"days":5,"spread":0.16129,"streak":1,"rank_m":229439,"pct_m":0.243943,"gas_method":"exact"},"2024-08":{"txs":4,"uniq":4,"trade":0,"nft":1,"gas":0.000001,"bal":0.004662,"days":1,"spread":0.032258,"streak":1,"rank_m":369839,"pct_m":0.393218,"gas_method":"estimated"},"2024-09":{"txs":1,"uniq":1,"trade":0,"nft":0,"gas":0,"bal":0.003557,"days":1,"spread":0.033333,"streak":1,"rank_m":403967,"pct_m":0.429504,"gas_method":"estimated"},"2024-10":{"txs":4,"uniq":4,"trade":0,"nft":2,"gas":0,"bal":0.000648,"days":3,"spread":0.096774,"streak":1,"rank_m":406816,"pct_m":0.432533,"gas_method":"estimated"},"2024-11":{"txs":14,"uniq":8,"trade":1,"nft":6,"gas":0.000032,"bal":0.001712,"days":6,"spread":0.2,"streak":3,"rank_m":190046,"pct_m":0.202059,"gas_method":"exact"},"2024-12":{"txs":16,"uniq":11,"trade":0,"nft":0,"gas":0.000331,"bal":0.002832,"days":6,"spread":0.193548,"streak":1,"rank_m":281987,"pct_m":0.299813,"gas_method":"exact"},"2025-01":{"txs":5,"uniq":5,"trade":0,"nft":0,"gas":0.00013,"bal":0.013237,"days":2,"spread":0.064516,"streak":1,"rank_m":356626,"pct_m":0.37917,"gas_method":"exact"},"2025-02":{"txs":0,"uniq":0,"trade":0,"nft":0,"gas":0,"bal":0.013237,"days":0,"spread":0,"streak":0,"rank_m":592150,"pct_m":0.629583},"2025-03":{"txs":0,"uniq":0,"trade":0,"nft":0,"gas":0,"bal":0.013237,"days":0,"spread":0,"streak":0,"rank_m":574329,"pct_m":0.610636},"2025-04":{"txs":2,"uniq":2,"trade":2,"nft":0,"gas":0.000012,"bal":0.031518,"days":1,"spread":0.033333,"streak":1,"rank_m":328339,"pct_m":0.349095,"gas_method":"exact"},"2025-05":{"txs":0,"uniq":0,"trade":0,"nft":0,"gas":0,"bal":0.031518,"days":0,"spread":0,"streak":0,"rank_m":458521,"pct_m":0.487507},"2025-06":{"txs":0,"uniq":0,"trade":0,"nft":0,"gas":0,"bal":0.031518,"days":0,"spread":0,"streak":0,"rank_m":458873,"pct_m":0.487881},"2025-07":{"txs":1,"uniq":1,"trade":0,"nft":0,"gas":0.000007,"bal":0.031446,"days":1,"spread":0.032258,"streak":1,"rank_m":315380,"pct_m":0.335317,"gas_method":"estimated"},"2025-08":{"txs":1,"uniq":1,"trade":0,"nft":0,"gas":0.000007,"bal":0.031443,"days":1,"spread":0.032258,"streak":1,"rank_m":289148,"pct_m":0.307426,"gas_method":"estimated"},"2025-09":{"txs":1,"uniq":0,"trade":0,"nft":0,"gas":0.000007,"bal":0.106711,"days":1,"spread":0.033333,"streak":1,"rank_m":289376,"pct_m":0.307669,"gas_method":"estimated"},"2025-10":{"txs":5,"uniq":4,"trade":0,"nft":0,"gas":0.000035,"bal":0.118391,"days":3,"spread":0.096774,"streak":3,"rank_m":50263,"pct_m":0.053439,"gas_method":"estimated"}}}