{"wallet":"0x64d024d2239ad96749a749e81cbe70cf8fa811d5","rank":710338,"lifetime":{"months_active":19,"first":"2023-07","last":"2025-10","tx_sum":125,"uniq_sum":84,"trade_sum":11,"nft_sum":18,"gas_sum":0.000808,"avg_balance_eth_mean":0.000076,"streak_best_days":0,"gas_sum_filled":0.000808},"months":{"2023-07":{"txs":0,"uniq":0,"trade":0,"nft":0,"gas":0,"bal":0,"days":0,"spread":0,"streak":0,"rank_m":590445,"pct_m":0.627771},"2023-08":{"txs":0,"uniq":0,"trade":0,"nft":0,"gas":0,"bal":0,"days":0,"spread":0,"streak":0,"rank_m":635728,"pct_m":0.675916},"2023-09":{"txs":0,"uniq":0,"trade":0,"nft":0,"gas":0,"bal":0,"days":0,"spread":0,"streak":0,"rank_m":647866,"pct_m":0.688822},"2023-10":{"txs":0,"uniq":0,"trade":0,"nft":0,"gas":0,"bal":0,"days":0,"spread":0,"streak":0,"rank_m":657650,"pct_m":0.699224},"2023-11":{"txs":4,"uniq":1,"trade":0,"nft":1,"gas":0.000033,"bal":0.00007,"days":1,"spread":0.033333,"streak":0,"rank_m":177756,"pct_m":0.188992,"gas_method":"estimated"},"2023-12":{"txs":1,"uniq":1,"trade":0,"nft":0,"gas":0.000015,"bal":0.000265,"days":1,"spread":0.032258,"streak":0,"rank_m":215729,"pct_m":0.229366,"gas_method":"estimated"},"2024-01":{"txs":0,"uniq":0,"trade":0,"nft":0,"gas":0,"bal":0.000265,"days":0,"spread":0,"streak":0,"rank_m":358757,"pct_m":0.381436},"2024-02":{"txs":5,"uniq":4,"trade":0,"nft":3,"gas":0.000041,"bal":0.000131,"days":4,"spread":0.137931,"streak":0,"rank_m":260238,"pct_m":0.276689,"gas_method":"estimated"},"2024-03":{"txs":2,"uniq":2,"trade":0,"nft":1,"gas":0.000024,"bal":0.000099,"days":2,"spread":0.064516,"streak":0,"rank_m":379659,"pct_m":0.403659,"gas_method":"estimated"},"2024-04":{"txs":8,"uniq":6,"trade":2,"nft":2,"gas":0.000012,"bal":0.000251,"days":4,"spread":0.133333,"streak":0,"rank_m":400960,"pct_m":0.426307,"gas_method":"estimated"},"2024-05":{"txs":2,"uniq":2,"trade":0,"nft":2,"gas":0.000001,"bal":0.000025,"days":2,"spread":0.064516,"streak":0,"rank_m":487994,"pct_m":0.518843,"gas_method":"estimated"},"2024-06":{"txs":0,"uniq":0,"trade":0,"nft":0,"gas":0,"bal":0.000025,"days":0,"spread":0,"streak":0,"rank_m":636201,"pct_m":0.676419},"2024-07":{"txs":1,"uniq":1,"trade":0,"nft":1,"gas":0,"bal":0.000015,"days":1,"spread":0.032258,"streak":0,"rank_m":537240,"pct_m":0.571202,"gas_method":"estimated"},"2024-08":{"txs":0,"uniq":0,"trade":0,"nft":0,"gas":0,"bal":0.000015,"days":0,"spread":0,"streak":0,"rank_m":687460,"pct_m":0.730919},"2024-09":{"txs":1,"uniq":1,"trade":0,"nft":1,"gas":0,"bal":0.000015,"days":1,"spread":0.033333,"streak":0,"rank_m":528532,"pct_m":0.561944,"gas_method":"estimated"},"2024-10":{"txs":1,"uniq":1,"trade":0,"nft":2,"gas":0,"bal":0.000015,"days":1,"spread":0.032258,"streak":0,"rank_m":574146,"pct_m":0.610441,"gas_method":"estimated"},"2024-11":{"txs":0,"uniq":0,"trade":0,"nft":3,"gas":0,"bal":0.000015,"days":0,"spread":0,"streak":0,"rank_m":597452,"pct_m":0.635221},"2024-12":{"txs":9,"uniq":8,"trade":0,"nft":1,"gas":0.000176,"bal":0.000113,"days":6,"spread":0.193548,"streak":0,"rank_m":413001,"pct_m":0.439109,"gas_method":"exact"},"2025-01":{"txs":11,"uniq":8,"trade":0,"nft":1,"gas":0.000003,"bal":0.000085,"days":5,"spread":0.16129,"streak":0,"rank_m":437573,"pct_m":0.465234,"gas_method":"exact"},"2025-02":{"txs":12,"uniq":7,"trade":0,"nft":0,"gas":0.000056,"bal":0.00008,"days":3,"spread":0.107143,"streak":0,"rank_m":409469,"pct_m":0.435354,"gas_method":"exact"},"2025-03":{"txs":5,"uniq":3,"trade":0,"nft":0,"gas":0.000024,"bal":0.000133,"days":3,"spread":0.096774,"streak":0,"rank_m":470972,"pct_m":0.500745,"gas_method":"exact"},"2025-04":{"txs":8,"uniq":6,"trade":0,"nft":0,"gas":0.000036,"bal":0.000093,"days":4,"spread":0.133333,"streak":0,"rank_m":430608,"pct_m":0.457829,"gas_method":"exact"},"2025-05":{"txs":13,"uniq":9,"trade":0,"nft":0,"gas":0.000091,"bal":0.000078,"days":4,"spread":0.129032,"streak":0,"rank_m":559520,"pct_m":0.594891,"gas_method":"estimated"},"2025-06":{"txs":2,"uniq":1,"trade":0,"nft":0,"gas":0.000014,"bal":0.000108,"days":1,"spread":0.033333,"streak":0,"rank_m":690560,"pct_m":0.734215,"gas_method":"estimated"},"2025-07":{"txs":17,"uniq":11,"trade":3,"nft":0,"gas":0.00012,"bal":0.00012,"days":4,"spread":0.129032,"streak":0,"rank_m":440856,"pct_m":0.468725,"gas_method":"estimated"},"2025-08":{"txs":16,"uniq":8,"trade":6,"nft":0,"gas":0.000113,"bal":0.000071,"days":7,"spread":0.225806,"streak":0,"rank_m":432880,"pct_m":0.460245,"gas_method":"estimated"},"2025-09":{"txs":7,"uniq":4,"trade":0,"nft":0,"gas":0.000049,"bal":0.000026,"days":2,"spread":0.066667,"streak":0,"rank_m":646653,"pct_m":0.687532,"gas_method":"estimated"},"2025-10":{"txs":0,"uniq":0,"trade":0,"nft":0,"gas":0,"bal":0.000026,"days":0,"spread":0,"streak":0,"rank_m":870900,"pct_m":0.925955}}}