{"wallet":"0x64ac697f84bcddfacab514f07dd147c6958a7915","rank":119294,"lifetime":{"months_active":26,"first":"2023-07","last":"2025-10","tx_sum":294,"uniq_sum":180,"trade_sum":6,"nft_sum":109,"gas_sum":0.003399,"avg_balance_eth_mean":0.009764,"streak_best_days":5,"gas_sum_filled":0.003399},"months":{"2023-07":{"txs":0,"uniq":0,"trade":0,"nft":0,"gas":0,"bal":0,"days":0,"spread":0,"streak":0,"rank_m":590914,"pct_m":0.628269},"2023-08":{"txs":12,"uniq":9,"trade":0,"nft":8,"gas":0.000997,"bal":0.014395,"days":7,"spread":0.225806,"streak":2,"rank_m":54708,"pct_m":0.058165,"gas_method":"exact"},"2023-09":{"txs":6,"uniq":5,"trade":0,"nft":3,"gas":0.000215,"bal":0.013086,"days":2,"spread":0.066667,"streak":1,"rank_m":58972,"pct_m":0.062699,"gas_method":"exact"},"2023-10":{"txs":12,"uniq":9,"trade":0,"nft":4,"gas":0.000009,"bal":0.016808,"days":6,"spread":0.193548,"streak":3,"rank_m":23922,"pct_m":0.025433,"gas_method":"exact"},"2023-11":{"txs":3,"uniq":3,"trade":0,"nft":3,"gas":0.00004,"bal":0.016896,"days":3,"spread":0.1,"streak":1,"rank_m":51184,"pct_m":0.054419,"gas_method":"exact"},"2023-12":{"txs":1,"uniq":1,"trade":0,"nft":4,"gas":0.0001,"bal":0.016557,"days":1,"spread":0.032258,"streak":1,"rank_m":93989,"pct_m":0.09993,"gas_method":"exact"},"2024-01":{"txs":2,"uniq":2,"trade":0,"nft":2,"gas":0.000068,"bal":0.016489,"days":2,"spread":0.064516,"streak":1,"rank_m":89720,"pct_m":0.095391,"gas_method":"exact"},"2024-02":{"txs":45,"uniq":22,"trade":1,"nft":13,"gas":0.000823,"bal":0.009448,"days":11,"spread":0.37931,"streak":3,"rank_m":18098,"pct_m":0.019241,"gas_method":"estimated"},"2024-03":{"txs":49,"uniq":21,"trade":0,"nft":17,"gas":0.000187,"bal":0.004971,"days":12,"spread":0.387097,"streak":5,"rank_m":36098,"pct_m":0.038379,"gas_method":"exact"},"2024-04":{"txs":31,"uniq":17,"trade":1,"nft":21,"gas":0.000105,"bal":0.003441,"days":15,"spread":0.5,"streak":4,"rank_m":125870,"pct_m":0.133826,"gas_method":"estimated"},"2024-05":{"txs":10,"uniq":7,"trade":0,"nft":9,"gas":0.000011,"bal":0.004202,"days":6,"spread":0.193548,"streak":2,"rank_m":225000,"pct_m":0.239223,"gas_method":"estimated"},"2024-06":{"txs":16,"uniq":11,"trade":0,"nft":8,"gas":0.000001,"bal":0.003951,"days":6,"spread":0.2,"streak":2,"rank_m":120375,"pct_m":0.127984,"gas_method":"exact"},"2024-07":{"txs":1,"uniq":0,"trade":0,"nft":0,"gas":0,"bal":0.004029,"days":1,"spread":0.032258,"streak":1,"rank_m":450432,"pct_m":0.478906,"gas_method":"estimated"},"2024-08":{"txs":13,"uniq":9,"trade":0,"nft":6,"gas":0.000002,"bal":0.003746,"days":4,"spread":0.129032,"streak":2,"rank_m":223702,"pct_m":0.237843,"gas_method":"estimated"},"2024-09":{"txs":2,"uniq":2,"trade":0,"nft":1,"gas":0,"bal":0.002629,"days":2,"spread":0.066667,"streak":1,"rank_m":345603,"pct_m":0.36745,"gas_method":"estimated"},"2024-10":{"txs":10,"uniq":6,"trade":2,"nft":7,"gas":0.000001,"bal":0.002295,"days":7,"spread":0.225806,"streak":2,"rank_m":204578,"pct_m":0.21751,"gas_method":"estimated"},"2024-11":{"txs":5,"uniq":3,"trade":0,"nft":2,"gas":0.000011,"bal":0.003187,"days":5,"spread":0.166667,"streak":2,"rank_m":291445,"pct_m":0.309868,"gas_method":"exact"},"2024-12":{"txs":19,"uniq":11,"trade":0,"nft":1,"gas":0.000353,"bal":0.014235,"days":11,"spread":0.354839,"streak":3,"rank_m":126438,"pct_m":0.13443,"gas_method":"exact"},"2025-01":{"txs":4,"uniq":4,"trade":0,"nft":0,"gas":0.000104,"bal":0.014146,"days":3,"spread":0.096774,"streak":1,"rank_m":360768,"pct_m":0.383574,"gas_method":"exact"},"2025-02":{"txs":4,"uniq":4,"trade":1,"nft":0,"gas":0.000028,"bal":0.013754,"days":3,"spread":0.107143,"streak":1,"rank_m":255793,"pct_m":0.271963,"gas_method":"exact"},"2025-03":{"txs":13,"uniq":8,"trade":0,"nft":0,"gas":0.000103,"bal":0.013608,"days":2,"spread":0.064516,"streak":1,"rank_m":206214,"pct_m":0.219249,"gas_method":"exact"},"2025-04":{"txs":11,"uniq":11,"trade":1,"nft":0,"gas":0.000066,"bal":0.014289,"days":5,"spread":0.166667,"streak":2,"rank_m":94303,"pct_m":0.100264,"gas_method":"exact"},"2025-05":{"txs":7,"uniq":5,"trade":0,"nft":0,"gas":0.000049,"bal":0.011462,"days":4,"spread":0.129032,"streak":1,"rank_m":174938,"pct_m":0.185996,"gas_method":"estimated"},"2025-06":{"txs":4,"uniq":2,"trade":0,"nft":0,"gas":0.000028,"bal":0.011444,"days":2,"spread":0.066667,"streak":1,"rank_m":298850,"pct_m":0.317742,"gas_method":"estimated"},"2025-07":{"txs":0,"uniq":0,"trade":0,"nft":0,"gas":0,"bal":0.011444,"days":0,"spread":0,"streak":0,"rank_m":544949,"pct_m":0.579398},"2025-08":{"txs":2,"uniq":2,"trade":0,"nft":0,"gas":0.000014,"bal":0.011346,"days":1,"spread":0.032258,"streak":1,"rank_m":328682,"pct_m":0.34946,"gas_method":"estimated"},"2025-09":{"txs":3,"uniq":2,"trade":0,"nft":0,"gas":0.000021,"bal":0.010894,"days":2,"spread":0.066667,"streak":1,"rank_m":308449,"pct_m":0.327947,"gas_method":"estimated"},"2025-10":{"txs":9,"uniq":4,"trade":0,"nft":0,"gas":0.000063,"bal":0.010655,"days":2,"spread":0.064516,"streak":1,"rank_m":153890,"pct_m":0.163618,"gas_method":"estimated"}}}