{"wallet":"0x64bf05434c723764aa269b5430be70578cca2634","rank":330155,"lifetime":{"months_active":8,"first":"2023-07","last":"2025-10","tx_sum":563,"uniq_sum":34,"trade_sum":97,"nft_sum":0,"gas_sum":0.000401,"avg_balance_eth_mean":0.00373,"streak_best_days":34,"gas_sum_filled":0.000401},"months":{"2023-07":{"txs":0,"uniq":0,"trade":0,"nft":0,"gas":0,"bal":0,"days":0,"spread":0,"streak":0,"rank_m":590664,"pct_m":0.628003},"2023-08":{"txs":0,"uniq":0,"trade":0,"nft":0,"gas":0,"bal":0,"days":0,"spread":0,"streak":0,"rank_m":635925,"pct_m":0.676126},"2023-09":{"txs":0,"uniq":0,"trade":0,"nft":0,"gas":0,"bal":0,"days":0,"spread":0,"streak":0,"rank_m":648056,"pct_m":0.689024},"2023-10":{"txs":0,"uniq":0,"trade":0,"nft":0,"gas":0,"bal":0,"days":0,"spread":0,"streak":0,"rank_m":657839,"pct_m":0.699425},"2023-11":{"txs":7,"uniq":2,"trade":0,"nft":0,"gas":0.000008,"bal":0.000001,"days":3,"spread":0.1,"streak":2,"rank_m":146519,"pct_m":0.155781,"gas_method":"estimated"},"2023-12":{"txs":6,"uniq":1,"trade":0,"nft":0,"gas":0.000012,"bal":0.000936,"days":3,"spread":0.096774,"streak":2,"rank_m":136709,"pct_m":0.14535,"gas_method":"estimated"},"2024-01":{"txs":1,"uniq":1,"trade":0,"nft":0,"gas":0.000019,"bal":0.000936,"days":1,"spread":0.032258,"streak":1,"rank_m":171727,"pct_m":0.182582,"gas_method":"exact"},"2024-02":{"txs":0,"uniq":0,"trade":0,"nft":0,"gas":0,"bal":0.000936,"days":0,"spread":0,"streak":0,"rank_m":374108,"pct_m":0.397757},"2024-03":{"txs":22,"uniq":2,"trade":0,"nft":0,"gas":0.000035,"bal":0.002263,"days":7,"spread":0.225806,"streak":7,"rank_m":195934,"pct_m":0.208319,"gas_method":"estimated"},"2024-04":{"txs":237,"uniq":9,"trade":32,"nft":0,"gas":0.000233,"bal":0.0116,"days":29,"spread":0.966667,"streak":17,"rank_m":19023,"pct_m":0.020225,"gas_method":"exact"},"2024-05":{"txs":148,"uniq":9,"trade":56,"nft":0,"gas":0.000091,"bal":0.015785,"days":27,"spread":0.870968,"streak":17,"rank_m":10276,"pct_m":0.010925,"gas_method":"exact"},"2024-06":{"txs":106,"uniq":5,"trade":9,"nft":0,"gas":0.000001,"bal":0.006145,"days":18,"spread":0.6,"streak":15,"rank_m":39644,"pct_m":0.042149,"gas_method":"exact"},"2024-07":{"txs":36,"uniq":5,"trade":0,"nft":0,"gas":0.000002,"bal":0.004115,"days":12,"spread":0.387097,"streak":5,"rank_m":119623,"pct_m":0.127184,"gas_method":"exact"},"2024-08":{"txs":0,"uniq":0,"trade":0,"nft":0,"gas":0,"bal":0.004115,"days":0,"spread":0,"streak":0,"rank_m":550502,"pct_m":0.585303},"2024-09":{"txs":0,"uniq":0,"trade":0,"nft":0,"gas":0,"bal":0.004115,"days":0,"spread":0,"streak":0,"rank_m":529716,"pct_m":0.563202},"2024-10":{"txs":0,"uniq":0,"trade":0,"nft":0,"gas":0,"bal":0.004115,"days":0,"spread":0,"streak":0,"rank_m":575443,"pct_m":0.61182},"2024-11":{"txs":0,"uniq":0,"trade":0,"nft":0,"gas":0,"bal":0.004115,"days":0,"spread":0,"streak":0,"rank_m":586995,"pct_m":0.624103},"2024-12":{"txs":0,"uniq":0,"trade":0,"nft":0,"gas":0,"bal":0.004115,"days":0,"spread":0,"streak":0,"rank_m":639021,"pct_m":0.679417},"2025-01":{"txs":0,"uniq":0,"trade":0,"nft":0,"gas":0,"bal":0.004115,"days":0,"spread":0,"streak":0,"rank_m":626863,"pct_m":0.666491},"2025-02":{"txs":0,"uniq":0,"trade":0,"nft":0,"gas":0,"bal":0.004115,"days":0,"spread":0,"streak":0,"rank_m":636748,"pct_m":0.677001},"2025-03":{"txs":0,"uniq":0,"trade":0,"nft":0,"gas":0,"bal":0.004115,"days":0,"spread":0,"streak":0,"rank_m":625160,"pct_m":0.66468},"2025-04":{"txs":0,"uniq":0,"trade":0,"nft":0,"gas":0,"bal":0.004115,"days":0,"spread":0,"streak":0,"rank_m":654244,"pct_m":0.695603},"2025-05":{"txs":0,"uniq":0,"trade":0,"nft":0,"gas":0,"bal":0.004115,"days":0,"spread":0,"streak":0,"rank_m":611508,"pct_m":0.650165},"2025-06":{"txs":0,"uniq":0,"trade":0,"nft":0,"gas":0,"bal":0.004115,"days":0,"spread":0,"streak":0,"rank_m":613116,"pct_m":0.651875},"2025-07":{"txs":0,"uniq":0,"trade":0,"nft":0,"gas":0,"bal":0.004115,"days":0,"spread":0,"streak":0,"rank_m":632075,"pct_m":0.672032},"2025-08":{"txs":0,"uniq":0,"trade":0,"nft":0,"gas":0,"bal":0.004115,"days":0,"spread":0,"streak":0,"rank_m":614037,"pct_m":0.652854},"2025-09":{"txs":0,"uniq":0,"trade":0,"nft":0,"gas":0,"bal":0.004115,"days":0,"spread":0,"streak":0,"rank_m":599874,"pct_m":0.637796},"2025-10":{"txs":0,"uniq":0,"trade":0,"nft":0,"gas":0,"bal":0.004115,"days":0,"spread":0,"streak":0,"rank_m":521711,"pct_m":0.554691}}}