{"wallet":"0x644d0b3c09e59e224f5c9432f6128cab0d083316","rank":48892,"lifetime":{"months_active":27,"first":"2023-07","last":"2025-10","tx_sum":727,"uniq_sum":403,"trade_sum":14,"nft_sum":267,"gas_sum":0.007132,"avg_balance_eth_mean":0.001771,"streak_best_days":18,"gas_sum_filled":0.007132},"months":{"2023-07":{"txs":6,"uniq":2,"trade":0,"nft":0,"gas":0.000441,"bal":0.000327,"days":3,"spread":0.096774,"streak":1,"rank_m":28991,"pct_m":0.030823,"gas_method":"estimated"},"2023-08":{"txs":29,"uniq":21,"trade":0,"nft":11,"gas":0.003097,"bal":0.002365,"days":13,"spread":0.419355,"streak":5,"rank_m":32204,"pct_m":0.034239,"gas_method":"exact"},"2023-09":{"txs":4,"uniq":4,"trade":0,"nft":6,"gas":0.000109,"bal":0.003276,"days":3,"spread":0.1,"streak":1,"rank_m":68636,"pct_m":0.072974,"gas_method":"exact"},"2023-10":{"txs":4,"uniq":4,"trade":0,"nft":4,"gas":0.000023,"bal":0.002707,"days":3,"spread":0.096774,"streak":1,"rank_m":80039,"pct_m":0.085098,"gas_method":"estimated"},"2023-11":{"txs":2,"uniq":1,"trade":0,"nft":1,"gas":0.00002,"bal":0.001074,"days":1,"spread":0.033333,"streak":1,"rank_m":133089,"pct_m":0.141502,"gas_method":"estimated"},"2023-12":{"txs":8,"uniq":6,"trade":0,"nft":3,"gas":0.000091,"bal":0.000879,"days":4,"spread":0.129032,"streak":1,"rank_m":69117,"pct_m":0.073485,"gas_method":"exact"},"2024-01":{"txs":0,"uniq":0,"trade":0,"nft":0,"gas":0,"bal":0.000879,"days":0,"spread":0,"streak":0,"rank_m":328601,"pct_m":0.349373},"2024-02":{"txs":26,"uniq":14,"trade":0,"nft":13,"gas":0.000088,"bal":0.001167,"days":10,"spread":0.344828,"streak":3,"rank_m":43358,"pct_m":0.046098,"gas_method":"exact"},"2024-03":{"txs":14,"uniq":9,"trade":0,"nft":15,"gas":0.00015,"bal":0.000566,"days":11,"spread":0.354839,"streak":3,"rank_m":124342,"pct_m":0.132202,"gas_method":"exact"},"2024-04":{"txs":81,"uniq":32,"trade":0,"nft":22,"gas":0.000009,"bal":0.002103,"days":22,"spread":0.733333,"streak":7,"rank_m":60629,"pct_m":0.064461,"gas_method":"exact"},"2024-05":{"txs":27,"uniq":19,"trade":0,"nft":16,"gas":0.00002,"bal":0.001294,"days":16,"spread":0.516129,"streak":5,"rank_m":83945,"pct_m":0.089251,"gas_method":"exact"},"2024-06":{"txs":46,"uniq":20,"trade":0,"nft":15,"gas":0.000001,"bal":0.000839,"days":16,"spread":0.533333,"streak":6,"rank_m":135483,"pct_m":0.144047,"gas_method":"estimated"},"2024-07":{"txs":28,"uniq":18,"trade":1,"nft":24,"gas":0.000003,"bal":0.001365,"days":10,"spread":0.322581,"streak":3,"rank_m":127486,"pct_m":0.135544,"gas_method":"estimated"},"2024-08":{"txs":85,"uniq":62,"trade":0,"nft":64,"gas":0,"bal":0.002859,"days":26,"spread":0.83871,"streak":18,"rank_m":20996,"pct_m":0.022322,"gas_method":"exact"},"2024-09":{"txs":15,"uniq":9,"trade":0,"nft":15,"gas":0,"bal":0.000639,"days":10,"spread":0.333333,"streak":4,"rank_m":183941,"pct_m":0.195568,"gas_method":"estimated"},"2024-10":{"txs":45,"uniq":27,"trade":0,"nft":28,"gas":0.000002,"bal":0.00097,"days":15,"spread":0.483871,"streak":4,"rank_m":67794,"pct_m":0.072079,"gas_method":"exact"},"2024-11":{"txs":89,"uniq":35,"trade":4,"nft":10,"gas":0.000191,"bal":0.001723,"days":21,"spread":0.7,"streak":7,"rank_m":42215,"pct_m":0.044883,"gas_method":"exact"},"2024-12":{"txs":71,"uniq":31,"trade":1,"nft":10,"gas":0.001455,"bal":0.003781,"days":22,"spread":0.709677,"streak":5,"rank_m":47339,"pct_m":0.050331,"gas_method":"exact"},"2025-01":{"txs":29,"uniq":14,"trade":2,"nft":3,"gas":0.000675,"bal":0.00709,"days":15,"spread":0.483871,"streak":4,"rank_m":63320,"pct_m":0.067322,"gas_method":"exact"},"2025-02":{"txs":26,"uniq":18,"trade":5,"nft":1,"gas":0.000148,"bal":0.001596,"days":12,"spread":0.428571,"streak":3,"rank_m":77493,"pct_m":0.082391,"gas_method":"exact"},"2025-03":{"txs":8,"uniq":6,"trade":0,"nft":1,"gas":0.000055,"bal":0.001287,"days":6,"spread":0.193548,"streak":2,"rank_m":226755,"pct_m":0.241089,"gas_method":"exact"},"2025-04":{"txs":25,"uniq":14,"trade":1,"nft":1,"gas":0.000139,"bal":0.003007,"days":10,"spread":0.333333,"streak":2,"rank_m":75953,"pct_m":0.080754,"gas_method":"exact"},"2025-05":{"txs":17,"uniq":9,"trade":0,"nft":1,"gas":0.00012,"bal":0.003474,"days":6,"spread":0.193548,"streak":2,"rank_m":124541,"pct_m":0.132413,"gas_method":"estimated"},"2025-06":{"txs":4,"uniq":4,"trade":0,"nft":0,"gas":0.000028,"bal":0.001873,"days":2,"spread":0.066667,"streak":1,"rank_m":435484,"pct_m":0.463013,"gas_method":"estimated"},"2025-07":{"txs":8,"uniq":7,"trade":0,"nft":0,"gas":0.000056,"bal":0.001429,"days":5,"spread":0.16129,"streak":2,"rank_m":369267,"pct_m":0.39261,"gas_method":"estimated"},"2025-08":{"txs":15,"uniq":7,"trade":0,"nft":1,"gas":0.000106,"bal":0.000232,"days":5,"spread":0.16129,"streak":2,"rank_m":355018,"pct_m":0.37746,"gas_method":"estimated"},"2025-09":{"txs":10,"uniq":5,"trade":0,"nft":2,"gas":0.00007,"bal":0.000489,"days":3,"spread":0.1,"streak":1,"rank_m":362897,"pct_m":0.385838,"gas_method":"estimated"},"2025-10":{"txs":5,"uniq":5,"trade":0,"nft":0,"gas":0.000035,"bal":0.000296,"days":2,"spread":0.064516,"streak":1,"rank_m":386665,"pct_m":0.411108,"gas_method":"estimated"}}}