{"wallet":"0x6404fd67407f50c2608ab77959e1cab874c44f92","rank":601907,"lifetime":{"months_active":13,"first":"2023-07","last":"2025-10","tx_sum":142,"uniq_sum":80,"trade_sum":2,"nft_sum":31,"gas_sum":0.000984,"avg_balance_eth_mean":0.001548,"streak_best_days":5,"gas_sum_filled":0.000984},"months":{"2023-07":{"txs":0,"uniq":0,"trade":0,"nft":0,"gas":0,"bal":0,"days":0,"spread":0,"streak":0,"rank_m":593213,"pct_m":0.630714},"2023-08":{"txs":0,"uniq":0,"trade":0,"nft":0,"gas":0,"bal":0,"days":0,"spread":0,"streak":0,"rank_m":638124,"pct_m":0.678464},"2023-09":{"txs":0,"uniq":0,"trade":0,"nft":0,"gas":0,"bal":0,"days":0,"spread":0,"streak":0,"rank_m":650162,"pct_m":0.691263},"2023-10":{"txs":0,"uniq":0,"trade":0,"nft":0,"gas":0,"bal":0,"days":0,"spread":0,"streak":0,"rank_m":659892,"pct_m":0.701608},"2023-11":{"txs":0,"uniq":0,"trade":0,"nft":0,"gas":0,"bal":0,"days":0,"spread":0,"streak":0,"rank_m":668449,"pct_m":0.710706},"2023-12":{"txs":0,"uniq":0,"trade":0,"nft":0,"gas":0,"bal":0,"days":0,"spread":0,"streak":0,"rank_m":678820,"pct_m":0.721732},"2024-01":{"txs":0,"uniq":0,"trade":0,"nft":0,"gas":0,"bal":0,"days":0,"spread":0,"streak":0,"rank_m":688035,"pct_m":0.73153},"2024-02":{"txs":3,"uniq":1,"trade":0,"nft":0,"gas":0.000031,"bal":0.000083,"days":1,"spread":0.034483,"streak":1,"rank_m":277693,"pct_m":0.295247,"gas_method":"estimated"},"2024-03":{"txs":7,"uniq":2,"trade":0,"nft":0,"gas":0.000398,"bal":0.000202,"days":3,"spread":0.096774,"streak":2,"rank_m":257856,"pct_m":0.274156,"gas_method":"exact"},"2024-04":{"txs":39,"uniq":19,"trade":1,"nft":6,"gas":0.000075,"bal":0.00369,"days":4,"spread":0.133333,"streak":1,"rank_m":211217,"pct_m":0.224569,"gas_method":"estimated"},"2024-05":{"txs":5,"uniq":4,"trade":0,"nft":2,"gas":0.000016,"bal":0.005883,"days":3,"spread":0.096774,"streak":1,"rank_m":286833,"pct_m":0.304965,"gas_method":"exact"},"2024-06":{"txs":14,"uniq":6,"trade":0,"nft":0,"gas":0.000001,"bal":0.005815,"days":5,"spread":0.166667,"streak":1,"rank_m":217595,"pct_m":0.23135,"gas_method":"exact"},"2024-07":{"txs":14,"uniq":6,"trade":0,"nft":1,"gas":0.000001,"bal":0.005786,"days":4,"spread":0.129032,"streak":1,"rank_m":246573,"pct_m":0.26216,"gas_method":"estimated"},"2024-08":{"txs":14,"uniq":14,"trade":0,"nft":15,"gas":0.000001,"bal":0.005389,"days":6,"spread":0.193548,"streak":3,"rank_m":147958,"pct_m":0.157311,"gas_method":"estimated"},"2024-09":{"txs":9,"uniq":8,"trade":0,"nft":5,"gas":0.000002,"bal":0.002366,"days":5,"spread":0.166667,"streak":4,"rank_m":107305,"pct_m":0.114088,"gas_method":"exact"},"2024-10":{"txs":0,"uniq":0,"trade":0,"nft":0,"gas":0,"bal":0.002366,"days":0,"spread":0,"streak":0,"rank_m":594551,"pct_m":0.632136},"2024-11":{"txs":9,"uniq":7,"trade":1,"nft":1,"gas":0.000021,"bal":0.00184,"days":2,"spread":0.066667,"streak":1,"rank_m":297829,"pct_m":0.316656,"gas_method":"exact"},"2024-12":{"txs":10,"uniq":3,"trade":0,"nft":0,"gas":0.00022,"bal":0.001723,"days":3,"spread":0.096774,"streak":2,"rank_m":368666,"pct_m":0.391971,"gas_method":"exact"},"2025-01":{"txs":5,"uniq":2,"trade":0,"nft":0,"gas":0.00013,"bal":0.001308,"days":3,"spread":0.096774,"streak":1,"rank_m":431528,"pct_m":0.458807,"gas_method":"exact"},"2025-02":{"txs":0,"uniq":0,"trade":0,"nft":0,"gas":0,"bal":0.001308,"days":0,"spread":0,"streak":0,"rank_m":678167,"pct_m":0.721038},"2025-03":{"txs":5,"uniq":3,"trade":0,"nft":1,"gas":0.00004,"bal":0.001081,"days":2,"spread":0.064516,"streak":1,"rank_m":342991,"pct_m":0.364673,"gas_method":"exact"},"2025-04":{"txs":8,"uniq":5,"trade":0,"nft":0,"gas":0.000048,"bal":0.000643,"days":3,"spread":0.1,"streak":2,"rank_m":307185,"pct_m":0.326604,"gas_method":"exact"},"2025-05":{"txs":0,"uniq":0,"trade":0,"nft":0,"gas":0,"bal":0.000643,"days":0,"spread":0,"streak":0,"rank_m":736151,"pct_m":0.782688},"2025-06":{"txs":0,"uniq":0,"trade":0,"nft":0,"gas":0,"bal":0.000643,"days":0,"spread":0,"streak":0,"rank_m":737343,"pct_m":0.783955},"2025-07":{"txs":0,"uniq":0,"trade":0,"nft":0,"gas":0,"bal":0.000643,"days":0,"spread":0,"streak":0,"rank_m":758611,"pct_m":0.806568},"2025-08":{"txs":0,"uniq":0,"trade":0,"nft":0,"gas":0,"bal":0.000643,"days":0,"spread":0,"streak":0,"rank_m":737112,"pct_m":0.78371},"2025-09":{"txs":0,"uniq":0,"trade":0,"nft":0,"gas":0,"bal":0.000643,"days":0,"spread":0,"streak":0,"rank_m":726847,"pct_m":0.772796},"2025-10":{"txs":0,"uniq":0,"trade":0,"nft":0,"gas":0,"bal":0.000643,"days":0,"spread":0,"streak":0,"rank_m":661713,"pct_m":0.703544}}}