{"wallet":"0x640907e9558ae2ecde5a560f858706192306b70e","rank":156283,"lifetime":{"months_active":21,"first":"2023-07","last":"2025-10","tx_sum":259,"uniq_sum":114,"trade_sum":3,"nft_sum":58,"gas_sum":0.003563,"avg_balance_eth_mean":0.068168,"streak_best_days":6,"gas_sum_filled":0.003563},"months":{"2023-07":{"txs":3,"uniq":2,"trade":0,"nft":1,"gas":0.000235,"bal":0.000176,"days":1,"spread":0.032258,"streak":1,"rank_m":40246,"pct_m":0.042789,"gas_method":"estimated"},"2023-08":{"txs":9,"uniq":9,"trade":0,"nft":2,"gas":0.000869,"bal":0.00112,"days":4,"spread":0.129032,"streak":1,"rank_m":95411,"pct_m":0.101442,"gas_method":"exact"},"2023-09":{"txs":3,"uniq":3,"trade":0,"nft":3,"gas":0.00007,"bal":0.000935,"days":2,"spread":0.066667,"streak":1,"rank_m":107661,"pct_m":0.114466,"gas_method":"estimated"},"2023-10":{"txs":1,"uniq":1,"trade":0,"nft":1,"gas":0.000006,"bal":0.000768,"days":1,"spread":0.032258,"streak":1,"rank_m":137728,"pct_m":0.146434,"gas_method":"estimated"},"2023-11":{"txs":19,"uniq":11,"trade":0,"nft":5,"gas":0.000202,"bal":0.108871,"days":5,"spread":0.166667,"streak":4,"rank_m":9448,"pct_m":0.010044,"gas_method":"estimated"},"2023-12":{"txs":6,"uniq":4,"trade":0,"nft":5,"gas":0.000202,"bal":0.133729,"days":4,"spread":0.129032,"streak":1,"rank_m":33556,"pct_m":0.035676,"gas_method":"exact"},"2024-01":{"txs":20,"uniq":13,"trade":0,"nft":13,"gas":0.000021,"bal":0.165668,"days":9,"spread":0.290323,"streak":3,"rank_m":13033,"pct_m":0.013856,"gas_method":"exact"},"2024-02":{"txs":23,"uniq":8,"trade":0,"nft":8,"gas":0.00014,"bal":0.071589,"days":8,"spread":0.275862,"streak":2,"rank_m":24472,"pct_m":0.026018,"gas_method":"exact"},"2024-03":{"txs":98,"uniq":28,"trade":0,"nft":10,"gas":0.001538,"bal":0.211337,"days":17,"spread":0.548387,"streak":6,"rank_m":10959,"pct_m":0.011651,"gas_method":"estimated"},"2024-04":{"txs":25,"uniq":10,"trade":0,"nft":2,"gas":0.000045,"bal":0.489993,"days":8,"spread":0.266667,"streak":3,"rank_m":105476,"pct_m":0.112143,"gas_method":"exact"},"2024-05":{"txs":4,"uniq":2,"trade":0,"nft":4,"gas":0.000003,"bal":0.08979,"days":2,"spread":0.064516,"streak":1,"rank_m":273206,"pct_m":0.290476,"gas_method":"estimated"},"2024-06":{"txs":0,"uniq":0,"trade":0,"nft":0,"gas":0,"bal":0.08979,"days":0,"spread":0,"streak":0,"rank_m":468098,"pct_m":0.497689},"2024-07":{"txs":8,"uniq":2,"trade":0,"nft":1,"gas":0.000001,"bal":0.07139,"days":4,"spread":0.129032,"streak":1,"rank_m":213516,"pct_m":0.227013,"gas_method":"estimated"},"2024-08":{"txs":1,"uniq":0,"trade":0,"nft":0,"gas":0,"bal":0.005585,"days":1,"spread":0.032258,"streak":1,"rank_m":441676,"pct_m":0.469597,"gas_method":"estimated"},"2024-09":{"txs":3,"uniq":2,"trade":0,"nft":2,"gas":0,"bal":0.003984,"days":3,"spread":0.1,"streak":1,"rank_m":252666,"pct_m":0.268638,"gas_method":"exact"},"2024-10":{"txs":7,"uniq":4,"trade":0,"nft":1,"gas":0,"bal":0.054297,"days":4,"spread":0.129032,"streak":2,"rank_m":183035,"pct_m":0.194605,"gas_method":"estimated"},"2024-11":{"txs":17,"uniq":8,"trade":0,"nft":0,"gas":0.000034,"bal":0.242235,"days":6,"spread":0.2,"streak":3,"rank_m":131579,"pct_m":0.139896,"gas_method":"exact"},"2024-12":{"txs":4,"uniq":2,"trade":0,"nft":0,"gas":0.000066,"bal":0.019812,"days":3,"spread":0.096774,"streak":1,"rank_m":411636,"pct_m":0.437658,"gas_method":"exact"},"2025-01":{"txs":4,"uniq":2,"trade":0,"nft":0,"gas":0.000104,"bal":0.015293,"days":2,"spread":0.064516,"streak":1,"rank_m":391001,"pct_m":0.415718,"gas_method":"exact"},"2025-02":{"txs":0,"uniq":0,"trade":0,"nft":0,"gas":0,"bal":0.015293,"days":0,"spread":0,"streak":0,"rank_m":587284,"pct_m":0.62441},"2025-03":{"txs":0,"uniq":0,"trade":0,"nft":0,"gas":0,"bal":0.015293,"days":0,"spread":0,"streak":0,"rank_m":569311,"pct_m":0.605301},"2025-04":{"txs":1,"uniq":1,"trade":0,"nft":0,"gas":0.000006,"bal":0.014578,"days":1,"spread":0.033333,"streak":1,"rank_m":443620,"pct_m":0.471664,"gas_method":"exact"},"2025-05":{"txs":0,"uniq":0,"trade":0,"nft":0,"gas":0,"bal":0.014578,"days":0,"spread":0,"streak":0,"rank_m":508214,"pct_m":0.540341},"2025-06":{"txs":0,"uniq":0,"trade":0,"nft":0,"gas":0,"bal":0.014578,"days":0,"spread":0,"streak":0,"rank_m":507771,"pct_m":0.53987},"2025-07":{"txs":2,"uniq":1,"trade":0,"nft":0,"gas":0.000014,"bal":0.014569,"days":1,"spread":0.032258,"streak":1,"rank_m":351143,"pct_m":0.37334,"gas_method":"estimated"},"2025-08":{"txs":1,"uniq":1,"trade":3,"nft":0,"gas":0.000007,"bal":0.014482,"days":1,"spread":0.032258,"streak":1,"rank_m":277497,"pct_m":0.295039,"gas_method":"estimated"},"2025-09":{"txs":0,"uniq":0,"trade":0,"nft":0,"gas":0,"bal":0.014482,"days":0,"spread":0,"streak":0,"rank_m":497525,"pct_m":0.528976},"2025-10":{"txs":0,"uniq":0,"trade":0,"nft":0,"gas":0,"bal":0.014482,"days":0,"spread":0,"streak":0,"rank_m":406273,"pct_m":0.431956}}}