{"wallet":"0x6447a4b6814567f8058db912898ce4f4ab87b298","rank":122815,"lifetime":{"months_active":17,"first":"2023-07","last":"2025-10","tx_sum":464,"uniq_sum":75,"trade_sum":9,"nft_sum":10,"gas_sum":0.003471,"avg_balance_eth_mean":0.009807,"streak_best_days":20,"gas_sum_filled":0.003471},"months":{"2023-07":{"txs":0,"uniq":0,"trade":0,"nft":0,"gas":0,"bal":0,"days":0,"spread":0,"streak":0,"rank_m":592316,"pct_m":0.62976},"2023-08":{"txs":3,"uniq":3,"trade":0,"nft":1,"gas":0.000139,"bal":0.023982,"days":1,"spread":0.032258,"streak":1,"rank_m":117068,"pct_m":0.124468,"gas_method":"exact"},"2023-09":{"txs":36,"uniq":1,"trade":0,"nft":0,"gas":0.00071,"bal":0.056115,"days":24,"spread":0.8,"streak":16,"rank_m":29417,"pct_m":0.031276,"gas_method":"exact"},"2023-10":{"txs":27,"uniq":2,"trade":0,"nft":0,"gas":0.000347,"bal":0.000714,"days":21,"spread":0.677419,"streak":4,"rank_m":51853,"pct_m":0.05513,"gas_method":"exact"},"2023-11":{"txs":67,"uniq":8,"trade":4,"nft":1,"gas":0.000135,"bal":0.009948,"days":25,"spread":0.833333,"streak":10,"rank_m":4309,"pct_m":0.00458,"gas_method":"exact"},"2023-12":{"txs":68,"uniq":6,"trade":0,"nft":0,"gas":0.000325,"bal":0.005041,"days":28,"spread":0.903226,"streak":20,"rank_m":19953,"pct_m":0.021213,"gas_method":"exact"},"2024-01":{"txs":54,"uniq":8,"trade":0,"nft":0,"gas":0.001047,"bal":0.038401,"days":21,"spread":0.677419,"streak":12,"rank_m":9394,"pct_m":0.009987,"gas_method":"exact"},"2024-02":{"txs":24,"uniq":7,"trade":0,"nft":0,"gas":0.000282,"bal":0.012421,"days":13,"spread":0.448276,"streak":3,"rank_m":41738,"pct_m":0.044376,"gas_method":"exact"},"2024-03":{"txs":29,"uniq":10,"trade":2,"nft":2,"gas":0.000086,"bal":0.031516,"days":15,"spread":0.483871,"streak":2,"rank_m":41724,"pct_m":0.044361,"gas_method":"exact"},"2024-04":{"txs":26,"uniq":9,"trade":3,"nft":1,"gas":0.000042,"bal":0.036718,"days":12,"spread":0.4,"streak":3,"rank_m":77394,"pct_m":0.082286,"gas_method":"exact"},"2024-05":{"txs":23,"uniq":6,"trade":0,"nft":2,"gas":0.000266,"bal":0.033719,"days":13,"spread":0.419355,"streak":2,"rank_m":87824,"pct_m":0.093375,"gas_method":"exact"},"2024-06":{"txs":10,"uniq":3,"trade":0,"nft":0,"gas":0,"bal":0.016879,"days":7,"spread":0.233333,"streak":1,"rank_m":212209,"pct_m":0.225623,"gas_method":"exact"},"2024-07":{"txs":34,"uniq":4,"trade":0,"nft":2,"gas":0.000005,"bal":0.00337,"days":13,"spread":0.419355,"streak":3,"rank_m":105156,"pct_m":0.111803,"gas_method":"exact"},"2024-08":{"txs":28,"uniq":2,"trade":0,"nft":0,"gas":0.000003,"bal":0.000001,"days":10,"spread":0.322581,"streak":3,"rank_m":412576,"pct_m":0.438657,"gas_method":"estimated"},"2024-09":{"txs":8,"uniq":1,"trade":0,"nft":0,"gas":0,"bal":0.000002,"days":3,"spread":0.1,"streak":1,"rank_m":485308,"pct_m":0.515987,"gas_method":"estimated"},"2024-10":{"txs":20,"uniq":2,"trade":0,"nft":1,"gas":0.000001,"bal":0.000002,"days":8,"spread":0.258065,"streak":2,"rank_m":413273,"pct_m":0.439398,"gas_method":"estimated"},"2024-11":{"txs":4,"uniq":2,"trade":0,"nft":0,"gas":0.000005,"bal":0.000401,"days":2,"spread":0.066667,"streak":2,"rank_m":442754,"pct_m":0.470743,"gas_method":"exact"},"2024-12":{"txs":0,"uniq":0,"trade":0,"nft":0,"gas":0,"bal":0.000401,"days":0,"spread":0,"streak":0,"rank_m":700782,"pct_m":0.745083},"2025-01":{"txs":3,"uniq":1,"trade":0,"nft":0,"gas":0.000078,"bal":0.000498,"days":3,"spread":0.096774,"streak":1,"rank_m":491965,"pct_m":0.523065,"gas_method":"exact"},"2025-02":{"txs":0,"uniq":0,"trade":0,"nft":0,"gas":0,"bal":0.000498,"days":0,"spread":0,"streak":0,"rank_m":720129,"pct_m":0.765653},"2025-03":{"txs":0,"uniq":0,"trade":0,"nft":0,"gas":0,"bal":0.000498,"days":0,"spread":0,"streak":0,"rank_m":728720,"pct_m":0.774787},"2025-04":{"txs":0,"uniq":0,"trade":0,"nft":0,"gas":0,"bal":0.000498,"days":0,"spread":0,"streak":0,"rank_m":751243,"pct_m":0.798734},"2025-05":{"txs":0,"uniq":0,"trade":0,"nft":0,"gas":0,"bal":0.000498,"days":0,"spread":0,"streak":0,"rank_m":752846,"pct_m":0.800438},"2025-06":{"txs":0,"uniq":0,"trade":0,"nft":0,"gas":0,"bal":0.000498,"days":0,"spread":0,"streak":0,"rank_m":754773,"pct_m":0.802487},"2025-07":{"txs":0,"uniq":0,"trade":0,"nft":0,"gas":0,"bal":0.000498,"days":0,"spread":0,"streak":0,"rank_m":775986,"pct_m":0.825041},"2025-08":{"txs":0,"uniq":0,"trade":0,"nft":0,"gas":0,"bal":0.000498,"days":0,"spread":0,"streak":0,"rank_m":754385,"pct_m":0.802075},"2025-09":{"txs":0,"uniq":0,"trade":0,"nft":0,"gas":0,"bal":0.000498,"days":0,"spread":0,"streak":0,"rank_m":743828,"pct_m":0.79085},"2025-10":{"txs":0,"uniq":0,"trade":0,"nft":0,"gas":0,"bal":0.000498,"days":0,"spread":0,"streak":0,"rank_m":684861,"pct_m":0.728155}}}