{"wallet":"0x6437cbc58e7c002373db59b9fb511c6a04bcb32e","rank":84326,"lifetime":{"months_active":19,"first":"2023-07","last":"2025-10","tx_sum":468,"uniq_sum":91,"trade_sum":8,"nft_sum":3,"gas_sum":0.003564,"avg_balance_eth_mean":0.471418,"streak_best_days":11,"gas_sum_filled":0.003564},"months":{"2023-07":{"txs":0,"uniq":0,"trade":0,"nft":0,"gas":0,"bal":0,"days":0,"spread":0,"streak":0,"rank_m":592526,"pct_m":0.629983},"2023-08":{"txs":3,"uniq":1,"trade":0,"nft":0,"gas":0.000112,"bal":0.0009,"days":3,"spread":0.096774,"streak":1,"rank_m":138394,"pct_m":0.147142,"gas_method":"exact"},"2023-09":{"txs":0,"uniq":0,"trade":0,"nft":0,"gas":0,"bal":0.0009,"days":0,"spread":0,"streak":0,"rank_m":281346,"pct_m":0.299131},"2023-10":{"txs":0,"uniq":0,"trade":0,"nft":0,"gas":0,"bal":0.0009,"days":0,"spread":0,"streak":0,"rank_m":290165,"pct_m":0.308508},"2023-11":{"txs":0,"uniq":0,"trade":0,"nft":0,"gas":0,"bal":0.0009,"days":0,"spread":0,"streak":0,"rank_m":298596,"pct_m":0.317472},"2023-12":{"txs":0,"uniq":0,"trade":0,"nft":0,"gas":0,"bal":0.0009,"days":0,"spread":0,"streak":0,"rank_m":317557,"pct_m":0.337631},"2024-01":{"txs":0,"uniq":0,"trade":0,"nft":0,"gas":0,"bal":0.0009,"days":0,"spread":0,"streak":0,"rank_m":327965,"pct_m":0.348697},"2024-02":{"txs":0,"uniq":0,"trade":0,"nft":0,"gas":0,"bal":0.0009,"days":0,"spread":0,"streak":0,"rank_m":376022,"pct_m":0.399792},"2024-03":{"txs":16,"uniq":5,"trade":0,"nft":1,"gas":0.000306,"bal":0.423849,"days":4,"spread":0.129032,"streak":2,"rank_m":124869,"pct_m":0.132762,"gas_method":"estimated"},"2024-04":{"txs":0,"uniq":0,"trade":0,"nft":0,"gas":0,"bal":0.423849,"days":0,"spread":0,"streak":0,"rank_m":439836,"pct_m":0.46764},"2024-05":{"txs":4,"uniq":3,"trade":0,"nft":0,"gas":0.000033,"bal":1.715455,"days":2,"spread":0.064516,"streak":1,"rank_m":273817,"pct_m":0.291126,"gas_method":"exact"},"2024-06":{"txs":2,"uniq":2,"trade":0,"nft":0,"gas":0,"bal":1.294587,"days":1,"spread":0.033333,"streak":1,"rank_m":316062,"pct_m":0.336042,"gas_method":"estimated"},"2024-07":{"txs":14,"uniq":3,"trade":0,"nft":1,"gas":0.000002,"bal":1.083174,"days":5,"spread":0.16129,"streak":2,"rank_m":129484,"pct_m":0.137669,"gas_method":"estimated"},"2024-08":{"txs":10,"uniq":4,"trade":0,"nft":0,"gas":0.000002,"bal":1.09627,"days":5,"spread":0.16129,"streak":2,"rank_m":155317,"pct_m":0.165135,"gas_method":"exact"},"2024-09":{"txs":18,"uniq":4,"trade":0,"nft":0,"gas":0.000001,"bal":1.677102,"days":8,"spread":0.266667,"streak":4,"rank_m":68637,"pct_m":0.072975,"gas_method":"estimated"},"2024-10":{"txs":18,"uniq":6,"trade":0,"nft":0,"gas":0.000016,"bal":0.027664,"days":4,"spread":0.129032,"streak":1,"rank_m":159685,"pct_m":0.169779,"gas_method":"exact"},"2024-11":{"txs":12,"uniq":6,"trade":0,"nft":0,"gas":0.000021,"bal":0.085904,"days":7,"spread":0.233333,"streak":2,"rank_m":185652,"pct_m":0.197387,"gas_method":"exact"},"2024-12":{"txs":25,"uniq":10,"trade":0,"nft":0,"gas":0.000551,"bal":0.381144,"days":9,"spread":0.290323,"streak":3,"rank_m":109738,"pct_m":0.116674,"gas_method":"exact"},"2025-01":{"txs":13,"uniq":4,"trade":0,"nft":0,"gas":0.000338,"bal":0.77452,"days":5,"spread":0.16129,"streak":2,"rank_m":185905,"pct_m":0.197656,"gas_method":"exact"},"2025-02":{"txs":33,"uniq":6,"trade":0,"nft":0,"gas":0.000232,"bal":0.330061,"days":11,"spread":0.392857,"streak":3,"rank_m":42790,"pct_m":0.045494,"gas_method":"exact"},"2025-03":{"txs":47,"uniq":6,"trade":1,"nft":0,"gas":0.000363,"bal":1.556206,"days":13,"spread":0.419355,"streak":5,"rank_m":20781,"pct_m":0.022094,"gas_method":"exact"},"2025-04":{"txs":186,"uniq":13,"trade":4,"nft":1,"gas":0.001117,"bal":0.69194,"days":15,"spread":0.5,"streak":11,"rank_m":1499,"pct_m":0.001593,"gas_method":"exact"},"2025-05":{"txs":6,"uniq":3,"trade":0,"nft":0,"gas":0.000042,"bal":0.105324,"days":3,"spread":0.096774,"streak":1,"rank_m":122134,"pct_m":0.129854,"gas_method":"estimated"},"2025-06":{"txs":10,"uniq":5,"trade":2,"nft":0,"gas":0.00007,"bal":0.485437,"days":5,"spread":0.166667,"streak":3,"rank_m":68687,"pct_m":0.073028,"gas_method":"estimated"},"2025-07":{"txs":4,"uniq":3,"trade":0,"nft":0,"gas":0.000028,"bal":0.490898,"days":2,"spread":0.064516,"streak":1,"rank_m":200829,"pct_m":0.213524,"gas_method":"estimated"},"2025-08":{"txs":37,"uniq":5,"trade":1,"nft":0,"gas":0.00026,"bal":0.486698,"days":16,"spread":0.516129,"streak":3,"rank_m":20331,"pct_m":0.021615,"gas_method":"estimated"},"2025-09":{"txs":10,"uniq":2,"trade":0,"nft":0,"gas":0.00007,"bal":0.031663,"days":5,"spread":0.166667,"streak":2,"rank_m":160724,"pct_m":0.170884,"gas_method":"estimated"},"2025-10":{"txs":0,"uniq":0,"trade":0,"nft":0,"gas":0,"bal":0.031663,"days":0,"spread":0,"streak":0,"rank_m":356545,"pct_m":0.379084}}}