{"wallet":"0x64ff010064656df2fc55a3b7d99420bc4a07c56a","rank":335032,"lifetime":{"months_active":17,"first":"2023-07","last":"2025-10","tx_sum":364,"uniq_sum":48,"trade_sum":0,"nft_sum":35,"gas_sum":0.000675,"avg_balance_eth_mean":0.005966,"streak_best_days":69,"gas_sum_filled":0.000675},"months":{"2023-07":{"txs":0,"uniq":0,"trade":0,"nft":0,"gas":0,"bal":0,"days":0,"spread":0,"streak":0,"rank_m":589832,"pct_m":0.627119},"2023-08":{"txs":0,"uniq":0,"trade":0,"nft":0,"gas":0,"bal":0,"days":0,"spread":0,"streak":0,"rank_m":635199,"pct_m":0.675354},"2023-09":{"txs":4,"uniq":4,"trade":0,"nft":4,"gas":0.000108,"bal":0.000156,"days":2,"spread":0.066667,"streak":1,"rank_m":114114,"pct_m":0.121327,"gas_method":"estimated"},"2023-10":{"txs":1,"uniq":1,"trade":0,"nft":1,"gas":0.000007,"bal":0.000767,"days":1,"spread":0.032258,"streak":1,"rank_m":137699,"pct_m":0.146403,"gas_method":"estimated"},"2023-11":{"txs":15,"uniq":6,"trade":0,"nft":6,"gas":0.000185,"bal":0.001203,"days":11,"spread":0.366667,"streak":3,"rank_m":49531,"pct_m":0.052661,"gas_method":"estimated"},"2023-12":{"txs":1,"uniq":1,"trade":0,"nft":1,"gas":0.000071,"bal":0.00094,"days":1,"spread":0.032258,"streak":1,"rank_m":141142,"pct_m":0.150064,"gas_method":"exact"},"2024-01":{"txs":7,"uniq":2,"trade":0,"nft":1,"gas":0.000048,"bal":0.001089,"days":3,"spread":0.096774,"streak":1,"rank_m":111085,"pct_m":0.118106,"gas_method":"exact"},"2024-02":{"txs":2,"uniq":2,"trade":0,"nft":2,"gas":0.000078,"bal":0.001494,"days":2,"spread":0.068966,"streak":1,"rank_m":177600,"pct_m":0.188826,"gas_method":"exact"},"2024-03":{"txs":4,"uniq":4,"trade":0,"nft":2,"gas":0.000073,"bal":0.004137,"days":1,"spread":0.032258,"streak":1,"rank_m":266200,"pct_m":0.283028,"gas_method":"estimated"},"2024-04":{"txs":1,"uniq":1,"trade":0,"nft":1,"gas":0.000002,"bal":0.015502,"days":1,"spread":0.033333,"streak":1,"rank_m":361446,"pct_m":0.384295,"gas_method":"estimated"},"2024-05":{"txs":1,"uniq":1,"trade":0,"nft":1,"gas":0.00001,"bal":0.015482,"days":1,"spread":0.032258,"streak":1,"rank_m":344738,"pct_m":0.366531,"gas_method":"exact"},"2024-06":{"txs":13,"uniq":3,"trade":0,"nft":1,"gas":0,"bal":0.015468,"days":3,"spread":0.1,"streak":2,"rank_m":213065,"pct_m":0.226533,"gas_method":"estimated"},"2024-07":{"txs":107,"uniq":3,"trade":0,"nft":2,"gas":0.000002,"bal":0.013289,"days":30,"spread":0.967742,"streak":22,"rank_m":41583,"pct_m":0.044211,"gas_method":"exact"},"2024-08":{"txs":141,"uniq":12,"trade":0,"nft":13,"gas":0.000023,"bal":0.007659,"days":31,"spread":1,"streak":31,"rank_m":16364,"pct_m":0.017397,"gas_method":"exact"},"2024-09":{"txs":52,"uniq":1,"trade":0,"nft":0,"gas":0,"bal":0.004207,"days":16,"spread":0.533333,"streak":16,"rank_m":110472,"pct_m":0.117455,"gas_method":"exact"},"2024-10":{"txs":6,"uniq":4,"trade":0,"nft":0,"gas":0,"bal":0.005945,"days":2,"spread":0.064516,"streak":2,"rank_m":327493,"pct_m":0.348195,"gas_method":"estimated"},"2024-11":{"txs":0,"uniq":0,"trade":0,"nft":0,"gas":0,"bal":0.005945,"days":0,"spread":0,"streak":0,"rank_m":574834,"pct_m":0.611173},"2024-12":{"txs":0,"uniq":0,"trade":0,"nft":0,"gas":0,"bal":0.005945,"days":0,"spread":0,"streak":0,"rank_m":629833,"pct_m":0.669649},"2025-01":{"txs":0,"uniq":0,"trade":0,"nft":0,"gas":0,"bal":0.005945,"days":0,"spread":0,"streak":0,"rank_m":615791,"pct_m":0.654719},"2025-02":{"txs":1,"uniq":1,"trade":0,"nft":0,"gas":0.000007,"bal":0.00648,"days":1,"spread":0.035714,"streak":1,"rank_m":461508,"pct_m":0.490682,"gas_method":"exact"},"2025-03":{"txs":5,"uniq":1,"trade":0,"nft":0,"gas":0.00004,"bal":0.006399,"days":1,"spread":0.032258,"streak":1,"rank_m":365248,"pct_m":0.388337,"gas_method":"exact"},"2025-04":{"txs":0,"uniq":0,"trade":0,"nft":0,"gas":0,"bal":0.006399,"days":0,"spread":0,"streak":0,"rank_m":635840,"pct_m":0.676035},"2025-05":{"txs":0,"uniq":0,"trade":0,"nft":0,"gas":0,"bal":0.006399,"days":0,"spread":0,"streak":0,"rank_m":576413,"pct_m":0.612852},"2025-06":{"txs":0,"uniq":0,"trade":0,"nft":0,"gas":0,"bal":0.006399,"days":0,"spread":0,"streak":0,"rank_m":575780,"pct_m":0.612179},"2025-07":{"txs":0,"uniq":0,"trade":0,"nft":0,"gas":0,"bal":0.006399,"days":0,"spread":0,"streak":0,"rank_m":594982,"pct_m":0.632594},"2025-08":{"txs":0,"uniq":0,"trade":0,"nft":0,"gas":0,"bal":0.006399,"days":0,"spread":0,"streak":0,"rank_m":574907,"pct_m":0.61125},"2025-09":{"txs":0,"uniq":0,"trade":0,"nft":0,"gas":0,"bal":0.006399,"days":0,"spread":0,"streak":0,"rank_m":563444,"pct_m":0.599063},"2025-10":{"txs":3,"uniq":1,"trade":0,"nft":0,"gas":0.000021,"bal":0.010607,"days":3,"spread":0.096774,"streak":2,"rank_m":171893,"pct_m":0.182759,"gas_method":"estimated"}}}