{"wallet":"0x644b5eccdb246961d246298122a2bafa9a8d9fb2","rank":66659,"lifetime":{"months_active":22,"first":"2023-07","last":"2025-10","tx_sum":1078,"uniq_sum":114,"trade_sum":31,"nft_sum":13,"gas_sum":0.014807,"avg_balance_eth_mean":0.058102,"streak_best_days":0,"gas_sum_filled":0.014807},"months":{"2023-07":{"txs":0,"uniq":0,"trade":0,"nft":0,"gas":0,"bal":0,"days":0,"spread":0,"streak":0,"rank_m":592274,"pct_m":0.629715},"2023-08":{"txs":0,"uniq":0,"trade":0,"nft":0,"gas":0,"bal":0,"days":0,"spread":0,"streak":0,"rank_m":637315,"pct_m":0.677604},"2023-09":{"txs":2,"uniq":1,"trade":0,"nft":1,"gas":0.000054,"bal":0.013277,"days":1,"spread":0.033333,"streak":0,"rank_m":150514,"pct_m":0.160028,"gas_method":"estimated"},"2023-10":{"txs":6,"uniq":4,"trade":0,"nft":2,"gas":0.000043,"bal":0.019572,"days":6,"spread":0.193548,"streak":0,"rank_m":118158,"pct_m":0.125627,"gas_method":"estimated"},"2023-11":{"txs":5,"uniq":3,"trade":0,"nft":1,"gas":0.000062,"bal":0.012092,"days":2,"spread":0.066667,"streak":0,"rank_m":134379,"pct_m":0.142873,"gas_method":"estimated"},"2023-12":{"txs":1,"uniq":1,"trade":0,"nft":2,"gas":0.000023,"bal":0.011537,"days":1,"spread":0.032258,"streak":0,"rank_m":177742,"pct_m":0.188977,"gas_method":"estimated"},"2024-01":{"txs":35,"uniq":1,"trade":0,"nft":0,"gas":0.000754,"bal":0.009623,"days":2,"spread":0.064516,"streak":0,"rank_m":172213,"pct_m":0.183099,"gas_method":"estimated"},"2024-02":{"txs":4,"uniq":3,"trade":0,"nft":0,"gas":0.000049,"bal":0.003557,"days":1,"spread":0.034483,"streak":0,"rank_m":262601,"pct_m":0.279201,"gas_method":"estimated"},"2024-03":{"txs":17,"uniq":6,"trade":0,"nft":2,"gas":0.00031,"bal":0.030779,"days":5,"spread":0.16129,"streak":0,"rank_m":202823,"pct_m":0.215644,"gas_method":"estimated"},"2024-04":{"txs":19,"uniq":3,"trade":0,"nft":0,"gas":0.000075,"bal":0.079364,"days":6,"spread":0.2,"streak":0,"rank_m":283348,"pct_m":0.30126,"gas_method":"exact"},"2024-05":{"txs":2,"uniq":2,"trade":0,"nft":1,"gas":0.000001,"bal":0.007191,"days":2,"spread":0.064516,"streak":0,"rank_m":419658,"pct_m":0.446187,"gas_method":"estimated"},"2024-06":{"txs":0,"uniq":0,"trade":0,"nft":0,"gas":0,"bal":0.007191,"days":0,"spread":0,"streak":0,"rank_m":513354,"pct_m":0.545806},"2024-07":{"txs":0,"uniq":0,"trade":0,"nft":0,"gas":0,"bal":0.007191,"days":0,"spread":0,"streak":0,"rank_m":521548,"pct_m":0.554518},"2024-08":{"txs":0,"uniq":0,"trade":0,"nft":0,"gas":0,"bal":0.007191,"days":0,"spread":0,"streak":0,"rank_m":532123,"pct_m":0.565762},"2024-09":{"txs":18,"uniq":2,"trade":0,"nft":0,"gas":0.000001,"bal":0.238783,"days":3,"spread":0.1,"streak":0,"rank_m":231243,"pct_m":0.245861,"gas_method":"estimated"},"2024-10":{"txs":28,"uniq":4,"trade":0,"nft":0,"gas":0.000003,"bal":0.297263,"days":6,"spread":0.193548,"streak":0,"rank_m":192944,"pct_m":0.20514,"gas_method":"exact"},"2024-11":{"txs":0,"uniq":0,"trade":0,"nft":0,"gas":0,"bal":0.297263,"days":0,"spread":0,"streak":0,"rank_m":514131,"pct_m":0.546632},"2024-12":{"txs":378,"uniq":13,"trade":0,"nft":0,"gas":0.008334,"bal":0.04929,"days":21,"spread":0.677419,"streak":0,"rank_m":85055,"pct_m":0.090431,"gas_method":"exact"},"2025-01":{"txs":60,"uniq":6,"trade":0,"nft":0,"gas":0.001559,"bal":0.021722,"days":12,"spread":0.387097,"streak":0,"rank_m":154972,"pct_m":0.164768,"gas_method":"exact"},"2025-02":{"txs":19,"uniq":5,"trade":0,"nft":0,"gas":0.000134,"bal":0.01999,"days":6,"spread":0.214286,"streak":0,"rank_m":198242,"pct_m":0.210773,"gas_method":"exact"},"2025-03":{"txs":33,"uniq":9,"trade":3,"nft":0,"gas":0.000261,"bal":0.202766,"days":14,"spread":0.451613,"streak":0,"rank_m":77072,"pct_m":0.081943,"gas_method":"exact"},"2025-04":{"txs":29,"uniq":11,"trade":2,"nft":0,"gas":0.000175,"bal":0.141519,"days":7,"spread":0.233333,"streak":0,"rank_m":81607,"pct_m":0.086765,"gas_method":"exact"},"2025-05":{"txs":192,"uniq":20,"trade":3,"nft":1,"gas":0.001351,"bal":0.008525,"days":27,"spread":0.870968,"streak":0,"rank_m":65279,"pct_m":0.069405,"gas_method":"estimated"},"2025-06":{"txs":76,"uniq":8,"trade":23,"nft":1,"gas":0.000535,"bal":0.007043,"days":20,"spread":0.666667,"streak":0,"rank_m":112852,"pct_m":0.119985,"gas_method":"estimated"},"2025-07":{"txs":38,"uniq":4,"trade":0,"nft":1,"gas":0.000267,"bal":0.025398,"days":11,"spread":0.354839,"streak":0,"rank_m":156459,"pct_m":0.166349,"gas_method":"estimated"},"2025-08":{"txs":35,"uniq":3,"trade":0,"nft":1,"gas":0.000246,"bal":0.036904,"days":5,"spread":0.16129,"streak":0,"rank_m":171129,"pct_m":0.181946,"gas_method":"estimated"},"2025-09":{"txs":49,"uniq":4,"trade":0,"nft":0,"gas":0.000345,"bal":0.036721,"days":4,"spread":0.133333,"streak":0,"rank_m":184850,"pct_m":0.196535,"gas_method":"estimated"},"2025-10":{"txs":32,"uniq":1,"trade":0,"nft":0,"gas":0.000225,"bal":0.035118,"days":7,"spread":0.225806,"streak":0,"rank_m":114103,"pct_m":0.121315,"gas_method":"estimated"}}}