{"wallet":"0x644e357b0dc7f234a1f0478de7fe8790b94b6f63","rank":95515,"lifetime":{"months_active":11,"first":"2023-07","last":"2025-10","tx_sum":512,"uniq_sum":155,"trade_sum":27,"nft_sum":30,"gas_sum":0.069826,"avg_balance_eth_mean":0.044718,"streak_best_days":5,"gas_sum_filled":0.069826},"months":{"2023-07":{"txs":89,"uniq":25,"trade":0,"nft":0,"gas":0.013016,"bal":0.083067,"days":2,"spread":0.064516,"streak":2,"rank_m":2535,"pct_m":0.002694,"gas_method":"exact"},"2023-08":{"txs":280,"uniq":81,"trade":27,"nft":22,"gas":0.054337,"bal":0.043496,"days":17,"spread":0.548387,"streak":4,"rank_m":1966,"pct_m":0.002089,"gas_method":"exact"},"2023-09":{"txs":71,"uniq":18,"trade":0,"nft":4,"gas":0.001111,"bal":0.004041,"days":13,"spread":0.433333,"streak":5,"rank_m":14982,"pct_m":0.015928,"gas_method":"exact"},"2023-10":{"txs":29,"uniq":12,"trade":0,"nft":2,"gas":0.000346,"bal":0.009858,"days":6,"spread":0.193548,"streak":2,"rank_m":18036,"pct_m":0.019175,"gas_method":"exact"},"2023-11":{"txs":10,"uniq":7,"trade":0,"nft":1,"gas":0.000614,"bal":0.017997,"days":1,"spread":0.033333,"streak":1,"rank_m":47100,"pct_m":0.050076,"gas_method":"exact"},"2023-12":{"txs":0,"uniq":0,"trade":0,"nft":0,"gas":0,"bal":0.017997,"days":0,"spread":0,"streak":0,"rank_m":244202,"pct_m":0.259639},"2024-01":{"txs":0,"uniq":0,"trade":0,"nft":0,"gas":0,"bal":0.017997,"days":0,"spread":0,"streak":0,"rank_m":253121,"pct_m":0.269122},"2024-02":{"txs":0,"uniq":0,"trade":0,"nft":0,"gas":0,"bal":0.017997,"days":0,"spread":0,"streak":0,"rank_m":296679,"pct_m":0.315433},"2024-03":{"txs":1,"uniq":1,"trade":0,"nft":0,"gas":0.000113,"bal":0.011438,"days":1,"spread":0.032258,"streak":1,"rank_m":293974,"pct_m":0.312557,"gas_method":"estimated"},"2024-04":{"txs":7,"uniq":2,"trade":0,"nft":0,"gas":0.000098,"bal":0.006166,"days":1,"spread":0.033333,"streak":1,"rank_m":382473,"pct_m":0.406651,"gas_method":"estimated"},"2024-05":{"txs":0,"uniq":0,"trade":0,"nft":0,"gas":0,"bal":0.006166,"days":0,"spread":0,"streak":0,"rank_m":501214,"pct_m":0.532899},"2024-06":{"txs":6,"uniq":3,"trade":0,"nft":1,"gas":0.000001,"bal":0.04436,"days":2,"spread":0.066667,"streak":1,"rank_m":265477,"pct_m":0.282259,"gas_method":"estimated"},"2024-07":{"txs":0,"uniq":0,"trade":0,"nft":0,"gas":0,"bal":0.04436,"days":0,"spread":0,"streak":0,"rank_m":471632,"pct_m":0.501447},"2024-08":{"txs":0,"uniq":0,"trade":0,"nft":0,"gas":0,"bal":0.04436,"days":0,"spread":0,"streak":0,"rank_m":477940,"pct_m":0.508153},"2024-09":{"txs":0,"uniq":0,"trade":0,"nft":0,"gas":0,"bal":0.04436,"days":0,"spread":0,"streak":0,"rank_m":444286,"pct_m":0.472372},"2024-10":{"txs":0,"uniq":0,"trade":0,"nft":0,"gas":0,"bal":0.04436,"days":0,"spread":0,"streak":0,"rank_m":486612,"pct_m":0.517374},"2024-11":{"txs":0,"uniq":0,"trade":0,"nft":0,"gas":0,"bal":0.04436,"days":0,"spread":0,"streak":0,"rank_m":528656,"pct_m":0.562075},"2024-12":{"txs":0,"uniq":0,"trade":0,"nft":0,"gas":0,"bal":0.04436,"days":0,"spread":0,"streak":0,"rank_m":586450,"pct_m":0.623523},"2025-01":{"txs":1,"uniq":1,"trade":0,"nft":0,"gas":0.000026,"bal":0.071311,"days":1,"spread":0.032258,"streak":1,"rank_m":446632,"pct_m":0.474866,"gas_method":"exact"},"2025-02":{"txs":1,"uniq":0,"trade":0,"nft":0,"gas":0.000044,"bal":0.073452,"days":1,"spread":0.035714,"streak":1,"rank_m":455979,"pct_m":0.484804,"gas_method":"estimated"},"2025-03":{"txs":0,"uniq":0,"trade":0,"nft":0,"gas":0,"bal":0.073452,"days":0,"spread":0,"streak":0,"rank_m":527755,"pct_m":0.561117},"2025-04":{"txs":0,"uniq":0,"trade":0,"nft":0,"gas":0,"bal":0.073452,"days":0,"spread":0,"streak":0,"rank_m":564261,"pct_m":0.599931},"2025-05":{"txs":0,"uniq":0,"trade":0,"nft":0,"gas":0,"bal":0.073452,"days":0,"spread":0,"streak":0,"rank_m":423656,"pct_m":0.450438},"2025-06":{"txs":0,"uniq":0,"trade":0,"nft":0,"gas":0,"bal":0.073452,"days":0,"spread":0,"streak":0,"rank_m":426382,"pct_m":0.453336},"2025-07":{"txs":0,"uniq":0,"trade":0,"nft":0,"gas":0,"bal":0.073452,"days":0,"spread":0,"streak":0,"rank_m":444380,"pct_m":0.472472},"2025-08":{"txs":17,"uniq":5,"trade":0,"nft":0,"gas":0.00012,"bal":0.064447,"days":1,"spread":0.032258,"streak":1,"rank_m":178834,"pct_m":0.190138,"gas_method":"estimated"},"2025-09":{"txs":0,"uniq":0,"trade":0,"nft":0,"gas":0,"bal":0.064447,"days":0,"spread":0,"streak":0,"rank_m":422764,"pct_m":0.449489},"2025-10":{"txs":0,"uniq":0,"trade":0,"nft":0,"gas":0,"bal":0.064447,"days":0,"spread":0,"streak":0,"rank_m":327962,"pct_m":0.348694}}}